; RepRap G-Code generated for Duet 3
; NOTE: Standard XYZ mapping (Z is height)
; EXTRUSION: Externally managed (No E parameters)
; Constant Volumetric Flowrate: 2.4 mm^3/s
; Offset Applied: X+88.563 Y+46.587

; --- STARTING SEQUENCE ---
M201 X500 Y500 Z100 ; Set max acceleration
M203 X30000 Y30000 Z300 ; Set max feedrate
M204 P500 T500 ; Set print and travel accelerations
M566 X480.00 Y480.00 Z24.00 ; Set jerk
G90 ; Absolute positioning
G21 ; Set units to millimeters
G92 Z0 ; Reset Z position
G1 Z30 F600 ; Move Z up to clear petri dish
G28 X Y ; Home X and Y
G28 Z ; Home Z
M400 ; Wait for current moves to finish
G92 Z0 ; Reset Z position
G1 Z30 F600 ; Move Z up to safe height
G1 X88.563 Y46.587 F3000 ; Move to starting position (center of dish)
; --- END STARTING SEQUENCE ---

G0 X102.9630 Y61.2476 Z0.0400 F6000.0 ; Initial approach
M118 P0 S"0" ; Sync timer
G1 X98.1630 Y61.2476 Z0.0400 F1046.0 ; Width: 1.721mm
G1 X93.3630 Y61.2476 Z0.0400 F887.6 ; Width: 2.028mm
M118 P0 S"1" ; Sync timer
G1 X88.5630 Y61.2476 Z0.0400 F857.1 ; Width: 2.100mm
G1 X83.7630 Y61.2476 Z0.0400 F857.1 ; Width: 2.100mm
M118 P0 S"2" ; Sync timer
G1 X78.9630 Y61.2476 Z0.0400 F887.6 ; Width: 2.028mm
G1 X74.1630 Y61.2476 Z0.0400 F1046.0 ; Width: 1.721mm
G1 X74.1430 Y61.2286 Z0.0400 F5142.9 ; Width: 0.350mm
G1 X74.0630 Y61.2286 Z0.0400 F5142.9 ; Width: 0.350mm
G1 X74.0430 Y61.2095 Z0.0400 F5142.9 ; Width: 0.350mm
G1 X74.0230 Y61.2095 Z0.0400 F5142.9 ; Width: 0.350mm
G1 X73.9789 Y61.1670 Z0.0400 F5142.9 ; Width: 0.350mm
G1 X73.9214 Y61.1070 Z0.0400 F5142.9 ; Width: 0.350mm
G1 X73.9214 Y61.0670 Z0.0400 F5142.9 ; Width: 0.350mm
G1 X73.9024 Y61.0470 Z0.0400 F5142.9 ; Width: 0.350mm
M118 P0 S"3" ; Sync timer
G1 X73.9024 Y56.2270 Z0.0400 F1042.5 ; Width: 1.727mm
G1 X73.9024 Y51.4070 Z0.0400 F871.4 ; Width: 2.066mm
G1 X73.9024 Y46.5870 Z0.0400 F963.9 ; Width: 1.867mm
M118 P0 S"4" ; Sync timer
G1 X73.9024 Y41.7670 Z0.0400 F1313.5 ; Width: 1.370mm
G1 X73.9024 Y36.9470 Z0.0400 F1368.6 ; Width: 1.315mm
G1 X73.9024 Y32.1270 Z0.0400 F1042.5 ; Width: 1.727mm
G1 X73.9214 Y32.1070 Z0.0400 F5142.9 ; Width: 0.350mm
G1 X73.9214 Y32.0670 Z0.0400 F5142.9 ; Width: 0.350mm
G1 X73.9830 Y32.0029 Z0.0400 F5142.9 ; Width: 0.350mm
G1 X74.0230 Y31.9645 Z0.0400 F5142.9 ; Width: 0.350mm
G1 X74.0430 Y31.9645 Z0.0400 F5142.9 ; Width: 0.350mm
G1 X74.0630 Y31.9454 Z0.0400 F5142.9 ; Width: 0.350mm
G1 X74.1430 Y31.9454 Z0.0400 F5142.9 ; Width: 0.350mm
G1 X74.1630 Y31.9264 Z0.0400 F5142.9 ; Width: 0.350mm
M118 P0 S"5" ; Sync timer
G1 X78.9630 Y31.9264 Z0.0400 F1046.0 ; Width: 1.721mm
G1 X83.7630 Y31.9264 Z0.0400 F887.6 ; Width: 2.028mm
M118 P0 S"6" ; Sync timer
G1 X88.5630 Y31.9264 Z0.0400 F857.1 ; Width: 2.100mm
G1 X93.3630 Y31.9264 Z0.0400 F857.1 ; Width: 2.100mm
M118 P0 S"7" ; Sync timer
G1 X98.1630 Y31.9264 Z0.0400 F887.6 ; Width: 2.028mm
G1 X102.9630 Y31.9264 Z0.0400 F1046.0 ; Width: 1.721mm
G1 X102.9830 Y31.9454 Z0.0400 F5142.9 ; Width: 0.350mm
G1 X103.0630 Y31.9454 Z0.0400 F5142.9 ; Width: 0.350mm
G1 X103.0830 Y31.9645 Z0.0400 F5142.9 ; Width: 0.350mm
G1 X103.1030 Y31.9645 Z0.0400 F5142.9 ; Width: 0.350mm
G1 X103.1471 Y32.0070 Z0.0400 F5142.9 ; Width: 0.350mm
G1 X103.2046 Y32.0670 Z0.0400 F5142.9 ; Width: 0.350mm
G1 X103.2046 Y32.1070 Z0.0400 F5142.9 ; Width: 0.350mm
G1 X103.2236 Y32.1270 Z0.0400 F5142.9 ; Width: 0.350mm
M118 P0 S"8" ; Sync timer
G1 X103.2236 Y36.9470 Z0.0400 F1042.5 ; Width: 1.727mm
G1 X103.2236 Y41.7670 Z0.0400 F1178.4 ; Width: 1.528mm
G1 X103.2236 Y46.5870 Z0.0400 F1108.0 ; Width: 1.624mm
M118 P0 S"9" ; Sync timer
G1 X103.2236 Y51.4070 Z0.0400 F1415.1 ; Width: 1.272mm
G1 X103.2236 Y56.2270 Z0.0400 F1351.5 ; Width: 1.332mm
G1 X103.2236 Y61.0470 Z0.0400 F1042.5 ; Width: 1.727mm
G1 X103.2046 Y61.0670 Z0.0400 F5142.9 ; Width: 0.350mm
G1 X103.2046 Y61.1070 Z0.0400 F5142.9 ; Width: 0.350mm
G1 X103.1030 Y61.2095 Z0.0400 F5142.9 ; Width: 0.350mm
G1 X103.0830 Y61.2095 Z0.0400 F5142.9 ; Width: 0.350mm
G1 X103.0630 Y61.2286 Z0.0400 F5142.9 ; Width: 0.350mm
G1 X102.9830 Y61.2286 Z0.0400 F5142.9 ; Width: 0.350mm
G1 X102.9630 Y61.2476 Z0.0400 F5142.9 ; Width: 0.350mm
G0 Z1.0400 F6000.0 ; Z-hop up
G0 X102.9630 Y61.2476 F6000.0 ; Travel to new path
G0 Z0.0400 F6000.0 ; Z-hop down
M118 P0 S"10" ; Sync timer
G1 X98.1630 Y61.2476 Z0.0400 F1046.0 ; Width: 1.721mm
G1 X93.3630 Y61.2476 Z0.0400 F887.6 ; Width: 2.028mm
M118 P0 S"11" ; Sync timer
G1 X88.5630 Y61.2476 Z0.0400 F857.1 ; Width: 2.100mm
G1 X83.7630 Y61.2476 Z0.0400 F857.1 ; Width: 2.100mm
M118 P0 S"12" ; Sync timer
G1 X78.9630 Y61.2476 Z0.0400 F887.6 ; Width: 2.028mm
G1 X74.1630 Y61.2476 Z0.0400 F1046.0 ; Width: 1.721mm
G1 X74.1430 Y61.2286 Z0.0400 F5142.9 ; Width: 0.350mm
G1 X74.0630 Y61.2286 Z0.0400 F5142.9 ; Width: 0.350mm
G1 X74.0430 Y61.2095 Z0.0400 F5142.9 ; Width: 0.350mm
G1 X74.0230 Y61.2095 Z0.0400 F5142.9 ; Width: 0.350mm
G1 X73.9789 Y61.1670 Z0.0400 F5142.9 ; Width: 0.350mm
G1 X73.9214 Y61.1070 Z0.0400 F5142.9 ; Width: 0.350mm
G1 X73.9214 Y61.0670 Z0.0400 F5142.9 ; Width: 0.350mm
G1 X73.9024 Y61.0470 Z0.0400 F5142.9 ; Width: 0.350mm
G1 X73.9024 Y56.2270 Z0.0400 F1042.5 ; Width: 1.727mm
M118 P0 S"13" ; Sync timer
G1 X73.9024 Y51.4070 Z0.0400 F871.4 ; Width: 2.066mm
G1 X73.9024 Y46.5870 Z0.0400 F963.9 ; Width: 1.867mm
M118 P0 S"14" ; Sync timer
G1 X73.9024 Y41.7670 Z0.0400 F1313.5 ; Width: 1.370mm
G1 X73.9024 Y36.9470 Z0.0400 F1368.6 ; Width: 1.315mm
G1 X73.9024 Y32.1270 Z0.0400 F1042.5 ; Width: 1.727mm
G1 X73.9214 Y32.1070 Z0.0400 F5142.9 ; Width: 0.350mm
G1 X73.9214 Y32.0670 Z0.0400 F5142.9 ; Width: 0.350mm
G1 X73.9830 Y32.0029 Z0.0400 F5142.9 ; Width: 0.350mm
G1 X74.0230 Y31.9645 Z0.0400 F5142.9 ; Width: 0.350mm
G1 X74.0430 Y31.9645 Z0.0400 F5142.9 ; Width: 0.350mm
G1 X74.0630 Y31.9454 Z0.0400 F5142.9 ; Width: 0.350mm
G1 X74.1430 Y31.9454 Z0.0400 F5142.9 ; Width: 0.350mm
G1 X74.1630 Y31.9264 Z0.0400 F5142.9 ; Width: 0.350mm
M118 P0 S"15" ; Sync timer
G1 X78.9630 Y31.9264 Z0.0400 F1046.0 ; Width: 1.721mm
G1 X83.7630 Y31.9264 Z0.0400 F887.6 ; Width: 2.028mm
M118 P0 S"16" ; Sync timer
G1 X88.5630 Y31.9264 Z0.0400 F857.1 ; Width: 2.100mm
G1 X93.3630 Y31.9264 Z0.0400 F857.1 ; Width: 2.100mm
M118 P0 S"17" ; Sync timer
G1 X98.1630 Y31.9264 Z0.0400 F887.6 ; Width: 2.028mm
G1 X102.9630 Y31.9264 Z0.0400 F1046.0 ; Width: 1.721mm
G1 X102.9830 Y31.9454 Z0.0400 F5142.9 ; Width: 0.350mm
G1 X103.0630 Y31.9454 Z0.0400 F5142.9 ; Width: 0.350mm
G1 X103.0830 Y31.9645 Z0.0400 F5142.9 ; Width: 0.350mm
G1 X103.1030 Y31.9645 Z0.0400 F5142.9 ; Width: 0.350mm
G1 X103.1471 Y32.0070 Z0.0400 F5142.9 ; Width: 0.350mm
G1 X103.2046 Y32.0670 Z0.0400 F5142.9 ; Width: 0.350mm
G1 X103.2046 Y32.1070 Z0.0400 F5142.9 ; Width: 0.350mm
G1 X103.2236 Y32.1270 Z0.0400 F5142.9 ; Width: 0.350mm
G1 X103.2236 Y36.9470 Z0.0400 F1042.5 ; Width: 1.727mm
M118 P0 S"18" ; Sync timer
G1 X103.2236 Y41.7670 Z0.0400 F1178.4 ; Width: 1.528mm
G1 X103.2236 Y46.5870 Z0.0400 F1108.0 ; Width: 1.624mm
G1 X103.2236 Y51.4070 Z0.0400 F1415.1 ; Width: 1.272mm
M118 P0 S"19" ; Sync timer
G1 X103.2236 Y56.2270 Z0.0400 F1351.5 ; Width: 1.332mm
G1 X103.2236 Y61.0470 Z0.0400 F1042.5 ; Width: 1.727mm
G1 X103.2046 Y61.0670 Z0.0400 F5142.9 ; Width: 0.350mm
G1 X103.2046 Y61.1070 Z0.0400 F5142.9 ; Width: 0.350mm
G1 X103.1030 Y61.2095 Z0.0400 F5142.9 ; Width: 0.350mm
G1 X103.0830 Y61.2095 Z0.0400 F5142.9 ; Width: 0.350mm
G1 X103.0630 Y61.2286 Z0.0400 F5142.9 ; Width: 0.350mm
G1 X102.9830 Y61.2286 Z0.0400 F5142.9 ; Width: 0.350mm
G1 X102.9630 Y61.2476 Z0.0400 F5142.9 ; Width: 0.350mm
G0 Z1.0400 F6000.0 ; Z-hop up
G0 X102.2630 Y60.5472 F6000.0 ; Travel to new path
G0 Z0.0400 F6000.0 ; Z-hop down
M118 P0 S"20" ; Sync timer
G1 X97.6963 Y60.5472 Z0.0400 F1087.3 ; Width: 1.655mm
G1 X93.1297 Y60.5472 Z0.0400 F1202.4 ; Width: 1.497mm
G1 X88.5630 Y60.5472 Z0.0400 F1275.5 ; Width: 1.411mm
G1 X83.9963 Y60.5472 Z0.0400 F1275.5 ; Width: 1.411mm
M118 P0 S"21" ; Sync timer
G1 X79.4297 Y60.5472 Z0.0400 F1202.4 ; Width: 1.497mm
G1 X74.8630 Y60.5472 Z0.0400 F1087.3 ; Width: 1.655mm
G1 X74.8430 Y60.5276 Z0.0400 F5142.9 ; Width: 0.350mm
G1 X74.7630 Y60.5276 Z0.0400 F5142.9 ; Width: 0.350mm
G1 X74.7430 Y60.5079 Z0.0400 F5142.9 ; Width: 0.350mm
G1 X74.7230 Y60.5079 Z0.0400 F5142.9 ; Width: 0.350mm
G1 X74.6814 Y60.4670 Z0.0400 F5142.9 ; Width: 0.350mm
G1 X74.6224 Y60.4070 Z0.0400 F5142.9 ; Width: 0.350mm
G1 X74.6224 Y60.3670 Z0.0400 F5142.9 ; Width: 0.350mm
G1 X74.6028 Y60.3470 Z0.0400 F5142.9 ; Width: 0.350mm
G1 X74.6028 Y55.7603 Z0.0400 F1571.4 ; Width: 1.145mm
M118 P0 S"22" ; Sync timer
G1 X74.6028 Y51.1737 Z0.0400 F890.0 ; Width: 2.023mm
G1 X74.6028 Y46.5870 Z0.0400 F1329.5 ; Width: 1.354mm
G1 X74.6028 Y42.0003 Z0.0400 F2291.4 ; Width: 0.786mm
G1 X74.6028 Y37.4137 Z0.0400 F2745.4 ; Width: 0.656mm
M118 P0 S"23" ; Sync timer
G1 X74.6028 Y32.8270 Z0.0400 F1083.8 ; Width: 1.661mm
G1 X74.6224 Y32.8070 Z0.0400 F5142.9 ; Width: 0.350mm
G1 X74.6224 Y32.7670 Z0.0400 F5142.9 ; Width: 0.350mm
G1 X74.6830 Y32.7054 Z0.0400 F5142.9 ; Width: 0.350mm
G1 X74.7230 Y32.6661 Z0.0400 F5142.9 ; Width: 0.350mm
G1 X74.7430 Y32.6661 Z0.0400 F5142.9 ; Width: 0.350mm
G1 X74.7630 Y32.6464 Z0.0400 F5142.9 ; Width: 0.350mm
G1 X74.8430 Y32.6464 Z0.0400 F5142.9 ; Width: 0.350mm
G1 X74.8630 Y32.6268 Z0.0400 F5142.9 ; Width: 0.350mm
G1 X79.4297 Y32.6268 Z0.0400 F1087.3 ; Width: 1.655mm
M118 P0 S"24" ; Sync timer
G1 X83.9963 Y32.6268 Z0.0400 F1202.4 ; Width: 1.497mm
G1 X88.5630 Y32.6268 Z0.0400 F1275.5 ; Width: 1.411mm
G1 X93.1297 Y32.6268 Z0.0400 F1275.5 ; Width: 1.411mm
G1 X97.6963 Y32.6268 Z0.0400 F1202.4 ; Width: 1.497mm
M118 P0 S"25" ; Sync timer
G1 X102.2630 Y32.6268 Z0.0400 F1087.3 ; Width: 1.655mm
G1 X102.2830 Y32.6464 Z0.0400 F5142.9 ; Width: 0.350mm
G1 X102.3630 Y32.6464 Z0.0400 F5142.9 ; Width: 0.350mm
G1 X102.3830 Y32.6661 Z0.0400 F5142.9 ; Width: 0.350mm
G1 X102.4030 Y32.6661 Z0.0400 F5142.9 ; Width: 0.350mm
G1 X102.4446 Y32.7070 Z0.0400 F5142.9 ; Width: 0.350mm
G1 X102.5036 Y32.7670 Z0.0400 F5142.9 ; Width: 0.350mm
G1 X102.5036 Y32.8070 Z0.0400 F5142.9 ; Width: 0.350mm
G1 X102.5232 Y32.8270 Z0.0400 F5142.9 ; Width: 0.350mm
G1 X102.5232 Y37.4137 Z0.0400 F1083.8 ; Width: 1.661mm
G1 X102.5232 Y42.0003 Z0.0400 F2410.3 ; Width: 0.747mm
M118 P0 S"26" ; Sync timer
G1 X102.5232 Y46.5870 Z0.0400 F1747.0 ; Width: 1.030mm
G1 X102.5232 Y51.1737 Z0.0400 F2860.4 ; Width: 0.629mm
G1 X102.5232 Y55.7603 Z0.0400 F3180.9 ; Width: 0.566mm
G1 X102.5232 Y60.3470 Z0.0400 F1083.8 ; Width: 1.661mm
G1 X102.5036 Y60.3670 Z0.0400 F5142.9 ; Width: 0.350mm
G1 X102.5036 Y60.4070 Z0.0400 F5142.9 ; Width: 0.350mm
G1 X102.4030 Y60.5079 Z0.0400 F5142.9 ; Width: 0.350mm
G1 X102.3830 Y60.5079 Z0.0400 F5142.9 ; Width: 0.350mm
G1 X102.3630 Y60.5276 Z0.0400 F5142.9 ; Width: 0.350mm
G1 X102.2830 Y60.5276 Z0.0400 F5142.9 ; Width: 0.350mm
G1 X102.2630 Y60.5472 Z0.0400 F5142.9 ; Width: 0.350mm
G0 Z1.0400 F6000.0 ; Z-hop up
G0 X102.2630 Y60.5472 F6000.0 ; Travel to new path
G0 Z0.0400 F6000.0 ; Z-hop down
M118 P0 S"27" ; Sync timer
G1 X97.6963 Y60.5472 Z0.0400 F1087.3 ; Width: 1.655mm
G1 X93.1297 Y60.5472 Z0.0400 F1202.4 ; Width: 1.497mm
G1 X88.5630 Y60.5472 Z0.0400 F1275.5 ; Width: 1.411mm
M118 P0 S"28" ; Sync timer
G1 X83.9963 Y60.5472 Z0.0400 F1275.5 ; Width: 1.411mm
G1 X79.4297 Y60.5472 Z0.0400 F1202.4 ; Width: 1.497mm
G1 X74.8630 Y60.5472 Z0.0400 F1087.3 ; Width: 1.655mm
G1 X74.8430 Y60.5276 Z0.0400 F5142.9 ; Width: 0.350mm
G1 X74.7630 Y60.5276 Z0.0400 F5142.9 ; Width: 0.350mm
G1 X74.7430 Y60.5079 Z0.0400 F5142.9 ; Width: 0.350mm
G1 X74.7230 Y60.5079 Z0.0400 F5142.9 ; Width: 0.350mm
G1 X74.6814 Y60.4670 Z0.0400 F5142.9 ; Width: 0.350mm
G1 X74.6224 Y60.4070 Z0.0400 F5142.9 ; Width: 0.350mm
G1 X74.6224 Y60.3670 Z0.0400 F5142.9 ; Width: 0.350mm
G1 X74.6028 Y60.3470 Z0.0400 F5142.9 ; Width: 0.350mm
G1 X74.6028 Y55.7603 Z0.0400 F1571.4 ; Width: 1.145mm
M118 P0 S"29" ; Sync timer
G1 X74.6028 Y51.1737 Z0.0400 F890.0 ; Width: 2.023mm
G1 X74.6028 Y46.5870 Z0.0400 F1329.5 ; Width: 1.354mm
G1 X74.6028 Y42.0003 Z0.0400 F2291.4 ; Width: 0.786mm
M118 P0 S"30" ; Sync timer
G1 X74.6028 Y37.4137 Z0.0400 F2745.4 ; Width: 0.656mm
G1 X74.6028 Y32.8270 Z0.0400 F1083.8 ; Width: 1.661mm
G1 X74.6224 Y32.8070 Z0.0400 F5142.9 ; Width: 0.350mm
G1 X74.6224 Y32.7670 Z0.0400 F5142.9 ; Width: 0.350mm
G1 X74.6830 Y32.7054 Z0.0400 F5142.9 ; Width: 0.350mm
G1 X74.7230 Y32.6661 Z0.0400 F5142.9 ; Width: 0.350mm
G1 X74.7430 Y32.6661 Z0.0400 F5142.9 ; Width: 0.350mm
G1 X74.7630 Y32.6464 Z0.0400 F5142.9 ; Width: 0.350mm
G1 X74.8430 Y32.6464 Z0.0400 F5142.9 ; Width: 0.350mm
G1 X74.8630 Y32.6268 Z0.0400 F5142.9 ; Width: 0.350mm
G1 X79.4297 Y32.6268 Z0.0400 F1087.3 ; Width: 1.655mm
M118 P0 S"31" ; Sync timer
G1 X83.9963 Y32.6268 Z0.0400 F1202.4 ; Width: 1.497mm
G1 X88.5630 Y32.6268 Z0.0400 F1275.5 ; Width: 1.411mm
G1 X93.1297 Y32.6268 Z0.0400 F1275.5 ; Width: 1.411mm
M118 P0 S"32" ; Sync timer
G1 X97.6963 Y32.6268 Z0.0400 F1202.4 ; Width: 1.497mm
G1 X102.2630 Y32.6268 Z0.0400 F1087.3 ; Width: 1.655mm
G1 X102.2830 Y32.6464 Z0.0400 F5142.9 ; Width: 0.350mm
G1 X102.3630 Y32.6464 Z0.0400 F5142.9 ; Width: 0.350mm
G1 X102.3830 Y32.6661 Z0.0400 F5142.9 ; Width: 0.350mm
G1 X102.4030 Y32.6661 Z0.0400 F5142.9 ; Width: 0.350mm
G1 X102.4446 Y32.7070 Z0.0400 F5142.9 ; Width: 0.350mm
G1 X102.5036 Y32.7670 Z0.0400 F5142.9 ; Width: 0.350mm
G1 X102.5036 Y32.8070 Z0.0400 F5142.9 ; Width: 0.350mm
G1 X102.5232 Y32.8270 Z0.0400 F5142.9 ; Width: 0.350mm
G1 X102.5232 Y37.4137 Z0.0400 F1083.8 ; Width: 1.661mm
G1 X102.5232 Y42.0003 Z0.0400 F2410.3 ; Width: 0.747mm
M118 P0 S"33" ; Sync timer
G1 X102.5232 Y46.5870 Z0.0400 F1747.0 ; Width: 1.030mm
G1 X102.5232 Y51.1737 Z0.0400 F2860.4 ; Width: 0.629mm
G1 X102.5232 Y55.7603 Z0.0400 F3180.9 ; Width: 0.566mm
G1 X102.5232 Y60.3470 Z0.0400 F1083.8 ; Width: 1.661mm
G1 X102.5036 Y60.3670 Z0.0400 F5142.9 ; Width: 0.350mm
G1 X102.5036 Y60.4070 Z0.0400 F5142.9 ; Width: 0.350mm
G1 X102.4030 Y60.5079 Z0.0400 F5142.9 ; Width: 0.350mm
G1 X102.3830 Y60.5079 Z0.0400 F5142.9 ; Width: 0.350mm
G1 X102.3630 Y60.5276 Z0.0400 F5142.9 ; Width: 0.350mm
G1 X102.2830 Y60.5276 Z0.0400 F5142.9 ; Width: 0.350mm
G1 X102.2630 Y60.5472 Z0.0400 F5142.9 ; Width: 0.350mm
G0 Z1.0400 F6000.0 ; Z-hop up
G0 X101.5630 Y59.8471 F6000.0 ; Travel to new path
G0 Z0.0400 F6000.0 ; Z-hop down
M118 P0 S"34" ; Sync timer
G1 X97.2297 Y59.8471 Z0.0400 F1310.2 ; Width: 1.374mm
G1 X92.8963 Y59.8471 Z0.0400 F1600.7 ; Width: 1.124mm
G1 X88.5630 Y59.8471 Z0.0400 F2371.5 ; Width: 0.759mm
G1 X84.2297 Y59.8471 Z0.0400 F2371.5 ; Width: 0.759mm
G1 X79.8963 Y59.8471 Z0.0400 F1600.7 ; Width: 1.124mm
M118 P0 S"35" ; Sync timer
G1 X75.5630 Y59.8471 Z0.0400 F1107.6 ; Width: 1.625mm
G1 X75.5430 Y59.8273 Z0.0400 F5142.9 ; Width: 0.350mm
G1 X75.4630 Y59.8273 Z0.0400 F5142.9 ; Width: 0.350mm
G1 X75.4430 Y59.8076 Z0.0400 F5142.9 ; Width: 0.350mm
G1 X75.4230 Y59.8076 Z0.0400 F5142.9 ; Width: 0.350mm
G1 X75.3227 Y59.7070 Z0.0400 F5142.9 ; Width: 0.350mm
G1 X75.3227 Y59.6670 Z0.0400 F5142.9 ; Width: 0.350mm
G1 X75.3029 Y59.6470 Z0.0400 F5142.9 ; Width: 0.350mm
G1 X75.3029 Y57.1470 Z0.0400 F2246.2 ; Width: 0.801mm
G1 X75.3227 Y57.1270 Z0.0400 F5142.9 ; Width: 0.350mm
G1 X75.3227 Y57.0870 Z0.0400 F5142.9 ; Width: 0.350mm
G1 X75.4230 Y56.9856 Z0.0400 F5142.9 ; Width: 0.350mm
G1 X75.4430 Y56.9857 Z0.0400 F5142.9 ; Width: 0.350mm
G1 X75.4630 Y56.9660 Z0.0400 F5142.9 ; Width: 0.350mm
G1 X75.5430 Y56.9664 Z0.0400 F5142.9 ; Width: 0.350mm
G1 X75.5630 Y56.9467 Z0.0400 F5142.9 ; Width: 0.350mm
G1 X75.5830 Y56.9666 Z0.0400 F5142.9 ; Width: 0.350mm
G1 X75.6630 Y56.9669 Z0.0400 F5142.9 ; Width: 0.350mm
G1 X75.6830 Y56.9868 Z0.0400 F5142.9 ; Width: 0.350mm
G1 X75.7230 Y56.9870 Z0.0400 F5142.9 ; Width: 0.350mm
G1 X75.7430 Y57.0068 Z0.0400 F5142.9 ; Width: 0.350mm
G1 X75.7830 Y57.0070 Z0.0400 F5142.9 ; Width: 0.350mm
G1 X75.8030 Y57.0268 Z0.0400 F5142.9 ; Width: 0.350mm
G1 X75.8430 Y57.0270 Z0.0400 F5142.9 ; Width: 0.350mm
G1 X75.8630 Y57.0468 Z0.0400 F5142.9 ; Width: 0.350mm
G1 X75.9230 Y57.0470 Z0.0400 F5142.9 ; Width: 0.350mm
G1 X75.9430 Y57.0668 Z0.0400 F5142.9 ; Width: 0.350mm
G1 X76.0030 Y57.0670 Z0.0400 F5142.9 ; Width: 0.350mm
G1 X76.0230 Y57.0868 Z0.0400 F5142.9 ; Width: 0.350mm
G1 X76.1430 Y57.0870 Z0.0400 F5142.9 ; Width: 0.350mm
G1 X76.1630 Y57.1068 Z0.0400 F5142.9 ; Width: 0.350mm
G1 X78.5630 Y57.1068 Z0.0400 F1500.0 ; Width: 1.200mm
G1 X78.5830 Y57.0870 Z0.0400 F5142.9 ; Width: 0.350mm
G1 X78.7030 Y57.0868 Z0.0400 F5142.9 ; Width: 0.350mm
G1 X78.7230 Y57.0670 Z0.0400 F5142.9 ; Width: 0.350mm
G1 X78.7830 Y57.0668 Z0.0400 F5142.9 ; Width: 0.350mm
G1 X78.8030 Y57.0470 Z0.0400 F5142.9 ; Width: 0.350mm
G1 X78.8630 Y57.0468 Z0.0400 F5142.9 ; Width: 0.350mm
G1 X78.8830 Y57.0270 Z0.0400 F5142.9 ; Width: 0.350mm
G1 X78.9230 Y57.0268 Z0.0400 F5142.9 ; Width: 0.350mm
G1 X78.9430 Y57.0070 Z0.0400 F5142.9 ; Width: 0.350mm
G1 X78.9830 Y57.0068 Z0.0400 F5142.9 ; Width: 0.350mm
G1 X79.0030 Y56.9870 Z0.0400 F5142.9 ; Width: 0.350mm
G1 X79.0430 Y56.9868 Z0.0400 F5142.9 ; Width: 0.350mm
G1 X79.0630 Y56.9669 Z0.0400 F5142.9 ; Width: 0.350mm
G1 X79.0830 Y56.9668 Z0.0400 F5142.9 ; Width: 0.350mm
G1 X79.1030 Y56.9469 Z0.0400 F5142.9 ; Width: 0.350mm
G1 X79.1230 Y56.9469 Z0.0400 F5142.9 ; Width: 0.350mm
G1 X79.1430 Y56.9270 Z0.0400 F5142.9 ; Width: 0.350mm
G1 X79.1630 Y56.9269 Z0.0400 F5142.9 ; Width: 0.350mm
G1 X79.1830 Y56.9070 Z0.0400 F5142.9 ; Width: 0.350mm
G1 X79.2030 Y56.9069 Z0.0400 F5142.9 ; Width: 0.350mm
G1 X79.2230 Y56.8870 Z0.0400 F5142.9 ; Width: 0.350mm
G1 X79.2430 Y56.8868 Z0.0400 F5142.9 ; Width: 0.350mm
G1 X79.2630 Y56.8669 Z0.0400 F5142.9 ; Width: 0.350mm
G1 X79.2830 Y56.8668 Z0.0400 F5142.9 ; Width: 0.350mm
G1 X79.3230 Y56.8270 Z0.0400 F5142.9 ; Width: 0.350mm
G1 X79.3430 Y56.8268 Z0.0400 F5142.9 ; Width: 0.350mm
G1 X79.3630 Y56.8069 Z0.0400 F5142.9 ; Width: 0.350mm
G1 X79.3830 Y56.8068 Z0.0400 F5142.9 ; Width: 0.350mm
G1 X79.4030 Y56.7868 Z0.0400 F5142.9 ; Width: 0.350mm
G1 X79.4830 Y56.7863 Z0.0400 F5142.9 ; Width: 0.350mm
G1 X79.5030 Y56.7664 Z0.0400 F5142.9 ; Width: 0.350mm
G1 X79.5230 Y56.7664 Z0.0400 F5142.9 ; Width: 0.350mm
G1 X79.5430 Y56.7863 Z0.0400 F5142.9 ; Width: 0.350mm
G1 X79.6230 Y56.7868 Z0.0400 F5142.9 ; Width: 0.350mm
G1 X79.6430 Y56.8068 Z0.0400 F5142.9 ; Width: 0.350mm
G1 X79.6630 Y56.8069 Z0.0400 F5142.9 ; Width: 0.350mm
G1 X79.6830 Y56.8268 Z0.0400 F5142.9 ; Width: 0.350mm
G1 X79.7030 Y56.8270 Z0.0400 F5142.9 ; Width: 0.350mm
G1 X79.7430 Y56.8668 Z0.0400 F5142.9 ; Width: 0.350mm
G1 X79.7630 Y56.8669 Z0.0400 F5142.9 ; Width: 0.350mm
G1 X79.7830 Y56.8868 Z0.0400 F5142.9 ; Width: 0.350mm
G1 X79.8030 Y56.8870 Z0.0400 F5142.9 ; Width: 0.350mm
G1 X79.8230 Y56.9069 Z0.0400 F5142.9 ; Width: 0.350mm
G1 X79.8430 Y56.9070 Z0.0400 F5142.9 ; Width: 0.350mm
G1 X79.8630 Y56.9269 Z0.0400 F5142.9 ; Width: 0.350mm
G1 X79.8830 Y56.9270 Z0.0400 F5142.9 ; Width: 0.350mm
G1 X79.9030 Y56.9469 Z0.0400 F5142.9 ; Width: 0.350mm
G1 X79.9230 Y56.9469 Z0.0400 F5142.9 ; Width: 0.350mm
G1 X79.9430 Y56.9668 Z0.0400 F5142.9 ; Width: 0.350mm
G1 X79.9630 Y56.9669 Z0.0400 F5142.9 ; Width: 0.350mm
G1 X79.9830 Y56.9868 Z0.0400 F5142.9 ; Width: 0.350mm
G1 X80.0230 Y56.9870 Z0.0400 F5142.9 ; Width: 0.350mm
G1 X80.0430 Y57.0068 Z0.0400 F5142.9 ; Width: 0.350mm
G1 X80.0830 Y57.0070 Z0.0400 F5142.9 ; Width: 0.350mm
G1 X80.1030 Y57.0268 Z0.0400 F5142.9 ; Width: 0.350mm
G1 X80.1430 Y57.0270 Z0.0400 F5142.9 ; Width: 0.350mm
G1 X80.1630 Y57.0468 Z0.0400 F5142.9 ; Width: 0.350mm
G1 X80.2230 Y57.0470 Z0.0400 F5142.9 ; Width: 0.350mm
G1 X80.2430 Y57.0668 Z0.0400 F5142.9 ; Width: 0.350mm
G1 X80.3030 Y57.0670 Z0.0400 F5142.9 ; Width: 0.350mm
G1 X80.3230 Y57.0868 Z0.0400 F5142.9 ; Width: 0.350mm
G1 X80.4430 Y57.0870 Z0.0400 F5142.9 ; Width: 0.350mm
G1 X80.4630 Y57.1068 Z0.0400 F5142.9 ; Width: 0.350mm
G1 X82.8630 Y57.1068 Z0.0400 F1500.0 ; Width: 1.200mm
G1 X82.8830 Y57.0870 Z0.0400 F5142.9 ; Width: 0.350mm
G1 X83.0030 Y57.0868 Z0.0400 F5142.9 ; Width: 0.350mm
G1 X83.0230 Y57.0670 Z0.0400 F5142.9 ; Width: 0.350mm
G1 X83.0830 Y57.0668 Z0.0400 F5142.9 ; Width: 0.350mm
G1 X83.1030 Y57.0470 Z0.0400 F5142.9 ; Width: 0.350mm
G1 X83.1630 Y57.0468 Z0.0400 F5142.9 ; Width: 0.350mm
G1 X83.1830 Y57.0270 Z0.0400 F5142.9 ; Width: 0.350mm
G1 X83.2230 Y57.0268 Z0.0400 F5142.9 ; Width: 0.350mm
G1 X83.2430 Y57.0070 Z0.0400 F5142.9 ; Width: 0.350mm
G1 X83.2830 Y57.0068 Z0.0400 F5142.9 ; Width: 0.350mm
G1 X83.3030 Y56.9870 Z0.0400 F5142.9 ; Width: 0.350mm
G1 X83.3430 Y56.9868 Z0.0400 F5142.9 ; Width: 0.350mm
G1 X83.3630 Y56.9669 Z0.0400 F5142.9 ; Width: 0.350mm
G1 X83.3830 Y56.9668 Z0.0400 F5142.9 ; Width: 0.350mm
G1 X83.4030 Y56.9469 Z0.0400 F5142.9 ; Width: 0.350mm
G1 X83.4830 Y56.9466 Z0.0400 F5142.9 ; Width: 0.350mm
G1 X83.5030 Y56.9267 Z0.0400 F5142.9 ; Width: 0.350mm
G1 X83.5230 Y56.9267 Z0.0400 F5142.9 ; Width: 0.350mm
G1 X83.5430 Y56.9466 Z0.0400 F5142.9 ; Width: 0.350mm
G1 X83.6230 Y56.9469 Z0.0400 F5142.9 ; Width: 0.350mm
G1 X83.6430 Y56.9668 Z0.0400 F5142.9 ; Width: 0.350mm
G1 X83.6630 Y56.9669 Z0.0400 F5142.9 ; Width: 0.350mm
G1 X83.6830 Y56.9868 Z0.0400 F5142.9 ; Width: 0.350mm
G1 X83.7230 Y56.9870 Z0.0400 F5142.9 ; Width: 0.350mm
G1 X83.7430 Y57.0068 Z0.0400 F5142.9 ; Width: 0.350mm
G1 X83.7830 Y57.0070 Z0.0400 F5142.9 ; Width: 0.350mm
G1 X83.8030 Y57.0268 Z0.0400 F5142.9 ; Width: 0.350mm
G1 X83.8430 Y57.0270 Z0.0400 F5142.9 ; Width: 0.350mm
G1 X83.8630 Y57.0468 Z0.0400 F5142.9 ; Width: 0.350mm
G1 X83.9230 Y57.0470 Z0.0400 F5142.9 ; Width: 0.350mm
G1 X83.9430 Y57.0668 Z0.0400 F5142.9 ; Width: 0.350mm
G1 X84.0030 Y57.0670 Z0.0400 F5142.9 ; Width: 0.350mm
G1 X84.0230 Y57.0868 Z0.0400 F5142.9 ; Width: 0.350mm
G1 X84.1430 Y57.0870 Z0.0400 F5142.9 ; Width: 0.350mm
G1 X84.1630 Y57.1068 Z0.0400 F5142.9 ; Width: 0.350mm
G1 X87.2830 Y57.1068 Z0.0400 F1153.8 ; Width: 1.560mm
G1 X87.3030 Y57.0870 Z0.0400 F5142.9 ; Width: 0.350mm
G1 X87.4230 Y57.0868 Z0.0400 F5142.9 ; Width: 0.350mm
G1 X87.4430 Y57.0670 Z0.0400 F5142.9 ; Width: 0.350mm
G1 X87.5030 Y57.0668 Z0.0400 F5142.9 ; Width: 0.350mm
G1 X87.5230 Y57.0470 Z0.0400 F5142.9 ; Width: 0.350mm
G1 X87.5830 Y57.0468 Z0.0400 F5142.9 ; Width: 0.350mm
G1 X87.6030 Y57.0270 Z0.0400 F5142.9 ; Width: 0.350mm
G1 X87.6430 Y57.0268 Z0.0400 F5142.9 ; Width: 0.350mm
G1 X87.6630 Y57.0070 Z0.0400 F5142.9 ; Width: 0.350mm
G1 X87.7030 Y57.0068 Z0.0400 F5142.9 ; Width: 0.350mm
G1 X87.7230 Y56.9870 Z0.0400 F5142.9 ; Width: 0.350mm
G1 X87.7630 Y56.9868 Z0.0400 F5142.9 ; Width: 0.350mm
G1 X87.7830 Y56.9669 Z0.0400 F5142.9 ; Width: 0.350mm
G1 X87.8030 Y56.9668 Z0.0400 F5142.9 ; Width: 0.350mm
G1 X87.8230 Y56.9469 Z0.0400 F5142.9 ; Width: 0.350mm
G1 X87.8430 Y56.9469 Z0.0400 F5142.9 ; Width: 0.350mm
G1 X87.8630 Y56.9270 Z0.0400 F5142.9 ; Width: 0.350mm
G1 X87.8830 Y56.9269 Z0.0400 F5142.9 ; Width: 0.350mm
G1 X87.9030 Y56.9070 Z0.0400 F5142.9 ; Width: 0.350mm
G1 X87.9230 Y56.9069 Z0.0400 F5142.9 ; Width: 0.350mm
G1 X87.9430 Y56.8870 Z0.0400 F5142.9 ; Width: 0.350mm
G1 X87.9630 Y56.8868 Z0.0400 F5142.9 ; Width: 0.350mm
G1 X87.9830 Y56.8669 Z0.0400 F5142.9 ; Width: 0.350mm
G1 X88.0030 Y56.8668 Z0.0400 F5142.9 ; Width: 0.350mm
G1 X88.0430 Y56.8270 Z0.0400 F5142.9 ; Width: 0.350mm
G1 X88.0630 Y56.8268 Z0.0400 F5142.9 ; Width: 0.350mm
G1 X88.1030 Y56.7870 Z0.0400 F5142.9 ; Width: 0.350mm
G1 X88.1230 Y56.7868 Z0.0400 F5142.9 ; Width: 0.350mm
G1 X88.1830 Y56.7270 Z0.0400 F5142.9 ; Width: 0.350mm
G1 X88.2030 Y56.7268 Z0.0400 F5142.9 ; Width: 0.350mm
G1 X88.5030 Y56.4268 Z0.0400 F5142.9 ; Width: 0.350mm
G1 X88.5230 Y56.4267 Z0.0400 F5142.9 ; Width: 0.350mm
G1 X88.5430 Y56.4066 Z0.0400 F5142.9 ; Width: 0.350mm
G1 X88.6230 Y56.4059 Z0.0400 F5142.9 ; Width: 0.350mm
G1 X88.6430 Y56.3859 Z0.0400 F5142.9 ; Width: 0.350mm
G1 X88.6630 Y56.4059 Z0.0400 F5142.9 ; Width: 0.350mm
G1 X88.7430 Y56.4066 Z0.0400 F5142.9 ; Width: 0.350mm
G1 X88.7630 Y56.4267 Z0.0400 F5142.9 ; Width: 0.350mm
G1 X88.7830 Y56.4268 Z0.0400 F5142.9 ; Width: 0.350mm
G1 X89.0830 Y56.7268 Z0.0400 F5142.9 ; Width: 0.350mm
G1 X89.1030 Y56.7270 Z0.0400 F5142.9 ; Width: 0.350mm
G1 X89.1630 Y56.7868 Z0.0400 F5142.9 ; Width: 0.350mm
G1 X89.1830 Y56.7870 Z0.0400 F5142.9 ; Width: 0.350mm
G1 X89.2230 Y56.8268 Z0.0400 F5142.9 ; Width: 0.350mm
G1 X89.2430 Y56.8270 Z0.0400 F5142.9 ; Width: 0.350mm
G1 X89.2830 Y56.8668 Z0.0400 F5142.9 ; Width: 0.350mm
G1 X89.3030 Y56.8669 Z0.0400 F5142.9 ; Width: 0.350mm
G1 X89.3230 Y56.8868 Z0.0400 F5142.9 ; Width: 0.350mm
G1 X89.3430 Y56.8870 Z0.0400 F5142.9 ; Width: 0.350mm
G1 X89.3630 Y56.9069 Z0.0400 F5142.9 ; Width: 0.350mm
G1 X89.3830 Y56.9070 Z0.0400 F5142.9 ; Width: 0.350mm
G1 X89.4030 Y56.9269 Z0.0400 F5142.9 ; Width: 0.350mm
G1 X89.4230 Y56.9270 Z0.0400 F5142.9 ; Width: 0.350mm
G1 X89.4430 Y56.9469 Z0.0400 F5142.9 ; Width: 0.350mm
G1 X89.4630 Y56.9469 Z0.0400 F5142.9 ; Width: 0.350mm
G1 X89.4830 Y56.9668 Z0.0400 F5142.9 ; Width: 0.350mm
G1 X89.5030 Y56.9669 Z0.0400 F5142.9 ; Width: 0.350mm
G1 X89.5230 Y56.9868 Z0.0400 F5142.9 ; Width: 0.350mm
G1 X89.5630 Y56.9870 Z0.0400 F5142.9 ; Width: 0.350mm
G1 X89.5830 Y57.0068 Z0.0400 F5142.9 ; Width: 0.350mm
G1 X89.6230 Y57.0070 Z0.0400 F5142.9 ; Width: 0.350mm
G1 X89.6430 Y57.0268 Z0.0400 F5142.9 ; Width: 0.350mm
G1 X89.6830 Y57.0270 Z0.0400 F5142.9 ; Width: 0.350mm
G1 X89.7030 Y57.0468 Z0.0400 F5142.9 ; Width: 0.350mm
G1 X89.7630 Y57.0470 Z0.0400 F5142.9 ; Width: 0.350mm
G1 X89.7830 Y57.0668 Z0.0400 F5142.9 ; Width: 0.350mm
G1 X89.8430 Y57.0670 Z0.0400 F5142.9 ; Width: 0.350mm
G1 X89.8630 Y57.0868 Z0.0400 F5142.9 ; Width: 0.350mm
G1 X89.9830 Y57.0870 Z0.0400 F5142.9 ; Width: 0.350mm
G1 X90.0030 Y57.1068 Z0.0400 F5142.9 ; Width: 0.350mm
M118 P0 S"36" ; Sync timer
G1 X93.1030 Y57.1068 Z0.0400 F1170.0 ; Width: 1.538mm
G1 X93.1230 Y57.0870 Z0.0400 F5142.9 ; Width: 0.350mm
G1 X93.2430 Y57.0868 Z0.0400 F5142.9 ; Width: 0.350mm
G1 X93.2630 Y57.0670 Z0.0400 F5142.9 ; Width: 0.350mm
G1 X93.3230 Y57.0668 Z0.0400 F5142.9 ; Width: 0.350mm
G1 X93.3430 Y57.0470 Z0.0400 F5142.9 ; Width: 0.350mm
G1 X93.4030 Y57.0468 Z0.0400 F5142.9 ; Width: 0.350mm
G1 X93.4230 Y57.0270 Z0.0400 F5142.9 ; Width: 0.350mm
G1 X93.4630 Y57.0268 Z0.0400 F5142.9 ; Width: 0.350mm
G1 X93.4830 Y57.0070 Z0.0400 F5142.9 ; Width: 0.350mm
G1 X93.5230 Y57.0068 Z0.0400 F5142.9 ; Width: 0.350mm
G1 X93.5430 Y56.9870 Z0.0400 F5142.9 ; Width: 0.350mm
G1 X93.5830 Y56.9868 Z0.0400 F5142.9 ; Width: 0.350mm
G1 X93.6030 Y56.9669 Z0.0400 F5142.9 ; Width: 0.350mm
G1 X93.6230 Y56.9668 Z0.0400 F5142.9 ; Width: 0.350mm
G1 X93.6430 Y56.9469 Z0.0400 F5142.9 ; Width: 0.350mm
G1 X93.6630 Y56.9469 Z0.0400 F5142.9 ; Width: 0.350mm
G1 X93.6830 Y56.9270 Z0.0400 F5142.9 ; Width: 0.350mm
G1 X93.7030 Y56.9269 Z0.0400 F5142.9 ; Width: 0.350mm
G1 X93.7230 Y56.9070 Z0.0400 F5142.9 ; Width: 0.350mm
G1 X93.7430 Y56.9069 Z0.0400 F5142.9 ; Width: 0.350mm
G1 X93.7630 Y56.8870 Z0.0400 F5142.9 ; Width: 0.350mm
G1 X93.7830 Y56.8868 Z0.0400 F5142.9 ; Width: 0.350mm
G1 X93.8030 Y56.8669 Z0.0400 F5142.9 ; Width: 0.350mm
G1 X93.8230 Y56.8668 Z0.0400 F5142.9 ; Width: 0.350mm
G1 X93.8630 Y56.8270 Z0.0400 F5142.9 ; Width: 0.350mm
G1 X93.8830 Y56.8268 Z0.0400 F5142.9 ; Width: 0.350mm
G1 X93.9230 Y56.7870 Z0.0400 F5142.9 ; Width: 0.350mm
G1 X93.9430 Y56.7868 Z0.0400 F5142.9 ; Width: 0.350mm
G1 X94.0030 Y56.7270 Z0.0400 F5142.9 ; Width: 0.350mm
G1 X94.0230 Y56.7268 Z0.0400 F5142.9 ; Width: 0.350mm
G1 X94.3630 Y56.3868 Z0.0400 F5142.9 ; Width: 0.350mm
G1 X94.3830 Y56.3866 Z0.0400 F5142.9 ; Width: 0.350mm
G1 X94.4030 Y56.3666 Z0.0400 F5142.9 ; Width: 0.350mm
G1 X94.4830 Y56.3661 Z0.0400 F5142.9 ; Width: 0.350mm
G1 X94.5030 Y56.3464 Z0.0400 F5142.9 ; Width: 0.350mm
G1 X94.5230 Y56.3664 Z0.0400 F5142.9 ; Width: 0.350mm
G1 X94.6030 Y56.3669 Z0.0400 F5142.9 ; Width: 0.350mm
G1 X94.6230 Y56.3868 Z0.0400 F5142.9 ; Width: 0.350mm
G1 X94.6430 Y56.3870 Z0.0400 F5142.9 ; Width: 0.350mm
G1 X94.7030 Y56.4468 Z0.0400 F5142.9 ; Width: 0.350mm
G1 X94.7230 Y56.4470 Z0.0400 F5142.9 ; Width: 0.350mm
G1 X94.7630 Y56.4868 Z0.0400 F5142.9 ; Width: 0.350mm
G1 X94.7830 Y56.4870 Z0.0400 F5142.9 ; Width: 0.350mm
G1 X94.8430 Y56.5468 Z0.0400 F5142.9 ; Width: 0.350mm
G1 X94.8630 Y56.5470 Z0.0400 F5142.9 ; Width: 0.350mm
G1 X94.9030 Y56.5868 Z0.0400 F5142.9 ; Width: 0.350mm
G1 X94.9230 Y56.5870 Z0.0400 F5142.9 ; Width: 0.350mm
G1 X94.9630 Y56.6268 Z0.0400 F5142.9 ; Width: 0.350mm
G1 X94.9830 Y56.6270 Z0.0400 F5142.9 ; Width: 0.350mm
G1 X95.0230 Y56.6668 Z0.0400 F5142.9 ; Width: 0.350mm
G1 X95.0430 Y56.6669 Z0.0400 F5142.9 ; Width: 0.350mm
G1 X95.0630 Y56.6868 Z0.0400 F5142.9 ; Width: 0.350mm
G1 X95.0830 Y56.6870 Z0.0400 F5142.9 ; Width: 0.350mm
G1 X95.1230 Y56.7268 Z0.0400 F5142.9 ; Width: 0.350mm
G1 X95.1430 Y56.7269 Z0.0400 F5142.9 ; Width: 0.350mm
G1 X95.1630 Y56.7468 Z0.0400 F5142.9 ; Width: 0.350mm
G1 X95.1830 Y56.7470 Z0.0400 F5142.9 ; Width: 0.350mm
G1 X95.2030 Y56.7669 Z0.0400 F5142.9 ; Width: 0.350mm
G1 X95.2230 Y56.7670 Z0.0400 F5142.9 ; Width: 0.350mm
G1 X95.2430 Y56.7869 Z0.0400 F5142.9 ; Width: 0.350mm
G1 X95.2630 Y56.7870 Z0.0400 F5142.9 ; Width: 0.350mm
G1 X95.2830 Y56.8069 Z0.0400 F5142.9 ; Width: 0.350mm
G1 X95.3030 Y56.8070 Z0.0400 F5142.9 ; Width: 0.350mm
G1 X95.3230 Y56.8269 Z0.0400 F5142.9 ; Width: 0.350mm
G1 X95.3430 Y56.8270 Z0.0400 F5142.9 ; Width: 0.350mm
G1 X95.3630 Y56.8469 Z0.0400 F5142.9 ; Width: 0.350mm
G1 X95.3830 Y56.8470 Z0.0400 F5142.9 ; Width: 0.350mm
G1 X95.4030 Y56.8669 Z0.0400 F5142.9 ; Width: 0.350mm
G1 X95.4230 Y56.8670 Z0.0400 F5142.9 ; Width: 0.350mm
G1 X95.4430 Y56.8869 Z0.0400 F5142.9 ; Width: 0.350mm
G1 X95.4630 Y56.8870 Z0.0400 F5142.9 ; Width: 0.350mm
G1 X95.4830 Y56.9069 Z0.0400 F5142.9 ; Width: 0.350mm
G1 X95.5030 Y56.9070 Z0.0400 F5142.9 ; Width: 0.350mm
G1 X95.5230 Y56.9269 Z0.0400 F5142.9 ; Width: 0.350mm
G1 X95.5430 Y56.9270 Z0.0400 F5142.9 ; Width: 0.350mm
G1 X95.5630 Y56.9469 Z0.0400 F5142.9 ; Width: 0.350mm
G1 X95.5830 Y56.9469 Z0.0400 F5142.9 ; Width: 0.350mm
G1 X95.6030 Y56.9668 Z0.0400 F5142.9 ; Width: 0.350mm
G1 X95.6230 Y56.9669 Z0.0400 F5142.9 ; Width: 0.350mm
G1 X95.6430 Y56.9868 Z0.0400 F5142.9 ; Width: 0.350mm
G1 X95.6830 Y56.9870 Z0.0400 F5142.9 ; Width: 0.350mm
G1 X95.7030 Y57.0068 Z0.0400 F5142.9 ; Width: 0.350mm
G1 X95.7430 Y57.0070 Z0.0400 F5142.9 ; Width: 0.350mm
G1 X95.7630 Y57.0268 Z0.0400 F5142.9 ; Width: 0.350mm
G1 X95.7830 Y57.0269 Z0.0400 F5142.9 ; Width: 0.350mm
G1 X95.8030 Y57.0468 Z0.0400 F5142.9 ; Width: 0.350mm
G1 X95.8430 Y57.0470 Z0.0400 F5142.9 ; Width: 0.350mm
G1 X95.8630 Y57.0668 Z0.0400 F5142.9 ; Width: 0.350mm
G1 X95.9030 Y57.0670 Z0.0400 F5142.9 ; Width: 0.350mm
G1 X95.9230 Y57.0868 Z0.0400 F5142.9 ; Width: 0.350mm
G1 X95.9630 Y57.0870 Z0.0400 F5142.9 ; Width: 0.350mm
G1 X95.9830 Y57.1068 Z0.0400 F5142.9 ; Width: 0.350mm
G1 X96.0430 Y57.1070 Z0.0400 F5142.9 ; Width: 0.350mm
G1 X96.0630 Y57.1268 Z0.0400 F5142.9 ; Width: 0.350mm
G1 X96.1030 Y57.1270 Z0.0400 F5142.9 ; Width: 0.350mm
G1 X96.1230 Y57.1468 Z0.0400 F5142.9 ; Width: 0.350mm
G1 X96.1630 Y57.1470 Z0.0400 F5142.9 ; Width: 0.350mm
G1 X96.1830 Y57.1668 Z0.0400 F5142.9 ; Width: 0.350mm
G1 X96.2430 Y57.1670 Z0.0400 F5142.9 ; Width: 0.350mm
G1 X96.2630 Y57.1868 Z0.0400 F5142.9 ; Width: 0.350mm
G1 X96.3230 Y57.1870 Z0.0400 F5142.9 ; Width: 0.350mm
G1 X96.3430 Y57.2068 Z0.0400 F5142.9 ; Width: 0.350mm
G1 X96.4030 Y57.2070 Z0.0400 F5142.9 ; Width: 0.350mm
G1 X96.4230 Y57.2268 Z0.0400 F5142.9 ; Width: 0.350mm
G1 X96.4830 Y57.2270 Z0.0400 F5142.9 ; Width: 0.350mm
G1 X96.5030 Y57.2468 Z0.0400 F5142.9 ; Width: 0.350mm
G1 X96.6230 Y57.2470 Z0.0400 F5142.9 ; Width: 0.350mm
G1 X96.6430 Y57.2668 Z0.0400 F5142.9 ; Width: 0.350mm
G1 X96.7430 Y57.2670 Z0.0400 F5142.9 ; Width: 0.350mm
G1 X96.7630 Y57.2868 Z0.0400 F5142.9 ; Width: 0.350mm
G1 X96.8830 Y57.2870 Z0.0400 F5142.9 ; Width: 0.350mm
G1 X96.9030 Y57.3068 Z0.0400 F5142.9 ; Width: 0.350mm
G1 X98.0630 Y57.3068 Z0.0400 F3103.4 ; Width: 0.580mm
G1 X98.0830 Y57.2870 Z0.0400 F5142.9 ; Width: 0.350mm
G1 X98.2030 Y57.2868 Z0.0400 F5142.9 ; Width: 0.350mm
G1 X98.2230 Y57.2670 Z0.0400 F5142.9 ; Width: 0.350mm
G1 X98.3430 Y57.2668 Z0.0400 F5142.9 ; Width: 0.350mm
G1 X98.3630 Y57.2470 Z0.0400 F5142.9 ; Width: 0.350mm
G1 X98.4830 Y57.2468 Z0.0400 F5142.9 ; Width: 0.350mm
G1 X98.5030 Y57.2270 Z0.0400 F5142.9 ; Width: 0.350mm
G1 X98.5630 Y57.2268 Z0.0400 F5142.9 ; Width: 0.350mm
G1 X98.5830 Y57.2070 Z0.0400 F5142.9 ; Width: 0.350mm
G1 X98.6430 Y57.2068 Z0.0400 F5142.9 ; Width: 0.350mm
G1 X98.6630 Y57.1870 Z0.0400 F5142.9 ; Width: 0.350mm
G1 X98.7230 Y57.1868 Z0.0400 F5142.9 ; Width: 0.350mm
G1 X98.7430 Y57.1670 Z0.0400 F5142.9 ; Width: 0.350mm
G1 X98.8030 Y57.1668 Z0.0400 F5142.9 ; Width: 0.350mm
G1 X98.8230 Y57.1470 Z0.0400 F5142.9 ; Width: 0.350mm
G1 X98.8630 Y57.1468 Z0.0400 F5142.9 ; Width: 0.350mm
G1 X98.8830 Y57.1270 Z0.0400 F5142.9 ; Width: 0.350mm
G1 X98.9230 Y57.1268 Z0.0400 F5142.9 ; Width: 0.350mm
G1 X98.9430 Y57.1070 Z0.0400 F5142.9 ; Width: 0.350mm
G1 X98.9830 Y57.1068 Z0.0400 F5142.9 ; Width: 0.350mm
G1 X99.0030 Y57.0870 Z0.0400 F5142.9 ; Width: 0.350mm
G1 X99.0430 Y57.0868 Z0.0400 F5142.9 ; Width: 0.350mm
G1 X99.0630 Y57.0670 Z0.0400 F5142.9 ; Width: 0.350mm
G1 X99.1030 Y57.0668 Z0.0400 F5142.9 ; Width: 0.350mm
G1 X99.1230 Y57.0470 Z0.0400 F5142.9 ; Width: 0.350mm
G1 X99.1630 Y57.0468 Z0.0400 F5142.9 ; Width: 0.350mm
G1 X99.1830 Y57.0269 Z0.0400 F5142.9 ; Width: 0.350mm
G1 X99.2030 Y57.0268 Z0.0400 F5142.9 ; Width: 0.350mm
G1 X99.2230 Y57.0070 Z0.0400 F5142.9 ; Width: 0.350mm
G1 X99.2630 Y57.0068 Z0.0400 F5142.9 ; Width: 0.350mm
G1 X99.2830 Y56.9870 Z0.0400 F5142.9 ; Width: 0.350mm
G1 X99.3230 Y56.9868 Z0.0400 F5142.9 ; Width: 0.350mm
G1 X99.3430 Y56.9669 Z0.0400 F5142.9 ; Width: 0.350mm
G1 X99.3630 Y56.9668 Z0.0400 F5142.9 ; Width: 0.350mm
G1 X99.3830 Y56.9470 Z0.0400 F5142.9 ; Width: 0.350mm
G1 X99.4230 Y56.9468 Z0.0400 F5142.9 ; Width: 0.350mm
G1 X99.4430 Y56.9269 Z0.0400 F5142.9 ; Width: 0.350mm
G1 X99.4630 Y56.9268 Z0.0400 F5142.9 ; Width: 0.350mm
G1 X99.4830 Y56.9069 Z0.0400 F5142.9 ; Width: 0.350mm
G1 X99.5030 Y56.9069 Z0.0400 F5142.9 ; Width: 0.350mm
G1 X99.5230 Y56.8870 Z0.0400 F5142.9 ; Width: 0.350mm
G1 X99.5430 Y56.8869 Z0.0400 F5142.9 ; Width: 0.350mm
G1 X99.5630 Y56.8670 Z0.0400 F5142.9 ; Width: 0.350mm
G1 X99.5830 Y56.8669 Z0.0400 F5142.9 ; Width: 0.350mm
G1 X99.6030 Y56.8470 Z0.0400 F5142.9 ; Width: 0.350mm
G1 X99.6230 Y56.8469 Z0.0400 F5142.9 ; Width: 0.350mm
G1 X99.6430 Y56.8270 Z0.0400 F5142.9 ; Width: 0.350mm
G1 X99.6630 Y56.8269 Z0.0400 F5142.9 ; Width: 0.350mm
G1 X99.6830 Y56.8070 Z0.0400 F5142.9 ; Width: 0.350mm
G1 X99.7030 Y56.8069 Z0.0400 F5142.9 ; Width: 0.350mm
G1 X99.7230 Y56.7870 Z0.0400 F5142.9 ; Width: 0.350mm
G1 X99.7430 Y56.7869 Z0.0400 F5142.9 ; Width: 0.350mm
G1 X99.7630 Y56.7670 Z0.0400 F5142.9 ; Width: 0.350mm
G1 X99.7830 Y56.7669 Z0.0400 F5142.9 ; Width: 0.350mm
G1 X99.8030 Y56.7470 Z0.0400 F5142.9 ; Width: 0.350mm
G1 X99.8230 Y56.7468 Z0.0400 F5142.9 ; Width: 0.350mm
G1 X99.8430 Y56.7269 Z0.0400 F5142.9 ; Width: 0.350mm
G1 X99.8630 Y56.7268 Z0.0400 F5142.9 ; Width: 0.350mm
G1 X99.9030 Y56.6870 Z0.0400 F5142.9 ; Width: 0.350mm
G1 X99.9230 Y56.6868 Z0.0400 F5142.9 ; Width: 0.350mm
G1 X99.9630 Y56.6470 Z0.0400 F5142.9 ; Width: 0.350mm
G1 X99.9830 Y56.6468 Z0.0400 F5142.9 ; Width: 0.350mm
G1 X100.0430 Y56.5870 Z0.0400 F5142.9 ; Width: 0.350mm
G1 X100.0630 Y56.5868 Z0.0400 F5142.9 ; Width: 0.350mm
G1 X100.0830 Y56.5669 Z0.0400 F5142.9 ; Width: 0.350mm
G1 X100.1030 Y56.5668 Z0.0400 F5142.9 ; Width: 0.350mm
G1 X100.1430 Y56.5270 Z0.0400 F5142.9 ; Width: 0.350mm
G1 X100.1630 Y56.5268 Z0.0400 F5142.9 ; Width: 0.350mm
G1 X100.2030 Y56.4870 Z0.0400 F5142.9 ; Width: 0.350mm
G1 X100.2230 Y56.4868 Z0.0400 F5142.9 ; Width: 0.350mm
G1 X100.2830 Y56.4270 Z0.0400 F5142.9 ; Width: 0.350mm
G1 X100.3030 Y56.4268 Z0.0400 F5142.9 ; Width: 0.350mm
G1 X100.3630 Y56.3670 Z0.0400 F5142.9 ; Width: 0.350mm
G1 X100.3830 Y56.3668 Z0.0400 F5142.9 ; Width: 0.350mm
G1 X100.5630 Y56.1870 Z0.0400 F5142.9 ; Width: 0.350mm
G1 X100.5830 Y56.1868 Z0.0400 F5142.9 ; Width: 0.350mm
G1 X100.8828 Y55.8870 Z0.0400 F5142.9 ; Width: 0.350mm
G1 X100.8830 Y55.8670 Z0.0400 F5142.9 ; Width: 0.350mm
G1 X101.0028 Y55.7470 Z0.0400 F5142.9 ; Width: 0.350mm
G1 X101.0030 Y55.7270 Z0.0400 F5142.9 ; Width: 0.350mm
G1 X101.1028 Y55.6270 Z0.0400 F5142.9 ; Width: 0.350mm
G1 X101.1030 Y55.6070 Z0.0400 F5142.9 ; Width: 0.350mm
G1 X101.1628 Y55.5470 Z0.0400 F5142.9 ; Width: 0.350mm
G1 X101.1630 Y55.5270 Z0.0400 F5142.9 ; Width: 0.350mm
G1 X101.2228 Y55.4670 Z0.0400 F5142.9 ; Width: 0.350mm
G1 X101.2230 Y55.4470 Z0.0400 F5142.9 ; Width: 0.350mm
G1 X101.2828 Y55.3870 Z0.0400 F5142.9 ; Width: 0.350mm
G1 X101.2830 Y55.3670 Z0.0400 F5142.9 ; Width: 0.350mm
G1 X101.3228 Y55.3270 Z0.0400 F5142.9 ; Width: 0.350mm
G1 X101.3230 Y55.3070 Z0.0400 F5142.9 ; Width: 0.350mm
G1 X101.4230 Y55.2066 Z0.0400 F5142.9 ; Width: 0.350mm
G1 X101.4430 Y55.2064 Z0.0400 F5142.9 ; Width: 0.350mm
G1 X101.4630 Y55.1864 Z0.0400 F5142.9 ; Width: 0.350mm
G1 X101.5430 Y55.1857 Z0.0400 F5142.9 ; Width: 0.350mm
G1 X101.5630 Y55.1656 Z0.0400 F5142.9 ; Width: 0.350mm
G1 X101.5830 Y55.1853 Z0.0400 F5142.9 ; Width: 0.350mm
G1 X101.6630 Y55.1852 Z0.0400 F5142.9 ; Width: 0.350mm
G1 X101.6830 Y55.2054 Z0.0400 F5142.9 ; Width: 0.350mm
G1 X101.7030 Y55.2056 Z0.0400 F5142.9 ; Width: 0.350mm
G1 X101.8033 Y55.3070 Z0.0400 F5142.9 ; Width: 0.350mm
G1 X101.8033 Y55.3470 Z0.0400 F5142.9 ; Width: 0.350mm
G1 X101.8231 Y55.3670 Z0.0400 F5142.9 ; Width: 0.350mm
G1 X101.8231 Y59.6470 Z0.0400 F2286.7 ; Width: 0.787mm
G1 X101.8033 Y59.6670 Z0.0400 F5142.9 ; Width: 0.350mm
G1 X101.8033 Y59.7070 Z0.0400 F5142.9 ; Width: 0.350mm
G1 X101.7030 Y59.8076 Z0.0400 F5142.9 ; Width: 0.350mm
G1 X101.6830 Y59.8076 Z0.0400 F5142.9 ; Width: 0.350mm
G1 X101.6630 Y59.8273 Z0.0400 F5142.9 ; Width: 0.350mm
G1 X101.5830 Y59.8273 Z0.0400 F5142.9 ; Width: 0.350mm
G1 X101.5630 Y59.8471 Z0.0400 F5142.9 ; Width: 0.350mm
G0 Z1.0400 F6000.0 ; Z-hop up
G0 X101.5630 Y59.8471 F6000.0 ; Travel to new path
G0 Z0.0400 F6000.0 ; Z-hop down
G1 X97.2297 Y59.8471 Z0.0400 F1310.2 ; Width: 1.374mm
M118 P0 S"37" ; Sync timer
G1 X92.8963 Y59.8471 Z0.0400 F1600.7 ; Width: 1.124mm
G1 X88.5630 Y59.8471 Z0.0400 F2371.5 ; Width: 0.759mm
G1 X84.2297 Y59.8471 Z0.0400 F2371.5 ; Width: 0.759mm
G1 X79.8963 Y59.8471 Z0.0400 F1600.7 ; Width: 1.124mm
G1 X75.5630 Y59.8471 Z0.0400 F1107.6 ; Width: 1.625mm
G1 X75.5430 Y59.8273 Z0.0400 F5142.9 ; Width: 0.350mm
G1 X75.4630 Y59.8273 Z0.0400 F5142.9 ; Width: 0.350mm
G1 X75.4430 Y59.8076 Z0.0400 F5142.9 ; Width: 0.350mm
G1 X75.4230 Y59.8076 Z0.0400 F5142.9 ; Width: 0.350mm
G1 X75.3227 Y59.7070 Z0.0400 F5142.9 ; Width: 0.350mm
G1 X75.3227 Y59.6670 Z0.0400 F5142.9 ; Width: 0.350mm
G1 X75.3029 Y59.6470 Z0.0400 F5142.9 ; Width: 0.350mm
M118 P0 S"38" ; Sync timer
G1 X75.3029 Y57.1470 Z0.0400 F2246.2 ; Width: 0.801mm
G1 X75.3227 Y57.1270 Z0.0400 F5142.9 ; Width: 0.350mm
G1 X75.3227 Y57.0870 Z0.0400 F5142.9 ; Width: 0.350mm
G1 X75.4230 Y56.9856 Z0.0400 F5142.9 ; Width: 0.350mm
G1 X75.4430 Y56.9857 Z0.0400 F5142.9 ; Width: 0.350mm
G1 X75.4630 Y56.9660 Z0.0400 F5142.9 ; Width: 0.350mm
G1 X75.5430 Y56.9664 Z0.0400 F5142.9 ; Width: 0.350mm
G1 X75.5630 Y56.9467 Z0.0400 F5142.9 ; Width: 0.350mm
G1 X75.5830 Y56.9666 Z0.0400 F5142.9 ; Width: 0.350mm
G1 X75.6630 Y56.9669 Z0.0400 F5142.9 ; Width: 0.350mm
G1 X75.6830 Y56.9868 Z0.0400 F5142.9 ; Width: 0.350mm
G1 X75.7230 Y56.9870 Z0.0400 F5142.9 ; Width: 0.350mm
G1 X75.7430 Y57.0068 Z0.0400 F5142.9 ; Width: 0.350mm
G1 X75.7830 Y57.0070 Z0.0400 F5142.9 ; Width: 0.350mm
G1 X75.8030 Y57.0268 Z0.0400 F5142.9 ; Width: 0.350mm
G1 X75.8430 Y57.0270 Z0.0400 F5142.9 ; Width: 0.350mm
G1 X75.8630 Y57.0468 Z0.0400 F5142.9 ; Width: 0.350mm
G1 X75.9230 Y57.0470 Z0.0400 F5142.9 ; Width: 0.350mm
G1 X75.9430 Y57.0668 Z0.0400 F5142.9 ; Width: 0.350mm
G1 X76.0030 Y57.0670 Z0.0400 F5142.9 ; Width: 0.350mm
G1 X76.0230 Y57.0868 Z0.0400 F5142.9 ; Width: 0.350mm
G1 X76.1430 Y57.0870 Z0.0400 F5142.9 ; Width: 0.350mm
G1 X76.1630 Y57.1068 Z0.0400 F5142.9 ; Width: 0.350mm
G1 X78.5630 Y57.1068 Z0.0400 F1500.0 ; Width: 1.200mm
G1 X78.5830 Y57.0870 Z0.0400 F5142.9 ; Width: 0.350mm
G1 X78.7030 Y57.0868 Z0.0400 F5142.9 ; Width: 0.350mm
G1 X78.7230 Y57.0670 Z0.0400 F5142.9 ; Width: 0.350mm
G1 X78.7830 Y57.0668 Z0.0400 F5142.9 ; Width: 0.350mm
G1 X78.8030 Y57.0470 Z0.0400 F5142.9 ; Width: 0.350mm
G1 X78.8630 Y57.0468 Z0.0400 F5142.9 ; Width: 0.350mm
G1 X78.8830 Y57.0270 Z0.0400 F5142.9 ; Width: 0.350mm
G1 X78.9230 Y57.0268 Z0.0400 F5142.9 ; Width: 0.350mm
G1 X78.9430 Y57.0070 Z0.0400 F5142.9 ; Width: 0.350mm
G1 X78.9830 Y57.0068 Z0.0400 F5142.9 ; Width: 0.350mm
G1 X79.0030 Y56.9870 Z0.0400 F5142.9 ; Width: 0.350mm
G1 X79.0430 Y56.9868 Z0.0400 F5142.9 ; Width: 0.350mm
G1 X79.0630 Y56.9669 Z0.0400 F5142.9 ; Width: 0.350mm
G1 X79.0830 Y56.9668 Z0.0400 F5142.9 ; Width: 0.350mm
G1 X79.1030 Y56.9469 Z0.0400 F5142.9 ; Width: 0.350mm
G1 X79.1230 Y56.9469 Z0.0400 F5142.9 ; Width: 0.350mm
G1 X79.1430 Y56.9270 Z0.0400 F5142.9 ; Width: 0.350mm
G1 X79.1630 Y56.9269 Z0.0400 F5142.9 ; Width: 0.350mm
G1 X79.1830 Y56.9070 Z0.0400 F5142.9 ; Width: 0.350mm
G1 X79.2030 Y56.9069 Z0.0400 F5142.9 ; Width: 0.350mm
G1 X79.2230 Y56.8870 Z0.0400 F5142.9 ; Width: 0.350mm
G1 X79.2430 Y56.8868 Z0.0400 F5142.9 ; Width: 0.350mm
G1 X79.2630 Y56.8669 Z0.0400 F5142.9 ; Width: 0.350mm
G1 X79.2830 Y56.8668 Z0.0400 F5142.9 ; Width: 0.350mm
G1 X79.3230 Y56.8270 Z0.0400 F5142.9 ; Width: 0.350mm
G1 X79.3430 Y56.8268 Z0.0400 F5142.9 ; Width: 0.350mm
G1 X79.3630 Y56.8069 Z0.0400 F5142.9 ; Width: 0.350mm
G1 X79.3830 Y56.8068 Z0.0400 F5142.9 ; Width: 0.350mm
G1 X79.4030 Y56.7868 Z0.0400 F5142.9 ; Width: 0.350mm
G1 X79.4830 Y56.7863 Z0.0400 F5142.9 ; Width: 0.350mm
G1 X79.5030 Y56.7664 Z0.0400 F5142.9 ; Width: 0.350mm
G1 X79.5230 Y56.7664 Z0.0400 F5142.9 ; Width: 0.350mm
G1 X79.5430 Y56.7863 Z0.0400 F5142.9 ; Width: 0.350mm
G1 X79.6230 Y56.7868 Z0.0400 F5142.9 ; Width: 0.350mm
G1 X79.6430 Y56.8068 Z0.0400 F5142.9 ; Width: 0.350mm
G1 X79.6630 Y56.8069 Z0.0400 F5142.9 ; Width: 0.350mm
G1 X79.6830 Y56.8268 Z0.0400 F5142.9 ; Width: 0.350mm
G1 X79.7030 Y56.8270 Z0.0400 F5142.9 ; Width: 0.350mm
G1 X79.7430 Y56.8668 Z0.0400 F5142.9 ; Width: 0.350mm
G1 X79.7630 Y56.8669 Z0.0400 F5142.9 ; Width: 0.350mm
G1 X79.7830 Y56.8868 Z0.0400 F5142.9 ; Width: 0.350mm
G1 X79.8030 Y56.8870 Z0.0400 F5142.9 ; Width: 0.350mm
G1 X79.8230 Y56.9069 Z0.0400 F5142.9 ; Width: 0.350mm
G1 X79.8430 Y56.9070 Z0.0400 F5142.9 ; Width: 0.350mm
G1 X79.8630 Y56.9269 Z0.0400 F5142.9 ; Width: 0.350mm
G1 X79.8830 Y56.9270 Z0.0400 F5142.9 ; Width: 0.350mm
G1 X79.9030 Y56.9469 Z0.0400 F5142.9 ; Width: 0.350mm
G1 X79.9230 Y56.9469 Z0.0400 F5142.9 ; Width: 0.350mm
G1 X79.9430 Y56.9668 Z0.0400 F5142.9 ; Width: 0.350mm
G1 X79.9630 Y56.9669 Z0.0400 F5142.9 ; Width: 0.350mm
G1 X79.9830 Y56.9868 Z0.0400 F5142.9 ; Width: 0.350mm
G1 X80.0230 Y56.9870 Z0.0400 F5142.9 ; Width: 0.350mm
G1 X80.0430 Y57.0068 Z0.0400 F5142.9 ; Width: 0.350mm
G1 X80.0830 Y57.0070 Z0.0400 F5142.9 ; Width: 0.350mm
G1 X80.1030 Y57.0268 Z0.0400 F5142.9 ; Width: 0.350mm
G1 X80.1430 Y57.0270 Z0.0400 F5142.9 ; Width: 0.350mm
G1 X80.1630 Y57.0468 Z0.0400 F5142.9 ; Width: 0.350mm
G1 X80.2230 Y57.0470 Z0.0400 F5142.9 ; Width: 0.350mm
G1 X80.2430 Y57.0668 Z0.0400 F5142.9 ; Width: 0.350mm
G1 X80.3030 Y57.0670 Z0.0400 F5142.9 ; Width: 0.350mm
G1 X80.3230 Y57.0868 Z0.0400 F5142.9 ; Width: 0.350mm
G1 X80.4430 Y57.0870 Z0.0400 F5142.9 ; Width: 0.350mm
G1 X80.4630 Y57.1068 Z0.0400 F5142.9 ; Width: 0.350mm
G1 X82.8630 Y57.1068 Z0.0400 F1500.0 ; Width: 1.200mm
G1 X82.8830 Y57.0870 Z0.0400 F5142.9 ; Width: 0.350mm
G1 X83.0030 Y57.0868 Z0.0400 F5142.9 ; Width: 0.350mm
G1 X83.0230 Y57.0670 Z0.0400 F5142.9 ; Width: 0.350mm
G1 X83.0830 Y57.0668 Z0.0400 F5142.9 ; Width: 0.350mm
G1 X83.1030 Y57.0470 Z0.0400 F5142.9 ; Width: 0.350mm
G1 X83.1630 Y57.0468 Z0.0400 F5142.9 ; Width: 0.350mm
G1 X83.1830 Y57.0270 Z0.0400 F5142.9 ; Width: 0.350mm
G1 X83.2230 Y57.0268 Z0.0400 F5142.9 ; Width: 0.350mm
G1 X83.2430 Y57.0070 Z0.0400 F5142.9 ; Width: 0.350mm
G1 X83.2830 Y57.0068 Z0.0400 F5142.9 ; Width: 0.350mm
G1 X83.3030 Y56.9870 Z0.0400 F5142.9 ; Width: 0.350mm
G1 X83.3430 Y56.9868 Z0.0400 F5142.9 ; Width: 0.350mm
G1 X83.3630 Y56.9669 Z0.0400 F5142.9 ; Width: 0.350mm
G1 X83.3830 Y56.9668 Z0.0400 F5142.9 ; Width: 0.350mm
G1 X83.4030 Y56.9469 Z0.0400 F5142.9 ; Width: 0.350mm
G1 X83.4830 Y56.9466 Z0.0400 F5142.9 ; Width: 0.350mm
G1 X83.5030 Y56.9267 Z0.0400 F5142.9 ; Width: 0.350mm
G1 X83.5230 Y56.9267 Z0.0400 F5142.9 ; Width: 0.350mm
G1 X83.5430 Y56.9466 Z0.0400 F5142.9 ; Width: 0.350mm
G1 X83.6230 Y56.9469 Z0.0400 F5142.9 ; Width: 0.350mm
G1 X83.6430 Y56.9668 Z0.0400 F5142.9 ; Width: 0.350mm
G1 X83.6630 Y56.9669 Z0.0400 F5142.9 ; Width: 0.350mm
G1 X83.6830 Y56.9868 Z0.0400 F5142.9 ; Width: 0.350mm
G1 X83.7230 Y56.9870 Z0.0400 F5142.9 ; Width: 0.350mm
G1 X83.7430 Y57.0068 Z0.0400 F5142.9 ; Width: 0.350mm
G1 X83.7830 Y57.0070 Z0.0400 F5142.9 ; Width: 0.350mm
G1 X83.8030 Y57.0268 Z0.0400 F5142.9 ; Width: 0.350mm
G1 X83.8430 Y57.0270 Z0.0400 F5142.9 ; Width: 0.350mm
G1 X83.8630 Y57.0468 Z0.0400 F5142.9 ; Width: 0.350mm
G1 X83.9230 Y57.0470 Z0.0400 F5142.9 ; Width: 0.350mm
G1 X83.9430 Y57.0668 Z0.0400 F5142.9 ; Width: 0.350mm
G1 X84.0030 Y57.0670 Z0.0400 F5142.9 ; Width: 0.350mm
G1 X84.0230 Y57.0868 Z0.0400 F5142.9 ; Width: 0.350mm
G1 X84.1430 Y57.0870 Z0.0400 F5142.9 ; Width: 0.350mm
G1 X84.1630 Y57.1068 Z0.0400 F5142.9 ; Width: 0.350mm
G1 X87.2830 Y57.1068 Z0.0400 F1153.8 ; Width: 1.560mm
G1 X87.3030 Y57.0870 Z0.0400 F5142.9 ; Width: 0.350mm
G1 X87.4230 Y57.0868 Z0.0400 F5142.9 ; Width: 0.350mm
G1 X87.4430 Y57.0670 Z0.0400 F5142.9 ; Width: 0.350mm
G1 X87.5030 Y57.0668 Z0.0400 F5142.9 ; Width: 0.350mm
G1 X87.5230 Y57.0470 Z0.0400 F5142.9 ; Width: 0.350mm
G1 X87.5830 Y57.0468 Z0.0400 F5142.9 ; Width: 0.350mm
G1 X87.6030 Y57.0270 Z0.0400 F5142.9 ; Width: 0.350mm
G1 X87.6430 Y57.0268 Z0.0400 F5142.9 ; Width: 0.350mm
G1 X87.6630 Y57.0070 Z0.0400 F5142.9 ; Width: 0.350mm
G1 X87.7030 Y57.0068 Z0.0400 F5142.9 ; Width: 0.350mm
G1 X87.7230 Y56.9870 Z0.0400 F5142.9 ; Width: 0.350mm
G1 X87.7630 Y56.9868 Z0.0400 F5142.9 ; Width: 0.350mm
G1 X87.7830 Y56.9669 Z0.0400 F5142.9 ; Width: 0.350mm
G1 X87.8030 Y56.9668 Z0.0400 F5142.9 ; Width: 0.350mm
G1 X87.8230 Y56.9469 Z0.0400 F5142.9 ; Width: 0.350mm
G1 X87.8430 Y56.9469 Z0.0400 F5142.9 ; Width: 0.350mm
G1 X87.8630 Y56.9270 Z0.0400 F5142.9 ; Width: 0.350mm
G1 X87.8830 Y56.9269 Z0.0400 F5142.9 ; Width: 0.350mm
G1 X87.9030 Y56.9070 Z0.0400 F5142.9 ; Width: 0.350mm
G1 X87.9230 Y56.9069 Z0.0400 F5142.9 ; Width: 0.350mm
G1 X87.9430 Y56.8870 Z0.0400 F5142.9 ; Width: 0.350mm
G1 X87.9630 Y56.8868 Z0.0400 F5142.9 ; Width: 0.350mm
G1 X87.9830 Y56.8669 Z0.0400 F5142.9 ; Width: 0.350mm
G1 X88.0030 Y56.8668 Z0.0400 F5142.9 ; Width: 0.350mm
G1 X88.0430 Y56.8270 Z0.0400 F5142.9 ; Width: 0.350mm
G1 X88.0630 Y56.8268 Z0.0400 F5142.9 ; Width: 0.350mm
G1 X88.1030 Y56.7870 Z0.0400 F5142.9 ; Width: 0.350mm
G1 X88.1230 Y56.7868 Z0.0400 F5142.9 ; Width: 0.350mm
G1 X88.1830 Y56.7270 Z0.0400 F5142.9 ; Width: 0.350mm
G1 X88.2030 Y56.7268 Z0.0400 F5142.9 ; Width: 0.350mm
G1 X88.5030 Y56.4268 Z0.0400 F5142.9 ; Width: 0.350mm
G1 X88.5230 Y56.4267 Z0.0400 F5142.9 ; Width: 0.350mm
G1 X88.5430 Y56.4066 Z0.0400 F5142.9 ; Width: 0.350mm
G1 X88.6230 Y56.4059 Z0.0400 F5142.9 ; Width: 0.350mm
G1 X88.6430 Y56.3859 Z0.0400 F5142.9 ; Width: 0.350mm
G1 X88.6630 Y56.4059 Z0.0400 F5142.9 ; Width: 0.350mm
G1 X88.7430 Y56.4066 Z0.0400 F5142.9 ; Width: 0.350mm
G1 X88.7630 Y56.4267 Z0.0400 F5142.9 ; Width: 0.350mm
G1 X88.7830 Y56.4268 Z0.0400 F5142.9 ; Width: 0.350mm
G1 X89.0830 Y56.7268 Z0.0400 F5142.9 ; Width: 0.350mm
G1 X89.1030 Y56.7270 Z0.0400 F5142.9 ; Width: 0.350mm
G1 X89.1630 Y56.7868 Z0.0400 F5142.9 ; Width: 0.350mm
G1 X89.1830 Y56.7870 Z0.0400 F5142.9 ; Width: 0.350mm
G1 X89.2230 Y56.8268 Z0.0400 F5142.9 ; Width: 0.350mm
G1 X89.2430 Y56.8270 Z0.0400 F5142.9 ; Width: 0.350mm
G1 X89.2830 Y56.8668 Z0.0400 F5142.9 ; Width: 0.350mm
G1 X89.3030 Y56.8669 Z0.0400 F5142.9 ; Width: 0.350mm
G1 X89.3230 Y56.8868 Z0.0400 F5142.9 ; Width: 0.350mm
G1 X89.3430 Y56.8870 Z0.0400 F5142.9 ; Width: 0.350mm
G1 X89.3630 Y56.9069 Z0.0400 F5142.9 ; Width: 0.350mm
G1 X89.3830 Y56.9070 Z0.0400 F5142.9 ; Width: 0.350mm
G1 X89.4030 Y56.9269 Z0.0400 F5142.9 ; Width: 0.350mm
G1 X89.4230 Y56.9270 Z0.0400 F5142.9 ; Width: 0.350mm
G1 X89.4430 Y56.9469 Z0.0400 F5142.9 ; Width: 0.350mm
G1 X89.4630 Y56.9469 Z0.0400 F5142.9 ; Width: 0.350mm
G1 X89.4830 Y56.9668 Z0.0400 F5142.9 ; Width: 0.350mm
G1 X89.5030 Y56.9669 Z0.0400 F5142.9 ; Width: 0.350mm
G1 X89.5230 Y56.9868 Z0.0400 F5142.9 ; Width: 0.350mm
G1 X89.5630 Y56.9870 Z0.0400 F5142.9 ; Width: 0.350mm
G1 X89.5830 Y57.0068 Z0.0400 F5142.9 ; Width: 0.350mm
G1 X89.6230 Y57.0070 Z0.0400 F5142.9 ; Width: 0.350mm
G1 X89.6430 Y57.0268 Z0.0400 F5142.9 ; Width: 0.350mm
G1 X89.6830 Y57.0270 Z0.0400 F5142.9 ; Width: 0.350mm
G1 X89.7030 Y57.0468 Z0.0400 F5142.9 ; Width: 0.350mm
G1 X89.7630 Y57.0470 Z0.0400 F5142.9 ; Width: 0.350mm
G1 X89.7830 Y57.0668 Z0.0400 F5142.9 ; Width: 0.350mm
G1 X89.8430 Y57.0670 Z0.0400 F5142.9 ; Width: 0.350mm
G1 X89.8630 Y57.0868 Z0.0400 F5142.9 ; Width: 0.350mm
G1 X89.9830 Y57.0870 Z0.0400 F5142.9 ; Width: 0.350mm
G1 X90.0030 Y57.1068 Z0.0400 F5142.9 ; Width: 0.350mm
G1 X93.1030 Y57.1068 Z0.0400 F1170.0 ; Width: 1.538mm
G1 X93.1230 Y57.0870 Z0.0400 F5142.9 ; Width: 0.350mm
G1 X93.2430 Y57.0868 Z0.0400 F5142.9 ; Width: 0.350mm
G1 X93.2630 Y57.0670 Z0.0400 F5142.9 ; Width: 0.350mm
G1 X93.3230 Y57.0668 Z0.0400 F5142.9 ; Width: 0.350mm
G1 X93.3430 Y57.0470 Z0.0400 F5142.9 ; Width: 0.350mm
G1 X93.4030 Y57.0468 Z0.0400 F5142.9 ; Width: 0.350mm
G1 X93.4230 Y57.0270 Z0.0400 F5142.9 ; Width: 0.350mm
G1 X93.4630 Y57.0268 Z0.0400 F5142.9 ; Width: 0.350mm
G1 X93.4830 Y57.0070 Z0.0400 F5142.9 ; Width: 0.350mm
G1 X93.5230 Y57.0068 Z0.0400 F5142.9 ; Width: 0.350mm
G1 X93.5430 Y56.9870 Z0.0400 F5142.9 ; Width: 0.350mm
G1 X93.5830 Y56.9868 Z0.0400 F5142.9 ; Width: 0.350mm
G1 X93.6030 Y56.9669 Z0.0400 F5142.9 ; Width: 0.350mm
G1 X93.6230 Y56.9668 Z0.0400 F5142.9 ; Width: 0.350mm
G1 X93.6430 Y56.9469 Z0.0400 F5142.9 ; Width: 0.350mm
G1 X93.6630 Y56.9469 Z0.0400 F5142.9 ; Width: 0.350mm
G1 X93.6830 Y56.9270 Z0.0400 F5142.9 ; Width: 0.350mm
G1 X93.7030 Y56.9269 Z0.0400 F5142.9 ; Width: 0.350mm
G1 X93.7230 Y56.9070 Z0.0400 F5142.9 ; Width: 0.350mm
G1 X93.7430 Y56.9069 Z0.0400 F5142.9 ; Width: 0.350mm
G1 X93.7630 Y56.8870 Z0.0400 F5142.9 ; Width: 0.350mm
G1 X93.7830 Y56.8868 Z0.0400 F5142.9 ; Width: 0.350mm
G1 X93.8030 Y56.8669 Z0.0400 F5142.9 ; Width: 0.350mm
G1 X93.8230 Y56.8668 Z0.0400 F5142.9 ; Width: 0.350mm
G1 X93.8630 Y56.8270 Z0.0400 F5142.9 ; Width: 0.350mm
G1 X93.8830 Y56.8268 Z0.0400 F5142.9 ; Width: 0.350mm
G1 X93.9230 Y56.7870 Z0.0400 F5142.9 ; Width: 0.350mm
G1 X93.9430 Y56.7868 Z0.0400 F5142.9 ; Width: 0.350mm
G1 X94.0030 Y56.7270 Z0.0400 F5142.9 ; Width: 0.350mm
G1 X94.0230 Y56.7268 Z0.0400 F5142.9 ; Width: 0.350mm
G1 X94.3630 Y56.3868 Z0.0400 F5142.9 ; Width: 0.350mm
G1 X94.3830 Y56.3866 Z0.0400 F5142.9 ; Width: 0.350mm
G1 X94.4030 Y56.3666 Z0.0400 F5142.9 ; Width: 0.350mm
G1 X94.4830 Y56.3661 Z0.0400 F5142.9 ; Width: 0.350mm
G1 X94.5030 Y56.3464 Z0.0400 F5142.9 ; Width: 0.350mm
G1 X94.5230 Y56.3664 Z0.0400 F5142.9 ; Width: 0.350mm
G1 X94.6030 Y56.3669 Z0.0400 F5142.9 ; Width: 0.350mm
G1 X94.6230 Y56.3868 Z0.0400 F5142.9 ; Width: 0.350mm
G1 X94.6430 Y56.3870 Z0.0400 F5142.9 ; Width: 0.350mm
G1 X94.7030 Y56.4468 Z0.0400 F5142.9 ; Width: 0.350mm
G1 X94.7230 Y56.4470 Z0.0400 F5142.9 ; Width: 0.350mm
G1 X94.7630 Y56.4868 Z0.0400 F5142.9 ; Width: 0.350mm
G1 X94.7830 Y56.4870 Z0.0400 F5142.9 ; Width: 0.350mm
G1 X94.8430 Y56.5468 Z0.0400 F5142.9 ; Width: 0.350mm
G1 X94.8630 Y56.5470 Z0.0400 F5142.9 ; Width: 0.350mm
G1 X94.9030 Y56.5868 Z0.0400 F5142.9 ; Width: 0.350mm
G1 X94.9230 Y56.5870 Z0.0400 F5142.9 ; Width: 0.350mm
G1 X94.9630 Y56.6268 Z0.0400 F5142.9 ; Width: 0.350mm
G1 X94.9830 Y56.6270 Z0.0400 F5142.9 ; Width: 0.350mm
G1 X95.0230 Y56.6668 Z0.0400 F5142.9 ; Width: 0.350mm
G1 X95.0430 Y56.6669 Z0.0400 F5142.9 ; Width: 0.350mm
G1 X95.0630 Y56.6868 Z0.0400 F5142.9 ; Width: 0.350mm
G1 X95.0830 Y56.6870 Z0.0400 F5142.9 ; Width: 0.350mm
G1 X95.1230 Y56.7268 Z0.0400 F5142.9 ; Width: 0.350mm
G1 X95.1430 Y56.7269 Z0.0400 F5142.9 ; Width: 0.350mm
G1 X95.1630 Y56.7468 Z0.0400 F5142.9 ; Width: 0.350mm
G1 X95.1830 Y56.7470 Z0.0400 F5142.9 ; Width: 0.350mm
G1 X95.2030 Y56.7669 Z0.0400 F5142.9 ; Width: 0.350mm
G1 X95.2230 Y56.7670 Z0.0400 F5142.9 ; Width: 0.350mm
G1 X95.2430 Y56.7869 Z0.0400 F5142.9 ; Width: 0.350mm
G1 X95.2630 Y56.7870 Z0.0400 F5142.9 ; Width: 0.350mm
G1 X95.2830 Y56.8069 Z0.0400 F5142.9 ; Width: 0.350mm
G1 X95.3030 Y56.8070 Z0.0400 F5142.9 ; Width: 0.350mm
G1 X95.3230 Y56.8269 Z0.0400 F5142.9 ; Width: 0.350mm
G1 X95.3430 Y56.8270 Z0.0400 F5142.9 ; Width: 0.350mm
G1 X95.3630 Y56.8469 Z0.0400 F5142.9 ; Width: 0.350mm
G1 X95.3830 Y56.8470 Z0.0400 F5142.9 ; Width: 0.350mm
G1 X95.4030 Y56.8669 Z0.0400 F5142.9 ; Width: 0.350mm
G1 X95.4230 Y56.8670 Z0.0400 F5142.9 ; Width: 0.350mm
G1 X95.4430 Y56.8869 Z0.0400 F5142.9 ; Width: 0.350mm
G1 X95.4630 Y56.8870 Z0.0400 F5142.9 ; Width: 0.350mm
G1 X95.4830 Y56.9069 Z0.0400 F5142.9 ; Width: 0.350mm
G1 X95.5030 Y56.9070 Z0.0400 F5142.9 ; Width: 0.350mm
G1 X95.5230 Y56.9269 Z0.0400 F5142.9 ; Width: 0.350mm
G1 X95.5430 Y56.9270 Z0.0400 F5142.9 ; Width: 0.350mm
G1 X95.5630 Y56.9469 Z0.0400 F5142.9 ; Width: 0.350mm
G1 X95.5830 Y56.9469 Z0.0400 F5142.9 ; Width: 0.350mm
G1 X95.6030 Y56.9668 Z0.0400 F5142.9 ; Width: 0.350mm
G1 X95.6230 Y56.9669 Z0.0400 F5142.9 ; Width: 0.350mm
G1 X95.6430 Y56.9868 Z0.0400 F5142.9 ; Width: 0.350mm
G1 X95.6830 Y56.9870 Z0.0400 F5142.9 ; Width: 0.350mm
G1 X95.7030 Y57.0068 Z0.0400 F5142.9 ; Width: 0.350mm
G1 X95.7430 Y57.0070 Z0.0400 F5142.9 ; Width: 0.350mm
G1 X95.7630 Y57.0268 Z0.0400 F5142.9 ; Width: 0.350mm
G1 X95.7830 Y57.0269 Z0.0400 F5142.9 ; Width: 0.350mm
G1 X95.8030 Y57.0468 Z0.0400 F5142.9 ; Width: 0.350mm
G1 X95.8430 Y57.0470 Z0.0400 F5142.9 ; Width: 0.350mm
G1 X95.8630 Y57.0668 Z0.0400 F5142.9 ; Width: 0.350mm
G1 X95.9030 Y57.0670 Z0.0400 F5142.9 ; Width: 0.350mm
G1 X95.9230 Y57.0868 Z0.0400 F5142.9 ; Width: 0.350mm
G1 X95.9630 Y57.0870 Z0.0400 F5142.9 ; Width: 0.350mm
G1 X95.9830 Y57.1068 Z0.0400 F5142.9 ; Width: 0.350mm
G1 X96.0430 Y57.1070 Z0.0400 F5142.9 ; Width: 0.350mm
G1 X96.0630 Y57.1268 Z0.0400 F5142.9 ; Width: 0.350mm
G1 X96.1030 Y57.1270 Z0.0400 F5142.9 ; Width: 0.350mm
G1 X96.1230 Y57.1468 Z0.0400 F5142.9 ; Width: 0.350mm
G1 X96.1630 Y57.1470 Z0.0400 F5142.9 ; Width: 0.350mm
G1 X96.1830 Y57.1668 Z0.0400 F5142.9 ; Width: 0.350mm
G1 X96.2430 Y57.1670 Z0.0400 F5142.9 ; Width: 0.350mm
G1 X96.2630 Y57.1868 Z0.0400 F5142.9 ; Width: 0.350mm
G1 X96.3230 Y57.1870 Z0.0400 F5142.9 ; Width: 0.350mm
G1 X96.3430 Y57.2068 Z0.0400 F5142.9 ; Width: 0.350mm
G1 X96.4030 Y57.2070 Z0.0400 F5142.9 ; Width: 0.350mm
G1 X96.4230 Y57.2268 Z0.0400 F5142.9 ; Width: 0.350mm
G1 X96.4830 Y57.2270 Z0.0400 F5142.9 ; Width: 0.350mm
G1 X96.5030 Y57.2468 Z0.0400 F5142.9 ; Width: 0.350mm
G1 X96.6230 Y57.2470 Z0.0400 F5142.9 ; Width: 0.350mm
G1 X96.6430 Y57.2668 Z0.0400 F5142.9 ; Width: 0.350mm
G1 X96.7430 Y57.2670 Z0.0400 F5142.9 ; Width: 0.350mm
G1 X96.7630 Y57.2868 Z0.0400 F5142.9 ; Width: 0.350mm
G1 X96.8830 Y57.2870 Z0.0400 F5142.9 ; Width: 0.350mm
G1 X96.9030 Y57.3068 Z0.0400 F5142.9 ; Width: 0.350mm
M118 P0 S"39" ; Sync timer
G1 X98.0630 Y57.3068 Z0.0400 F3103.4 ; Width: 0.580mm
G1 X98.0830 Y57.2870 Z0.0400 F5142.9 ; Width: 0.350mm
G1 X98.2030 Y57.2868 Z0.0400 F5142.9 ; Width: 0.350mm
G1 X98.2230 Y57.2670 Z0.0400 F5142.9 ; Width: 0.350mm
G1 X98.3430 Y57.2668 Z0.0400 F5142.9 ; Width: 0.350mm
G1 X98.3630 Y57.2470 Z0.0400 F5142.9 ; Width: 0.350mm
G1 X98.4830 Y57.2468 Z0.0400 F5142.9 ; Width: 0.350mm
G1 X98.5030 Y57.2270 Z0.0400 F5142.9 ; Width: 0.350mm
G1 X98.5630 Y57.2268 Z0.0400 F5142.9 ; Width: 0.350mm
G1 X98.5830 Y57.2070 Z0.0400 F5142.9 ; Width: 0.350mm
G1 X98.6430 Y57.2068 Z0.0400 F5142.9 ; Width: 0.350mm
G1 X98.6630 Y57.1870 Z0.0400 F5142.9 ; Width: 0.350mm
G1 X98.7230 Y57.1868 Z0.0400 F5142.9 ; Width: 0.350mm
G1 X98.7430 Y57.1670 Z0.0400 F5142.9 ; Width: 0.350mm
G1 X98.8030 Y57.1668 Z0.0400 F5142.9 ; Width: 0.350mm
G1 X98.8230 Y57.1470 Z0.0400 F5142.9 ; Width: 0.350mm
G1 X98.8630 Y57.1468 Z0.0400 F5142.9 ; Width: 0.350mm
G1 X98.8830 Y57.1270 Z0.0400 F5142.9 ; Width: 0.350mm
G1 X98.9230 Y57.1268 Z0.0400 F5142.9 ; Width: 0.350mm
G1 X98.9430 Y57.1070 Z0.0400 F5142.9 ; Width: 0.350mm
G1 X98.9830 Y57.1068 Z0.0400 F5142.9 ; Width: 0.350mm
G1 X99.0030 Y57.0870 Z0.0400 F5142.9 ; Width: 0.350mm
G1 X99.0430 Y57.0868 Z0.0400 F5142.9 ; Width: 0.350mm
G1 X99.0630 Y57.0670 Z0.0400 F5142.9 ; Width: 0.350mm
G1 X99.1030 Y57.0668 Z0.0400 F5142.9 ; Width: 0.350mm
G1 X99.1230 Y57.0470 Z0.0400 F5142.9 ; Width: 0.350mm
G1 X99.1630 Y57.0468 Z0.0400 F5142.9 ; Width: 0.350mm
G1 X99.1830 Y57.0269 Z0.0400 F5142.9 ; Width: 0.350mm
G1 X99.2030 Y57.0268 Z0.0400 F5142.9 ; Width: 0.350mm
G1 X99.2230 Y57.0070 Z0.0400 F5142.9 ; Width: 0.350mm
G1 X99.2630 Y57.0068 Z0.0400 F5142.9 ; Width: 0.350mm
G1 X99.2830 Y56.9870 Z0.0400 F5142.9 ; Width: 0.350mm
G1 X99.3230 Y56.9868 Z0.0400 F5142.9 ; Width: 0.350mm
G1 X99.3430 Y56.9669 Z0.0400 F5142.9 ; Width: 0.350mm
G1 X99.3630 Y56.9668 Z0.0400 F5142.9 ; Width: 0.350mm
G1 X99.3830 Y56.9470 Z0.0400 F5142.9 ; Width: 0.350mm
G1 X99.4230 Y56.9468 Z0.0400 F5142.9 ; Width: 0.350mm
G1 X99.4430 Y56.9269 Z0.0400 F5142.9 ; Width: 0.350mm
G1 X99.4630 Y56.9268 Z0.0400 F5142.9 ; Width: 0.350mm
G1 X99.4830 Y56.9069 Z0.0400 F5142.9 ; Width: 0.350mm
G1 X99.5030 Y56.9069 Z0.0400 F5142.9 ; Width: 0.350mm
G1 X99.5230 Y56.8870 Z0.0400 F5142.9 ; Width: 0.350mm
G1 X99.5430 Y56.8869 Z0.0400 F5142.9 ; Width: 0.350mm
G1 X99.5630 Y56.8670 Z0.0400 F5142.9 ; Width: 0.350mm
G1 X99.5830 Y56.8669 Z0.0400 F5142.9 ; Width: 0.350mm
G1 X99.6030 Y56.8470 Z0.0400 F5142.9 ; Width: 0.350mm
G1 X99.6230 Y56.8469 Z0.0400 F5142.9 ; Width: 0.350mm
G1 X99.6430 Y56.8270 Z0.0400 F5142.9 ; Width: 0.350mm
G1 X99.6630 Y56.8269 Z0.0400 F5142.9 ; Width: 0.350mm
G1 X99.6830 Y56.8070 Z0.0400 F5142.9 ; Width: 0.350mm
G1 X99.7030 Y56.8069 Z0.0400 F5142.9 ; Width: 0.350mm
G1 X99.7230 Y56.7870 Z0.0400 F5142.9 ; Width: 0.350mm
G1 X99.7430 Y56.7869 Z0.0400 F5142.9 ; Width: 0.350mm
G1 X99.7630 Y56.7670 Z0.0400 F5142.9 ; Width: 0.350mm
G1 X99.7830 Y56.7669 Z0.0400 F5142.9 ; Width: 0.350mm
G1 X99.8030 Y56.7470 Z0.0400 F5142.9 ; Width: 0.350mm
G1 X99.8230 Y56.7468 Z0.0400 F5142.9 ; Width: 0.350mm
G1 X99.8430 Y56.7269 Z0.0400 F5142.9 ; Width: 0.350mm
G1 X99.8630 Y56.7268 Z0.0400 F5142.9 ; Width: 0.350mm
G1 X99.9030 Y56.6870 Z0.0400 F5142.9 ; Width: 0.350mm
G1 X99.9230 Y56.6868 Z0.0400 F5142.9 ; Width: 0.350mm
G1 X99.9630 Y56.6470 Z0.0400 F5142.9 ; Width: 0.350mm
G1 X99.9830 Y56.6468 Z0.0400 F5142.9 ; Width: 0.350mm
G1 X100.0430 Y56.5870 Z0.0400 F5142.9 ; Width: 0.350mm
G1 X100.0630 Y56.5868 Z0.0400 F5142.9 ; Width: 0.350mm
G1 X100.0830 Y56.5669 Z0.0400 F5142.9 ; Width: 0.350mm
G1 X100.1030 Y56.5668 Z0.0400 F5142.9 ; Width: 0.350mm
G1 X100.1430 Y56.5270 Z0.0400 F5142.9 ; Width: 0.350mm
G1 X100.1630 Y56.5268 Z0.0400 F5142.9 ; Width: 0.350mm
G1 X100.2030 Y56.4870 Z0.0400 F5142.9 ; Width: 0.350mm
G1 X100.2230 Y56.4868 Z0.0400 F5142.9 ; Width: 0.350mm
G1 X100.2830 Y56.4270 Z0.0400 F5142.9 ; Width: 0.350mm
G1 X100.3030 Y56.4268 Z0.0400 F5142.9 ; Width: 0.350mm
G1 X100.3630 Y56.3670 Z0.0400 F5142.9 ; Width: 0.350mm
G1 X100.3830 Y56.3668 Z0.0400 F5142.9 ; Width: 0.350mm
G1 X100.5630 Y56.1870 Z0.0400 F5142.9 ; Width: 0.350mm
G1 X100.5830 Y56.1868 Z0.0400 F5142.9 ; Width: 0.350mm
G1 X100.8828 Y55.8870 Z0.0400 F5142.9 ; Width: 0.350mm
G1 X100.8830 Y55.8670 Z0.0400 F5142.9 ; Width: 0.350mm
G1 X101.0028 Y55.7470 Z0.0400 F5142.9 ; Width: 0.350mm
G1 X101.0030 Y55.7270 Z0.0400 F5142.9 ; Width: 0.350mm
G1 X101.1028 Y55.6270 Z0.0400 F5142.9 ; Width: 0.350mm
G1 X101.1030 Y55.6070 Z0.0400 F5142.9 ; Width: 0.350mm
G1 X101.1628 Y55.5470 Z0.0400 F5142.9 ; Width: 0.350mm
G1 X101.1630 Y55.5270 Z0.0400 F5142.9 ; Width: 0.350mm
G1 X101.2228 Y55.4670 Z0.0400 F5142.9 ; Width: 0.350mm
G1 X101.2230 Y55.4470 Z0.0400 F5142.9 ; Width: 0.350mm
G1 X101.2828 Y55.3870 Z0.0400 F5142.9 ; Width: 0.350mm
G1 X101.2830 Y55.3670 Z0.0400 F5142.9 ; Width: 0.350mm
G1 X101.3228 Y55.3270 Z0.0400 F5142.9 ; Width: 0.350mm
G1 X101.3230 Y55.3070 Z0.0400 F5142.9 ; Width: 0.350mm
G1 X101.4230 Y55.2066 Z0.0400 F5142.9 ; Width: 0.350mm
G1 X101.4430 Y55.2064 Z0.0400 F5142.9 ; Width: 0.350mm
G1 X101.4630 Y55.1864 Z0.0400 F5142.9 ; Width: 0.350mm
G1 X101.5430 Y55.1857 Z0.0400 F5142.9 ; Width: 0.350mm
G1 X101.5630 Y55.1656 Z0.0400 F5142.9 ; Width: 0.350mm
G1 X101.5830 Y55.1853 Z0.0400 F5142.9 ; Width: 0.350mm
G1 X101.6630 Y55.1852 Z0.0400 F5142.9 ; Width: 0.350mm
G1 X101.6830 Y55.2054 Z0.0400 F5142.9 ; Width: 0.350mm
G1 X101.7030 Y55.2056 Z0.0400 F5142.9 ; Width: 0.350mm
G1 X101.8033 Y55.3070 Z0.0400 F5142.9 ; Width: 0.350mm
G1 X101.8033 Y55.3470 Z0.0400 F5142.9 ; Width: 0.350mm
G1 X101.8231 Y55.3670 Z0.0400 F5142.9 ; Width: 0.350mm
G1 X101.8231 Y59.6470 Z0.0400 F2286.7 ; Width: 0.787mm
G1 X101.8033 Y59.6670 Z0.0400 F5142.9 ; Width: 0.350mm
G1 X101.8033 Y59.7070 Z0.0400 F5142.9 ; Width: 0.350mm
G1 X101.7030 Y59.8076 Z0.0400 F5142.9 ; Width: 0.350mm
G1 X101.6830 Y59.8076 Z0.0400 F5142.9 ; Width: 0.350mm
G1 X101.6630 Y59.8273 Z0.0400 F5142.9 ; Width: 0.350mm
G1 X101.5830 Y59.8273 Z0.0400 F5142.9 ; Width: 0.350mm
G1 X101.5630 Y59.8471 Z0.0400 F5142.9 ; Width: 0.350mm
G0 Z1.0400 F6000.0 ; Z-hop up
G0 X100.8630 Y59.1471 F6000.0 ; Travel to new path
G0 Z0.0400 F6000.0 ; Z-hop down
G1 X95.9430 Y59.1471 Z0.0400 F2963.6 ; Width: 0.607mm
G1 X91.0230 Y59.1471 Z0.0400 F2606.5 ; Width: 0.691mm
G1 X86.1030 Y59.1471 Z0.0400 F2571.3 ; Width: 0.700mm
G1 X81.1830 Y59.1471 Z0.0400 F2472.2 ; Width: 0.728mm
M118 P0 S"40" ; Sync timer
G1 X76.2630 Y59.1471 Z0.0400 F2628.6 ; Width: 0.685mm
G1 X76.2430 Y59.1272 Z0.0400 F5142.9 ; Width: 0.350mm
G1 X76.1630 Y59.1272 Z0.0400 F5142.9 ; Width: 0.350mm
G1 X76.1430 Y59.1074 Z0.0400 F5142.9 ; Width: 0.350mm
G1 X76.1230 Y59.1074 Z0.0400 F5142.9 ; Width: 0.350mm
G1 X76.0228 Y59.0070 Z0.0400 F5142.9 ; Width: 0.350mm
G1 X76.0228 Y58.9670 Z0.0400 F5142.9 ; Width: 0.350mm
G1 X76.0029 Y58.9470 Z0.0400 F5142.9 ; Width: 0.350mm
G1 X76.0029 Y58.0070 Z0.0400 F3829.8 ; Width: 0.470mm
G1 X76.0228 Y57.9870 Z0.0400 F5142.9 ; Width: 0.350mm
G1 X76.0228 Y57.9470 Z0.0400 F5142.9 ; Width: 0.350mm
G1 X76.1230 Y57.8465 Z0.0400 F5142.9 ; Width: 0.350mm
G1 X76.1430 Y57.8465 Z0.0400 F5142.9 ; Width: 0.350mm
G1 X76.1630 Y57.8267 Z0.0400 F5142.9 ; Width: 0.350mm
G1 X76.2430 Y57.8267 Z0.0400 F5142.9 ; Width: 0.350mm
G1 X76.2630 Y57.8069 Z0.0400 F5142.9 ; Width: 0.350mm
G1 X78.6030 Y57.8068 Z0.0400 F1748.4 ; Width: 1.029mm
G1 X78.6230 Y57.7870 Z0.0400 F5142.9 ; Width: 0.350mm
G1 X78.7630 Y57.7868 Z0.0400 F5142.9 ; Width: 0.350mm
G1 X78.7830 Y57.7670 Z0.0400 F5142.9 ; Width: 0.350mm
G1 X78.8630 Y57.7669 Z0.0400 F5142.9 ; Width: 0.350mm
G1 X78.8830 Y57.7470 Z0.0400 F5142.9 ; Width: 0.350mm
G1 X78.9630 Y57.7468 Z0.0400 F5142.9 ; Width: 0.350mm
G1 X78.9830 Y57.7270 Z0.0400 F5142.9 ; Width: 0.350mm
G1 X79.0230 Y57.7269 Z0.0400 F5142.9 ; Width: 0.350mm
G1 X79.0430 Y57.7070 Z0.0400 F5142.9 ; Width: 0.350mm
G1 X79.1030 Y57.7069 Z0.0400 F5142.9 ; Width: 0.350mm
G1 X79.1230 Y57.6870 Z0.0400 F5142.9 ; Width: 0.350mm
G1 X79.1630 Y57.6869 Z0.0400 F5142.9 ; Width: 0.350mm
G1 X79.1830 Y57.6670 Z0.0400 F5142.9 ; Width: 0.350mm
G1 X79.2230 Y57.6669 Z0.0400 F5142.9 ; Width: 0.350mm
G1 X79.2430 Y57.6470 Z0.0400 F5142.9 ; Width: 0.350mm
G1 X79.2630 Y57.6469 Z0.0400 F5142.9 ; Width: 0.350mm
G1 X79.2830 Y57.6270 Z0.0400 F5142.9 ; Width: 0.350mm
G1 X79.3230 Y57.6269 Z0.0400 F5142.9 ; Width: 0.350mm
G1 X79.3430 Y57.6070 Z0.0400 F5142.9 ; Width: 0.350mm
G1 X79.3630 Y57.6069 Z0.0400 F5142.9 ; Width: 0.350mm
G1 X79.3830 Y57.5870 Z0.0400 F5142.9 ; Width: 0.350mm
G1 X79.4630 Y57.5867 Z0.0400 F5142.9 ; Width: 0.350mm
G1 X79.4830 Y57.5668 Z0.0400 F5142.9 ; Width: 0.350mm
G1 X79.5430 Y57.5668 Z0.0400 F5142.9 ; Width: 0.350mm
G1 X79.5630 Y57.5867 Z0.0400 F5142.9 ; Width: 0.350mm
G1 X79.6430 Y57.5870 Z0.0400 F5142.9 ; Width: 0.350mm
G1 X79.6630 Y57.6069 Z0.0400 F5142.9 ; Width: 0.350mm
G1 X79.6830 Y57.6070 Z0.0400 F5142.9 ; Width: 0.350mm
G1 X79.7030 Y57.6269 Z0.0400 F5142.9 ; Width: 0.350mm
G1 X79.7430 Y57.6270 Z0.0400 F5142.9 ; Width: 0.350mm
G1 X79.7630 Y57.6469 Z0.0400 F5142.9 ; Width: 0.350mm
G1 X79.7830 Y57.6470 Z0.0400 F5142.9 ; Width: 0.350mm
G1 X79.8030 Y57.6669 Z0.0400 F5142.9 ; Width: 0.350mm
G1 X79.8430 Y57.6670 Z0.0400 F5142.9 ; Width: 0.350mm
G1 X79.8630 Y57.6869 Z0.0400 F5142.9 ; Width: 0.350mm
G1 X79.9030 Y57.6870 Z0.0400 F5142.9 ; Width: 0.350mm
G1 X79.9230 Y57.7069 Z0.0400 F5142.9 ; Width: 0.350mm
G1 X79.9830 Y57.7070 Z0.0400 F5142.9 ; Width: 0.350mm
G1 X80.0030 Y57.7269 Z0.0400 F5142.9 ; Width: 0.350mm
G1 X80.0430 Y57.7270 Z0.0400 F5142.9 ; Width: 0.350mm
G1 X80.0630 Y57.7468 Z0.0400 F5142.9 ; Width: 0.350mm
G1 X80.1430 Y57.7470 Z0.0400 F5142.9 ; Width: 0.350mm
G1 X80.1630 Y57.7669 Z0.0400 F5142.9 ; Width: 0.350mm
G1 X80.2430 Y57.7670 Z0.0400 F5142.9 ; Width: 0.350mm
G1 X80.2630 Y57.7868 Z0.0400 F5142.9 ; Width: 0.350mm
G1 X80.4030 Y57.7870 Z0.0400 F5142.9 ; Width: 0.350mm
G1 X80.4230 Y57.8068 Z0.0400 F5142.9 ; Width: 0.350mm
G1 X82.9030 Y57.8068 Z0.0400 F1451.6 ; Width: 1.240mm
G1 X82.9230 Y57.7870 Z0.0400 F5142.9 ; Width: 0.350mm
G1 X83.0630 Y57.7868 Z0.0400 F5142.9 ; Width: 0.350mm
G1 X83.0830 Y57.7670 Z0.0400 F5142.9 ; Width: 0.350mm
G1 X83.1630 Y57.7669 Z0.0400 F5142.9 ; Width: 0.350mm
G1 X83.1830 Y57.7470 Z0.0400 F5142.9 ; Width: 0.350mm
G1 X83.2630 Y57.7468 Z0.0400 F5142.9 ; Width: 0.350mm
G1 X83.2830 Y57.7270 Z0.0400 F5142.9 ; Width: 0.350mm
G1 X83.3230 Y57.7269 Z0.0400 F5142.9 ; Width: 0.350mm
G1 X83.3430 Y57.7070 Z0.0400 F5142.9 ; Width: 0.350mm
G1 X83.4230 Y57.7068 Z0.0400 F5142.9 ; Width: 0.350mm
G1 X83.4430 Y57.6869 Z0.0400 F5142.9 ; Width: 0.350mm
G1 X83.5030 Y57.6868 Z0.0400 F5142.9 ; Width: 0.350mm
G1 X83.5830 Y57.6869 Z0.0400 F5142.9 ; Width: 0.350mm
G1 X83.6030 Y57.7068 Z0.0400 F5142.9 ; Width: 0.350mm
G1 X83.6830 Y57.7070 Z0.0400 F5142.9 ; Width: 0.350mm
G1 X83.7030 Y57.7269 Z0.0400 F5142.9 ; Width: 0.350mm
G1 X83.7430 Y57.7270 Z0.0400 F5142.9 ; Width: 0.350mm
G1 X83.7630 Y57.7468 Z0.0400 F5142.9 ; Width: 0.350mm
G1 X83.8430 Y57.7470 Z0.0400 F5142.9 ; Width: 0.350mm
G1 X83.8630 Y57.7669 Z0.0400 F5142.9 ; Width: 0.350mm
G1 X83.9430 Y57.7670 Z0.0400 F5142.9 ; Width: 0.350mm
G1 X83.9630 Y57.7868 Z0.0400 F5142.9 ; Width: 0.350mm
G1 X84.1030 Y57.7870 Z0.0400 F5142.9 ; Width: 0.350mm
G1 X84.1230 Y57.8068 Z0.0400 F5142.9 ; Width: 0.350mm
G1 X87.3230 Y57.8068 Z0.0400 F1292.1 ; Width: 1.393mm
G1 X87.3430 Y57.7870 Z0.0400 F5142.9 ; Width: 0.350mm
G1 X87.4830 Y57.7868 Z0.0400 F5142.9 ; Width: 0.350mm
G1 X87.5030 Y57.7670 Z0.0400 F5142.9 ; Width: 0.350mm
G1 X87.5830 Y57.7669 Z0.0400 F5142.9 ; Width: 0.350mm
G1 X87.6030 Y57.7470 Z0.0400 F5142.9 ; Width: 0.350mm
G1 X87.6830 Y57.7468 Z0.0400 F5142.9 ; Width: 0.350mm
G1 X87.7030 Y57.7270 Z0.0400 F5142.9 ; Width: 0.350mm
G1 X87.7430 Y57.7269 Z0.0400 F5142.9 ; Width: 0.350mm
G1 X87.7630 Y57.7070 Z0.0400 F5142.9 ; Width: 0.350mm
G1 X87.8230 Y57.7069 Z0.0400 F5142.9 ; Width: 0.350mm
G1 X87.8430 Y57.6870 Z0.0400 F5142.9 ; Width: 0.350mm
G1 X87.8830 Y57.6869 Z0.0400 F5142.9 ; Width: 0.350mm
G1 X87.9030 Y57.6670 Z0.0400 F5142.9 ; Width: 0.350mm
G1 X87.9430 Y57.6669 Z0.0400 F5142.9 ; Width: 0.350mm
G1 X87.9630 Y57.6470 Z0.0400 F5142.9 ; Width: 0.350mm
G1 X87.9830 Y57.6469 Z0.0400 F5142.9 ; Width: 0.350mm
G1 X88.0030 Y57.6270 Z0.0400 F5142.9 ; Width: 0.350mm
G1 X88.0430 Y57.6269 Z0.0400 F5142.9 ; Width: 0.350mm
G1 X88.0630 Y57.6070 Z0.0400 F5142.9 ; Width: 0.350mm
G1 X88.0830 Y57.6069 Z0.0400 F5142.9 ; Width: 0.350mm
G1 X88.1030 Y57.5870 Z0.0400 F5142.9 ; Width: 0.350mm
G1 X88.1230 Y57.5869 Z0.0400 F5142.9 ; Width: 0.350mm
G1 X88.1430 Y57.5670 Z0.0400 F5142.9 ; Width: 0.350mm
G1 X88.1630 Y57.5669 Z0.0400 F5142.9 ; Width: 0.350mm
G1 X88.1830 Y57.5470 Z0.0400 F5142.9 ; Width: 0.350mm
G1 X88.2030 Y57.5469 Z0.0400 F5142.9 ; Width: 0.350mm
G1 X88.2230 Y57.5270 Z0.0400 F5142.9 ; Width: 0.350mm
G1 X88.2430 Y57.5269 Z0.0400 F5142.9 ; Width: 0.350mm
G1 X88.2630 Y57.5070 Z0.0400 F5142.9 ; Width: 0.350mm
G1 X88.2830 Y57.5069 Z0.0400 F5142.9 ; Width: 0.350mm
G1 X88.3030 Y57.4870 Z0.0400 F5142.9 ; Width: 0.350mm
G1 X88.3230 Y57.4869 Z0.0400 F5142.9 ; Width: 0.350mm
G1 X88.3430 Y57.4670 Z0.0400 F5142.9 ; Width: 0.350mm
G1 X88.3630 Y57.4669 Z0.0400 F5142.9 ; Width: 0.350mm
G1 X88.4030 Y57.4270 Z0.0400 F5142.9 ; Width: 0.350mm
G1 X88.4230 Y57.4269 Z0.0400 F5142.9 ; Width: 0.350mm
G1 X88.4630 Y57.3870 Z0.0400 F5142.9 ; Width: 0.350mm
G1 X88.4830 Y57.3869 Z0.0400 F5142.9 ; Width: 0.350mm
G1 X88.5030 Y57.3669 Z0.0400 F5142.9 ; Width: 0.350mm
G1 X88.5230 Y57.3668 Z0.0400 F5142.9 ; Width: 0.350mm
G1 X88.5430 Y57.3469 Z0.0400 F5142.9 ; Width: 0.350mm
G1 X88.6230 Y57.3465 Z0.0400 F5142.9 ; Width: 0.350mm
G1 X88.6430 Y57.3265 Z0.0400 F5142.9 ; Width: 0.350mm
G1 X88.6630 Y57.3465 Z0.0400 F5142.9 ; Width: 0.350mm
G1 X88.7430 Y57.3469 Z0.0400 F5142.9 ; Width: 0.350mm
G1 X88.7630 Y57.3668 Z0.0400 F5142.9 ; Width: 0.350mm
G1 X88.7830 Y57.3669 Z0.0400 F5142.9 ; Width: 0.350mm
G1 X88.8030 Y57.3869 Z0.0400 F5142.9 ; Width: 0.350mm
G1 X88.8230 Y57.3870 Z0.0400 F5142.9 ; Width: 0.350mm
G1 X88.8630 Y57.4269 Z0.0400 F5142.9 ; Width: 0.350mm
G1 X88.8830 Y57.4270 Z0.0400 F5142.9 ; Width: 0.350mm
G1 X88.9230 Y57.4669 Z0.0400 F5142.9 ; Width: 0.350mm
G1 X88.9430 Y57.4670 Z0.0400 F5142.9 ; Width: 0.350mm
G1 X88.9630 Y57.4869 Z0.0400 F5142.9 ; Width: 0.350mm
G1 X88.9830 Y57.4870 Z0.0400 F5142.9 ; Width: 0.350mm
G1 X89.0030 Y57.5069 Z0.0400 F5142.9 ; Width: 0.350mm
G1 X89.0230 Y57.5070 Z0.0400 F5142.9 ; Width: 0.350mm
G1 X89.0430 Y57.5269 Z0.0400 F5142.9 ; Width: 0.350mm
G1 X89.0630 Y57.5270 Z0.0400 F5142.9 ; Width: 0.350mm
G1 X89.0830 Y57.5469 Z0.0400 F5142.9 ; Width: 0.350mm
G1 X89.1030 Y57.5470 Z0.0400 F5142.9 ; Width: 0.350mm
G1 X89.1230 Y57.5669 Z0.0400 F5142.9 ; Width: 0.350mm
G1 X89.1430 Y57.5670 Z0.0400 F5142.9 ; Width: 0.350mm
G1 X89.1630 Y57.5869 Z0.0400 F5142.9 ; Width: 0.350mm
G1 X89.1830 Y57.5870 Z0.0400 F5142.9 ; Width: 0.350mm
G1 X89.2030 Y57.6069 Z0.0400 F5142.9 ; Width: 0.350mm
G1 X89.2230 Y57.6070 Z0.0400 F5142.9 ; Width: 0.350mm
G1 X89.2430 Y57.6269 Z0.0400 F5142.9 ; Width: 0.350mm
G1 X89.2830 Y57.6270 Z0.0400 F5142.9 ; Width: 0.350mm
G1 X89.3030 Y57.6469 Z0.0400 F5142.9 ; Width: 0.350mm
G1 X89.3230 Y57.6470 Z0.0400 F5142.9 ; Width: 0.350mm
G1 X89.3430 Y57.6669 Z0.0400 F5142.9 ; Width: 0.350mm
G1 X89.3830 Y57.6670 Z0.0400 F5142.9 ; Width: 0.350mm
G1 X89.4030 Y57.6869 Z0.0400 F5142.9 ; Width: 0.350mm
G1 X89.4430 Y57.6870 Z0.0400 F5142.9 ; Width: 0.350mm
G1 X89.4630 Y57.7069 Z0.0400 F5142.9 ; Width: 0.350mm
G1 X89.5230 Y57.7070 Z0.0400 F5142.9 ; Width: 0.350mm
G1 X89.5430 Y57.7269 Z0.0400 F5142.9 ; Width: 0.350mm
G1 X89.5830 Y57.7270 Z0.0400 F5142.9 ; Width: 0.350mm
G1 X89.6030 Y57.7468 Z0.0400 F5142.9 ; Width: 0.350mm
G1 X89.6830 Y57.7470 Z0.0400 F5142.9 ; Width: 0.350mm
G1 X89.7030 Y57.7669 Z0.0400 F5142.9 ; Width: 0.350mm
G1 X89.7830 Y57.7670 Z0.0400 F5142.9 ; Width: 0.350mm
G1 X89.8030 Y57.7868 Z0.0400 F5142.9 ; Width: 0.350mm
G1 X89.9430 Y57.7870 Z0.0400 F5142.9 ; Width: 0.350mm
G1 X89.9630 Y57.8068 Z0.0400 F5142.9 ; Width: 0.350mm
G1 X93.1430 Y57.8068 Z0.0400 F1248.9 ; Width: 1.441mm
G1 X93.1630 Y57.7870 Z0.0400 F5142.9 ; Width: 0.350mm
G1 X93.3030 Y57.7868 Z0.0400 F5142.9 ; Width: 0.350mm
G1 X93.3230 Y57.7670 Z0.0400 F5142.9 ; Width: 0.350mm
G1 X93.4030 Y57.7669 Z0.0400 F5142.9 ; Width: 0.350mm
G1 X93.4230 Y57.7470 Z0.0400 F5142.9 ; Width: 0.350mm
G1 X93.5030 Y57.7468 Z0.0400 F5142.9 ; Width: 0.350mm
G1 X93.5230 Y57.7270 Z0.0400 F5142.9 ; Width: 0.350mm
G1 X93.5630 Y57.7269 Z0.0400 F5142.9 ; Width: 0.350mm
G1 X93.5830 Y57.7070 Z0.0400 F5142.9 ; Width: 0.350mm
G1 X93.6430 Y57.7069 Z0.0400 F5142.9 ; Width: 0.350mm
G1 X93.6630 Y57.6870 Z0.0400 F5142.9 ; Width: 0.350mm
G1 X93.7030 Y57.6869 Z0.0400 F5142.9 ; Width: 0.350mm
G1 X93.7230 Y57.6670 Z0.0400 F5142.9 ; Width: 0.350mm
G1 X93.7630 Y57.6669 Z0.0400 F5142.9 ; Width: 0.350mm
G1 X93.7830 Y57.6470 Z0.0400 F5142.9 ; Width: 0.350mm
G1 X93.8030 Y57.6469 Z0.0400 F5142.9 ; Width: 0.350mm
G1 X93.8230 Y57.6270 Z0.0400 F5142.9 ; Width: 0.350mm
G1 X93.8630 Y57.6269 Z0.0400 F5142.9 ; Width: 0.350mm
G1 X93.8830 Y57.6070 Z0.0400 F5142.9 ; Width: 0.350mm
G1 X93.9030 Y57.6069 Z0.0400 F5142.9 ; Width: 0.350mm
G1 X93.9230 Y57.5870 Z0.0400 F5142.9 ; Width: 0.350mm
G1 X93.9430 Y57.5869 Z0.0400 F5142.9 ; Width: 0.350mm
G1 X93.9630 Y57.5670 Z0.0400 F5142.9 ; Width: 0.350mm
G1 X93.9830 Y57.5669 Z0.0400 F5142.9 ; Width: 0.350mm
G1 X94.0030 Y57.5470 Z0.0400 F5142.9 ; Width: 0.350mm
G1 X94.0230 Y57.5469 Z0.0400 F5142.9 ; Width: 0.350mm
G1 X94.0430 Y57.5270 Z0.0400 F5142.9 ; Width: 0.350mm
G1 X94.0630 Y57.5269 Z0.0400 F5142.9 ; Width: 0.350mm
G1 X94.0830 Y57.5070 Z0.0400 F5142.9 ; Width: 0.350mm
G1 X94.1030 Y57.5069 Z0.0400 F5142.9 ; Width: 0.350mm
G1 X94.1230 Y57.4870 Z0.0400 F5142.9 ; Width: 0.350mm
G1 X94.1430 Y57.4869 Z0.0400 F5142.9 ; Width: 0.350mm
G1 X94.1630 Y57.4670 Z0.0400 F5142.9 ; Width: 0.350mm
G1 X94.1830 Y57.4669 Z0.0400 F5142.9 ; Width: 0.350mm
G1 X94.2230 Y57.4270 Z0.0400 F5142.9 ; Width: 0.350mm
G1 X94.2430 Y57.4269 Z0.0400 F5142.9 ; Width: 0.350mm
G1 X94.2830 Y57.3870 Z0.0400 F5142.9 ; Width: 0.350mm
G1 X94.3030 Y57.3869 Z0.0400 F5142.9 ; Width: 0.350mm
G1 X94.3430 Y57.3470 Z0.0400 F5142.9 ; Width: 0.350mm
G1 X94.3630 Y57.3469 Z0.0400 F5142.9 ; Width: 0.350mm
G1 X94.4230 Y57.2870 Z0.0400 F5142.9 ; Width: 0.350mm
G1 X94.4430 Y57.2869 Z0.0400 F5142.9 ; Width: 0.350mm
G1 X94.4630 Y57.2669 Z0.0400 F5142.9 ; Width: 0.350mm
G1 X94.5430 Y57.2665 Z0.0400 F5142.9 ; Width: 0.350mm
G1 X94.5630 Y57.2466 Z0.0400 F5142.9 ; Width: 0.350mm
G1 X94.5830 Y57.2467 Z0.0400 F5142.9 ; Width: 0.350mm
G1 X94.6030 Y57.2666 Z0.0400 F5142.9 ; Width: 0.350mm
G1 X94.6830 Y57.2670 Z0.0400 F5142.9 ; Width: 0.350mm
G1 X94.7030 Y57.2869 Z0.0400 F5142.9 ; Width: 0.350mm
G1 X94.7230 Y57.2870 Z0.0400 F5142.9 ; Width: 0.350mm
G1 X94.7630 Y57.3269 Z0.0400 F5142.9 ; Width: 0.350mm
G1 X94.7830 Y57.3270 Z0.0400 F5142.9 ; Width: 0.350mm
G1 X94.8030 Y57.3469 Z0.0400 F5142.9 ; Width: 0.350mm
G1 X94.8230 Y57.3470 Z0.0400 F5142.9 ; Width: 0.350mm
G1 X94.8430 Y57.3669 Z0.0400 F5142.9 ; Width: 0.350mm
G1 X94.8630 Y57.3670 Z0.0400 F5142.9 ; Width: 0.350mm
G1 X94.8830 Y57.3869 Z0.0400 F5142.9 ; Width: 0.350mm
G1 X94.9030 Y57.3870 Z0.0400 F5142.9 ; Width: 0.350mm
G1 X94.9230 Y57.4069 Z0.0400 F5142.9 ; Width: 0.350mm
G1 X94.9430 Y57.4070 Z0.0400 F5142.9 ; Width: 0.350mm
G1 X94.9630 Y57.4269 Z0.0400 F5142.9 ; Width: 0.350mm
G1 X94.9830 Y57.4270 Z0.0400 F5142.9 ; Width: 0.350mm
G1 X95.0030 Y57.4469 Z0.0400 F5142.9 ; Width: 0.350mm
G1 X95.0230 Y57.4470 Z0.0400 F5142.9 ; Width: 0.350mm
G1 X95.0430 Y57.4669 Z0.0400 F5142.9 ; Width: 0.350mm
G1 X95.0630 Y57.4670 Z0.0400 F5142.9 ; Width: 0.350mm
G1 X95.0830 Y57.4869 Z0.0400 F5142.9 ; Width: 0.350mm
G1 X95.1030 Y57.4870 Z0.0400 F5142.9 ; Width: 0.350mm
G1 X95.1230 Y57.5069 Z0.0400 F5142.9 ; Width: 0.350mm
G1 X95.1430 Y57.5070 Z0.0400 F5142.9 ; Width: 0.350mm
G1 X95.1630 Y57.5269 Z0.0400 F5142.9 ; Width: 0.350mm
G1 X95.1830 Y57.5270 Z0.0400 F5142.9 ; Width: 0.350mm
G1 X95.2030 Y57.5469 Z0.0400 F5142.9 ; Width: 0.350mm
G1 X95.2230 Y57.5470 Z0.0400 F5142.9 ; Width: 0.350mm
G1 X95.2430 Y57.5669 Z0.0400 F5142.9 ; Width: 0.350mm
G1 X95.2630 Y57.5670 Z0.0400 F5142.9 ; Width: 0.350mm
G1 X95.2830 Y57.5869 Z0.0400 F5142.9 ; Width: 0.350mm
G1 X95.3030 Y57.5870 Z0.0400 F5142.9 ; Width: 0.350mm
G1 X95.3230 Y57.6069 Z0.0400 F5142.9 ; Width: 0.350mm
G1 X95.3430 Y57.6070 Z0.0400 F5142.9 ; Width: 0.350mm
G1 X95.3630 Y57.6269 Z0.0400 F5142.9 ; Width: 0.350mm
G1 X95.4030 Y57.6270 Z0.0400 F5142.9 ; Width: 0.350mm
G1 X95.4230 Y57.6469 Z0.0400 F5142.9 ; Width: 0.350mm
G1 X95.4430 Y57.6470 Z0.0400 F5142.9 ; Width: 0.350mm
G1 X95.4630 Y57.6669 Z0.0400 F5142.9 ; Width: 0.350mm
G1 X95.5030 Y57.6670 Z0.0400 F5142.9 ; Width: 0.350mm
G1 X95.5230 Y57.6869 Z0.0400 F5142.9 ; Width: 0.350mm
G1 X95.5630 Y57.6870 Z0.0400 F5142.9 ; Width: 0.350mm
G1 X95.5830 Y57.7069 Z0.0400 F5142.9 ; Width: 0.350mm
G1 X95.6030 Y57.7070 Z0.0400 F5142.9 ; Width: 0.350mm
G1 X95.6230 Y57.7269 Z0.0400 F5142.9 ; Width: 0.350mm
G1 X95.6630 Y57.7270 Z0.0400 F5142.9 ; Width: 0.350mm
G1 X95.6830 Y57.7469 Z0.0400 F5142.9 ; Width: 0.350mm
G1 X95.7230 Y57.7470 Z0.0400 F5142.9 ; Width: 0.350mm
G1 X95.7430 Y57.7669 Z0.0400 F5142.9 ; Width: 0.350mm
G1 X95.8030 Y57.7670 Z0.0400 F5142.9 ; Width: 0.350mm
G1 X95.8230 Y57.7869 Z0.0400 F5142.9 ; Width: 0.350mm
G1 X95.8630 Y57.7870 Z0.0400 F5142.9 ; Width: 0.350mm
G1 X95.8830 Y57.8069 Z0.0400 F5142.9 ; Width: 0.350mm
G1 X95.9230 Y57.8070 Z0.0400 F5142.9 ; Width: 0.350mm
G1 X95.9430 Y57.8269 Z0.0400 F5142.9 ; Width: 0.350mm
G1 X96.0030 Y57.8270 Z0.0400 F5142.9 ; Width: 0.350mm
G1 X96.0230 Y57.8469 Z0.0400 F5142.9 ; Width: 0.350mm
G1 X96.0630 Y57.8470 Z0.0400 F5142.9 ; Width: 0.350mm
G1 X96.0830 Y57.8668 Z0.0400 F5142.9 ; Width: 0.350mm
M118 P0 S"41" ; Sync timer
G1 X96.1630 Y57.8670 Z0.0400 F5142.9 ; Width: 0.350mm
G1 X96.1830 Y57.8869 Z0.0400 F5142.9 ; Width: 0.350mm
G1 X96.2230 Y57.8870 Z0.0400 F5142.9 ; Width: 0.350mm
G1 X96.2430 Y57.9068 Z0.0400 F5142.9 ; Width: 0.350mm
G1 X96.3230 Y57.9070 Z0.0400 F5142.9 ; Width: 0.350mm
G1 X96.3430 Y57.9269 Z0.0400 F5142.9 ; Width: 0.350mm
G1 X96.4230 Y57.9270 Z0.0400 F5142.9 ; Width: 0.350mm
G1 X96.4430 Y57.9468 Z0.0400 F5142.9 ; Width: 0.350mm
G1 X96.5830 Y57.9470 Z0.0400 F5142.9 ; Width: 0.350mm
G1 X96.6030 Y57.9669 Z0.0400 F5142.9 ; Width: 0.350mm
G1 X96.6830 Y57.9670 Z0.0400 F5142.9 ; Width: 0.350mm
G1 X96.7030 Y57.9868 Z0.0400 F5142.9 ; Width: 0.350mm
G1 X96.8430 Y57.9870 Z0.0400 F5142.9 ; Width: 0.350mm
G1 X96.8630 Y58.0068 Z0.0400 F5142.9 ; Width: 0.350mm
G1 X98.1030 Y58.0068 Z0.0400 F2903.2 ; Width: 0.620mm
G1 X98.1230 Y57.9870 Z0.0400 F5142.9 ; Width: 0.350mm
G1 X98.2630 Y57.9868 Z0.0400 F5142.9 ; Width: 0.350mm
G1 X98.2830 Y57.9670 Z0.0400 F5142.9 ; Width: 0.350mm
G1 X98.3830 Y57.9668 Z0.0400 F5142.9 ; Width: 0.350mm
G1 X98.4030 Y57.9470 Z0.0400 F5142.9 ; Width: 0.350mm
G1 X98.5430 Y57.9468 Z0.0400 F5142.9 ; Width: 0.350mm
G1 X98.5630 Y57.9270 Z0.0400 F5142.9 ; Width: 0.350mm
G1 X98.6430 Y57.9269 Z0.0400 F5142.9 ; Width: 0.350mm
G1 X98.6630 Y57.9070 Z0.0400 F5142.9 ; Width: 0.350mm
G1 X98.7430 Y57.9068 Z0.0400 F5142.9 ; Width: 0.350mm
G1 X98.7630 Y57.8870 Z0.0400 F5142.9 ; Width: 0.350mm
G1 X98.8030 Y57.8869 Z0.0400 F5142.9 ; Width: 0.350mm
G1 X98.8230 Y57.8670 Z0.0400 F5142.9 ; Width: 0.350mm
G1 X98.9030 Y57.8668 Z0.0400 F5142.9 ; Width: 0.350mm
G1 X98.9230 Y57.8470 Z0.0400 F5142.9 ; Width: 0.350mm
G1 X98.9630 Y57.8469 Z0.0400 F5142.9 ; Width: 0.350mm
G1 X98.9830 Y57.8270 Z0.0400 F5142.9 ; Width: 0.350mm
G1 X99.0430 Y57.8269 Z0.0400 F5142.9 ; Width: 0.350mm
G1 X99.0630 Y57.8070 Z0.0400 F5142.9 ; Width: 0.350mm
G1 X99.1030 Y57.8069 Z0.0400 F5142.9 ; Width: 0.350mm
G1 X99.1230 Y57.7870 Z0.0400 F5142.9 ; Width: 0.350mm
G1 X99.1630 Y57.7869 Z0.0400 F5142.9 ; Width: 0.350mm
G1 X99.1830 Y57.7670 Z0.0400 F5142.9 ; Width: 0.350mm
G1 X99.2230 Y57.7669 Z0.0400 F5142.9 ; Width: 0.350mm
G1 X99.2430 Y57.7470 Z0.0400 F5142.9 ; Width: 0.350mm
G1 X99.2830 Y57.7469 Z0.0400 F5142.9 ; Width: 0.350mm
G1 X99.3030 Y57.7270 Z0.0400 F5142.9 ; Width: 0.350mm
G1 X99.3430 Y57.7269 Z0.0400 F5142.9 ; Width: 0.350mm
G1 X99.3630 Y57.7070 Z0.0400 F5142.9 ; Width: 0.350mm
G1 X99.3830 Y57.7069 Z0.0400 F5142.9 ; Width: 0.350mm
G1 X99.4030 Y57.6870 Z0.0400 F5142.9 ; Width: 0.350mm
G1 X99.4430 Y57.6869 Z0.0400 F5142.9 ; Width: 0.350mm
G1 X99.4630 Y57.6670 Z0.0400 F5142.9 ; Width: 0.350mm
G1 X99.5030 Y57.6669 Z0.0400 F5142.9 ; Width: 0.350mm
G1 X99.5230 Y57.6470 Z0.0400 F5142.9 ; Width: 0.350mm
G1 X99.5430 Y57.6469 Z0.0400 F5142.9 ; Width: 0.350mm
G1 X99.5630 Y57.6270 Z0.0400 F5142.9 ; Width: 0.350mm
G1 X99.6030 Y57.6269 Z0.0400 F5142.9 ; Width: 0.350mm
G1 X99.6230 Y57.6070 Z0.0400 F5142.9 ; Width: 0.350mm
G1 X99.6430 Y57.6069 Z0.0400 F5142.9 ; Width: 0.350mm
G1 X99.6630 Y57.5870 Z0.0400 F5142.9 ; Width: 0.350mm
G1 X99.7030 Y57.5869 Z0.0400 F5142.9 ; Width: 0.350mm
G1 X99.7230 Y57.5670 Z0.0400 F5142.9 ; Width: 0.350mm
G1 X99.7430 Y57.5669 Z0.0400 F5142.9 ; Width: 0.350mm
G1 X99.7630 Y57.5470 Z0.0400 F5142.9 ; Width: 0.350mm
G1 X99.7830 Y57.5469 Z0.0400 F5142.9 ; Width: 0.350mm
G1 X99.8030 Y57.5270 Z0.0400 F5142.9 ; Width: 0.350mm
G1 X99.8230 Y57.5269 Z0.0400 F5142.9 ; Width: 0.350mm
G1 X99.8430 Y57.5070 Z0.0400 F5142.9 ; Width: 0.350mm
G1 X99.8630 Y57.5069 Z0.0400 F5142.9 ; Width: 0.350mm
G1 X99.8830 Y57.4870 Z0.0400 F5142.9 ; Width: 0.350mm
G1 X99.9030 Y57.4869 Z0.0400 F5142.9 ; Width: 0.350mm
G1 X99.9230 Y57.4670 Z0.0400 F5142.9 ; Width: 0.350mm
G1 X99.9430 Y57.4669 Z0.0400 F5142.9 ; Width: 0.350mm
G1 X99.9630 Y57.4470 Z0.0400 F5142.9 ; Width: 0.350mm
G1 X99.9830 Y57.4469 Z0.0400 F5142.9 ; Width: 0.350mm
G1 X100.0030 Y57.4270 Z0.0400 F5142.9 ; Width: 0.350mm
G1 X100.0230 Y57.4269 Z0.0400 F5142.9 ; Width: 0.350mm
G1 X100.0430 Y57.4070 Z0.0400 F5142.9 ; Width: 0.350mm
G1 X100.0630 Y57.4069 Z0.0400 F5142.9 ; Width: 0.350mm
G1 X100.0830 Y57.3870 Z0.0400 F5142.9 ; Width: 0.350mm
G1 X100.1030 Y57.3869 Z0.0400 F5142.9 ; Width: 0.350mm
G1 X100.1230 Y57.3670 Z0.0400 F5142.9 ; Width: 0.350mm
G1 X100.1430 Y57.3669 Z0.0400 F5142.9 ; Width: 0.350mm
G1 X100.1630 Y57.3470 Z0.0400 F5142.9 ; Width: 0.350mm
G1 X100.1830 Y57.3469 Z0.0400 F5142.9 ; Width: 0.350mm
G1 X100.2030 Y57.3270 Z0.0400 F5142.9 ; Width: 0.350mm
G1 X100.2230 Y57.3269 Z0.0400 F5142.9 ; Width: 0.350mm
G1 X100.2630 Y57.2870 Z0.0400 F5142.9 ; Width: 0.350mm
G1 X100.2830 Y57.2869 Z0.0400 F5142.9 ; Width: 0.350mm
G1 X100.3230 Y57.2470 Z0.0400 F5142.9 ; Width: 0.350mm
G1 X100.3430 Y57.2469 Z0.0400 F5142.9 ; Width: 0.350mm
G1 X100.3830 Y57.2070 Z0.0400 F5142.9 ; Width: 0.350mm
G1 X100.4030 Y57.2069 Z0.0400 F5142.9 ; Width: 0.350mm
G1 X100.4430 Y57.1670 Z0.0400 F5142.9 ; Width: 0.350mm
G1 X100.4630 Y57.1669 Z0.0400 F5142.9 ; Width: 0.350mm
G1 X100.5030 Y57.1270 Z0.0400 F5142.9 ; Width: 0.350mm
G1 X100.5230 Y57.1269 Z0.0400 F5142.9 ; Width: 0.350mm
G1 X100.5630 Y57.0870 Z0.0400 F5142.9 ; Width: 0.350mm
G1 X100.5830 Y57.0869 Z0.0400 F5142.9 ; Width: 0.350mm
G1 X100.6230 Y57.0470 Z0.0400 F5142.9 ; Width: 0.350mm
G1 X100.6430 Y57.0469 Z0.0400 F5142.9 ; Width: 0.350mm
G1 X100.7030 Y56.9870 Z0.0400 F5142.9 ; Width: 0.350mm
G1 X100.7230 Y56.9869 Z0.0400 F5142.9 ; Width: 0.350mm
G1 X100.7430 Y56.9669 Z0.0400 F5142.9 ; Width: 0.350mm
G1 X100.8230 Y56.9665 Z0.0400 F5142.9 ; Width: 0.350mm
G1 X100.8430 Y56.9466 Z0.0400 F5142.9 ; Width: 0.350mm
G1 X100.8630 Y56.9465 Z0.0400 F5142.9 ; Width: 0.350mm
G1 X100.8830 Y56.9662 Z0.0400 F5142.9 ; Width: 0.350mm
G1 X100.9630 Y56.9659 Z0.0400 F5142.9 ; Width: 0.350mm
G1 X100.9830 Y56.9858 Z0.0400 F5142.9 ; Width: 0.350mm
G1 X101.0030 Y56.9860 Z0.0400 F5142.9 ; Width: 0.350mm
G1 X101.1032 Y57.0870 Z0.0400 F5142.9 ; Width: 0.350mm
G1 X101.1032 Y57.1270 Z0.0400 F5142.9 ; Width: 0.350mm
G1 X101.1231 Y57.1470 Z0.0400 F5142.9 ; Width: 0.350mm
G1 X101.1231 Y58.9470 Z0.0400 F2833.0 ; Width: 0.635mm
G1 X101.1032 Y58.9670 Z0.0400 F5142.9 ; Width: 0.350mm
G1 X101.1032 Y59.0070 Z0.0400 F5142.9 ; Width: 0.350mm
G1 X101.0030 Y59.1074 Z0.0400 F5142.9 ; Width: 0.350mm
G1 X100.9830 Y59.1074 Z0.0400 F5142.9 ; Width: 0.350mm
G1 X100.9630 Y59.1272 Z0.0400 F5142.9 ; Width: 0.350mm
G1 X100.8830 Y59.1272 Z0.0400 F5142.9 ; Width: 0.350mm
G1 X100.8630 Y59.1471 Z0.0400 F5142.9 ; Width: 0.350mm
G0 Z1.0400 F6000.0 ; Z-hop up
G0 X100.8630 Y59.1471 F6000.0 ; Travel to new path
G0 Z0.0400 F6000.0 ; Z-hop down
G1 X95.9430 Y59.1471 Z0.0400 F2963.6 ; Width: 0.607mm
G1 X91.0230 Y59.1471 Z0.0400 F2606.5 ; Width: 0.691mm
G1 X86.1030 Y59.1471 Z0.0400 F2571.3 ; Width: 0.700mm
G1 X81.1830 Y59.1471 Z0.0400 F2472.2 ; Width: 0.728mm
G1 X76.2630 Y59.1471 Z0.0400 F2628.6 ; Width: 0.685mm
G1 X76.2430 Y59.1272 Z0.0400 F5142.9 ; Width: 0.350mm
G1 X76.1630 Y59.1272 Z0.0400 F5142.9 ; Width: 0.350mm
M118 P0 S"42" ; Sync timer
G1 X76.1430 Y59.1074 Z0.0400 F5142.9 ; Width: 0.350mm
G1 X76.1230 Y59.1074 Z0.0400 F5142.9 ; Width: 0.350mm
G1 X76.0228 Y59.0070 Z0.0400 F5142.9 ; Width: 0.350mm
G1 X76.0228 Y58.9670 Z0.0400 F5142.9 ; Width: 0.350mm
G1 X76.0029 Y58.9470 Z0.0400 F5142.9 ; Width: 0.350mm
G1 X76.0029 Y58.0070 Z0.0400 F3829.8 ; Width: 0.470mm
G1 X76.0228 Y57.9870 Z0.0400 F5142.9 ; Width: 0.350mm
G1 X76.0228 Y57.9470 Z0.0400 F5142.9 ; Width: 0.350mm
G1 X76.1230 Y57.8465 Z0.0400 F5142.9 ; Width: 0.350mm
G1 X76.1430 Y57.8465 Z0.0400 F5142.9 ; Width: 0.350mm
G1 X76.1630 Y57.8267 Z0.0400 F5142.9 ; Width: 0.350mm
G1 X76.2430 Y57.8267 Z0.0400 F5142.9 ; Width: 0.350mm
G1 X76.2630 Y57.8069 Z0.0400 F5142.9 ; Width: 0.350mm
G1 X78.6030 Y57.8068 Z0.0400 F1748.4 ; Width: 1.029mm
G1 X78.6230 Y57.7870 Z0.0400 F5142.9 ; Width: 0.350mm
G1 X78.7630 Y57.7868 Z0.0400 F5142.9 ; Width: 0.350mm
G1 X78.7830 Y57.7670 Z0.0400 F5142.9 ; Width: 0.350mm
G1 X78.8630 Y57.7669 Z0.0400 F5142.9 ; Width: 0.350mm
G1 X78.8830 Y57.7470 Z0.0400 F5142.9 ; Width: 0.350mm
G1 X78.9630 Y57.7468 Z0.0400 F5142.9 ; Width: 0.350mm
G1 X78.9830 Y57.7270 Z0.0400 F5142.9 ; Width: 0.350mm
G1 X79.0230 Y57.7269 Z0.0400 F5142.9 ; Width: 0.350mm
G1 X79.0430 Y57.7070 Z0.0400 F5142.9 ; Width: 0.350mm
G1 X79.1030 Y57.7069 Z0.0400 F5142.9 ; Width: 0.350mm
G1 X79.1230 Y57.6870 Z0.0400 F5142.9 ; Width: 0.350mm
G1 X79.1630 Y57.6869 Z0.0400 F5142.9 ; Width: 0.350mm
G1 X79.1830 Y57.6670 Z0.0400 F5142.9 ; Width: 0.350mm
G1 X79.2230 Y57.6669 Z0.0400 F5142.9 ; Width: 0.350mm
G1 X79.2430 Y57.6470 Z0.0400 F5142.9 ; Width: 0.350mm
G1 X79.2630 Y57.6469 Z0.0400 F5142.9 ; Width: 0.350mm
G1 X79.2830 Y57.6270 Z0.0400 F5142.9 ; Width: 0.350mm
G1 X79.3230 Y57.6269 Z0.0400 F5142.9 ; Width: 0.350mm
G1 X79.3430 Y57.6070 Z0.0400 F5142.9 ; Width: 0.350mm
G1 X79.3630 Y57.6069 Z0.0400 F5142.9 ; Width: 0.350mm
G1 X79.3830 Y57.5870 Z0.0400 F5142.9 ; Width: 0.350mm
G1 X79.4630 Y57.5867 Z0.0400 F5142.9 ; Width: 0.350mm
G1 X79.4830 Y57.5668 Z0.0400 F5142.9 ; Width: 0.350mm
G1 X79.5430 Y57.5668 Z0.0400 F5142.9 ; Width: 0.350mm
G1 X79.5630 Y57.5867 Z0.0400 F5142.9 ; Width: 0.350mm
G1 X79.6430 Y57.5870 Z0.0400 F5142.9 ; Width: 0.350mm
G1 X79.6630 Y57.6069 Z0.0400 F5142.9 ; Width: 0.350mm
G1 X79.6830 Y57.6070 Z0.0400 F5142.9 ; Width: 0.350mm
G1 X79.7030 Y57.6269 Z0.0400 F5142.9 ; Width: 0.350mm
G1 X79.7430 Y57.6270 Z0.0400 F5142.9 ; Width: 0.350mm
G1 X79.7630 Y57.6469 Z0.0400 F5142.9 ; Width: 0.350mm
G1 X79.7830 Y57.6470 Z0.0400 F5142.9 ; Width: 0.350mm
G1 X79.8030 Y57.6669 Z0.0400 F5142.9 ; Width: 0.350mm
G1 X79.8430 Y57.6670 Z0.0400 F5142.9 ; Width: 0.350mm
G1 X79.8630 Y57.6869 Z0.0400 F5142.9 ; Width: 0.350mm
G1 X79.9030 Y57.6870 Z0.0400 F5142.9 ; Width: 0.350mm
G1 X79.9230 Y57.7069 Z0.0400 F5142.9 ; Width: 0.350mm
G1 X79.9830 Y57.7070 Z0.0400 F5142.9 ; Width: 0.350mm
G1 X80.0030 Y57.7269 Z0.0400 F5142.9 ; Width: 0.350mm
G1 X80.0430 Y57.7270 Z0.0400 F5142.9 ; Width: 0.350mm
G1 X80.0630 Y57.7468 Z0.0400 F5142.9 ; Width: 0.350mm
G1 X80.1430 Y57.7470 Z0.0400 F5142.9 ; Width: 0.350mm
G1 X80.1630 Y57.7669 Z0.0400 F5142.9 ; Width: 0.350mm
G1 X80.2430 Y57.7670 Z0.0400 F5142.9 ; Width: 0.350mm
G1 X80.2630 Y57.7868 Z0.0400 F5142.9 ; Width: 0.350mm
G1 X80.4030 Y57.7870 Z0.0400 F5142.9 ; Width: 0.350mm
G1 X80.4230 Y57.8068 Z0.0400 F5142.9 ; Width: 0.350mm
G1 X82.9030 Y57.8068 Z0.0400 F1451.6 ; Width: 1.240mm
G1 X82.9230 Y57.7870 Z0.0400 F5142.9 ; Width: 0.350mm
G1 X83.0630 Y57.7868 Z0.0400 F5142.9 ; Width: 0.350mm
G1 X83.0830 Y57.7670 Z0.0400 F5142.9 ; Width: 0.350mm
G1 X83.1630 Y57.7669 Z0.0400 F5142.9 ; Width: 0.350mm
G1 X83.1830 Y57.7470 Z0.0400 F5142.9 ; Width: 0.350mm
G1 X83.2630 Y57.7468 Z0.0400 F5142.9 ; Width: 0.350mm
G1 X83.2830 Y57.7270 Z0.0400 F5142.9 ; Width: 0.350mm
G1 X83.3230 Y57.7269 Z0.0400 F5142.9 ; Width: 0.350mm
G1 X83.3430 Y57.7070 Z0.0400 F5142.9 ; Width: 0.350mm
G1 X83.4230 Y57.7068 Z0.0400 F5142.9 ; Width: 0.350mm
G1 X83.4430 Y57.6869 Z0.0400 F5142.9 ; Width: 0.350mm
G1 X83.5030 Y57.6868 Z0.0400 F5142.9 ; Width: 0.350mm
G1 X83.5830 Y57.6869 Z0.0400 F5142.9 ; Width: 0.350mm
G1 X83.6030 Y57.7068 Z0.0400 F5142.9 ; Width: 0.350mm
G1 X83.6830 Y57.7070 Z0.0400 F5142.9 ; Width: 0.350mm
G1 X83.7030 Y57.7269 Z0.0400 F5142.9 ; Width: 0.350mm
G1 X83.7430 Y57.7270 Z0.0400 F5142.9 ; Width: 0.350mm
G1 X83.7630 Y57.7468 Z0.0400 F5142.9 ; Width: 0.350mm
G1 X83.8430 Y57.7470 Z0.0400 F5142.9 ; Width: 0.350mm
G1 X83.8630 Y57.7669 Z0.0400 F5142.9 ; Width: 0.350mm
G1 X83.9430 Y57.7670 Z0.0400 F5142.9 ; Width: 0.350mm
G1 X83.9630 Y57.7868 Z0.0400 F5142.9 ; Width: 0.350mm
G1 X84.1030 Y57.7870 Z0.0400 F5142.9 ; Width: 0.350mm
G1 X84.1230 Y57.8068 Z0.0400 F5142.9 ; Width: 0.350mm
G1 X87.3230 Y57.8068 Z0.0400 F1292.1 ; Width: 1.393mm
G1 X87.3430 Y57.7870 Z0.0400 F5142.9 ; Width: 0.350mm
G1 X87.4830 Y57.7868 Z0.0400 F5142.9 ; Width: 0.350mm
G1 X87.5030 Y57.7670 Z0.0400 F5142.9 ; Width: 0.350mm
G1 X87.5830 Y57.7669 Z0.0400 F5142.9 ; Width: 0.350mm
G1 X87.6030 Y57.7470 Z0.0400 F5142.9 ; Width: 0.350mm
G1 X87.6830 Y57.7468 Z0.0400 F5142.9 ; Width: 0.350mm
G1 X87.7030 Y57.7270 Z0.0400 F5142.9 ; Width: 0.350mm
G1 X87.7430 Y57.7269 Z0.0400 F5142.9 ; Width: 0.350mm
G1 X87.7630 Y57.7070 Z0.0400 F5142.9 ; Width: 0.350mm
G1 X87.8230 Y57.7069 Z0.0400 F5142.9 ; Width: 0.350mm
G1 X87.8430 Y57.6870 Z0.0400 F5142.9 ; Width: 0.350mm
G1 X87.8830 Y57.6869 Z0.0400 F5142.9 ; Width: 0.350mm
G1 X87.9030 Y57.6670 Z0.0400 F5142.9 ; Width: 0.350mm
G1 X87.9430 Y57.6669 Z0.0400 F5142.9 ; Width: 0.350mm
G1 X87.9630 Y57.6470 Z0.0400 F5142.9 ; Width: 0.350mm
G1 X87.9830 Y57.6469 Z0.0400 F5142.9 ; Width: 0.350mm
G1 X88.0030 Y57.6270 Z0.0400 F5142.9 ; Width: 0.350mm
G1 X88.0430 Y57.6269 Z0.0400 F5142.9 ; Width: 0.350mm
G1 X88.0630 Y57.6070 Z0.0400 F5142.9 ; Width: 0.350mm
G1 X88.0830 Y57.6069 Z0.0400 F5142.9 ; Width: 0.350mm
G1 X88.1030 Y57.5870 Z0.0400 F5142.9 ; Width: 0.350mm
G1 X88.1230 Y57.5869 Z0.0400 F5142.9 ; Width: 0.350mm
G1 X88.1430 Y57.5670 Z0.0400 F5142.9 ; Width: 0.350mm
G1 X88.1630 Y57.5669 Z0.0400 F5142.9 ; Width: 0.350mm
G1 X88.1830 Y57.5470 Z0.0400 F5142.9 ; Width: 0.350mm
G1 X88.2030 Y57.5469 Z0.0400 F5142.9 ; Width: 0.350mm
G1 X88.2230 Y57.5270 Z0.0400 F5142.9 ; Width: 0.350mm
G1 X88.2430 Y57.5269 Z0.0400 F5142.9 ; Width: 0.350mm
G1 X88.2630 Y57.5070 Z0.0400 F5142.9 ; Width: 0.350mm
G1 X88.2830 Y57.5069 Z0.0400 F5142.9 ; Width: 0.350mm
G1 X88.3030 Y57.4870 Z0.0400 F5142.9 ; Width: 0.350mm
G1 X88.3230 Y57.4869 Z0.0400 F5142.9 ; Width: 0.350mm
G1 X88.3430 Y57.4670 Z0.0400 F5142.9 ; Width: 0.350mm
G1 X88.3630 Y57.4669 Z0.0400 F5142.9 ; Width: 0.350mm
G1 X88.4030 Y57.4270 Z0.0400 F5142.9 ; Width: 0.350mm
G1 X88.4230 Y57.4269 Z0.0400 F5142.9 ; Width: 0.350mm
G1 X88.4630 Y57.3870 Z0.0400 F5142.9 ; Width: 0.350mm
G1 X88.4830 Y57.3869 Z0.0400 F5142.9 ; Width: 0.350mm
G1 X88.5030 Y57.3669 Z0.0400 F5142.9 ; Width: 0.350mm
G1 X88.5230 Y57.3668 Z0.0400 F5142.9 ; Width: 0.350mm
G1 X88.5430 Y57.3469 Z0.0400 F5142.9 ; Width: 0.350mm
G1 X88.6230 Y57.3465 Z0.0400 F5142.9 ; Width: 0.350mm
G1 X88.6430 Y57.3265 Z0.0400 F5142.9 ; Width: 0.350mm
G1 X88.6630 Y57.3465 Z0.0400 F5142.9 ; Width: 0.350mm
G1 X88.7430 Y57.3469 Z0.0400 F5142.9 ; Width: 0.350mm
G1 X88.7630 Y57.3668 Z0.0400 F5142.9 ; Width: 0.350mm
G1 X88.7830 Y57.3669 Z0.0400 F5142.9 ; Width: 0.350mm
G1 X88.8030 Y57.3869 Z0.0400 F5142.9 ; Width: 0.350mm
G1 X88.8230 Y57.3870 Z0.0400 F5142.9 ; Width: 0.350mm
G1 X88.8630 Y57.4269 Z0.0400 F5142.9 ; Width: 0.350mm
G1 X88.8830 Y57.4270 Z0.0400 F5142.9 ; Width: 0.350mm
G1 X88.9230 Y57.4669 Z0.0400 F5142.9 ; Width: 0.350mm
G1 X88.9430 Y57.4670 Z0.0400 F5142.9 ; Width: 0.350mm
G1 X88.9630 Y57.4869 Z0.0400 F5142.9 ; Width: 0.350mm
G1 X88.9830 Y57.4870 Z0.0400 F5142.9 ; Width: 0.350mm
G1 X89.0030 Y57.5069 Z0.0400 F5142.9 ; Width: 0.350mm
G1 X89.0230 Y57.5070 Z0.0400 F5142.9 ; Width: 0.350mm
G1 X89.0430 Y57.5269 Z0.0400 F5142.9 ; Width: 0.350mm
G1 X89.0630 Y57.5270 Z0.0400 F5142.9 ; Width: 0.350mm
G1 X89.0830 Y57.5469 Z0.0400 F5142.9 ; Width: 0.350mm
G1 X89.1030 Y57.5470 Z0.0400 F5142.9 ; Width: 0.350mm
G1 X89.1230 Y57.5669 Z0.0400 F5142.9 ; Width: 0.350mm
G1 X89.1430 Y57.5670 Z0.0400 F5142.9 ; Width: 0.350mm
G1 X89.1630 Y57.5869 Z0.0400 F5142.9 ; Width: 0.350mm
G1 X89.1830 Y57.5870 Z0.0400 F5142.9 ; Width: 0.350mm
G1 X89.2030 Y57.6069 Z0.0400 F5142.9 ; Width: 0.350mm
G1 X89.2230 Y57.6070 Z0.0400 F5142.9 ; Width: 0.350mm
G1 X89.2430 Y57.6269 Z0.0400 F5142.9 ; Width: 0.350mm
G1 X89.2830 Y57.6270 Z0.0400 F5142.9 ; Width: 0.350mm
G1 X89.3030 Y57.6469 Z0.0400 F5142.9 ; Width: 0.350mm
G1 X89.3230 Y57.6470 Z0.0400 F5142.9 ; Width: 0.350mm
G1 X89.3430 Y57.6669 Z0.0400 F5142.9 ; Width: 0.350mm
G1 X89.3830 Y57.6670 Z0.0400 F5142.9 ; Width: 0.350mm
G1 X89.4030 Y57.6869 Z0.0400 F5142.9 ; Width: 0.350mm
G1 X89.4430 Y57.6870 Z0.0400 F5142.9 ; Width: 0.350mm
G1 X89.4630 Y57.7069 Z0.0400 F5142.9 ; Width: 0.350mm
G1 X89.5230 Y57.7070 Z0.0400 F5142.9 ; Width: 0.350mm
G1 X89.5430 Y57.7269 Z0.0400 F5142.9 ; Width: 0.350mm
G1 X89.5830 Y57.7270 Z0.0400 F5142.9 ; Width: 0.350mm
G1 X89.6030 Y57.7468 Z0.0400 F5142.9 ; Width: 0.350mm
G1 X89.6830 Y57.7470 Z0.0400 F5142.9 ; Width: 0.350mm
G1 X89.7030 Y57.7669 Z0.0400 F5142.9 ; Width: 0.350mm
G1 X89.7830 Y57.7670 Z0.0400 F5142.9 ; Width: 0.350mm
G1 X89.8030 Y57.7868 Z0.0400 F5142.9 ; Width: 0.350mm
G1 X89.9430 Y57.7870 Z0.0400 F5142.9 ; Width: 0.350mm
G1 X89.9630 Y57.8068 Z0.0400 F5142.9 ; Width: 0.350mm
G1 X93.1430 Y57.8068 Z0.0400 F1248.9 ; Width: 1.441mm
G1 X93.1630 Y57.7870 Z0.0400 F5142.9 ; Width: 0.350mm
G1 X93.3030 Y57.7868 Z0.0400 F5142.9 ; Width: 0.350mm
G1 X93.3230 Y57.7670 Z0.0400 F5142.9 ; Width: 0.350mm
G1 X93.4030 Y57.7669 Z0.0400 F5142.9 ; Width: 0.350mm
G1 X93.4230 Y57.7470 Z0.0400 F5142.9 ; Width: 0.350mm
G1 X93.5030 Y57.7468 Z0.0400 F5142.9 ; Width: 0.350mm
G1 X93.5230 Y57.7270 Z0.0400 F5142.9 ; Width: 0.350mm
G1 X93.5630 Y57.7269 Z0.0400 F5142.9 ; Width: 0.350mm
G1 X93.5830 Y57.7070 Z0.0400 F5142.9 ; Width: 0.350mm
G1 X93.6430 Y57.7069 Z0.0400 F5142.9 ; Width: 0.350mm
G1 X93.6630 Y57.6870 Z0.0400 F5142.9 ; Width: 0.350mm
G1 X93.7030 Y57.6869 Z0.0400 F5142.9 ; Width: 0.350mm
G1 X93.7230 Y57.6670 Z0.0400 F5142.9 ; Width: 0.350mm
G1 X93.7630 Y57.6669 Z0.0400 F5142.9 ; Width: 0.350mm
G1 X93.7830 Y57.6470 Z0.0400 F5142.9 ; Width: 0.350mm
G1 X93.8030 Y57.6469 Z0.0400 F5142.9 ; Width: 0.350mm
G1 X93.8230 Y57.6270 Z0.0400 F5142.9 ; Width: 0.350mm
G1 X93.8630 Y57.6269 Z0.0400 F5142.9 ; Width: 0.350mm
G1 X93.8830 Y57.6070 Z0.0400 F5142.9 ; Width: 0.350mm
G1 X93.9030 Y57.6069 Z0.0400 F5142.9 ; Width: 0.350mm
G1 X93.9230 Y57.5870 Z0.0400 F5142.9 ; Width: 0.350mm
G1 X93.9430 Y57.5869 Z0.0400 F5142.9 ; Width: 0.350mm
G1 X93.9630 Y57.5670 Z0.0400 F5142.9 ; Width: 0.350mm
G1 X93.9830 Y57.5669 Z0.0400 F5142.9 ; Width: 0.350mm
G1 X94.0030 Y57.5470 Z0.0400 F5142.9 ; Width: 0.350mm
G1 X94.0230 Y57.5469 Z0.0400 F5142.9 ; Width: 0.350mm
G1 X94.0430 Y57.5270 Z0.0400 F5142.9 ; Width: 0.350mm
G1 X94.0630 Y57.5269 Z0.0400 F5142.9 ; Width: 0.350mm
G1 X94.0830 Y57.5070 Z0.0400 F5142.9 ; Width: 0.350mm
G1 X94.1030 Y57.5069 Z0.0400 F5142.9 ; Width: 0.350mm
G1 X94.1230 Y57.4870 Z0.0400 F5142.9 ; Width: 0.350mm
G1 X94.1430 Y57.4869 Z0.0400 F5142.9 ; Width: 0.350mm
G1 X94.1630 Y57.4670 Z0.0400 F5142.9 ; Width: 0.350mm
G1 X94.1830 Y57.4669 Z0.0400 F5142.9 ; Width: 0.350mm
G1 X94.2230 Y57.4270 Z0.0400 F5142.9 ; Width: 0.350mm
G1 X94.2430 Y57.4269 Z0.0400 F5142.9 ; Width: 0.350mm
G1 X94.2830 Y57.3870 Z0.0400 F5142.9 ; Width: 0.350mm
G1 X94.3030 Y57.3869 Z0.0400 F5142.9 ; Width: 0.350mm
G1 X94.3430 Y57.3470 Z0.0400 F5142.9 ; Width: 0.350mm
G1 X94.3630 Y57.3469 Z0.0400 F5142.9 ; Width: 0.350mm
G1 X94.4230 Y57.2870 Z0.0400 F5142.9 ; Width: 0.350mm
G1 X94.4430 Y57.2869 Z0.0400 F5142.9 ; Width: 0.350mm
G1 X94.4630 Y57.2669 Z0.0400 F5142.9 ; Width: 0.350mm
G1 X94.5430 Y57.2665 Z0.0400 F5142.9 ; Width: 0.350mm
G1 X94.5630 Y57.2466 Z0.0400 F5142.9 ; Width: 0.350mm
G1 X94.5830 Y57.2467 Z0.0400 F5142.9 ; Width: 0.350mm
G1 X94.6030 Y57.2666 Z0.0400 F5142.9 ; Width: 0.350mm
G1 X94.6830 Y57.2670 Z0.0400 F5142.9 ; Width: 0.350mm
G1 X94.7030 Y57.2869 Z0.0400 F5142.9 ; Width: 0.350mm
G1 X94.7230 Y57.2870 Z0.0400 F5142.9 ; Width: 0.350mm
G1 X94.7630 Y57.3269 Z0.0400 F5142.9 ; Width: 0.350mm
G1 X94.7830 Y57.3270 Z0.0400 F5142.9 ; Width: 0.350mm
G1 X94.8030 Y57.3469 Z0.0400 F5142.9 ; Width: 0.350mm
G1 X94.8230 Y57.3470 Z0.0400 F5142.9 ; Width: 0.350mm
G1 X94.8430 Y57.3669 Z0.0400 F5142.9 ; Width: 0.350mm
G1 X94.8630 Y57.3670 Z0.0400 F5142.9 ; Width: 0.350mm
G1 X94.8830 Y57.3869 Z0.0400 F5142.9 ; Width: 0.350mm
G1 X94.9030 Y57.3870 Z0.0400 F5142.9 ; Width: 0.350mm
G1 X94.9230 Y57.4069 Z0.0400 F5142.9 ; Width: 0.350mm
G1 X94.9430 Y57.4070 Z0.0400 F5142.9 ; Width: 0.350mm
G1 X94.9630 Y57.4269 Z0.0400 F5142.9 ; Width: 0.350mm
G1 X94.9830 Y57.4270 Z0.0400 F5142.9 ; Width: 0.350mm
G1 X95.0030 Y57.4469 Z0.0400 F5142.9 ; Width: 0.350mm
G1 X95.0230 Y57.4470 Z0.0400 F5142.9 ; Width: 0.350mm
G1 X95.0430 Y57.4669 Z0.0400 F5142.9 ; Width: 0.350mm
G1 X95.0630 Y57.4670 Z0.0400 F5142.9 ; Width: 0.350mm
G1 X95.0830 Y57.4869 Z0.0400 F5142.9 ; Width: 0.350mm
G1 X95.1030 Y57.4870 Z0.0400 F5142.9 ; Width: 0.350mm
G1 X95.1230 Y57.5069 Z0.0400 F5142.9 ; Width: 0.350mm
G1 X95.1430 Y57.5070 Z0.0400 F5142.9 ; Width: 0.350mm
G1 X95.1630 Y57.5269 Z0.0400 F5142.9 ; Width: 0.350mm
G1 X95.1830 Y57.5270 Z0.0400 F5142.9 ; Width: 0.350mm
G1 X95.2030 Y57.5469 Z0.0400 F5142.9 ; Width: 0.350mm
G1 X95.2230 Y57.5470 Z0.0400 F5142.9 ; Width: 0.350mm
G1 X95.2430 Y57.5669 Z0.0400 F5142.9 ; Width: 0.350mm
G1 X95.2630 Y57.5670 Z0.0400 F5142.9 ; Width: 0.350mm
G1 X95.2830 Y57.5869 Z0.0400 F5142.9 ; Width: 0.350mm
G1 X95.3030 Y57.5870 Z0.0400 F5142.9 ; Width: 0.350mm
G1 X95.3230 Y57.6069 Z0.0400 F5142.9 ; Width: 0.350mm
G1 X95.3430 Y57.6070 Z0.0400 F5142.9 ; Width: 0.350mm
G1 X95.3630 Y57.6269 Z0.0400 F5142.9 ; Width: 0.350mm
G1 X95.4030 Y57.6270 Z0.0400 F5142.9 ; Width: 0.350mm
G1 X95.4230 Y57.6469 Z0.0400 F5142.9 ; Width: 0.350mm
G1 X95.4430 Y57.6470 Z0.0400 F5142.9 ; Width: 0.350mm
G1 X95.4630 Y57.6669 Z0.0400 F5142.9 ; Width: 0.350mm
G1 X95.5030 Y57.6670 Z0.0400 F5142.9 ; Width: 0.350mm
G1 X95.5230 Y57.6869 Z0.0400 F5142.9 ; Width: 0.350mm
G1 X95.5630 Y57.6870 Z0.0400 F5142.9 ; Width: 0.350mm
G1 X95.5830 Y57.7069 Z0.0400 F5142.9 ; Width: 0.350mm
G1 X95.6030 Y57.7070 Z0.0400 F5142.9 ; Width: 0.350mm
G1 X95.6230 Y57.7269 Z0.0400 F5142.9 ; Width: 0.350mm
G1 X95.6630 Y57.7270 Z0.0400 F5142.9 ; Width: 0.350mm
G1 X95.6830 Y57.7469 Z0.0400 F5142.9 ; Width: 0.350mm
G1 X95.7230 Y57.7470 Z0.0400 F5142.9 ; Width: 0.350mm
G1 X95.7430 Y57.7669 Z0.0400 F5142.9 ; Width: 0.350mm
G1 X95.8030 Y57.7670 Z0.0400 F5142.9 ; Width: 0.350mm
G1 X95.8230 Y57.7869 Z0.0400 F5142.9 ; Width: 0.350mm
G1 X95.8630 Y57.7870 Z0.0400 F5142.9 ; Width: 0.350mm
G1 X95.8830 Y57.8069 Z0.0400 F5142.9 ; Width: 0.350mm
G1 X95.9230 Y57.8070 Z0.0400 F5142.9 ; Width: 0.350mm
G1 X95.9430 Y57.8269 Z0.0400 F5142.9 ; Width: 0.350mm
G1 X96.0030 Y57.8270 Z0.0400 F5142.9 ; Width: 0.350mm
G1 X96.0230 Y57.8469 Z0.0400 F5142.9 ; Width: 0.350mm
G1 X96.0630 Y57.8470 Z0.0400 F5142.9 ; Width: 0.350mm
G1 X96.0830 Y57.8668 Z0.0400 F5142.9 ; Width: 0.350mm
G1 X96.1630 Y57.8670 Z0.0400 F5142.9 ; Width: 0.350mm
G1 X96.1830 Y57.8869 Z0.0400 F5142.9 ; Width: 0.350mm
G1 X96.2230 Y57.8870 Z0.0400 F5142.9 ; Width: 0.350mm
G1 X96.2430 Y57.9068 Z0.0400 F5142.9 ; Width: 0.350mm
G1 X96.3230 Y57.9070 Z0.0400 F5142.9 ; Width: 0.350mm
G1 X96.3430 Y57.9269 Z0.0400 F5142.9 ; Width: 0.350mm
G1 X96.4230 Y57.9270 Z0.0400 F5142.9 ; Width: 0.350mm
G1 X96.4430 Y57.9468 Z0.0400 F5142.9 ; Width: 0.350mm
G1 X96.5830 Y57.9470 Z0.0400 F5142.9 ; Width: 0.350mm
G1 X96.6030 Y57.9669 Z0.0400 F5142.9 ; Width: 0.350mm
G1 X96.6830 Y57.9670 Z0.0400 F5142.9 ; Width: 0.350mm
G1 X96.7030 Y57.9868 Z0.0400 F5142.9 ; Width: 0.350mm
G1 X96.8430 Y57.9870 Z0.0400 F5142.9 ; Width: 0.350mm
G1 X96.8630 Y58.0068 Z0.0400 F5142.9 ; Width: 0.350mm
G1 X98.1030 Y58.0068 Z0.0400 F2903.2 ; Width: 0.620mm
G1 X98.1230 Y57.9870 Z0.0400 F5142.9 ; Width: 0.350mm
G1 X98.2630 Y57.9868 Z0.0400 F5142.9 ; Width: 0.350mm
G1 X98.2830 Y57.9670 Z0.0400 F5142.9 ; Width: 0.350mm
G1 X98.3830 Y57.9668 Z0.0400 F5142.9 ; Width: 0.350mm
G1 X98.4030 Y57.9470 Z0.0400 F5142.9 ; Width: 0.350mm
G1 X98.5430 Y57.9468 Z0.0400 F5142.9 ; Width: 0.350mm
G1 X98.5630 Y57.9270 Z0.0400 F5142.9 ; Width: 0.350mm
G1 X98.6430 Y57.9269 Z0.0400 F5142.9 ; Width: 0.350mm
G1 X98.6630 Y57.9070 Z0.0400 F5142.9 ; Width: 0.350mm
G1 X98.7430 Y57.9068 Z0.0400 F5142.9 ; Width: 0.350mm
G1 X98.7630 Y57.8870 Z0.0400 F5142.9 ; Width: 0.350mm
G1 X98.8030 Y57.8869 Z0.0400 F5142.9 ; Width: 0.350mm
G1 X98.8230 Y57.8670 Z0.0400 F5142.9 ; Width: 0.350mm
G1 X98.9030 Y57.8668 Z0.0400 F5142.9 ; Width: 0.350mm
G1 X98.9230 Y57.8470 Z0.0400 F5142.9 ; Width: 0.350mm
G1 X98.9630 Y57.8469 Z0.0400 F5142.9 ; Width: 0.350mm
G1 X98.9830 Y57.8270 Z0.0400 F5142.9 ; Width: 0.350mm
G1 X99.0430 Y57.8269 Z0.0400 F5142.9 ; Width: 0.350mm
G1 X99.0630 Y57.8070 Z0.0400 F5142.9 ; Width: 0.350mm
G1 X99.1030 Y57.8069 Z0.0400 F5142.9 ; Width: 0.350mm
G1 X99.1230 Y57.7870 Z0.0400 F5142.9 ; Width: 0.350mm
G1 X99.1630 Y57.7869 Z0.0400 F5142.9 ; Width: 0.350mm
G1 X99.1830 Y57.7670 Z0.0400 F5142.9 ; Width: 0.350mm
G1 X99.2230 Y57.7669 Z0.0400 F5142.9 ; Width: 0.350mm
G1 X99.2430 Y57.7470 Z0.0400 F5142.9 ; Width: 0.350mm
G1 X99.2830 Y57.7469 Z0.0400 F5142.9 ; Width: 0.350mm
G1 X99.3030 Y57.7270 Z0.0400 F5142.9 ; Width: 0.350mm
G1 X99.3430 Y57.7269 Z0.0400 F5142.9 ; Width: 0.350mm
G1 X99.3630 Y57.7070 Z0.0400 F5142.9 ; Width: 0.350mm
G1 X99.3830 Y57.7069 Z0.0400 F5142.9 ; Width: 0.350mm
G1 X99.4030 Y57.6870 Z0.0400 F5142.9 ; Width: 0.350mm
G1 X99.4430 Y57.6869 Z0.0400 F5142.9 ; Width: 0.350mm
G1 X99.4630 Y57.6670 Z0.0400 F5142.9 ; Width: 0.350mm
G1 X99.5030 Y57.6669 Z0.0400 F5142.9 ; Width: 0.350mm
G1 X99.5230 Y57.6470 Z0.0400 F5142.9 ; Width: 0.350mm
G1 X99.5430 Y57.6469 Z0.0400 F5142.9 ; Width: 0.350mm
G1 X99.5630 Y57.6270 Z0.0400 F5142.9 ; Width: 0.350mm
G1 X99.6030 Y57.6269 Z0.0400 F5142.9 ; Width: 0.350mm
G1 X99.6230 Y57.6070 Z0.0400 F5142.9 ; Width: 0.350mm
G1 X99.6430 Y57.6069 Z0.0400 F5142.9 ; Width: 0.350mm
G1 X99.6630 Y57.5870 Z0.0400 F5142.9 ; Width: 0.350mm
G1 X99.7030 Y57.5869 Z0.0400 F5142.9 ; Width: 0.350mm
G1 X99.7230 Y57.5670 Z0.0400 F5142.9 ; Width: 0.350mm
G1 X99.7430 Y57.5669 Z0.0400 F5142.9 ; Width: 0.350mm
G1 X99.7630 Y57.5470 Z0.0400 F5142.9 ; Width: 0.350mm
G1 X99.7830 Y57.5469 Z0.0400 F5142.9 ; Width: 0.350mm
G1 X99.8030 Y57.5270 Z0.0400 F5142.9 ; Width: 0.350mm
G1 X99.8230 Y57.5269 Z0.0400 F5142.9 ; Width: 0.350mm
G1 X99.8430 Y57.5070 Z0.0400 F5142.9 ; Width: 0.350mm
G1 X99.8630 Y57.5069 Z0.0400 F5142.9 ; Width: 0.350mm
G1 X99.8830 Y57.4870 Z0.0400 F5142.9 ; Width: 0.350mm
G1 X99.9030 Y57.4869 Z0.0400 F5142.9 ; Width: 0.350mm
G1 X99.9230 Y57.4670 Z0.0400 F5142.9 ; Width: 0.350mm
G1 X99.9430 Y57.4669 Z0.0400 F5142.9 ; Width: 0.350mm
G1 X99.9630 Y57.4470 Z0.0400 F5142.9 ; Width: 0.350mm
G1 X99.9830 Y57.4469 Z0.0400 F5142.9 ; Width: 0.350mm
G1 X100.0030 Y57.4270 Z0.0400 F5142.9 ; Width: 0.350mm
G1 X100.0230 Y57.4269 Z0.0400 F5142.9 ; Width: 0.350mm
G1 X100.0430 Y57.4070 Z0.0400 F5142.9 ; Width: 0.350mm
G1 X100.0630 Y57.4069 Z0.0400 F5142.9 ; Width: 0.350mm
G1 X100.0830 Y57.3870 Z0.0400 F5142.9 ; Width: 0.350mm
G1 X100.1030 Y57.3869 Z0.0400 F5142.9 ; Width: 0.350mm
G1 X100.1230 Y57.3670 Z0.0400 F5142.9 ; Width: 0.350mm
G1 X100.1430 Y57.3669 Z0.0400 F5142.9 ; Width: 0.350mm
G1 X100.1630 Y57.3470 Z0.0400 F5142.9 ; Width: 0.350mm
G1 X100.1830 Y57.3469 Z0.0400 F5142.9 ; Width: 0.350mm
G1 X100.2030 Y57.3270 Z0.0400 F5142.9 ; Width: 0.350mm
G1 X100.2230 Y57.3269 Z0.0400 F5142.9 ; Width: 0.350mm
G1 X100.2630 Y57.2870 Z0.0400 F5142.9 ; Width: 0.350mm
G1 X100.2830 Y57.2869 Z0.0400 F5142.9 ; Width: 0.350mm
G1 X100.3230 Y57.2470 Z0.0400 F5142.9 ; Width: 0.350mm
G1 X100.3430 Y57.2469 Z0.0400 F5142.9 ; Width: 0.350mm
G1 X100.3830 Y57.2070 Z0.0400 F5142.9 ; Width: 0.350mm
G1 X100.4030 Y57.2069 Z0.0400 F5142.9 ; Width: 0.350mm
G1 X100.4430 Y57.1670 Z0.0400 F5142.9 ; Width: 0.350mm
G1 X100.4630 Y57.1669 Z0.0400 F5142.9 ; Width: 0.350mm
G1 X100.5030 Y57.1270 Z0.0400 F5142.9 ; Width: 0.350mm
G1 X100.5230 Y57.1269 Z0.0400 F5142.9 ; Width: 0.350mm
G1 X100.5630 Y57.0870 Z0.0400 F5142.9 ; Width: 0.350mm
G1 X100.5830 Y57.0869 Z0.0400 F5142.9 ; Width: 0.350mm
G1 X100.6230 Y57.0470 Z0.0400 F5142.9 ; Width: 0.350mm
G1 X100.6430 Y57.0469 Z0.0400 F5142.9 ; Width: 0.350mm
G1 X100.7030 Y56.9870 Z0.0400 F5142.9 ; Width: 0.350mm
G1 X100.7230 Y56.9869 Z0.0400 F5142.9 ; Width: 0.350mm
G1 X100.7430 Y56.9669 Z0.0400 F5142.9 ; Width: 0.350mm
G1 X100.8230 Y56.9665 Z0.0400 F5142.9 ; Width: 0.350mm
G1 X100.8430 Y56.9466 Z0.0400 F5142.9 ; Width: 0.350mm
G1 X100.8630 Y56.9465 Z0.0400 F5142.9 ; Width: 0.350mm
G1 X100.8830 Y56.9662 Z0.0400 F5142.9 ; Width: 0.350mm
G1 X100.9630 Y56.9659 Z0.0400 F5142.9 ; Width: 0.350mm
G1 X100.9830 Y56.9858 Z0.0400 F5142.9 ; Width: 0.350mm
G1 X101.0030 Y56.9860 Z0.0400 F5142.9 ; Width: 0.350mm
G1 X101.1032 Y57.0870 Z0.0400 F5142.9 ; Width: 0.350mm
G1 X101.1032 Y57.1270 Z0.0400 F5142.9 ; Width: 0.350mm
G1 X101.1231 Y57.1470 Z0.0400 F5142.9 ; Width: 0.350mm
M118 P0 S"43" ; Sync timer
G1 X101.1231 Y58.9470 Z0.0400 F2833.0 ; Width: 0.635mm
G1 X101.1032 Y58.9670 Z0.0400 F5142.9 ; Width: 0.350mm
G1 X101.1032 Y59.0070 Z0.0400 F5142.9 ; Width: 0.350mm
G1 X101.0030 Y59.1074 Z0.0400 F5142.9 ; Width: 0.350mm
G1 X100.9830 Y59.1074 Z0.0400 F5142.9 ; Width: 0.350mm
G1 X100.9630 Y59.1272 Z0.0400 F5142.9 ; Width: 0.350mm
G1 X100.8830 Y59.1272 Z0.0400 F5142.9 ; Width: 0.350mm
G1 X100.8630 Y59.1471 Z0.0400 F5142.9 ; Width: 0.350mm
G0 Z1.0400 F6000.0 ; Z-hop up
G0 X100.5630 Y57.7470 F6000.0 ; Travel to new path
G0 Z0.0400 F6000.0 ; Z-hop down
G1 X100.2630 Y58.3270 Z0.0400 F2499.3 ; Width: 0.720mm
G1 X99.2030 Y58.4870 Z0.0400 F2322.4 ; Width: 0.775mm
G1 X98.2230 Y58.5670 Z0.0400 F2979.1 ; Width: 0.604mm
G1 X96.1830 Y58.5270 Z0.0400 F2820.2 ; Width: 0.638mm
G1 X94.7030 Y58.3070 Z0.0400 F2528.7 ; Width: 0.712mm
G1 X93.3630 Y58.4670 Z0.0400 F2340.4 ; Width: 0.769mm
G1 X89.7430 Y58.4670 Z0.0400 F2087.7 ; Width: 0.862mm
G1 X88.6030 Y58.3270 Z0.0400 F2411.4 ; Width: 0.746mm
G1 X87.5430 Y58.4670 Z0.0400 F2452.2 ; Width: 0.734mm
G1 X83.9030 Y58.4670 Z0.0400 F2310.5 ; Width: 0.779mm
G1 X83.4230 Y58.4270 Z0.0400 F2545.0 ; Width: 0.707mm
G1 X83.1230 Y58.4670 Z0.0400 F2612.6 ; Width: 0.689mm
G1 X80.1830 Y58.4670 Z0.0400 F2177.4 ; Width: 0.827mm
G1 X79.4830 Y58.3870 Z0.0400 F2507.0 ; Width: 0.718mm
G1 X78.8030 Y58.4670 Z0.0400 F2558.4 ; Width: 0.704mm
M118 P0 S"44" ; Sync timer
G1 X76.6430 Y58.4670 Z0.0400 F1636.2 ; Width: 1.100mm
G0 Z1.0400 F6000.0 ; Z-hop up
G0 X75.1230 Y56.4670 F6000.0 ; Travel to new path
G0 Z0.0400 F6000.0 ; Z-hop down
G1 X75.1430 Y56.4470 Z0.0400 F3070.8 ; Width: 0.586mm
G0 Z1.0400 F6000.0 ; Z-hop up
G0 X79.3430 Y55.2070 F6000.0 ; Travel to new path
G0 Z0.0400 F6000.0 ; Z-hop down
G1 X79.4830 Y55.0470 Z0.0400 F5142.9 ; Width: 0.350mm
G0 Z1.0400 F6000.0 ; Z-hop up
G0 X79.6430 Y55.1870 F6000.0 ; Travel to new path
G0 Z0.0400 F6000.0 ; Z-hop down
G1 X79.5030 Y55.0470 Z0.0400 F5142.9 ; Width: 0.350mm
G1 X79.5030 Y55.0270 Z0.0400 F5142.9 ; Width: 0.350mm
G1 X79.5230 Y50.1870 Z0.0400 F2448.5 ; Width: 0.735mm
G0 Z1.0400 F6000.0 ; Z-hop up
G0 X79.4830 Y45.7270 F6000.0 ; Travel to new path
G0 Z0.0400 F6000.0 ; Z-hop down
G1 X79.4930 Y43.0170 Z0.0400 F1289.1 ; Width: 1.396mm
G1 X79.5030 Y40.3070 Z0.0400 F1083.2 ; Width: 1.662mm
G1 X79.5030 Y40.2870 Z0.0400 F2474.2 ; Width: 0.728mm
G1 X79.6630 Y40.1270 Z0.0400 F2811.0 ; Width: 0.640mm
G1 X79.4830 Y40.2870 Z0.0400 F2814.8 ; Width: 0.639mm
G1 X79.3630 Y40.1470 Z0.0400 F2758.9 ; Width: 0.652mm
G0 Z1.0400 F6000.0 ; Z-hop up
G0 X75.1430 Y38.8470 F6000.0 ; Travel to new path
G0 Z0.0400 F6000.0 ; Z-hop down
G1 X75.1230 Y38.8670 Z0.0400 F3167.9 ; Width: 0.568mm
G0 Z1.0400 F6000.0 ; Z-hop up
G0 X87.0830 Y40.1670 F6000.0 ; Travel to new path
G0 Z0.0400 F6000.0 ; Z-hop down
M118 P0 S"45" ; Sync timer (Travel)
G1 X87.0830 Y39.9670 Z0.0400 F3291.3 ; Width: 0.547mm
G1 X87.1230 Y39.9270 Z0.0400 F3223.7 ; Width: 0.558mm
G0 Z1.0400 F6000.0 ; Z-hop up
G0 X90.1430 Y39.9070 F6000.0 ; Travel to new path
G0 Z0.0400 F6000.0 ; Z-hop down
G1 X90.1430 Y39.9870 Z0.0400 F3318.0 ; Width: 0.542mm
G0 Z1.0400 F6000.0 ; Z-hop up
G0 X93.8430 Y41.4270 F6000.0 ; Travel to new path
G0 Z0.0400 F6000.0 ; Z-hop down
G1 X93.9630 Y40.8270 Z0.0400 F2828.0 ; Width: 0.636mm
G1 X93.9630 Y40.8070 Z0.0400 F2633.2 ; Width: 0.684mm
G1 X93.8630 Y40.6470 Z0.0400 F2907.1 ; Width: 0.619mm
G1 X93.9830 Y40.8070 Z0.0400 F2927.4 ; Width: 0.615mm
G1 X94.1830 Y40.7070 Z0.0400 F3021.8 ; Width: 0.596mm
G0 Z1.0400 F6000.0 ; Z-hop up
G0 X94.6030 Y37.2872 F6000.0 ; Travel to new path
G0 Z0.0400 F6000.0 ; Z-hop down
G1 X94.5630 Y37.2872 Z0.0400 F5142.9 ; Width: 0.350mm
G1 X94.5430 Y37.2673 Z0.0400 F5142.9 ; Width: 0.350mm
G1 X94.4630 Y37.2670 Z0.0400 F5142.9 ; Width: 0.350mm
G1 X94.4430 Y37.2471 Z0.0400 F5142.9 ; Width: 0.350mm
G1 X94.4230 Y37.2470 Z0.0400 F5142.9 ; Width: 0.350mm
G1 X94.3830 Y37.2071 Z0.0400 F5142.9 ; Width: 0.350mm
G1 X94.3630 Y37.2070 Z0.0400 F5142.9 ; Width: 0.350mm
G1 X94.3430 Y37.1871 Z0.0400 F5142.9 ; Width: 0.350mm
G1 X94.3230 Y37.1870 Z0.0400 F5142.9 ; Width: 0.350mm
G1 X94.3030 Y37.1671 Z0.0400 F5142.9 ; Width: 0.350mm
G1 X94.2830 Y37.1670 Z0.0400 F5142.9 ; Width: 0.350mm
G1 X94.2630 Y37.1471 Z0.0400 F5142.9 ; Width: 0.350mm
G1 X94.2430 Y37.1471 Z0.0400 F5142.9 ; Width: 0.350mm
G1 X94.2230 Y37.1271 Z0.0400 F5142.9 ; Width: 0.350mm
G1 X94.1830 Y37.1270 Z0.0400 F5142.9 ; Width: 0.350mm
G1 X94.1630 Y37.1071 Z0.0400 F5142.9 ; Width: 0.350mm
G1 X94.1430 Y37.1070 Z0.0400 F5142.9 ; Width: 0.350mm
G1 X94.1230 Y37.0871 Z0.0400 F5142.9 ; Width: 0.350mm
G1 X94.1030 Y37.0870 Z0.0400 F5142.9 ; Width: 0.350mm
G1 X94.0830 Y37.0671 Z0.0400 F5142.9 ; Width: 0.350mm
G1 X94.0430 Y37.0670 Z0.0400 F5142.9 ; Width: 0.350mm
G1 X94.0230 Y37.0471 Z0.0400 F5142.9 ; Width: 0.350mm
G1 X93.9830 Y37.0470 Z0.0400 F5142.9 ; Width: 0.350mm
G1 X93.9630 Y37.0271 Z0.0400 F5142.9 ; Width: 0.350mm
G1 X93.9430 Y37.0270 Z0.0400 F5142.9 ; Width: 0.350mm
G1 X93.9230 Y37.0071 Z0.0400 F5142.9 ; Width: 0.350mm
G1 X93.8830 Y37.0070 Z0.0400 F5142.9 ; Width: 0.350mm
G1 X93.8630 Y36.9871 Z0.0400 F5142.9 ; Width: 0.350mm
G1 X93.8030 Y36.9870 Z0.0400 F5142.9 ; Width: 0.350mm
G1 X93.7830 Y36.9671 Z0.0400 F5142.9 ; Width: 0.350mm
G1 X93.7430 Y36.9670 Z0.0400 F5142.9 ; Width: 0.350mm
G1 X93.7230 Y36.9471 Z0.0400 F5142.9 ; Width: 0.350mm
G1 X93.6630 Y36.9470 Z0.0400 F5142.9 ; Width: 0.350mm
G1 X93.6430 Y36.9271 Z0.0400 F5142.9 ; Width: 0.350mm
G1 X93.5830 Y36.9270 Z0.0400 F5142.9 ; Width: 0.350mm
G1 X93.5630 Y36.9071 Z0.0400 F5142.9 ; Width: 0.350mm
G1 X93.4630 Y36.9070 Z0.0400 F5142.9 ; Width: 0.350mm
G1 X93.4430 Y36.8871 Z0.0400 F5142.9 ; Width: 0.350mm
G1 X93.3430 Y36.8870 Z0.0400 F5142.9 ; Width: 0.350mm
G1 X93.3230 Y36.8671 Z0.0400 F5142.9 ; Width: 0.350mm
G1 X93.1630 Y36.8670 Z0.0400 F5142.9 ; Width: 0.350mm
G1 X93.1430 Y36.8471 Z0.0400 F5142.9 ; Width: 0.350mm
G1 X90.8830 Y36.8471 Z0.0400 F1592.9 ; Width: 1.130mm
G1 X90.8630 Y36.8670 Z0.0400 F5142.9 ; Width: 0.350mm
G1 X90.7030 Y36.8671 Z0.0400 F5142.9 ; Width: 0.350mm
G1 X90.6830 Y36.8870 Z0.0400 F5142.9 ; Width: 0.350mm
G1 X90.5830 Y36.8871 Z0.0400 F5142.9 ; Width: 0.350mm
G1 X90.5630 Y36.9070 Z0.0400 F5142.9 ; Width: 0.350mm
G1 X90.4630 Y36.9071 Z0.0400 F5142.9 ; Width: 0.350mm
G1 X90.4430 Y36.9270 Z0.0400 F5142.9 ; Width: 0.350mm
G1 X90.3830 Y36.9271 Z0.0400 F5142.9 ; Width: 0.350mm
G1 X90.3630 Y36.9470 Z0.0400 F5142.9 ; Width: 0.350mm
G1 X90.3030 Y36.9471 Z0.0400 F5142.9 ; Width: 0.350mm
G1 X90.2830 Y36.9670 Z0.0400 F5142.9 ; Width: 0.350mm
G1 X90.2030 Y36.9672 Z0.0400 F5142.9 ; Width: 0.350mm
G1 X90.1830 Y36.9871 Z0.0400 F5142.9 ; Width: 0.350mm
G1 X90.1630 Y36.9871 Z0.0400 F5142.9 ; Width: 0.350mm
G1 X90.1230 Y36.9871 Z0.0400 F5142.9 ; Width: 0.350mm
G1 X90.1030 Y36.9672 Z0.0400 F5142.9 ; Width: 0.350mm
G1 X90.0230 Y36.9670 Z0.0400 F5142.9 ; Width: 0.350mm
G1 X90.0030 Y36.9471 Z0.0400 F5142.9 ; Width: 0.350mm
G1 X89.9430 Y36.9470 Z0.0400 F5142.9 ; Width: 0.350mm
G1 X89.9230 Y36.9271 Z0.0400 F5142.9 ; Width: 0.350mm
G1 X89.8630 Y36.9270 Z0.0400 F5142.9 ; Width: 0.350mm
G1 X89.8430 Y36.9071 Z0.0400 F5142.9 ; Width: 0.350mm
G1 X89.7430 Y36.9070 Z0.0400 F5142.9 ; Width: 0.350mm
G1 X89.7230 Y36.8871 Z0.0400 F5142.9 ; Width: 0.350mm
G1 X89.6230 Y36.8870 Z0.0400 F5142.9 ; Width: 0.350mm
G1 X89.6030 Y36.8671 Z0.0400 F5142.9 ; Width: 0.350mm
G1 X89.4430 Y36.8670 Z0.0400 F5142.9 ; Width: 0.350mm
G1 X89.4230 Y36.8471 Z0.0400 F5142.9 ; Width: 0.350mm
G1 X87.8630 Y36.8471 Z0.0400 F2307.7 ; Width: 0.780mm
G1 X87.8430 Y36.8670 Z0.0400 F5142.9 ; Width: 0.350mm
G1 X87.6830 Y36.8671 Z0.0400 F5142.9 ; Width: 0.350mm
G1 X87.6630 Y36.8870 Z0.0400 F5142.9 ; Width: 0.350mm
G1 X87.5630 Y36.8871 Z0.0400 F5142.9 ; Width: 0.350mm
G1 X87.5430 Y36.9070 Z0.0400 F5142.9 ; Width: 0.350mm
G1 X87.4430 Y36.9071 Z0.0400 F5142.9 ; Width: 0.350mm
G1 X87.4230 Y36.9270 Z0.0400 F5142.9 ; Width: 0.350mm
G1 X87.3630 Y36.9271 Z0.0400 F5142.9 ; Width: 0.350mm
G1 X87.3430 Y36.9470 Z0.0400 F5142.9 ; Width: 0.350mm
G1 X87.2830 Y36.9471 Z0.0400 F5142.9 ; Width: 0.350mm
G1 X87.2630 Y36.9670 Z0.0400 F5142.9 ; Width: 0.350mm
G1 X87.1830 Y36.9672 Z0.0400 F5142.9 ; Width: 0.350mm
G1 X87.1630 Y36.9871 Z0.0400 F5142.9 ; Width: 0.350mm
G1 X87.1230 Y36.9872 Z0.0400 F5142.9 ; Width: 0.350mm
G1 X87.0630 Y36.9871 Z0.0400 F5142.9 ; Width: 0.350mm
G1 X87.0430 Y36.9672 Z0.0400 F5142.9 ; Width: 0.350mm
G1 X86.9630 Y36.9670 Z0.0400 F5142.9 ; Width: 0.350mm
G1 X86.9430 Y36.9471 Z0.0400 F5142.9 ; Width: 0.350mm
G1 X86.8830 Y36.9470 Z0.0400 F5142.9 ; Width: 0.350mm
G1 X86.8630 Y36.9271 Z0.0400 F5142.9 ; Width: 0.350mm
G1 X86.8030 Y36.9270 Z0.0400 F5142.9 ; Width: 0.350mm
G1 X86.7830 Y36.9071 Z0.0400 F5142.9 ; Width: 0.350mm
G1 X86.6830 Y36.9070 Z0.0400 F5142.9 ; Width: 0.350mm
G1 X86.6630 Y36.8871 Z0.0400 F5142.9 ; Width: 0.350mm
G1 X86.5630 Y36.8870 Z0.0400 F5142.9 ; Width: 0.350mm
G1 X86.5430 Y36.8671 Z0.0400 F5142.9 ; Width: 0.350mm
G1 X86.3830 Y36.8670 Z0.0400 F5142.9 ; Width: 0.350mm
G1 X86.3630 Y36.8471 Z0.0400 F5142.9 ; Width: 0.350mm
G1 X84.1230 Y36.8471 Z0.0400 F1607.1 ; Width: 1.120mm
G1 X84.1030 Y36.8670 Z0.0400 F5142.9 ; Width: 0.350mm
G1 X83.9430 Y36.8671 Z0.0400 F5142.9 ; Width: 0.350mm
G1 X83.9230 Y36.8870 Z0.0400 F5142.9 ; Width: 0.350mm
G1 X83.8230 Y36.8871 Z0.0400 F5142.9 ; Width: 0.350mm
G1 X83.8030 Y36.9070 Z0.0400 F5142.9 ; Width: 0.350mm
G1 X83.7030 Y36.9071 Z0.0400 F5142.9 ; Width: 0.350mm
G1 X83.6830 Y36.9270 Z0.0400 F5142.9 ; Width: 0.350mm
G1 X83.6030 Y36.9271 Z0.0400 F5142.9 ; Width: 0.350mm
G1 X83.5830 Y36.9470 Z0.0400 F5142.9 ; Width: 0.350mm
G1 X83.5230 Y36.9471 Z0.0400 F5142.9 ; Width: 0.350mm
G1 X83.4430 Y36.9470 Z0.0400 F5142.9 ; Width: 0.350mm
G1 X83.4230 Y36.9271 Z0.0400 F5142.9 ; Width: 0.350mm
G1 X83.3430 Y36.9270 Z0.0400 F5142.9 ; Width: 0.350mm
G1 X83.3230 Y36.9071 Z0.0400 F5142.9 ; Width: 0.350mm
G1 X83.2230 Y36.9070 Z0.0400 F5142.9 ; Width: 0.350mm
G1 X83.2030 Y36.8871 Z0.0400 F5142.9 ; Width: 0.350mm
G1 X83.1030 Y36.8870 Z0.0400 F5142.9 ; Width: 0.350mm
G1 X83.0830 Y36.8671 Z0.0400 F5142.9 ; Width: 0.350mm
G1 X82.9230 Y36.8670 Z0.0400 F5142.9 ; Width: 0.350mm
G1 X82.9030 Y36.8471 Z0.0400 F5142.9 ; Width: 0.350mm
M118 P0 S"46" ; Sync timer
G1 X80.4230 Y36.8471 Z0.0400 F1451.6 ; Width: 1.240mm
G1 X80.4030 Y36.8670 Z0.0400 F5142.9 ; Width: 0.350mm
G1 X80.2430 Y36.8671 Z0.0400 F5142.9 ; Width: 0.350mm
G1 X80.2230 Y36.8870 Z0.0400 F5142.9 ; Width: 0.350mm
G1 X80.1230 Y36.8871 Z0.0400 F5142.9 ; Width: 0.350mm
G1 X80.1030 Y36.9070 Z0.0400 F5142.9 ; Width: 0.350mm
G1 X80.0030 Y36.9071 Z0.0400 F5142.9 ; Width: 0.350mm
G1 X79.9830 Y36.9270 Z0.0400 F5142.9 ; Width: 0.350mm
G1 X79.9230 Y36.9271 Z0.0400 F5142.9 ; Width: 0.350mm
G1 X79.9030 Y36.9470 Z0.0400 F5142.9 ; Width: 0.350mm
G1 X79.8430 Y36.9471 Z0.0400 F5142.9 ; Width: 0.350mm
G1 X79.8230 Y36.9670 Z0.0400 F5142.9 ; Width: 0.350mm
G1 X79.7830 Y36.9671 Z0.0400 F5142.9 ; Width: 0.350mm
G1 X79.7630 Y36.9870 Z0.0400 F5142.9 ; Width: 0.350mm
G1 X79.7030 Y36.9871 Z0.0400 F5142.9 ; Width: 0.350mm
G1 X79.6830 Y37.0070 Z0.0400 F5142.9 ; Width: 0.350mm
G1 X79.6430 Y37.0071 Z0.0400 F5142.9 ; Width: 0.350mm
G1 X79.6230 Y37.0270 Z0.0400 F5142.9 ; Width: 0.350mm
G1 X79.5430 Y37.0272 Z0.0400 F5142.9 ; Width: 0.350mm
G1 X79.5230 Y37.0471 Z0.0400 F5142.9 ; Width: 0.350mm
G1 X79.5030 Y37.0472 Z0.0400 F5142.9 ; Width: 0.350mm
G1 X79.4830 Y37.0471 Z0.0400 F5142.9 ; Width: 0.350mm
G1 X79.4630 Y37.0272 Z0.0400 F5142.9 ; Width: 0.350mm
G1 X79.3830 Y37.0270 Z0.0400 F5142.9 ; Width: 0.350mm
G1 X79.3630 Y37.0071 Z0.0400 F5142.9 ; Width: 0.350mm
G1 X79.3230 Y37.0070 Z0.0400 F5142.9 ; Width: 0.350mm
G1 X79.3030 Y36.9871 Z0.0400 F5142.9 ; Width: 0.350mm
G1 X79.2430 Y36.9870 Z0.0400 F5142.9 ; Width: 0.350mm
G1 X79.2230 Y36.9671 Z0.0400 F5142.9 ; Width: 0.350mm
G1 X79.1830 Y36.9670 Z0.0400 F5142.9 ; Width: 0.350mm
G1 X79.1630 Y36.9471 Z0.0400 F5142.9 ; Width: 0.350mm
G1 X79.1030 Y36.9470 Z0.0400 F5142.9 ; Width: 0.350mm
G1 X79.0830 Y36.9271 Z0.0400 F5142.9 ; Width: 0.350mm
G1 X79.0230 Y36.9270 Z0.0400 F5142.9 ; Width: 0.350mm
G1 X79.0030 Y36.9071 Z0.0400 F5142.9 ; Width: 0.350mm
G1 X78.9030 Y36.9070 Z0.0400 F5142.9 ; Width: 0.350mm
G1 X78.8830 Y36.8871 Z0.0400 F5142.9 ; Width: 0.350mm
G1 X78.7830 Y36.8870 Z0.0400 F5142.9 ; Width: 0.350mm
G1 X78.7630 Y36.8671 Z0.0400 F5142.9 ; Width: 0.350mm
G1 X78.6030 Y36.8670 Z0.0400 F5142.9 ; Width: 0.350mm
G1 X78.5830 Y36.8471 Z0.0400 F5142.9 ; Width: 0.350mm
G1 X76.9630 Y36.8471 Z0.0400 F2540.1 ; Width: 0.709mm
G1 X76.9430 Y36.8272 Z0.0400 F5142.9 ; Width: 0.350mm
G1 X76.8630 Y36.8272 Z0.0400 F5142.9 ; Width: 0.350mm
G1 X76.8430 Y36.8073 Z0.0400 F5142.9 ; Width: 0.350mm
G1 X76.8230 Y36.8073 Z0.0400 F5142.9 ; Width: 0.350mm
G1 X76.7228 Y36.7070 Z0.0400 F5142.9 ; Width: 0.350mm
G1 X76.7228 Y36.6670 Z0.0400 F5142.9 ; Width: 0.350mm
G1 X76.7029 Y36.6470 Z0.0400 F5142.9 ; Width: 0.350mm
G1 X76.7029 Y34.9270 Z0.0400 F2506.7 ; Width: 0.718mm
G1 X76.7228 Y34.9070 Z0.0400 F5142.9 ; Width: 0.350mm
G1 X76.7228 Y34.8670 Z0.0400 F5142.9 ; Width: 0.350mm
G1 X76.8230 Y34.7667 Z0.0400 F5142.9 ; Width: 0.350mm
G1 X76.8430 Y34.7667 Z0.0400 F5142.9 ; Width: 0.350mm
G1 X76.8630 Y34.7468 Z0.0400 F5142.9 ; Width: 0.350mm
G1 X76.9430 Y34.7468 Z0.0400 F5142.9 ; Width: 0.350mm
G1 X76.9630 Y34.7269 Z0.0400 F5142.9 ; Width: 0.350mm
G1 X81.6030 Y34.7269 Z0.0400 F1202.9 ; Width: 1.496mm
G1 X86.2430 Y34.7269 Z0.0400 F1257.4 ; Width: 1.432mm
M118 P0 S"47" ; Sync timer
G1 X90.8830 Y34.7269 Z0.0400 F1287.6 ; Width: 1.398mm
G1 X95.5230 Y34.7269 Z0.0400 F1469.7 ; Width: 1.225mm
G1 X100.1630 Y34.7269 Z0.0400 F2534.4 ; Width: 0.710mm
G1 X100.1830 Y34.7468 Z0.0400 F5142.9 ; Width: 0.350mm
G1 X100.2630 Y34.7468 Z0.0400 F5142.9 ; Width: 0.350mm
G1 X100.2830 Y34.7667 Z0.0400 F5142.9 ; Width: 0.350mm
G1 X100.3030 Y34.7667 Z0.0400 F5142.9 ; Width: 0.350mm
G1 X100.4032 Y34.8670 Z0.0400 F5142.9 ; Width: 0.350mm
G1 X100.4032 Y34.9070 Z0.0400 F5142.9 ; Width: 0.350mm
G1 X100.4231 Y34.9270 Z0.0400 F5142.9 ; Width: 0.350mm
G1 X100.4231 Y36.9670 Z0.0400 F2567.2 ; Width: 0.701mm
G1 X100.4032 Y36.9870 Z0.0400 F5142.9 ; Width: 0.350mm
G1 X100.4032 Y37.0270 Z0.0400 F5142.9 ; Width: 0.350mm
G1 X100.3030 Y37.1278 Z0.0400 F5142.9 ; Width: 0.350mm
G1 X100.2830 Y37.1278 Z0.0400 F5142.9 ; Width: 0.350mm
G1 X100.2630 Y37.1476 Z0.0400 F5142.9 ; Width: 0.350mm
G1 X100.1830 Y37.1474 Z0.0400 F5142.9 ; Width: 0.350mm
G1 X100.1630 Y37.1672 Z0.0400 F5142.9 ; Width: 0.350mm
G1 X100.1430 Y37.1672 Z0.0400 F5142.9 ; Width: 0.350mm
G1 X100.1230 Y37.1472 Z0.0400 F5142.9 ; Width: 0.350mm
G1 X100.0430 Y37.1470 Z0.0400 F5142.9 ; Width: 0.350mm
G1 X100.0230 Y37.1271 Z0.0400 F5142.9 ; Width: 0.350mm
G1 X100.0030 Y37.1270 Z0.0400 F5142.9 ; Width: 0.350mm
G1 X99.9830 Y37.1071 Z0.0400 F5142.9 ; Width: 0.350mm
G1 X99.9630 Y37.1071 Z0.0400 F5142.9 ; Width: 0.350mm
G1 X99.9430 Y37.0871 Z0.0400 F5142.9 ; Width: 0.350mm
G1 X99.9030 Y37.0870 Z0.0400 F5142.9 ; Width: 0.350mm
G1 X99.8830 Y37.0671 Z0.0400 F5142.9 ; Width: 0.350mm
G1 X99.8630 Y37.0670 Z0.0400 F5142.9 ; Width: 0.350mm
G1 X99.8430 Y37.0471 Z0.0400 F5142.9 ; Width: 0.350mm
G1 X99.8230 Y37.0470 Z0.0400 F5142.9 ; Width: 0.350mm
G1 X99.8030 Y37.0271 Z0.0400 F5142.9 ; Width: 0.350mm
G1 X99.7630 Y37.0270 Z0.0400 F5142.9 ; Width: 0.350mm
G1 X99.7430 Y37.0071 Z0.0400 F5142.9 ; Width: 0.350mm
G1 X99.7030 Y37.0070 Z0.0400 F5142.9 ; Width: 0.350mm
G1 X99.6830 Y36.9871 Z0.0400 F5142.9 ; Width: 0.350mm
G1 X99.6630 Y36.9870 Z0.0400 F5142.9 ; Width: 0.350mm
G1 X99.6430 Y36.9671 Z0.0400 F5142.9 ; Width: 0.350mm
G1 X99.6030 Y36.9670 Z0.0400 F5142.9 ; Width: 0.350mm
G1 X99.5830 Y36.9471 Z0.0400 F5142.9 ; Width: 0.350mm
G1 X99.5430 Y36.9470 Z0.0400 F5142.9 ; Width: 0.350mm
G1 X99.5230 Y36.9271 Z0.0400 F5142.9 ; Width: 0.350mm
G1 X99.4830 Y36.9270 Z0.0400 F5142.9 ; Width: 0.350mm
G1 X99.4630 Y36.9071 Z0.0400 F5142.9 ; Width: 0.350mm
G1 X99.4030 Y36.9070 Z0.0400 F5142.9 ; Width: 0.350mm
G1 X99.3830 Y36.8871 Z0.0400 F5142.9 ; Width: 0.350mm
G1 X99.3430 Y36.8870 Z0.0400 F5142.9 ; Width: 0.350mm
G1 X99.3230 Y36.8671 Z0.0400 F5142.9 ; Width: 0.350mm
G1 X99.2630 Y36.8670 Z0.0400 F5142.9 ; Width: 0.350mm
G1 X99.2430 Y36.8471 Z0.0400 F5142.9 ; Width: 0.350mm
G1 X99.1830 Y36.8470 Z0.0400 F5142.9 ; Width: 0.350mm
G1 X99.1630 Y36.8271 Z0.0400 F5142.9 ; Width: 0.350mm
G1 X99.1230 Y36.8270 Z0.0400 F5142.9 ; Width: 0.350mm
G1 X99.1030 Y36.8071 Z0.0400 F5142.9 ; Width: 0.350mm
G1 X99.0430 Y36.8070 Z0.0400 F5142.9 ; Width: 0.350mm
G1 X99.0230 Y36.7871 Z0.0400 F5142.9 ; Width: 0.350mm
G1 X98.9630 Y36.7870 Z0.0400 F5142.9 ; Width: 0.350mm
G1 X98.9430 Y36.7671 Z0.0400 F5142.9 ; Width: 0.350mm
G1 X98.8630 Y36.7670 Z0.0400 F5142.9 ; Width: 0.350mm
G1 X98.8430 Y36.7471 Z0.0400 F5142.9 ; Width: 0.350mm
G1 X98.7630 Y36.7470 Z0.0400 F5142.9 ; Width: 0.350mm
G1 X98.7430 Y36.7271 Z0.0400 F5142.9 ; Width: 0.350mm
G1 X98.6430 Y36.7270 Z0.0400 F5142.9 ; Width: 0.350mm
G1 X98.6230 Y36.7071 Z0.0400 F5142.9 ; Width: 0.350mm
G1 X98.5230 Y36.7070 Z0.0400 F5142.9 ; Width: 0.350mm
G1 X98.5030 Y36.6871 Z0.0400 F5142.9 ; Width: 0.350mm
G1 X98.3630 Y36.6870 Z0.0400 F5142.9 ; Width: 0.350mm
G1 X98.3430 Y36.6671 Z0.0400 F5142.9 ; Width: 0.350mm
G1 X98.1830 Y36.6670 Z0.0400 F5142.9 ; Width: 0.350mm
G1 X98.1630 Y36.6471 Z0.0400 F5142.9 ; Width: 0.350mm
G1 X97.9430 Y36.6470 Z0.0400 F5142.9 ; Width: 0.350mm
G1 X97.9230 Y36.6271 Z0.0400 F5142.9 ; Width: 0.350mm
G1 X97.0830 Y36.6271 Z0.0400 F4285.7 ; Width: 0.420mm
G1 X97.0630 Y36.6470 Z0.0400 F5142.9 ; Width: 0.350mm
G1 X96.8430 Y36.6471 Z0.0400 F5142.9 ; Width: 0.350mm
G1 X96.8230 Y36.6670 Z0.0400 F5142.9 ; Width: 0.350mm
G1 X96.6630 Y36.6671 Z0.0400 F5142.9 ; Width: 0.350mm
G1 X96.6430 Y36.6870 Z0.0400 F5142.9 ; Width: 0.350mm
G1 X96.5030 Y36.6871 Z0.0400 F5142.9 ; Width: 0.350mm
G1 X96.4830 Y36.7070 Z0.0400 F5142.9 ; Width: 0.350mm
G1 X96.3830 Y36.7071 Z0.0400 F5142.9 ; Width: 0.350mm
G1 X96.3630 Y36.7270 Z0.0400 F5142.9 ; Width: 0.350mm
G1 X96.2630 Y36.7271 Z0.0400 F5142.9 ; Width: 0.350mm
G1 X96.2430 Y36.7470 Z0.0400 F5142.9 ; Width: 0.350mm
G1 X96.1630 Y36.7471 Z0.0400 F5142.9 ; Width: 0.350mm
G1 X96.1430 Y36.7670 Z0.0400 F5142.9 ; Width: 0.350mm
G1 X96.0630 Y36.7671 Z0.0400 F5142.9 ; Width: 0.350mm
G1 X96.0430 Y36.7870 Z0.0400 F5142.9 ; Width: 0.350mm
G1 X95.9830 Y36.7871 Z0.0400 F5142.9 ; Width: 0.350mm
G1 X95.9630 Y36.8070 Z0.0400 F5142.9 ; Width: 0.350mm
G1 X95.9030 Y36.8071 Z0.0400 F5142.9 ; Width: 0.350mm
G1 X95.8830 Y36.8270 Z0.0400 F5142.9 ; Width: 0.350mm
G1 X95.8430 Y36.8271 Z0.0400 F5142.9 ; Width: 0.350mm
G1 X95.8230 Y36.8470 Z0.0400 F5142.9 ; Width: 0.350mm
G1 X95.7630 Y36.8471 Z0.0400 F5142.9 ; Width: 0.350mm
G1 X95.7430 Y36.8670 Z0.0400 F5142.9 ; Width: 0.350mm
G1 X95.6830 Y36.8671 Z0.0400 F5142.9 ; Width: 0.350mm
G1 X95.6630 Y36.8870 Z0.0400 F5142.9 ; Width: 0.350mm
G1 X95.6230 Y36.8871 Z0.0400 F5142.9 ; Width: 0.350mm
G1 X95.6030 Y36.9070 Z0.0400 F5142.9 ; Width: 0.350mm
G1 X95.5430 Y36.9071 Z0.0400 F5142.9 ; Width: 0.350mm
G1 X95.5230 Y36.9270 Z0.0400 F5142.9 ; Width: 0.350mm
G1 X95.4830 Y36.9271 Z0.0400 F5142.9 ; Width: 0.350mm
G1 X95.4630 Y36.9470 Z0.0400 F5142.9 ; Width: 0.350mm
G1 X95.4230 Y36.9471 Z0.0400 F5142.9 ; Width: 0.350mm
G1 X95.4030 Y36.9670 Z0.0400 F5142.9 ; Width: 0.350mm
G1 X95.3630 Y36.9671 Z0.0400 F5142.9 ; Width: 0.350mm
G1 X95.3430 Y36.9870 Z0.0400 F5142.9 ; Width: 0.350mm
G1 X95.3230 Y36.9871 Z0.0400 F5142.9 ; Width: 0.350mm
G1 X95.3030 Y37.0070 Z0.0400 F5142.9 ; Width: 0.350mm
G1 X95.2630 Y37.0071 Z0.0400 F5142.9 ; Width: 0.350mm
G1 X95.2430 Y37.0270 Z0.0400 F5142.9 ; Width: 0.350mm
G1 X95.2030 Y37.0271 Z0.0400 F5142.9 ; Width: 0.350mm
G1 X95.1830 Y37.0470 Z0.0400 F5142.9 ; Width: 0.350mm
G1 X95.1630 Y37.0471 Z0.0400 F5142.9 ; Width: 0.350mm
G1 X95.1430 Y37.0670 Z0.0400 F5142.9 ; Width: 0.350mm
G1 X95.1230 Y37.0671 Z0.0400 F5142.9 ; Width: 0.350mm
G1 X95.1030 Y37.0870 Z0.0400 F5142.9 ; Width: 0.350mm
G1 X95.0630 Y37.0871 Z0.0400 F5142.9 ; Width: 0.350mm
G1 X95.0430 Y37.1071 Z0.0400 F5142.9 ; Width: 0.350mm
G1 X95.0230 Y37.1071 Z0.0400 F5142.9 ; Width: 0.350mm
G1 X95.0030 Y37.1270 Z0.0400 F5142.9 ; Width: 0.350mm
G1 X94.9830 Y37.1271 Z0.0400 F5142.9 ; Width: 0.350mm
G1 X94.9630 Y37.1470 Z0.0400 F5142.9 ; Width: 0.350mm
G1 X94.9430 Y37.1471 Z0.0400 F5142.9 ; Width: 0.350mm
G1 X94.9230 Y37.1670 Z0.0400 F5142.9 ; Width: 0.350mm
G1 X94.8830 Y37.1671 Z0.0400 F5142.9 ; Width: 0.350mm
G1 X94.8630 Y37.1871 Z0.0400 F5142.9 ; Width: 0.350mm
G1 X94.8430 Y37.1871 Z0.0400 F5142.9 ; Width: 0.350mm
G1 X94.8230 Y37.2070 Z0.0400 F5142.9 ; Width: 0.350mm
G1 X94.8030 Y37.2071 Z0.0400 F5142.9 ; Width: 0.350mm
G1 X94.7830 Y37.2270 Z0.0400 F5142.9 ; Width: 0.350mm
G1 X94.7630 Y37.2271 Z0.0400 F5142.9 ; Width: 0.350mm
G1 X94.7430 Y37.2470 Z0.0400 F5142.9 ; Width: 0.350mm
G1 X94.7230 Y37.2471 Z0.0400 F5142.9 ; Width: 0.350mm
G1 X94.7030 Y37.2670 Z0.0400 F5142.9 ; Width: 0.350mm
G1 X94.6230 Y37.2673 Z0.0400 F5142.9 ; Width: 0.350mm
G1 X94.6030 Y37.2872 Z0.0400 F5142.9 ; Width: 0.350mm
G0 Z1.0400 F6000.0 ; Z-hop up
G0 X94.6030 Y37.2872 F6000.0 ; Travel to new path
G0 Z0.0400 F6000.0 ; Z-hop down
G1 X94.5630 Y37.2872 Z0.0400 F5142.9 ; Width: 0.350mm
G1 X94.5430 Y37.2673 Z0.0400 F5142.9 ; Width: 0.350mm
G1 X94.4630 Y37.2670 Z0.0400 F5142.9 ; Width: 0.350mm
G1 X94.4430 Y37.2471 Z0.0400 F5142.9 ; Width: 0.350mm
G1 X94.4230 Y37.2470 Z0.0400 F5142.9 ; Width: 0.350mm
G1 X94.3830 Y37.2071 Z0.0400 F5142.9 ; Width: 0.350mm
G1 X94.3630 Y37.2070 Z0.0400 F5142.9 ; Width: 0.350mm
G1 X94.3430 Y37.1871 Z0.0400 F5142.9 ; Width: 0.350mm
G1 X94.3230 Y37.1870 Z0.0400 F5142.9 ; Width: 0.350mm
G1 X94.3030 Y37.1671 Z0.0400 F5142.9 ; Width: 0.350mm
G1 X94.2830 Y37.1670 Z0.0400 F5142.9 ; Width: 0.350mm
G1 X94.2630 Y37.1471 Z0.0400 F5142.9 ; Width: 0.350mm
G1 X94.2430 Y37.1471 Z0.0400 F5142.9 ; Width: 0.350mm
G1 X94.2230 Y37.1271 Z0.0400 F5142.9 ; Width: 0.350mm
G1 X94.1830 Y37.1270 Z0.0400 F5142.9 ; Width: 0.350mm
G1 X94.1630 Y37.1071 Z0.0400 F5142.9 ; Width: 0.350mm
G1 X94.1430 Y37.1070 Z0.0400 F5142.9 ; Width: 0.350mm
G1 X94.1230 Y37.0871 Z0.0400 F5142.9 ; Width: 0.350mm
G1 X94.1030 Y37.0870 Z0.0400 F5142.9 ; Width: 0.350mm
G1 X94.0830 Y37.0671 Z0.0400 F5142.9 ; Width: 0.350mm
G1 X94.0430 Y37.0670 Z0.0400 F5142.9 ; Width: 0.350mm
G1 X94.0230 Y37.0471 Z0.0400 F5142.9 ; Width: 0.350mm
G1 X93.9830 Y37.0470 Z0.0400 F5142.9 ; Width: 0.350mm
G1 X93.9630 Y37.0271 Z0.0400 F5142.9 ; Width: 0.350mm
G1 X93.9430 Y37.0270 Z0.0400 F5142.9 ; Width: 0.350mm
G1 X93.9230 Y37.0071 Z0.0400 F5142.9 ; Width: 0.350mm
G1 X93.8830 Y37.0070 Z0.0400 F5142.9 ; Width: 0.350mm
G1 X93.8630 Y36.9871 Z0.0400 F5142.9 ; Width: 0.350mm
G1 X93.8030 Y36.9870 Z0.0400 F5142.9 ; Width: 0.350mm
G1 X93.7830 Y36.9671 Z0.0400 F5142.9 ; Width: 0.350mm
G1 X93.7430 Y36.9670 Z0.0400 F5142.9 ; Width: 0.350mm
G1 X93.7230 Y36.9471 Z0.0400 F5142.9 ; Width: 0.350mm
G1 X93.6630 Y36.9470 Z0.0400 F5142.9 ; Width: 0.350mm
G1 X93.6430 Y36.9271 Z0.0400 F5142.9 ; Width: 0.350mm
G1 X93.5830 Y36.9270 Z0.0400 F5142.9 ; Width: 0.350mm
G1 X93.5630 Y36.9071 Z0.0400 F5142.9 ; Width: 0.350mm
G1 X93.4630 Y36.9070 Z0.0400 F5142.9 ; Width: 0.350mm
G1 X93.4430 Y36.8871 Z0.0400 F5142.9 ; Width: 0.350mm
G1 X93.3430 Y36.8870 Z0.0400 F5142.9 ; Width: 0.350mm
G1 X93.3230 Y36.8671 Z0.0400 F5142.9 ; Width: 0.350mm
G1 X93.1630 Y36.8670 Z0.0400 F5142.9 ; Width: 0.350mm
G1 X93.1430 Y36.8471 Z0.0400 F5142.9 ; Width: 0.350mm
G1 X90.8830 Y36.8471 Z0.0400 F1592.9 ; Width: 1.130mm
G1 X90.8630 Y36.8670 Z0.0400 F5142.9 ; Width: 0.350mm
G1 X90.7030 Y36.8671 Z0.0400 F5142.9 ; Width: 0.350mm
G1 X90.6830 Y36.8870 Z0.0400 F5142.9 ; Width: 0.350mm
G1 X90.5830 Y36.8871 Z0.0400 F5142.9 ; Width: 0.350mm
G1 X90.5630 Y36.9070 Z0.0400 F5142.9 ; Width: 0.350mm
G1 X90.4630 Y36.9071 Z0.0400 F5142.9 ; Width: 0.350mm
G1 X90.4430 Y36.9270 Z0.0400 F5142.9 ; Width: 0.350mm
G1 X90.3830 Y36.9271 Z0.0400 F5142.9 ; Width: 0.350mm
G1 X90.3630 Y36.9470 Z0.0400 F5142.9 ; Width: 0.350mm
G1 X90.3030 Y36.9471 Z0.0400 F5142.9 ; Width: 0.350mm
G1 X90.2830 Y36.9670 Z0.0400 F5142.9 ; Width: 0.350mm
G1 X90.2030 Y36.9672 Z0.0400 F5142.9 ; Width: 0.350mm
G1 X90.1830 Y36.9871 Z0.0400 F5142.9 ; Width: 0.350mm
G1 X90.1630 Y36.9871 Z0.0400 F5142.9 ; Width: 0.350mm
G1 X90.1230 Y36.9871 Z0.0400 F5142.9 ; Width: 0.350mm
G1 X90.1030 Y36.9672 Z0.0400 F5142.9 ; Width: 0.350mm
G1 X90.0230 Y36.9670 Z0.0400 F5142.9 ; Width: 0.350mm
G1 X90.0030 Y36.9471 Z0.0400 F5142.9 ; Width: 0.350mm
G1 X89.9430 Y36.9470 Z0.0400 F5142.9 ; Width: 0.350mm
G1 X89.9230 Y36.9271 Z0.0400 F5142.9 ; Width: 0.350mm
G1 X89.8630 Y36.9270 Z0.0400 F5142.9 ; Width: 0.350mm
G1 X89.8430 Y36.9071 Z0.0400 F5142.9 ; Width: 0.350mm
G1 X89.7430 Y36.9070 Z0.0400 F5142.9 ; Width: 0.350mm
G1 X89.7230 Y36.8871 Z0.0400 F5142.9 ; Width: 0.350mm
G1 X89.6230 Y36.8870 Z0.0400 F5142.9 ; Width: 0.350mm
G1 X89.6030 Y36.8671 Z0.0400 F5142.9 ; Width: 0.350mm
G1 X89.4430 Y36.8670 Z0.0400 F5142.9 ; Width: 0.350mm
G1 X89.4230 Y36.8471 Z0.0400 F5142.9 ; Width: 0.350mm
M118 P0 S"48" ; Sync timer
G1 X87.8630 Y36.8471 Z0.0400 F2307.7 ; Width: 0.780mm
G1 X87.8430 Y36.8670 Z0.0400 F5142.9 ; Width: 0.350mm
G1 X87.6830 Y36.8671 Z0.0400 F5142.9 ; Width: 0.350mm
G1 X87.6630 Y36.8870 Z0.0400 F5142.9 ; Width: 0.350mm
G1 X87.5630 Y36.8871 Z0.0400 F5142.9 ; Width: 0.350mm
G1 X87.5430 Y36.9070 Z0.0400 F5142.9 ; Width: 0.350mm
G1 X87.4430 Y36.9071 Z0.0400 F5142.9 ; Width: 0.350mm
G1 X87.4230 Y36.9270 Z0.0400 F5142.9 ; Width: 0.350mm
G1 X87.3630 Y36.9271 Z0.0400 F5142.9 ; Width: 0.350mm
G1 X87.3430 Y36.9470 Z0.0400 F5142.9 ; Width: 0.350mm
G1 X87.2830 Y36.9471 Z0.0400 F5142.9 ; Width: 0.350mm
G1 X87.2630 Y36.9670 Z0.0400 F5142.9 ; Width: 0.350mm
G1 X87.1830 Y36.9672 Z0.0400 F5142.9 ; Width: 0.350mm
G1 X87.1630 Y36.9871 Z0.0400 F5142.9 ; Width: 0.350mm
G1 X87.1230 Y36.9872 Z0.0400 F5142.9 ; Width: 0.350mm
G1 X87.0630 Y36.9871 Z0.0400 F5142.9 ; Width: 0.350mm
G1 X87.0430 Y36.9672 Z0.0400 F5142.9 ; Width: 0.350mm
G1 X86.9630 Y36.9670 Z0.0400 F5142.9 ; Width: 0.350mm
G1 X86.9430 Y36.9471 Z0.0400 F5142.9 ; Width: 0.350mm
G1 X86.8830 Y36.9470 Z0.0400 F5142.9 ; Width: 0.350mm
G1 X86.8630 Y36.9271 Z0.0400 F5142.9 ; Width: 0.350mm
G1 X86.8030 Y36.9270 Z0.0400 F5142.9 ; Width: 0.350mm
G1 X86.7830 Y36.9071 Z0.0400 F5142.9 ; Width: 0.350mm
G1 X86.6830 Y36.9070 Z0.0400 F5142.9 ; Width: 0.350mm
G1 X86.6630 Y36.8871 Z0.0400 F5142.9 ; Width: 0.350mm
G1 X86.5630 Y36.8870 Z0.0400 F5142.9 ; Width: 0.350mm
G1 X86.5430 Y36.8671 Z0.0400 F5142.9 ; Width: 0.350mm
G1 X86.3830 Y36.8670 Z0.0400 F5142.9 ; Width: 0.350mm
G1 X86.3630 Y36.8471 Z0.0400 F5142.9 ; Width: 0.350mm
G1 X84.1230 Y36.8471 Z0.0400 F1607.1 ; Width: 1.120mm
G1 X84.1030 Y36.8670 Z0.0400 F5142.9 ; Width: 0.350mm
G1 X83.9430 Y36.8671 Z0.0400 F5142.9 ; Width: 0.350mm
G1 X83.9230 Y36.8870 Z0.0400 F5142.9 ; Width: 0.350mm
G1 X83.8230 Y36.8871 Z0.0400 F5142.9 ; Width: 0.350mm
G1 X83.8030 Y36.9070 Z0.0400 F5142.9 ; Width: 0.350mm
G1 X83.7030 Y36.9071 Z0.0400 F5142.9 ; Width: 0.350mm
G1 X83.6830 Y36.9270 Z0.0400 F5142.9 ; Width: 0.350mm
G1 X83.6030 Y36.9271 Z0.0400 F5142.9 ; Width: 0.350mm
G1 X83.5830 Y36.9470 Z0.0400 F5142.9 ; Width: 0.350mm
G1 X83.5230 Y36.9471 Z0.0400 F5142.9 ; Width: 0.350mm
G1 X83.4430 Y36.9470 Z0.0400 F5142.9 ; Width: 0.350mm
G1 X83.4230 Y36.9271 Z0.0400 F5142.9 ; Width: 0.350mm
G1 X83.3430 Y36.9270 Z0.0400 F5142.9 ; Width: 0.350mm
G1 X83.3230 Y36.9071 Z0.0400 F5142.9 ; Width: 0.350mm
G1 X83.2230 Y36.9070 Z0.0400 F5142.9 ; Width: 0.350mm
G1 X83.2030 Y36.8871 Z0.0400 F5142.9 ; Width: 0.350mm
G1 X83.1030 Y36.8870 Z0.0400 F5142.9 ; Width: 0.350mm
G1 X83.0830 Y36.8671 Z0.0400 F5142.9 ; Width: 0.350mm
G1 X82.9230 Y36.8670 Z0.0400 F5142.9 ; Width: 0.350mm
G1 X82.9030 Y36.8471 Z0.0400 F5142.9 ; Width: 0.350mm
G1 X80.4230 Y36.8471 Z0.0400 F1451.6 ; Width: 1.240mm
G1 X80.4030 Y36.8670 Z0.0400 F5142.9 ; Width: 0.350mm
G1 X80.2430 Y36.8671 Z0.0400 F5142.9 ; Width: 0.350mm
G1 X80.2230 Y36.8870 Z0.0400 F5142.9 ; Width: 0.350mm
G1 X80.1230 Y36.8871 Z0.0400 F5142.9 ; Width: 0.350mm
G1 X80.1030 Y36.9070 Z0.0400 F5142.9 ; Width: 0.350mm
G1 X80.0030 Y36.9071 Z0.0400 F5142.9 ; Width: 0.350mm
G1 X79.9830 Y36.9270 Z0.0400 F5142.9 ; Width: 0.350mm
G1 X79.9230 Y36.9271 Z0.0400 F5142.9 ; Width: 0.350mm
G1 X79.9030 Y36.9470 Z0.0400 F5142.9 ; Width: 0.350mm
G1 X79.8430 Y36.9471 Z0.0400 F5142.9 ; Width: 0.350mm
G1 X79.8230 Y36.9670 Z0.0400 F5142.9 ; Width: 0.350mm
G1 X79.7830 Y36.9671 Z0.0400 F5142.9 ; Width: 0.350mm
G1 X79.7630 Y36.9870 Z0.0400 F5142.9 ; Width: 0.350mm
G1 X79.7030 Y36.9871 Z0.0400 F5142.9 ; Width: 0.350mm
G1 X79.6830 Y37.0070 Z0.0400 F5142.9 ; Width: 0.350mm
G1 X79.6430 Y37.0071 Z0.0400 F5142.9 ; Width: 0.350mm
G1 X79.6230 Y37.0270 Z0.0400 F5142.9 ; Width: 0.350mm
G1 X79.5430 Y37.0272 Z0.0400 F5142.9 ; Width: 0.350mm
G1 X79.5230 Y37.0471 Z0.0400 F5142.9 ; Width: 0.350mm
G1 X79.5030 Y37.0472 Z0.0400 F5142.9 ; Width: 0.350mm
G1 X79.4830 Y37.0471 Z0.0400 F5142.9 ; Width: 0.350mm
G1 X79.4630 Y37.0272 Z0.0400 F5142.9 ; Width: 0.350mm
G1 X79.3830 Y37.0270 Z0.0400 F5142.9 ; Width: 0.350mm
G1 X79.3630 Y37.0071 Z0.0400 F5142.9 ; Width: 0.350mm
G1 X79.3230 Y37.0070 Z0.0400 F5142.9 ; Width: 0.350mm
G1 X79.3030 Y36.9871 Z0.0400 F5142.9 ; Width: 0.350mm
G1 X79.2430 Y36.9870 Z0.0400 F5142.9 ; Width: 0.350mm
G1 X79.2230 Y36.9671 Z0.0400 F5142.9 ; Width: 0.350mm
G1 X79.1830 Y36.9670 Z0.0400 F5142.9 ; Width: 0.350mm
G1 X79.1630 Y36.9471 Z0.0400 F5142.9 ; Width: 0.350mm
G1 X79.1030 Y36.9470 Z0.0400 F5142.9 ; Width: 0.350mm
G1 X79.0830 Y36.9271 Z0.0400 F5142.9 ; Width: 0.350mm
G1 X79.0230 Y36.9270 Z0.0400 F5142.9 ; Width: 0.350mm
G1 X79.0030 Y36.9071 Z0.0400 F5142.9 ; Width: 0.350mm
G1 X78.9030 Y36.9070 Z0.0400 F5142.9 ; Width: 0.350mm
G1 X78.8830 Y36.8871 Z0.0400 F5142.9 ; Width: 0.350mm
G1 X78.7830 Y36.8870 Z0.0400 F5142.9 ; Width: 0.350mm
G1 X78.7630 Y36.8671 Z0.0400 F5142.9 ; Width: 0.350mm
G1 X78.6030 Y36.8670 Z0.0400 F5142.9 ; Width: 0.350mm
G1 X78.5830 Y36.8471 Z0.0400 F5142.9 ; Width: 0.350mm
G1 X76.9630 Y36.8471 Z0.0400 F2540.1 ; Width: 0.709mm
G1 X76.9430 Y36.8272 Z0.0400 F5142.9 ; Width: 0.350mm
G1 X76.8630 Y36.8272 Z0.0400 F5142.9 ; Width: 0.350mm
G1 X76.8430 Y36.8073 Z0.0400 F5142.9 ; Width: 0.350mm
G1 X76.8230 Y36.8073 Z0.0400 F5142.9 ; Width: 0.350mm
G1 X76.7228 Y36.7070 Z0.0400 F5142.9 ; Width: 0.350mm
G1 X76.7228 Y36.6670 Z0.0400 F5142.9 ; Width: 0.350mm
G1 X76.7029 Y36.6470 Z0.0400 F5142.9 ; Width: 0.350mm
G1 X76.7029 Y34.9270 Z0.0400 F2506.7 ; Width: 0.718mm
G1 X76.7228 Y34.9070 Z0.0400 F5142.9 ; Width: 0.350mm
G1 X76.7228 Y34.8670 Z0.0400 F5142.9 ; Width: 0.350mm
G1 X76.8230 Y34.7667 Z0.0400 F5142.9 ; Width: 0.350mm
G1 X76.8430 Y34.7667 Z0.0400 F5142.9 ; Width: 0.350mm
G1 X76.8630 Y34.7468 Z0.0400 F5142.9 ; Width: 0.350mm
G1 X76.9430 Y34.7468 Z0.0400 F5142.9 ; Width: 0.350mm
G1 X76.9630 Y34.7269 Z0.0400 F5142.9 ; Width: 0.350mm
G1 X81.6030 Y34.7269 Z0.0400 F1202.9 ; Width: 1.496mm
M118 P0 S"49" ; Sync timer
G1 X86.2430 Y34.7269 Z0.0400 F1257.4 ; Width: 1.432mm
G1 X90.8830 Y34.7269 Z0.0400 F1287.6 ; Width: 1.398mm
G1 X95.5230 Y34.7269 Z0.0400 F1469.7 ; Width: 1.225mm
G1 X100.1630 Y34.7269 Z0.0400 F2534.4 ; Width: 0.710mm
G1 X100.1830 Y34.7468 Z0.0400 F5142.9 ; Width: 0.350mm
G1 X100.2630 Y34.7468 Z0.0400 F5142.9 ; Width: 0.350mm
G1 X100.2830 Y34.7667 Z0.0400 F5142.9 ; Width: 0.350mm
G1 X100.3030 Y34.7667 Z0.0400 F5142.9 ; Width: 0.350mm
G1 X100.4032 Y34.8670 Z0.0400 F5142.9 ; Width: 0.350mm
G1 X100.4032 Y34.9070 Z0.0400 F5142.9 ; Width: 0.350mm
G1 X100.4231 Y34.9270 Z0.0400 F5142.9 ; Width: 0.350mm
G1 X100.4231 Y36.9670 Z0.0400 F2567.2 ; Width: 0.701mm
G1 X100.4032 Y36.9870 Z0.0400 F5142.9 ; Width: 0.350mm
G1 X100.4032 Y37.0270 Z0.0400 F5142.9 ; Width: 0.350mm
G1 X100.3030 Y37.1278 Z0.0400 F5142.9 ; Width: 0.350mm
G1 X100.2830 Y37.1278 Z0.0400 F5142.9 ; Width: 0.350mm
G1 X100.2630 Y37.1476 Z0.0400 F5142.9 ; Width: 0.350mm
G1 X100.1830 Y37.1474 Z0.0400 F5142.9 ; Width: 0.350mm
G1 X100.1630 Y37.1672 Z0.0400 F5142.9 ; Width: 0.350mm
G1 X100.1430 Y37.1672 Z0.0400 F5142.9 ; Width: 0.350mm
G1 X100.1230 Y37.1472 Z0.0400 F5142.9 ; Width: 0.350mm
G1 X100.0430 Y37.1470 Z0.0400 F5142.9 ; Width: 0.350mm
G1 X100.0230 Y37.1271 Z0.0400 F5142.9 ; Width: 0.350mm
G1 X100.0030 Y37.1270 Z0.0400 F5142.9 ; Width: 0.350mm
G1 X99.9830 Y37.1071 Z0.0400 F5142.9 ; Width: 0.350mm
G1 X99.9630 Y37.1071 Z0.0400 F5142.9 ; Width: 0.350mm
G1 X99.9430 Y37.0871 Z0.0400 F5142.9 ; Width: 0.350mm
G1 X99.9030 Y37.0870 Z0.0400 F5142.9 ; Width: 0.350mm
G1 X99.8830 Y37.0671 Z0.0400 F5142.9 ; Width: 0.350mm
G1 X99.8630 Y37.0670 Z0.0400 F5142.9 ; Width: 0.350mm
G1 X99.8430 Y37.0471 Z0.0400 F5142.9 ; Width: 0.350mm
G1 X99.8230 Y37.0470 Z0.0400 F5142.9 ; Width: 0.350mm
G1 X99.8030 Y37.0271 Z0.0400 F5142.9 ; Width: 0.350mm
G1 X99.7630 Y37.0270 Z0.0400 F5142.9 ; Width: 0.350mm
G1 X99.7430 Y37.0071 Z0.0400 F5142.9 ; Width: 0.350mm
G1 X99.7030 Y37.0070 Z0.0400 F5142.9 ; Width: 0.350mm
G1 X99.6830 Y36.9871 Z0.0400 F5142.9 ; Width: 0.350mm
G1 X99.6630 Y36.9870 Z0.0400 F5142.9 ; Width: 0.350mm
G1 X99.6430 Y36.9671 Z0.0400 F5142.9 ; Width: 0.350mm
G1 X99.6030 Y36.9670 Z0.0400 F5142.9 ; Width: 0.350mm
G1 X99.5830 Y36.9471 Z0.0400 F5142.9 ; Width: 0.350mm
G1 X99.5430 Y36.9470 Z0.0400 F5142.9 ; Width: 0.350mm
G1 X99.5230 Y36.9271 Z0.0400 F5142.9 ; Width: 0.350mm
G1 X99.4830 Y36.9270 Z0.0400 F5142.9 ; Width: 0.350mm
G1 X99.4630 Y36.9071 Z0.0400 F5142.9 ; Width: 0.350mm
G1 X99.4030 Y36.9070 Z0.0400 F5142.9 ; Width: 0.350mm
G1 X99.3830 Y36.8871 Z0.0400 F5142.9 ; Width: 0.350mm
G1 X99.3430 Y36.8870 Z0.0400 F5142.9 ; Width: 0.350mm
G1 X99.3230 Y36.8671 Z0.0400 F5142.9 ; Width: 0.350mm
G1 X99.2630 Y36.8670 Z0.0400 F5142.9 ; Width: 0.350mm
G1 X99.2430 Y36.8471 Z0.0400 F5142.9 ; Width: 0.350mm
G1 X99.1830 Y36.8470 Z0.0400 F5142.9 ; Width: 0.350mm
G1 X99.1630 Y36.8271 Z0.0400 F5142.9 ; Width: 0.350mm
G1 X99.1230 Y36.8270 Z0.0400 F5142.9 ; Width: 0.350mm
G1 X99.1030 Y36.8071 Z0.0400 F5142.9 ; Width: 0.350mm
G1 X99.0430 Y36.8070 Z0.0400 F5142.9 ; Width: 0.350mm
G1 X99.0230 Y36.7871 Z0.0400 F5142.9 ; Width: 0.350mm
G1 X98.9630 Y36.7870 Z0.0400 F5142.9 ; Width: 0.350mm
G1 X98.9430 Y36.7671 Z0.0400 F5142.9 ; Width: 0.350mm
G1 X98.8630 Y36.7670 Z0.0400 F5142.9 ; Width: 0.350mm
G1 X98.8430 Y36.7471 Z0.0400 F5142.9 ; Width: 0.350mm
G1 X98.7630 Y36.7470 Z0.0400 F5142.9 ; Width: 0.350mm
G1 X98.7430 Y36.7271 Z0.0400 F5142.9 ; Width: 0.350mm
G1 X98.6430 Y36.7270 Z0.0400 F5142.9 ; Width: 0.350mm
G1 X98.6230 Y36.7071 Z0.0400 F5142.9 ; Width: 0.350mm
G1 X98.5230 Y36.7070 Z0.0400 F5142.9 ; Width: 0.350mm
G1 X98.5030 Y36.6871 Z0.0400 F5142.9 ; Width: 0.350mm
G1 X98.3630 Y36.6870 Z0.0400 F5142.9 ; Width: 0.350mm
G1 X98.3430 Y36.6671 Z0.0400 F5142.9 ; Width: 0.350mm
G1 X98.1830 Y36.6670 Z0.0400 F5142.9 ; Width: 0.350mm
G1 X98.1630 Y36.6471 Z0.0400 F5142.9 ; Width: 0.350mm
G1 X97.9430 Y36.6470 Z0.0400 F5142.9 ; Width: 0.350mm
G1 X97.9230 Y36.6271 Z0.0400 F5142.9 ; Width: 0.350mm
G1 X97.0830 Y36.6271 Z0.0400 F4285.7 ; Width: 0.420mm
G1 X97.0630 Y36.6470 Z0.0400 F5142.9 ; Width: 0.350mm
M118 P0 S"50" ; Sync timer
G1 X96.8430 Y36.6471 Z0.0400 F5142.9 ; Width: 0.350mm
G1 X96.8230 Y36.6670 Z0.0400 F5142.9 ; Width: 0.350mm
G1 X96.6630 Y36.6671 Z0.0400 F5142.9 ; Width: 0.350mm
G1 X96.6430 Y36.6870 Z0.0400 F5142.9 ; Width: 0.350mm
G1 X96.5030 Y36.6871 Z0.0400 F5142.9 ; Width: 0.350mm
G1 X96.4830 Y36.7070 Z0.0400 F5142.9 ; Width: 0.350mm
G1 X96.3830 Y36.7071 Z0.0400 F5142.9 ; Width: 0.350mm
G1 X96.3630 Y36.7270 Z0.0400 F5142.9 ; Width: 0.350mm
G1 X96.2630 Y36.7271 Z0.0400 F5142.9 ; Width: 0.350mm
G1 X96.2430 Y36.7470 Z0.0400 F5142.9 ; Width: 0.350mm
G1 X96.1630 Y36.7471 Z0.0400 F5142.9 ; Width: 0.350mm
G1 X96.1430 Y36.7670 Z0.0400 F5142.9 ; Width: 0.350mm
G1 X96.0630 Y36.7671 Z0.0400 F5142.9 ; Width: 0.350mm
G1 X96.0430 Y36.7870 Z0.0400 F5142.9 ; Width: 0.350mm
G1 X95.9830 Y36.7871 Z0.0400 F5142.9 ; Width: 0.350mm
G1 X95.9630 Y36.8070 Z0.0400 F5142.9 ; Width: 0.350mm
G1 X95.9030 Y36.8071 Z0.0400 F5142.9 ; Width: 0.350mm
G1 X95.8830 Y36.8270 Z0.0400 F5142.9 ; Width: 0.350mm
G1 X95.8430 Y36.8271 Z0.0400 F5142.9 ; Width: 0.350mm
G1 X95.8230 Y36.8470 Z0.0400 F5142.9 ; Width: 0.350mm
G1 X95.7630 Y36.8471 Z0.0400 F5142.9 ; Width: 0.350mm
G1 X95.7430 Y36.8670 Z0.0400 F5142.9 ; Width: 0.350mm
G1 X95.6830 Y36.8671 Z0.0400 F5142.9 ; Width: 0.350mm
G1 X95.6630 Y36.8870 Z0.0400 F5142.9 ; Width: 0.350mm
G1 X95.6230 Y36.8871 Z0.0400 F5142.9 ; Width: 0.350mm
G1 X95.6030 Y36.9070 Z0.0400 F5142.9 ; Width: 0.350mm
G1 X95.5430 Y36.9071 Z0.0400 F5142.9 ; Width: 0.350mm
G1 X95.5230 Y36.9270 Z0.0400 F5142.9 ; Width: 0.350mm
G1 X95.4830 Y36.9271 Z0.0400 F5142.9 ; Width: 0.350mm
G1 X95.4630 Y36.9470 Z0.0400 F5142.9 ; Width: 0.350mm
G1 X95.4230 Y36.9471 Z0.0400 F5142.9 ; Width: 0.350mm
G1 X95.4030 Y36.9670 Z0.0400 F5142.9 ; Width: 0.350mm
G1 X95.3630 Y36.9671 Z0.0400 F5142.9 ; Width: 0.350mm
G1 X95.3430 Y36.9870 Z0.0400 F5142.9 ; Width: 0.350mm
G1 X95.3230 Y36.9871 Z0.0400 F5142.9 ; Width: 0.350mm
G1 X95.3030 Y37.0070 Z0.0400 F5142.9 ; Width: 0.350mm
G1 X95.2630 Y37.0071 Z0.0400 F5142.9 ; Width: 0.350mm
G1 X95.2430 Y37.0270 Z0.0400 F5142.9 ; Width: 0.350mm
G1 X95.2030 Y37.0271 Z0.0400 F5142.9 ; Width: 0.350mm
G1 X95.1830 Y37.0470 Z0.0400 F5142.9 ; Width: 0.350mm
G1 X95.1630 Y37.0471 Z0.0400 F5142.9 ; Width: 0.350mm
G1 X95.1430 Y37.0670 Z0.0400 F5142.9 ; Width: 0.350mm
G1 X95.1230 Y37.0671 Z0.0400 F5142.9 ; Width: 0.350mm
G1 X95.1030 Y37.0870 Z0.0400 F5142.9 ; Width: 0.350mm
G1 X95.0630 Y37.0871 Z0.0400 F5142.9 ; Width: 0.350mm
G1 X95.0430 Y37.1071 Z0.0400 F5142.9 ; Width: 0.350mm
G1 X95.0230 Y37.1071 Z0.0400 F5142.9 ; Width: 0.350mm
G1 X95.0030 Y37.1270 Z0.0400 F5142.9 ; Width: 0.350mm
G1 X94.9830 Y37.1271 Z0.0400 F5142.9 ; Width: 0.350mm
G1 X94.9630 Y37.1470 Z0.0400 F5142.9 ; Width: 0.350mm
G1 X94.9430 Y37.1471 Z0.0400 F5142.9 ; Width: 0.350mm
G1 X94.9230 Y37.1670 Z0.0400 F5142.9 ; Width: 0.350mm
G1 X94.8830 Y37.1671 Z0.0400 F5142.9 ; Width: 0.350mm
G1 X94.8630 Y37.1871 Z0.0400 F5142.9 ; Width: 0.350mm
G1 X94.8430 Y37.1871 Z0.0400 F5142.9 ; Width: 0.350mm
G1 X94.8230 Y37.2070 Z0.0400 F5142.9 ; Width: 0.350mm
G1 X94.8030 Y37.2071 Z0.0400 F5142.9 ; Width: 0.350mm
G1 X94.7830 Y37.2270 Z0.0400 F5142.9 ; Width: 0.350mm
G1 X94.7630 Y37.2271 Z0.0400 F5142.9 ; Width: 0.350mm
G1 X94.7430 Y37.2470 Z0.0400 F5142.9 ; Width: 0.350mm
G1 X94.7230 Y37.2471 Z0.0400 F5142.9 ; Width: 0.350mm
G1 X94.7030 Y37.2670 Z0.0400 F5142.9 ; Width: 0.350mm
G1 X94.6230 Y37.2673 Z0.0400 F5142.9 ; Width: 0.350mm
G1 X94.6030 Y37.2872 Z0.0400 F5142.9 ; Width: 0.350mm
G1 X94.6230 Y36.5071 Z0.0400 F4966.6 ; Width: 0.362mm
G1 X94.5630 Y36.5071 Z0.0400 F5142.9 ; Width: 0.350mm
G1 X94.5430 Y36.4872 Z0.0400 F5142.9 ; Width: 0.350mm
G1 X94.4630 Y36.4870 Z0.0400 F5142.9 ; Width: 0.350mm
G1 X94.4430 Y36.4671 Z0.0400 F5142.9 ; Width: 0.350mm
G1 X94.4230 Y36.4670 Z0.0400 F5142.9 ; Width: 0.350mm
G1 X94.4030 Y36.4471 Z0.0400 F5142.9 ; Width: 0.350mm
G1 X94.3830 Y36.4470 Z0.0400 F5142.9 ; Width: 0.350mm
G1 X94.3630 Y36.4271 Z0.0400 F5142.9 ; Width: 0.350mm
G1 X94.3230 Y36.4270 Z0.0400 F5142.9 ; Width: 0.350mm
G1 X94.3030 Y36.4071 Z0.0400 F5142.9 ; Width: 0.350mm
G1 X94.2830 Y36.4070 Z0.0400 F5142.9 ; Width: 0.350mm
G1 X94.2630 Y36.3871 Z0.0400 F5142.9 ; Width: 0.350mm
G1 X94.2230 Y36.3870 Z0.0400 F5142.9 ; Width: 0.350mm
G1 X94.2030 Y36.3671 Z0.0400 F5142.9 ; Width: 0.350mm
G1 X94.1630 Y36.3670 Z0.0400 F5142.9 ; Width: 0.350mm
G1 X94.1430 Y36.3471 Z0.0400 F5142.9 ; Width: 0.350mm
G1 X94.1030 Y36.3470 Z0.0400 F5142.9 ; Width: 0.350mm
G1 X94.0830 Y36.3271 Z0.0400 F5142.9 ; Width: 0.350mm
G1 X94.0430 Y36.3270 Z0.0400 F5142.9 ; Width: 0.350mm
G1 X94.0230 Y36.3071 Z0.0400 F5142.9 ; Width: 0.350mm
G1 X93.9830 Y36.3070 Z0.0400 F5142.9 ; Width: 0.350mm
G1 X93.9630 Y36.2871 Z0.0400 F5142.9 ; Width: 0.350mm
G1 X93.9030 Y36.2870 Z0.0400 F5142.9 ; Width: 0.350mm
G1 X93.8830 Y36.2671 Z0.0400 F5142.9 ; Width: 0.350mm
G1 X93.8230 Y36.2670 Z0.0400 F5142.9 ; Width: 0.350mm
G1 X93.8030 Y36.2471 Z0.0400 F5142.9 ; Width: 0.350mm
G1 X93.7430 Y36.2470 Z0.0400 F5142.9 ; Width: 0.350mm
G1 X93.7230 Y36.2271 Z0.0400 F5142.9 ; Width: 0.350mm
G1 X93.6430 Y36.2270 Z0.0400 F5142.9 ; Width: 0.350mm
G1 X93.6230 Y36.2071 Z0.0400 F5142.9 ; Width: 0.350mm
G1 X93.5230 Y36.2070 Z0.0400 F5142.9 ; Width: 0.350mm
G1 X93.5030 Y36.1871 Z0.0400 F5142.9 ; Width: 0.350mm
G1 X93.3830 Y36.1870 Z0.0400 F5142.9 ; Width: 0.350mm
G1 X93.3630 Y36.1671 Z0.0400 F5142.9 ; Width: 0.350mm
G1 X93.1830 Y36.1670 Z0.0400 F5142.9 ; Width: 0.350mm
G1 X93.1630 Y36.1471 Z0.0400 F5142.9 ; Width: 0.350mm
G1 X90.8630 Y36.1471 Z0.0400 F2420.9 ; Width: 0.744mm
G1 X90.8430 Y36.1670 Z0.0400 F5142.9 ; Width: 0.350mm
G1 X90.6630 Y36.1671 Z0.0400 F5142.9 ; Width: 0.350mm
G1 X90.6430 Y36.1870 Z0.0400 F5142.9 ; Width: 0.350mm
G1 X90.5230 Y36.1871 Z0.0400 F5142.9 ; Width: 0.350mm
G1 X90.5030 Y36.2070 Z0.0400 F5142.9 ; Width: 0.350mm
G1 X90.4030 Y36.2071 Z0.0400 F5142.9 ; Width: 0.350mm
G1 X90.3830 Y36.2270 Z0.0400 F5142.9 ; Width: 0.350mm
G1 X90.3030 Y36.2271 Z0.0400 F5142.9 ; Width: 0.350mm
G1 X90.2830 Y36.2470 Z0.0400 F5142.9 ; Width: 0.350mm
G1 X90.2030 Y36.2471 Z0.0400 F5142.9 ; Width: 0.350mm
G1 X90.1830 Y36.2670 Z0.0400 F5142.9 ; Width: 0.350mm
G1 X90.1630 Y36.2671 Z0.0400 F5142.9 ; Width: 0.350mm
G1 X90.1230 Y36.2670 Z0.0400 F5142.9 ; Width: 0.350mm
G1 X90.1030 Y36.2471 Z0.0400 F5142.9 ; Width: 0.350mm
G1 X90.0230 Y36.2470 Z0.0400 F5142.9 ; Width: 0.350mm
G1 X90.0030 Y36.2271 Z0.0400 F5142.9 ; Width: 0.350mm
G1 X89.9230 Y36.2270 Z0.0400 F5142.9 ; Width: 0.350mm
G1 X89.9030 Y36.2071 Z0.0400 F5142.9 ; Width: 0.350mm
G1 X89.8030 Y36.2070 Z0.0400 F5142.9 ; Width: 0.350mm
G1 X89.7830 Y36.1871 Z0.0400 F5142.9 ; Width: 0.350mm
G1 X89.6630 Y36.1870 Z0.0400 F5142.9 ; Width: 0.350mm
G1 X89.6430 Y36.1671 Z0.0400 F5142.9 ; Width: 0.350mm
G1 X89.4630 Y36.1670 Z0.0400 F5142.9 ; Width: 0.350mm
G1 X89.4430 Y36.1471 Z0.0400 F5142.9 ; Width: 0.350mm
G1 X87.8430 Y36.1471 Z0.0400 F2250.0 ; Width: 0.800mm
G1 X87.8230 Y36.1670 Z0.0400 F5142.9 ; Width: 0.350mm
G1 X87.6430 Y36.1671 Z0.0400 F5142.9 ; Width: 0.350mm
G1 X87.6230 Y36.1870 Z0.0400 F5142.9 ; Width: 0.350mm
G1 X87.5030 Y36.1871 Z0.0400 F5142.9 ; Width: 0.350mm
G1 X87.4830 Y36.2070 Z0.0400 F5142.9 ; Width: 0.350mm
G1 X87.3830 Y36.2071 Z0.0400 F5142.9 ; Width: 0.350mm
G1 X87.3630 Y36.2270 Z0.0400 F5142.9 ; Width: 0.350mm
G1 X87.2830 Y36.2271 Z0.0400 F5142.9 ; Width: 0.350mm
G1 X87.2630 Y36.2470 Z0.0400 F5142.9 ; Width: 0.350mm
G1 X87.1830 Y36.2471 Z0.0400 F5142.9 ; Width: 0.350mm
G1 X87.1630 Y36.2670 Z0.0400 F5142.9 ; Width: 0.350mm
G1 X87.1230 Y36.2671 Z0.0400 F5142.9 ; Width: 0.350mm
G1 X87.0630 Y36.2670 Z0.0400 F5142.9 ; Width: 0.350mm
G1 X87.0430 Y36.2471 Z0.0400 F5142.9 ; Width: 0.350mm
G1 X86.9630 Y36.2470 Z0.0400 F5142.9 ; Width: 0.350mm
G1 X86.9430 Y36.2271 Z0.0400 F5142.9 ; Width: 0.350mm
G1 X86.8630 Y36.2270 Z0.0400 F5142.9 ; Width: 0.350mm
G1 X86.8430 Y36.2071 Z0.0400 F5142.9 ; Width: 0.350mm
G1 X86.7430 Y36.2070 Z0.0400 F5142.9 ; Width: 0.350mm
G1 X86.7230 Y36.1871 Z0.0400 F5142.9 ; Width: 0.350mm
G1 X86.6030 Y36.1870 Z0.0400 F5142.9 ; Width: 0.350mm
G1 X86.5830 Y36.1671 Z0.0400 F5142.9 ; Width: 0.350mm
G1 X86.4030 Y36.1670 Z0.0400 F5142.9 ; Width: 0.350mm
G1 X86.3830 Y36.1471 Z0.0400 F5142.9 ; Width: 0.350mm
G1 X84.1030 Y36.1471 Z0.0400 F1578.9 ; Width: 1.140mm
G1 X84.0830 Y36.1670 Z0.0400 F5142.9 ; Width: 0.350mm
G1 X83.9030 Y36.1671 Z0.0400 F5142.9 ; Width: 0.350mm
G1 X83.8830 Y36.1870 Z0.0400 F5142.9 ; Width: 0.350mm
G1 X83.7630 Y36.1871 Z0.0400 F5142.9 ; Width: 0.350mm
G1 X83.7430 Y36.2070 Z0.0400 F5142.9 ; Width: 0.350mm
G1 X83.6430 Y36.2071 Z0.0400 F5142.9 ; Width: 0.350mm
G1 X83.6230 Y36.2270 Z0.0400 F5142.9 ; Width: 0.350mm
G1 X83.5430 Y36.2271 Z0.0400 F5142.9 ; Width: 0.350mm
G1 X83.5230 Y36.2470 Z0.0400 F5142.9 ; Width: 0.350mm
G1 X83.5030 Y36.2470 Z0.0400 F5142.9 ; Width: 0.350mm
G1 X83.4830 Y36.2271 Z0.0400 F5142.9 ; Width: 0.350mm
G1 X83.4030 Y36.2270 Z0.0400 F5142.9 ; Width: 0.350mm
G1 X83.3830 Y36.2071 Z0.0400 F5142.9 ; Width: 0.350mm
G1 X83.2830 Y36.2070 Z0.0400 F5142.9 ; Width: 0.350mm
G1 X83.2630 Y36.1871 Z0.0400 F5142.9 ; Width: 0.350mm
G1 X83.1430 Y36.1870 Z0.0400 F5142.9 ; Width: 0.350mm
G1 X83.1230 Y36.1671 Z0.0400 F5142.9 ; Width: 0.350mm
G1 X82.9430 Y36.1670 Z0.0400 F5142.9 ; Width: 0.350mm
G1 X82.9230 Y36.1471 Z0.0400 F5142.9 ; Width: 0.350mm
G1 X80.4030 Y36.1471 Z0.0400 F1621.3 ; Width: 1.110mm
G1 X80.3830 Y36.1670 Z0.0400 F5142.9 ; Width: 0.350mm
G1 X80.2030 Y36.1671 Z0.0400 F5142.9 ; Width: 0.350mm
G1 X80.1830 Y36.1870 Z0.0400 F5142.9 ; Width: 0.350mm
G1 X80.0630 Y36.1871 Z0.0400 F5142.9 ; Width: 0.350mm
G1 X80.0430 Y36.2070 Z0.0400 F5142.9 ; Width: 0.350mm
G1 X79.9430 Y36.2071 Z0.0400 F5142.9 ; Width: 0.350mm
G1 X79.9230 Y36.2270 Z0.0400 F5142.9 ; Width: 0.350mm
G1 X79.8430 Y36.2271 Z0.0400 F5142.9 ; Width: 0.350mm
G1 X79.8230 Y36.2470 Z0.0400 F5142.9 ; Width: 0.350mm
G1 X79.7630 Y36.2471 Z0.0400 F5142.9 ; Width: 0.350mm
G1 X79.7430 Y36.2670 Z0.0400 F5142.9 ; Width: 0.350mm
G1 X79.6830 Y36.2671 Z0.0400 F5142.9 ; Width: 0.350mm
G1 X79.6630 Y36.2870 Z0.0400 F5142.9 ; Width: 0.350mm
G1 X79.5830 Y36.2871 Z0.0400 F5142.9 ; Width: 0.350mm
G1 X79.5630 Y36.3071 Z0.0400 F5142.9 ; Width: 0.350mm
G1 X79.4430 Y36.3071 Z0.0400 F5142.9 ; Width: 0.350mm
G1 X79.4230 Y36.2871 Z0.0400 F5142.9 ; Width: 0.350mm
G1 X79.3430 Y36.2870 Z0.0400 F5142.9 ; Width: 0.350mm
G1 X79.3230 Y36.2671 Z0.0400 F5142.9 ; Width: 0.350mm
G1 X79.2630 Y36.2670 Z0.0400 F5142.9 ; Width: 0.350mm
G1 X79.2430 Y36.2471 Z0.0400 F5142.9 ; Width: 0.350mm
G1 X79.1830 Y36.2470 Z0.0400 F5142.9 ; Width: 0.350mm
G1 X79.1630 Y36.2271 Z0.0400 F5142.9 ; Width: 0.350mm
G1 X79.0830 Y36.2270 Z0.0400 F5142.9 ; Width: 0.350mm
G1 X79.0630 Y36.2071 Z0.0400 F5142.9 ; Width: 0.350mm
G1 X78.9630 Y36.2070 Z0.0400 F5142.9 ; Width: 0.350mm
G1 X78.9430 Y36.1871 Z0.0400 F5142.9 ; Width: 0.350mm
G1 X78.8230 Y36.1870 Z0.0400 F5142.9 ; Width: 0.350mm
G1 X78.8030 Y36.1671 Z0.0400 F5142.9 ; Width: 0.350mm
G1 X78.6230 Y36.1670 Z0.0400 F5142.9 ; Width: 0.350mm
G1 X78.6030 Y36.1471 Z0.0400 F5142.9 ; Width: 0.350mm
G1 X77.6630 Y36.1471 Z0.0400 F3829.8 ; Width: 0.470mm
G1 X77.6430 Y36.1272 Z0.0400 F5142.9 ; Width: 0.350mm
G1 X77.5630 Y36.1272 Z0.0400 F5142.9 ; Width: 0.350mm
G1 X77.5430 Y36.1073 Z0.0400 F5142.9 ; Width: 0.350mm
G1 X77.5230 Y36.1073 Z0.0400 F5142.9 ; Width: 0.350mm
G1 X77.4228 Y36.0070 Z0.0400 F5142.9 ; Width: 0.350mm
G1 X77.4228 Y35.9670 Z0.0400 F5142.9 ; Width: 0.350mm
G1 X77.4029 Y35.9470 Z0.0400 F5142.9 ; Width: 0.350mm
G1 X77.4029 Y35.6270 Z0.0400 F5142.9 ; Width: 0.350mm
G1 X77.4228 Y35.6070 Z0.0400 F5142.9 ; Width: 0.350mm
G1 X77.4228 Y35.5670 Z0.0400 F5142.9 ; Width: 0.350mm
G1 X77.5230 Y35.4667 Z0.0400 F5142.9 ; Width: 0.350mm
G1 X77.5430 Y35.4667 Z0.0400 F5142.9 ; Width: 0.350mm
G1 X77.5630 Y35.4468 Z0.0400 F5142.9 ; Width: 0.350mm
G1 X77.6430 Y35.4468 Z0.0400 F5142.9 ; Width: 0.350mm
G1 X77.6630 Y35.4269 Z0.0400 F5142.9 ; Width: 0.350mm
G1 X82.5080 Y35.4269 Z0.0400 F2401.9 ; Width: 0.749mm
M118 P0 S"51" ; Sync timer
G1 X87.3530 Y35.4269 Z0.0400 F1640.9 ; Width: 1.097mm
G1 X92.1980 Y35.4269 Z0.0400 F2393.9 ; Width: 0.752mm
G1 X97.0430 Y35.4269 Z0.0400 F1792.3 ; Width: 1.004mm
G1 X97.0630 Y35.4468 Z0.0400 F5142.9 ; Width: 0.350mm
G1 X97.1430 Y35.4468 Z0.0400 F5142.9 ; Width: 0.350mm
G1 X97.1630 Y35.4667 Z0.0400 F5142.9 ; Width: 0.350mm
G1 X97.1830 Y35.4667 Z0.0400 F5142.9 ; Width: 0.350mm
G1 X97.2837 Y35.5670 Z0.0400 F5142.9 ; Width: 0.350mm
G1 X97.2839 Y35.6070 Z0.0400 F5142.9 ; Width: 0.350mm
G1 X97.3040 Y35.6270 Z0.0400 F5142.9 ; Width: 0.350mm
G1 X97.3042 Y35.6870 Z0.0400 F5142.9 ; Width: 0.350mm
G1 X97.3039 Y35.7470 Z0.0400 F5142.9 ; Width: 0.350mm
G1 X97.2838 Y35.7670 Z0.0400 F5142.9 ; Width: 0.350mm
G1 X97.2837 Y35.8070 Z0.0400 F5142.9 ; Width: 0.350mm
G1 X97.1830 Y35.9072 Z0.0400 F5142.9 ; Width: 0.350mm
G1 X97.1630 Y35.9072 Z0.0400 F5142.9 ; Width: 0.350mm
G1 X97.1430 Y35.9271 Z0.0400 F5142.9 ; Width: 0.350mm
G1 X97.0630 Y35.9271 Z0.0400 F5142.9 ; Width: 0.350mm
G1 X97.0430 Y35.9470 Z0.0400 F5142.9 ; Width: 0.350mm
G1 X96.8230 Y35.9471 Z0.0400 F5142.9 ; Width: 0.350mm
G1 X96.8030 Y35.9670 Z0.0400 F5142.9 ; Width: 0.350mm
G1 X96.6230 Y35.9671 Z0.0400 F5142.9 ; Width: 0.350mm
G1 X96.6030 Y35.9870 Z0.0400 F5142.9 ; Width: 0.350mm
G1 X96.4630 Y35.9871 Z0.0400 F5142.9 ; Width: 0.350mm
G1 X96.4430 Y36.0070 Z0.0400 F5142.9 ; Width: 0.350mm
G1 X96.3230 Y36.0071 Z0.0400 F5142.9 ; Width: 0.350mm
G1 X96.3030 Y36.0270 Z0.0400 F5142.9 ; Width: 0.350mm
G1 X96.2030 Y36.0271 Z0.0400 F5142.9 ; Width: 0.350mm
G1 X96.1830 Y36.0470 Z0.0400 F5142.9 ; Width: 0.350mm
G1 X96.1030 Y36.0471 Z0.0400 F5142.9 ; Width: 0.350mm
G1 X96.0830 Y36.0670 Z0.0400 F5142.9 ; Width: 0.350mm
G1 X96.0030 Y36.0671 Z0.0400 F5142.9 ; Width: 0.350mm
G1 X95.9830 Y36.0870 Z0.0400 F5142.9 ; Width: 0.350mm
G1 X95.9030 Y36.0871 Z0.0400 F5142.9 ; Width: 0.350mm
G1 X95.8830 Y36.1070 Z0.0400 F5142.9 ; Width: 0.350mm
G1 X95.8230 Y36.1071 Z0.0400 F5142.9 ; Width: 0.350mm
G1 X95.8030 Y36.1270 Z0.0400 F5142.9 ; Width: 0.350mm
G1 X95.7430 Y36.1271 Z0.0400 F5142.9 ; Width: 0.350mm
G1 X95.7230 Y36.1470 Z0.0400 F5142.9 ; Width: 0.350mm
G1 X95.6630 Y36.1471 Z0.0400 F5142.9 ; Width: 0.350mm
G1 X95.6430 Y36.1670 Z0.0400 F5142.9 ; Width: 0.350mm
G1 X95.6030 Y36.1671 Z0.0400 F5142.9 ; Width: 0.350mm
G1 X95.5830 Y36.1870 Z0.0400 F5142.9 ; Width: 0.350mm
G1 X95.5230 Y36.1871 Z0.0400 F5142.9 ; Width: 0.350mm
G1 X95.5030 Y36.2070 Z0.0400 F5142.9 ; Width: 0.350mm
G1 X95.4430 Y36.2071 Z0.0400 F5142.9 ; Width: 0.350mm
G1 X95.4230 Y36.2270 Z0.0400 F5142.9 ; Width: 0.350mm
G1 X95.3830 Y36.2271 Z0.0400 F5142.9 ; Width: 0.350mm
G1 X95.3630 Y36.2470 Z0.0400 F5142.9 ; Width: 0.350mm
G1 X95.3230 Y36.2471 Z0.0400 F5142.9 ; Width: 0.350mm
G1 X95.3030 Y36.2670 Z0.0400 F5142.9 ; Width: 0.350mm
G1 X95.2630 Y36.2671 Z0.0400 F5142.9 ; Width: 0.350mm
G1 X95.2430 Y36.2870 Z0.0400 F5142.9 ; Width: 0.350mm
G1 X95.2030 Y36.2871 Z0.0400 F5142.9 ; Width: 0.350mm
G1 X95.1830 Y36.3070 Z0.0400 F5142.9 ; Width: 0.350mm
G1 X95.1430 Y36.3071 Z0.0400 F5142.9 ; Width: 0.350mm
G1 X95.1230 Y36.3270 Z0.0400 F5142.9 ; Width: 0.350mm
G1 X95.0830 Y36.3271 Z0.0400 F5142.9 ; Width: 0.350mm
G1 X95.0630 Y36.3470 Z0.0400 F5142.9 ; Width: 0.350mm
G1 X95.0230 Y36.3471 Z0.0400 F5142.9 ; Width: 0.350mm
G1 X95.0030 Y36.3670 Z0.0400 F5142.9 ; Width: 0.350mm
G1 X94.9830 Y36.3671 Z0.0400 F5142.9 ; Width: 0.350mm
G1 X94.9630 Y36.3870 Z0.0400 F5142.9 ; Width: 0.350mm
G1 X94.9230 Y36.3871 Z0.0400 F5142.9 ; Width: 0.350mm
G1 X94.9030 Y36.4070 Z0.0400 F5142.9 ; Width: 0.350mm
G1 X94.8830 Y36.4071 Z0.0400 F5142.9 ; Width: 0.350mm
G1 X94.8630 Y36.4270 Z0.0400 F5142.9 ; Width: 0.350mm
G1 X94.8430 Y36.4271 Z0.0400 F5142.9 ; Width: 0.350mm
G1 X94.8230 Y36.4470 Z0.0400 F5142.9 ; Width: 0.350mm
G1 X94.7830 Y36.4471 Z0.0400 F5142.9 ; Width: 0.350mm
G1 X94.7630 Y36.4670 Z0.0400 F5142.9 ; Width: 0.350mm
G1 X94.7430 Y36.4671 Z0.0400 F5142.9 ; Width: 0.350mm
G1 X94.7230 Y36.4870 Z0.0400 F5142.9 ; Width: 0.350mm
G1 X94.6430 Y36.4872 Z0.0400 F5142.9 ; Width: 0.350mm
G1 X94.6230 Y36.5071 Z0.0400 F5142.9 ; Width: 0.350mm
G0 Z1.0400 F6000.0 ; Z-hop up
G0 X94.6230 Y36.5071 F6000.0 ; Travel to new path
G0 Z0.0400 F6000.0 ; Z-hop down
G1 X94.5630 Y36.5071 Z0.0400 F5142.9 ; Width: 0.350mm
G1 X94.5430 Y36.4872 Z0.0400 F5142.9 ; Width: 0.350mm
G1 X94.4630 Y36.4870 Z0.0400 F5142.9 ; Width: 0.350mm
G1 X94.4430 Y36.4671 Z0.0400 F5142.9 ; Width: 0.350mm
G1 X94.4230 Y36.4670 Z0.0400 F5142.9 ; Width: 0.350mm
G1 X94.4030 Y36.4471 Z0.0400 F5142.9 ; Width: 0.350mm
G1 X94.3830 Y36.4470 Z0.0400 F5142.9 ; Width: 0.350mm
G1 X94.3630 Y36.4271 Z0.0400 F5142.9 ; Width: 0.350mm
G1 X94.3230 Y36.4270 Z0.0400 F5142.9 ; Width: 0.350mm
G1 X94.3030 Y36.4071 Z0.0400 F5142.9 ; Width: 0.350mm
G1 X94.2830 Y36.4070 Z0.0400 F5142.9 ; Width: 0.350mm
G1 X94.2630 Y36.3871 Z0.0400 F5142.9 ; Width: 0.350mm
G1 X94.2230 Y36.3870 Z0.0400 F5142.9 ; Width: 0.350mm
G1 X94.2030 Y36.3671 Z0.0400 F5142.9 ; Width: 0.350mm
G1 X94.1630 Y36.3670 Z0.0400 F5142.9 ; Width: 0.350mm
G1 X94.1430 Y36.3471 Z0.0400 F5142.9 ; Width: 0.350mm
G1 X94.1030 Y36.3470 Z0.0400 F5142.9 ; Width: 0.350mm
G1 X94.0830 Y36.3271 Z0.0400 F5142.9 ; Width: 0.350mm
G1 X94.0430 Y36.3270 Z0.0400 F5142.9 ; Width: 0.350mm
G1 X94.0230 Y36.3071 Z0.0400 F5142.9 ; Width: 0.350mm
G1 X93.9830 Y36.3070 Z0.0400 F5142.9 ; Width: 0.350mm
G1 X93.9630 Y36.2871 Z0.0400 F5142.9 ; Width: 0.350mm
G1 X93.9030 Y36.2870 Z0.0400 F5142.9 ; Width: 0.350mm
G1 X93.8830 Y36.2671 Z0.0400 F5142.9 ; Width: 0.350mm
G1 X93.8230 Y36.2670 Z0.0400 F5142.9 ; Width: 0.350mm
G1 X93.8030 Y36.2471 Z0.0400 F5142.9 ; Width: 0.350mm
G1 X93.7430 Y36.2470 Z0.0400 F5142.9 ; Width: 0.350mm
G1 X93.7230 Y36.2271 Z0.0400 F5142.9 ; Width: 0.350mm
G1 X93.6430 Y36.2270 Z0.0400 F5142.9 ; Width: 0.350mm
G1 X93.6230 Y36.2071 Z0.0400 F5142.9 ; Width: 0.350mm
G1 X93.5230 Y36.2070 Z0.0400 F5142.9 ; Width: 0.350mm
G1 X93.5030 Y36.1871 Z0.0400 F5142.9 ; Width: 0.350mm
G1 X93.3830 Y36.1870 Z0.0400 F5142.9 ; Width: 0.350mm
G1 X93.3630 Y36.1671 Z0.0400 F5142.9 ; Width: 0.350mm
G1 X93.1830 Y36.1670 Z0.0400 F5142.9 ; Width: 0.350mm
G1 X93.1630 Y36.1471 Z0.0400 F5142.9 ; Width: 0.350mm
G1 X90.8630 Y36.1471 Z0.0400 F2420.9 ; Width: 0.744mm
G1 X90.8430 Y36.1670 Z0.0400 F5142.9 ; Width: 0.350mm
G1 X90.6630 Y36.1671 Z0.0400 F5142.9 ; Width: 0.350mm
G1 X90.6430 Y36.1870 Z0.0400 F5142.9 ; Width: 0.350mm
G1 X90.5230 Y36.1871 Z0.0400 F5142.9 ; Width: 0.350mm
G1 X90.5030 Y36.2070 Z0.0400 F5142.9 ; Width: 0.350mm
G1 X90.4030 Y36.2071 Z0.0400 F5142.9 ; Width: 0.350mm
G1 X90.3830 Y36.2270 Z0.0400 F5142.9 ; Width: 0.350mm
G1 X90.3030 Y36.2271 Z0.0400 F5142.9 ; Width: 0.350mm
G1 X90.2830 Y36.2470 Z0.0400 F5142.9 ; Width: 0.350mm
G1 X90.2030 Y36.2471 Z0.0400 F5142.9 ; Width: 0.350mm
G1 X90.1830 Y36.2670 Z0.0400 F5142.9 ; Width: 0.350mm
G1 X90.1630 Y36.2671 Z0.0400 F5142.9 ; Width: 0.350mm
G1 X90.1230 Y36.2670 Z0.0400 F5142.9 ; Width: 0.350mm
G1 X90.1030 Y36.2471 Z0.0400 F5142.9 ; Width: 0.350mm
G1 X90.0230 Y36.2470 Z0.0400 F5142.9 ; Width: 0.350mm
G1 X90.0030 Y36.2271 Z0.0400 F5142.9 ; Width: 0.350mm
G1 X89.9230 Y36.2270 Z0.0400 F5142.9 ; Width: 0.350mm
G1 X89.9030 Y36.2071 Z0.0400 F5142.9 ; Width: 0.350mm
G1 X89.8030 Y36.2070 Z0.0400 F5142.9 ; Width: 0.350mm
G1 X89.7830 Y36.1871 Z0.0400 F5142.9 ; Width: 0.350mm
G1 X89.6630 Y36.1870 Z0.0400 F5142.9 ; Width: 0.350mm
G1 X89.6430 Y36.1671 Z0.0400 F5142.9 ; Width: 0.350mm
G1 X89.4630 Y36.1670 Z0.0400 F5142.9 ; Width: 0.350mm
G1 X89.4430 Y36.1471 Z0.0400 F5142.9 ; Width: 0.350mm
G1 X87.8430 Y36.1471 Z0.0400 F2250.0 ; Width: 0.800mm
G1 X87.8230 Y36.1670 Z0.0400 F5142.9 ; Width: 0.350mm
G1 X87.6430 Y36.1671 Z0.0400 F5142.9 ; Width: 0.350mm
G1 X87.6230 Y36.1870 Z0.0400 F5142.9 ; Width: 0.350mm
G1 X87.5030 Y36.1871 Z0.0400 F5142.9 ; Width: 0.350mm
G1 X87.4830 Y36.2070 Z0.0400 F5142.9 ; Width: 0.350mm
G1 X87.3830 Y36.2071 Z0.0400 F5142.9 ; Width: 0.350mm
G1 X87.3630 Y36.2270 Z0.0400 F5142.9 ; Width: 0.350mm
G1 X87.2830 Y36.2271 Z0.0400 F5142.9 ; Width: 0.350mm
G1 X87.2630 Y36.2470 Z0.0400 F5142.9 ; Width: 0.350mm
G1 X87.1830 Y36.2471 Z0.0400 F5142.9 ; Width: 0.350mm
G1 X87.1630 Y36.2670 Z0.0400 F5142.9 ; Width: 0.350mm
G1 X87.1230 Y36.2671 Z0.0400 F5142.9 ; Width: 0.350mm
G1 X87.0630 Y36.2670 Z0.0400 F5142.9 ; Width: 0.350mm
G1 X87.0430 Y36.2471 Z0.0400 F5142.9 ; Width: 0.350mm
G1 X86.9630 Y36.2470 Z0.0400 F5142.9 ; Width: 0.350mm
G1 X86.9430 Y36.2271 Z0.0400 F5142.9 ; Width: 0.350mm
G1 X86.8630 Y36.2270 Z0.0400 F5142.9 ; Width: 0.350mm
G1 X86.8430 Y36.2071 Z0.0400 F5142.9 ; Width: 0.350mm
G1 X86.7430 Y36.2070 Z0.0400 F5142.9 ; Width: 0.350mm
G1 X86.7230 Y36.1871 Z0.0400 F5142.9 ; Width: 0.350mm
G1 X86.6030 Y36.1870 Z0.0400 F5142.9 ; Width: 0.350mm
G1 X86.5830 Y36.1671 Z0.0400 F5142.9 ; Width: 0.350mm
G1 X86.4030 Y36.1670 Z0.0400 F5142.9 ; Width: 0.350mm
G1 X86.3830 Y36.1471 Z0.0400 F5142.9 ; Width: 0.350mm
G1 X84.1030 Y36.1471 Z0.0400 F1578.9 ; Width: 1.140mm
G1 X84.0830 Y36.1670 Z0.0400 F5142.9 ; Width: 0.350mm
G1 X83.9030 Y36.1671 Z0.0400 F5142.9 ; Width: 0.350mm
G1 X83.8830 Y36.1870 Z0.0400 F5142.9 ; Width: 0.350mm
G1 X83.7630 Y36.1871 Z0.0400 F5142.9 ; Width: 0.350mm
G1 X83.7430 Y36.2070 Z0.0400 F5142.9 ; Width: 0.350mm
G1 X83.6430 Y36.2071 Z0.0400 F5142.9 ; Width: 0.350mm
G1 X83.6230 Y36.2270 Z0.0400 F5142.9 ; Width: 0.350mm
G1 X83.5430 Y36.2271 Z0.0400 F5142.9 ; Width: 0.350mm
G1 X83.5230 Y36.2470 Z0.0400 F5142.9 ; Width: 0.350mm
G1 X83.5030 Y36.2470 Z0.0400 F5142.9 ; Width: 0.350mm
G1 X83.4830 Y36.2271 Z0.0400 F5142.9 ; Width: 0.350mm
G1 X83.4030 Y36.2270 Z0.0400 F5142.9 ; Width: 0.350mm
G1 X83.3830 Y36.2071 Z0.0400 F5142.9 ; Width: 0.350mm
G1 X83.2830 Y36.2070 Z0.0400 F5142.9 ; Width: 0.350mm
G1 X83.2630 Y36.1871 Z0.0400 F5142.9 ; Width: 0.350mm
G1 X83.1430 Y36.1870 Z0.0400 F5142.9 ; Width: 0.350mm
G1 X83.1230 Y36.1671 Z0.0400 F5142.9 ; Width: 0.350mm
G1 X82.9430 Y36.1670 Z0.0400 F5142.9 ; Width: 0.350mm
G1 X82.9230 Y36.1471 Z0.0400 F5142.9 ; Width: 0.350mm
M118 P0 S"52" ; Sync timer
G1 X80.4030 Y36.1471 Z0.0400 F1621.3 ; Width: 1.110mm
G1 X80.3830 Y36.1670 Z0.0400 F5142.9 ; Width: 0.350mm
G1 X80.2030 Y36.1671 Z0.0400 F5142.9 ; Width: 0.350mm
G1 X80.1830 Y36.1870 Z0.0400 F5142.9 ; Width: 0.350mm
G1 X80.0630 Y36.1871 Z0.0400 F5142.9 ; Width: 0.350mm
G1 X80.0430 Y36.2070 Z0.0400 F5142.9 ; Width: 0.350mm
G1 X79.9430 Y36.2071 Z0.0400 F5142.9 ; Width: 0.350mm
G1 X79.9230 Y36.2270 Z0.0400 F5142.9 ; Width: 0.350mm
G1 X79.8430 Y36.2271 Z0.0400 F5142.9 ; Width: 0.350mm
G1 X79.8230 Y36.2470 Z0.0400 F5142.9 ; Width: 0.350mm
G1 X79.7630 Y36.2471 Z0.0400 F5142.9 ; Width: 0.350mm
G1 X79.7430 Y36.2670 Z0.0400 F5142.9 ; Width: 0.350mm
G1 X79.6830 Y36.2671 Z0.0400 F5142.9 ; Width: 0.350mm
G1 X79.6630 Y36.2870 Z0.0400 F5142.9 ; Width: 0.350mm
G1 X79.5830 Y36.2871 Z0.0400 F5142.9 ; Width: 0.350mm
G1 X79.5630 Y36.3071 Z0.0400 F5142.9 ; Width: 0.350mm
G1 X79.4430 Y36.3071 Z0.0400 F5142.9 ; Width: 0.350mm
G1 X79.4230 Y36.2871 Z0.0400 F5142.9 ; Width: 0.350mm
G1 X79.3430 Y36.2870 Z0.0400 F5142.9 ; Width: 0.350mm
G1 X79.3230 Y36.2671 Z0.0400 F5142.9 ; Width: 0.350mm
G1 X79.2630 Y36.2670 Z0.0400 F5142.9 ; Width: 0.350mm
G1 X79.2430 Y36.2471 Z0.0400 F5142.9 ; Width: 0.350mm
G1 X79.1830 Y36.2470 Z0.0400 F5142.9 ; Width: 0.350mm
G1 X79.1630 Y36.2271 Z0.0400 F5142.9 ; Width: 0.350mm
G1 X79.0830 Y36.2270 Z0.0400 F5142.9 ; Width: 0.350mm
G1 X79.0630 Y36.2071 Z0.0400 F5142.9 ; Width: 0.350mm
G1 X78.9630 Y36.2070 Z0.0400 F5142.9 ; Width: 0.350mm
G1 X78.9430 Y36.1871 Z0.0400 F5142.9 ; Width: 0.350mm
G1 X78.8230 Y36.1870 Z0.0400 F5142.9 ; Width: 0.350mm
G1 X78.8030 Y36.1671 Z0.0400 F5142.9 ; Width: 0.350mm
G1 X78.6230 Y36.1670 Z0.0400 F5142.9 ; Width: 0.350mm
G1 X78.6030 Y36.1471 Z0.0400 F5142.9 ; Width: 0.350mm
G1 X77.6630 Y36.1471 Z0.0400 F3829.8 ; Width: 0.470mm
G1 X77.6430 Y36.1272 Z0.0400 F5142.9 ; Width: 0.350mm
G1 X77.5630 Y36.1272 Z0.0400 F5142.9 ; Width: 0.350mm
G1 X77.5430 Y36.1073 Z0.0400 F5142.9 ; Width: 0.350mm
G1 X77.5230 Y36.1073 Z0.0400 F5142.9 ; Width: 0.350mm
G1 X77.4228 Y36.0070 Z0.0400 F5142.9 ; Width: 0.350mm
G1 X77.4228 Y35.9670 Z0.0400 F5142.9 ; Width: 0.350mm
G1 X77.4029 Y35.9470 Z0.0400 F5142.9 ; Width: 0.350mm
G1 X77.4029 Y35.6270 Z0.0400 F5142.9 ; Width: 0.350mm
G1 X77.4228 Y35.6070 Z0.0400 F5142.9 ; Width: 0.350mm
G1 X77.4228 Y35.5670 Z0.0400 F5142.9 ; Width: 0.350mm
G1 X77.5230 Y35.4667 Z0.0400 F5142.9 ; Width: 0.350mm
G1 X77.5430 Y35.4667 Z0.0400 F5142.9 ; Width: 0.350mm
G1 X77.5630 Y35.4468 Z0.0400 F5142.9 ; Width: 0.350mm
G1 X77.6430 Y35.4468 Z0.0400 F5142.9 ; Width: 0.350mm
G1 X77.6630 Y35.4269 Z0.0400 F5142.9 ; Width: 0.350mm
G1 X82.5080 Y35.4269 Z0.0400 F2401.9 ; Width: 0.749mm
G1 X87.3530 Y35.4269 Z0.0400 F1640.9 ; Width: 1.097mm
G1 X92.1980 Y35.4269 Z0.0400 F2393.9 ; Width: 0.752mm
G1 X97.0430 Y35.4269 Z0.0400 F1792.3 ; Width: 1.004mm
G1 X97.0630 Y35.4468 Z0.0400 F5142.9 ; Width: 0.350mm
G1 X97.1430 Y35.4468 Z0.0400 F5142.9 ; Width: 0.350mm
G1 X97.1630 Y35.4667 Z0.0400 F5142.9 ; Width: 0.350mm
G1 X97.1830 Y35.4667 Z0.0400 F5142.9 ; Width: 0.350mm
G1 X97.2837 Y35.5670 Z0.0400 F5142.9 ; Width: 0.350mm
G1 X97.2839 Y35.6070 Z0.0400 F5142.9 ; Width: 0.350mm
G1 X97.3040 Y35.6270 Z0.0400 F5142.9 ; Width: 0.350mm
G1 X97.3042 Y35.6870 Z0.0400 F5142.9 ; Width: 0.350mm
G1 X97.3039 Y35.7470 Z0.0400 F5142.9 ; Width: 0.350mm
G1 X97.2838 Y35.7670 Z0.0400 F5142.9 ; Width: 0.350mm
G1 X97.2837 Y35.8070 Z0.0400 F5142.9 ; Width: 0.350mm
G1 X97.1830 Y35.9072 Z0.0400 F5142.9 ; Width: 0.350mm
G1 X97.1630 Y35.9072 Z0.0400 F5142.9 ; Width: 0.350mm
G1 X97.1430 Y35.9271 Z0.0400 F5142.9 ; Width: 0.350mm
G1 X97.0630 Y35.9271 Z0.0400 F5142.9 ; Width: 0.350mm
G1 X97.0430 Y35.9470 Z0.0400 F5142.9 ; Width: 0.350mm
G1 X96.8230 Y35.9471 Z0.0400 F5142.9 ; Width: 0.350mm
G1 X96.8030 Y35.9670 Z0.0400 F5142.9 ; Width: 0.350mm
G1 X96.6230 Y35.9671 Z0.0400 F5142.9 ; Width: 0.350mm
G1 X96.6030 Y35.9870 Z0.0400 F5142.9 ; Width: 0.350mm
G1 X96.4630 Y35.9871 Z0.0400 F5142.9 ; Width: 0.350mm
G1 X96.4430 Y36.0070 Z0.0400 F5142.9 ; Width: 0.350mm
G1 X96.3230 Y36.0071 Z0.0400 F5142.9 ; Width: 0.350mm
G1 X96.3030 Y36.0270 Z0.0400 F5142.9 ; Width: 0.350mm
G1 X96.2030 Y36.0271 Z0.0400 F5142.9 ; Width: 0.350mm
G1 X96.1830 Y36.0470 Z0.0400 F5142.9 ; Width: 0.350mm
G1 X96.1030 Y36.0471 Z0.0400 F5142.9 ; Width: 0.350mm
G1 X96.0830 Y36.0670 Z0.0400 F5142.9 ; Width: 0.350mm
G1 X96.0030 Y36.0671 Z0.0400 F5142.9 ; Width: 0.350mm
G1 X95.9830 Y36.0870 Z0.0400 F5142.9 ; Width: 0.350mm
G1 X95.9030 Y36.0871 Z0.0400 F5142.9 ; Width: 0.350mm
G1 X95.8830 Y36.1070 Z0.0400 F5142.9 ; Width: 0.350mm
G1 X95.8230 Y36.1071 Z0.0400 F5142.9 ; Width: 0.350mm
G1 X95.8030 Y36.1270 Z0.0400 F5142.9 ; Width: 0.350mm
G1 X95.7430 Y36.1271 Z0.0400 F5142.9 ; Width: 0.350mm
G1 X95.7230 Y36.1470 Z0.0400 F5142.9 ; Width: 0.350mm
G1 X95.6630 Y36.1471 Z0.0400 F5142.9 ; Width: 0.350mm
G1 X95.6430 Y36.1670 Z0.0400 F5142.9 ; Width: 0.350mm
G1 X95.6030 Y36.1671 Z0.0400 F5142.9 ; Width: 0.350mm
G1 X95.5830 Y36.1870 Z0.0400 F5142.9 ; Width: 0.350mm
G1 X95.5230 Y36.1871 Z0.0400 F5142.9 ; Width: 0.350mm
G1 X95.5030 Y36.2070 Z0.0400 F5142.9 ; Width: 0.350mm
G1 X95.4430 Y36.2071 Z0.0400 F5142.9 ; Width: 0.350mm
G1 X95.4230 Y36.2270 Z0.0400 F5142.9 ; Width: 0.350mm
G1 X95.3830 Y36.2271 Z0.0400 F5142.9 ; Width: 0.350mm
G1 X95.3630 Y36.2470 Z0.0400 F5142.9 ; Width: 0.350mm
G1 X95.3230 Y36.2471 Z0.0400 F5142.9 ; Width: 0.350mm
G1 X95.3030 Y36.2670 Z0.0400 F5142.9 ; Width: 0.350mm
G1 X95.2630 Y36.2671 Z0.0400 F5142.9 ; Width: 0.350mm
G1 X95.2430 Y36.2870 Z0.0400 F5142.9 ; Width: 0.350mm
G1 X95.2030 Y36.2871 Z0.0400 F5142.9 ; Width: 0.350mm
G1 X95.1830 Y36.3070 Z0.0400 F5142.9 ; Width: 0.350mm
G1 X95.1430 Y36.3071 Z0.0400 F5142.9 ; Width: 0.350mm
G1 X95.1230 Y36.3270 Z0.0400 F5142.9 ; Width: 0.350mm
G1 X95.0830 Y36.3271 Z0.0400 F5142.9 ; Width: 0.350mm
G1 X95.0630 Y36.3470 Z0.0400 F5142.9 ; Width: 0.350mm
G1 X95.0230 Y36.3471 Z0.0400 F5142.9 ; Width: 0.350mm
G1 X95.0030 Y36.3670 Z0.0400 F5142.9 ; Width: 0.350mm
G1 X94.9830 Y36.3671 Z0.0400 F5142.9 ; Width: 0.350mm
G1 X94.9630 Y36.3870 Z0.0400 F5142.9 ; Width: 0.350mm
G1 X94.9230 Y36.3871 Z0.0400 F5142.9 ; Width: 0.350mm
G1 X94.9030 Y36.4070 Z0.0400 F5142.9 ; Width: 0.350mm
G1 X94.8830 Y36.4071 Z0.0400 F5142.9 ; Width: 0.350mm
G1 X94.8630 Y36.4270 Z0.0400 F5142.9 ; Width: 0.350mm
M118 P0 S"53" ; Sync timer
G1 X94.8430 Y36.4271 Z0.0400 F5142.9 ; Width: 0.350mm
G1 X94.8230 Y36.4470 Z0.0400 F5142.9 ; Width: 0.350mm
G1 X94.7830 Y36.4471 Z0.0400 F5142.9 ; Width: 0.350mm
G1 X94.7630 Y36.4670 Z0.0400 F5142.9 ; Width: 0.350mm
G1 X94.7430 Y36.4671 Z0.0400 F5142.9 ; Width: 0.350mm
G1 X94.7230 Y36.4870 Z0.0400 F5142.9 ; Width: 0.350mm
G1 X94.6430 Y36.4872 Z0.0400 F5142.9 ; Width: 0.350mm
G1 X94.6230 Y36.5071 Z0.0400 F5142.9 ; Width: 0.350mm
G0 Z1.0400 F6000.0 ; Z-hop up
G0 X99.4630 Y36.1871 F6000.0 ; Travel to new path
G0 Z0.0400 F6000.0 ; Z-hop down
G1 X99.4430 Y36.1671 Z0.0400 F5142.9 ; Width: 0.350mm
G1 X99.3630 Y36.1670 Z0.0400 F5142.9 ; Width: 0.350mm
G1 X99.3430 Y36.1471 Z0.0400 F5142.9 ; Width: 0.350mm
G1 X99.2830 Y36.1470 Z0.0400 F5142.9 ; Width: 0.350mm
G1 X99.2630 Y36.1271 Z0.0400 F5142.9 ; Width: 0.350mm
G1 X99.2030 Y36.1270 Z0.0400 F5142.9 ; Width: 0.350mm
G1 X99.1830 Y36.1071 Z0.0400 F5142.9 ; Width: 0.350mm
G1 X99.1230 Y36.1070 Z0.0400 F5142.9 ; Width: 0.350mm
G1 X99.1030 Y36.0871 Z0.0400 F5142.9 ; Width: 0.350mm
G1 X99.0230 Y36.0870 Z0.0400 F5142.9 ; Width: 0.350mm
G1 X99.0030 Y36.0671 Z0.0400 F5142.9 ; Width: 0.350mm
G1 X98.9230 Y36.0670 Z0.0400 F5142.9 ; Width: 0.350mm
G1 X98.9030 Y36.0471 Z0.0400 F5142.9 ; Width: 0.350mm
G1 X98.8230 Y36.0470 Z0.0400 F5142.9 ; Width: 0.350mm
G1 X98.8030 Y36.0271 Z0.0400 F5142.9 ; Width: 0.350mm
G1 X98.7030 Y36.0270 Z0.0400 F5142.9 ; Width: 0.350mm
G1 X98.6830 Y36.0071 Z0.0400 F5142.9 ; Width: 0.350mm
G1 X98.5630 Y36.0070 Z0.0400 F5142.9 ; Width: 0.350mm
G1 X98.5430 Y35.9871 Z0.0400 F5142.9 ; Width: 0.350mm
G1 X98.4030 Y35.9870 Z0.0400 F5142.9 ; Width: 0.350mm
G1 X98.3830 Y35.9671 Z0.0400 F5142.9 ; Width: 0.350mm
G1 X98.2030 Y35.9670 Z0.0400 F5142.9 ; Width: 0.350mm
G1 X98.1830 Y35.9471 Z0.0400 F5142.9 ; Width: 0.350mm
G1 X97.9630 Y35.9470 Z0.0400 F5142.9 ; Width: 0.350mm
G1 X97.9430 Y35.9271 Z0.0400 F5142.9 ; Width: 0.350mm
G1 X97.8630 Y35.9271 Z0.0400 F5142.9 ; Width: 0.350mm
G1 X97.8430 Y35.9072 Z0.0400 F5142.9 ; Width: 0.350mm
G1 X97.8230 Y35.9072 Z0.0400 F5142.9 ; Width: 0.350mm
G1 X97.7223 Y35.8070 Z0.0400 F5142.9 ; Width: 0.350mm
G1 X97.7222 Y35.7670 Z0.0400 F5142.9 ; Width: 0.350mm
G1 X97.7021 Y35.7470 Z0.0400 F5142.9 ; Width: 0.350mm
G1 X97.7020 Y35.6270 Z0.0400 F5142.9 ; Width: 0.350mm
G1 X97.7221 Y35.6070 Z0.0400 F5142.9 ; Width: 0.350mm
G1 X97.7223 Y35.5670 Z0.0400 F5142.9 ; Width: 0.350mm
G1 X97.8230 Y35.4667 Z0.0400 F5142.9 ; Width: 0.350mm
G1 X97.8430 Y35.4667 Z0.0400 F5142.9 ; Width: 0.350mm
G1 X97.8630 Y35.4468 Z0.0400 F5142.9 ; Width: 0.350mm
G1 X97.9430 Y35.4468 Z0.0400 F5142.9 ; Width: 0.350mm
G1 X97.9630 Y35.4269 Z0.0400 F5142.9 ; Width: 0.350mm
G1 X99.4630 Y35.4269 Z0.0400 F3098.6 ; Width: 0.581mm
G1 X99.4830 Y35.4468 Z0.0400 F5142.9 ; Width: 0.350mm
G1 X99.5630 Y35.4468 Z0.0400 F5142.9 ; Width: 0.350mm
G1 X99.5830 Y35.4667 Z0.0400 F5142.9 ; Width: 0.350mm
G1 X99.6030 Y35.4667 Z0.0400 F5142.9 ; Width: 0.350mm
G1 X99.7032 Y35.5670 Z0.0400 F5142.9 ; Width: 0.350mm
G1 X99.7032 Y35.6070 Z0.0400 F5142.9 ; Width: 0.350mm
G1 X99.7231 Y35.6270 Z0.0400 F5142.9 ; Width: 0.350mm
G1 X99.7231 Y35.9870 Z0.0400 F5142.9 ; Width: 0.350mm
G1 X99.7032 Y36.0070 Z0.0400 F5142.9 ; Width: 0.350mm
G1 X99.7032 Y36.0470 Z0.0400 F5142.9 ; Width: 0.350mm
G1 X99.6030 Y36.1474 Z0.0400 F5142.9 ; Width: 0.350mm
G1 X99.5830 Y36.1474 Z0.0400 F5142.9 ; Width: 0.350mm
G1 X99.5630 Y36.1673 Z0.0400 F5142.9 ; Width: 0.350mm
G1 X99.4830 Y36.1672 Z0.0400 F5142.9 ; Width: 0.350mm
G1 X99.4630 Y36.1871 Z0.0400 F5142.9 ; Width: 0.350mm
G0 Z1.0400 F6000.0 ; Z-hop up
G0 X99.4630 Y36.1871 F6000.0 ; Travel to new path
G0 Z0.0400 F6000.0 ; Z-hop down
G1 X99.4430 Y36.1671 Z0.0400 F5142.9 ; Width: 0.350mm
G1 X99.3630 Y36.1670 Z0.0400 F5142.9 ; Width: 0.350mm
G1 X99.3430 Y36.1471 Z0.0400 F5142.9 ; Width: 0.350mm
G1 X99.2830 Y36.1470 Z0.0400 F5142.9 ; Width: 0.350mm
G1 X99.2630 Y36.1271 Z0.0400 F5142.9 ; Width: 0.350mm
G1 X99.2030 Y36.1270 Z0.0400 F5142.9 ; Width: 0.350mm
G1 X99.1830 Y36.1071 Z0.0400 F5142.9 ; Width: 0.350mm
G1 X99.1230 Y36.1070 Z0.0400 F5142.9 ; Width: 0.350mm
G1 X99.1030 Y36.0871 Z0.0400 F5142.9 ; Width: 0.350mm
G1 X99.0230 Y36.0870 Z0.0400 F5142.9 ; Width: 0.350mm
G1 X99.0030 Y36.0671 Z0.0400 F5142.9 ; Width: 0.350mm
G1 X98.9230 Y36.0670 Z0.0400 F5142.9 ; Width: 0.350mm
G1 X98.9030 Y36.0471 Z0.0400 F5142.9 ; Width: 0.350mm
G1 X98.8230 Y36.0470 Z0.0400 F5142.9 ; Width: 0.350mm
G1 X98.8030 Y36.0271 Z0.0400 F5142.9 ; Width: 0.350mm
G1 X98.7030 Y36.0270 Z0.0400 F5142.9 ; Width: 0.350mm
G1 X98.6830 Y36.0071 Z0.0400 F5142.9 ; Width: 0.350mm
G1 X98.5630 Y36.0070 Z0.0400 F5142.9 ; Width: 0.350mm
G1 X98.5430 Y35.9871 Z0.0400 F5142.9 ; Width: 0.350mm
G1 X98.4030 Y35.9870 Z0.0400 F5142.9 ; Width: 0.350mm
G1 X98.3830 Y35.9671 Z0.0400 F5142.9 ; Width: 0.350mm
G1 X98.2030 Y35.9670 Z0.0400 F5142.9 ; Width: 0.350mm
G1 X98.1830 Y35.9471 Z0.0400 F5142.9 ; Width: 0.350mm
G1 X97.9630 Y35.9470 Z0.0400 F5142.9 ; Width: 0.350mm
G1 X97.9430 Y35.9271 Z0.0400 F5142.9 ; Width: 0.350mm
G1 X97.8630 Y35.9271 Z0.0400 F5142.9 ; Width: 0.350mm
G1 X97.8430 Y35.9072 Z0.0400 F5142.9 ; Width: 0.350mm
G1 X97.8230 Y35.9072 Z0.0400 F5142.9 ; Width: 0.350mm
G1 X97.7223 Y35.8070 Z0.0400 F5142.9 ; Width: 0.350mm
G1 X97.7222 Y35.7670 Z0.0400 F5142.9 ; Width: 0.350mm
G1 X97.7021 Y35.7470 Z0.0400 F5142.9 ; Width: 0.350mm
G1 X97.7020 Y35.6270 Z0.0400 F5142.9 ; Width: 0.350mm
G1 X97.7221 Y35.6070 Z0.0400 F5142.9 ; Width: 0.350mm
G1 X97.7223 Y35.5670 Z0.0400 F5142.9 ; Width: 0.350mm
G1 X97.8230 Y35.4667 Z0.0400 F5142.9 ; Width: 0.350mm
G1 X97.8430 Y35.4667 Z0.0400 F5142.9 ; Width: 0.350mm
G1 X97.8630 Y35.4468 Z0.0400 F5142.9 ; Width: 0.350mm
G1 X97.9430 Y35.4468 Z0.0400 F5142.9 ; Width: 0.350mm
G1 X97.9630 Y35.4269 Z0.0400 F5142.9 ; Width: 0.350mm
G1 X99.4630 Y35.4269 Z0.0400 F3098.6 ; Width: 0.581mm
G1 X99.4830 Y35.4468 Z0.0400 F5142.9 ; Width: 0.350mm
G1 X99.5630 Y35.4468 Z0.0400 F5142.9 ; Width: 0.350mm
G1 X99.5830 Y35.4667 Z0.0400 F5142.9 ; Width: 0.350mm
G1 X99.6030 Y35.4667 Z0.0400 F5142.9 ; Width: 0.350mm
G1 X99.7032 Y35.5670 Z0.0400 F5142.9 ; Width: 0.350mm
G1 X99.7032 Y35.6070 Z0.0400 F5142.9 ; Width: 0.350mm
G1 X99.7231 Y35.6270 Z0.0400 F5142.9 ; Width: 0.350mm
G1 X99.7231 Y35.9870 Z0.0400 F5142.9 ; Width: 0.350mm
G1 X99.7032 Y36.0070 Z0.0400 F5142.9 ; Width: 0.350mm
G1 X99.7032 Y36.0470 Z0.0400 F5142.9 ; Width: 0.350mm
G1 X99.6030 Y36.1474 Z0.0400 F5142.9 ; Width: 0.350mm
G1 X99.5830 Y36.1474 Z0.0400 F5142.9 ; Width: 0.350mm
G1 X99.5630 Y36.1673 Z0.0400 F5142.9 ; Width: 0.350mm
G1 X99.4830 Y36.1672 Z0.0400 F5142.9 ; Width: 0.350mm
G1 X99.4630 Y36.1871 Z0.0400 F5142.9 ; Width: 0.350mm
G0 Z1.0400 F6000.0 ; Z-hop up
G0 X100.8630 Y38.4075 F6000.0 ; Travel to new path
G0 Z0.0400 F6000.0 ; Z-hop down
G1 X100.8430 Y38.3875 Z0.0400 F5142.9 ; Width: 0.350mm
G1 X100.7630 Y38.3871 Z0.0400 F5142.9 ; Width: 0.350mm
G1 X100.7430 Y38.3671 Z0.0400 F5142.9 ; Width: 0.350mm
G1 X100.7230 Y38.3670 Z0.0400 F5142.9 ; Width: 0.350mm
G1 X100.6630 Y38.3071 Z0.0400 F5142.9 ; Width: 0.350mm
G1 X100.6430 Y38.3070 Z0.0400 F5142.9 ; Width: 0.350mm
G1 X100.6030 Y38.2671 Z0.0400 F5142.9 ; Width: 0.350mm
G1 X100.5830 Y38.2670 Z0.0400 F5142.9 ; Width: 0.350mm
G1 X100.5230 Y38.2071 Z0.0400 F5142.9 ; Width: 0.350mm
G1 X100.5030 Y38.2070 Z0.0400 F5142.9 ; Width: 0.350mm
G1 X100.4630 Y38.1671 Z0.0400 F5142.9 ; Width: 0.350mm
G1 X100.4430 Y38.1670 Z0.0400 F5142.9 ; Width: 0.350mm
G1 X100.4030 Y38.1271 Z0.0400 F5142.9 ; Width: 0.350mm
G1 X100.3830 Y38.1270 Z0.0400 F5142.9 ; Width: 0.350mm
G1 X100.3430 Y38.0871 Z0.0400 F5142.9 ; Width: 0.350mm
G1 X100.3230 Y38.0870 Z0.0400 F5142.9 ; Width: 0.350mm
G1 X100.2830 Y38.0471 Z0.0400 F5142.9 ; Width: 0.350mm
G1 X100.2630 Y38.0470 Z0.0400 F5142.9 ; Width: 0.350mm
G1 X100.2430 Y38.0271 Z0.0400 F5142.9 ; Width: 0.350mm
G1 X100.2230 Y38.0270 Z0.0400 F5142.9 ; Width: 0.350mm
G1 X100.2030 Y38.0071 Z0.0400 F5142.9 ; Width: 0.350mm
G1 X100.1830 Y38.0070 Z0.0400 F5142.9 ; Width: 0.350mm
G1 X100.1630 Y37.9871 Z0.0400 F5142.9 ; Width: 0.350mm
G1 X100.1430 Y37.9870 Z0.0400 F5142.9 ; Width: 0.350mm
G1 X100.1030 Y37.9471 Z0.0400 F5142.9 ; Width: 0.350mm
G1 X100.0830 Y37.9470 Z0.0400 F5142.9 ; Width: 0.350mm
G1 X100.0630 Y37.9271 Z0.0400 F5142.9 ; Width: 0.350mm
G1 X100.0430 Y37.9270 Z0.0400 F5142.9 ; Width: 0.350mm
G1 X100.0230 Y37.9071 Z0.0400 F5142.9 ; Width: 0.350mm
G1 X100.0030 Y37.9070 Z0.0400 F5142.9 ; Width: 0.350mm
G1 X99.9830 Y37.8871 Z0.0400 F5142.9 ; Width: 0.350mm
G1 X99.9630 Y37.8870 Z0.0400 F5142.9 ; Width: 0.350mm
G1 X99.9430 Y37.8671 Z0.0400 F5142.9 ; Width: 0.350mm
G1 X99.9230 Y37.8670 Z0.0400 F5142.9 ; Width: 0.350mm
G1 X99.9030 Y37.8471 Z0.0400 F5142.9 ; Width: 0.350mm
G1 X99.8830 Y37.8470 Z0.0400 F5142.9 ; Width: 0.350mm
G1 X99.8630 Y37.8271 Z0.0400 F5142.9 ; Width: 0.350mm
G1 X99.8430 Y37.8270 Z0.0400 F5142.9 ; Width: 0.350mm
G1 X99.8230 Y37.8071 Z0.0400 F5142.9 ; Width: 0.350mm
G1 X99.8030 Y37.8070 Z0.0400 F5142.9 ; Width: 0.350mm
G1 X99.7830 Y37.7871 Z0.0400 F5142.9 ; Width: 0.350mm
G1 X99.7430 Y37.7870 Z0.0400 F5142.9 ; Width: 0.350mm
G1 X99.7230 Y37.7671 Z0.0400 F5142.9 ; Width: 0.350mm
G1 X99.7030 Y37.7670 Z0.0400 F5142.9 ; Width: 0.350mm
G1 X99.6830 Y37.7471 Z0.0400 F5142.9 ; Width: 0.350mm
G1 X99.6630 Y37.7470 Z0.0400 F5142.9 ; Width: 0.350mm
G1 X99.6430 Y37.7271 Z0.0400 F5142.9 ; Width: 0.350mm
G1 X99.6230 Y37.7270 Z0.0400 F5142.9 ; Width: 0.350mm
G1 X99.6030 Y37.7071 Z0.0400 F5142.9 ; Width: 0.350mm
G1 X99.5830 Y37.7070 Z0.0400 F5142.9 ; Width: 0.350mm
G1 X99.5630 Y37.6871 Z0.0400 F5142.9 ; Width: 0.350mm
G1 X99.5230 Y37.6870 Z0.0400 F5142.9 ; Width: 0.350mm
G1 X99.5030 Y37.6671 Z0.0400 F5142.9 ; Width: 0.350mm
G1 X99.4830 Y37.6670 Z0.0400 F5142.9 ; Width: 0.350mm
G1 X99.4630 Y37.6471 Z0.0400 F5142.9 ; Width: 0.350mm
G1 X99.4230 Y37.6470 Z0.0400 F5142.9 ; Width: 0.350mm
G1 X99.4030 Y37.6271 Z0.0400 F5142.9 ; Width: 0.350mm
G1 X99.3630 Y37.6270 Z0.0400 F5142.9 ; Width: 0.350mm
G1 X99.3430 Y37.6071 Z0.0400 F5142.9 ; Width: 0.350mm
G1 X99.3030 Y37.6070 Z0.0400 F5142.9 ; Width: 0.350mm
G1 X99.2830 Y37.5871 Z0.0400 F5142.9 ; Width: 0.350mm
G1 X99.2430 Y37.5870 Z0.0400 F5142.9 ; Width: 0.350mm
G1 X99.2230 Y37.5671 Z0.0400 F5142.9 ; Width: 0.350mm
G1 X99.1630 Y37.5670 Z0.0400 F5142.9 ; Width: 0.350mm
G1 X99.1430 Y37.5471 Z0.0400 F5142.9 ; Width: 0.350mm
G1 X99.1030 Y37.5470 Z0.0400 F5142.9 ; Width: 0.350mm
G1 X99.0830 Y37.5272 Z0.0400 F5142.9 ; Width: 0.350mm
G1 X99.0230 Y37.5270 Z0.0400 F5142.9 ; Width: 0.350mm
G1 X99.0030 Y37.5071 Z0.0400 F5142.9 ; Width: 0.350mm
G1 X98.9430 Y37.5070 Z0.0400 F5142.9 ; Width: 0.350mm
G1 X98.9230 Y37.4871 Z0.0400 F5142.9 ; Width: 0.350mm
G1 X98.8830 Y37.4870 Z0.0400 F5142.9 ; Width: 0.350mm
G1 X98.8630 Y37.4672 Z0.0400 F5142.9 ; Width: 0.350mm
G1 X98.7830 Y37.4670 Z0.0400 F5142.9 ; Width: 0.350mm
G1 X98.7630 Y37.4471 Z0.0400 F5142.9 ; Width: 0.350mm
G1 X98.6830 Y37.4470 Z0.0400 F5142.9 ; Width: 0.350mm
G1 X98.6630 Y37.4272 Z0.0400 F5142.9 ; Width: 0.350mm
G1 X98.5830 Y37.4270 Z0.0400 F5142.9 ; Width: 0.350mm
G1 X98.5630 Y37.4071 Z0.0400 F5142.9 ; Width: 0.350mm
G1 X98.4830 Y37.4070 Z0.0400 F5142.9 ; Width: 0.350mm
G1 X98.4630 Y37.3872 Z0.0400 F5142.9 ; Width: 0.350mm
G1 X98.3230 Y37.3870 Z0.0400 F5142.9 ; Width: 0.350mm
G1 X98.3030 Y37.3672 Z0.0400 F5142.9 ; Width: 0.350mm
G1 X98.1630 Y37.3670 Z0.0400 F5142.9 ; Width: 0.350mm
G1 X98.1430 Y37.3472 Z0.0400 F5142.9 ; Width: 0.350mm
G1 X97.9230 Y37.3470 Z0.0400 F5142.9 ; Width: 0.350mm
G1 X97.9030 Y37.3272 Z0.0400 F5142.9 ; Width: 0.350mm
G1 X97.1030 Y37.3272 Z0.0400 F4500.0 ; Width: 0.400mm
G1 X97.0830 Y37.3470 Z0.0400 F5142.9 ; Width: 0.350mm
G1 X96.8630 Y37.3472 Z0.0400 F5142.9 ; Width: 0.350mm
G1 X96.8430 Y37.3670 Z0.0400 F5142.9 ; Width: 0.350mm
G1 X96.7030 Y37.3672 Z0.0400 F5142.9 ; Width: 0.350mm
G1 X96.6830 Y37.3870 Z0.0400 F5142.9 ; Width: 0.350mm
G1 X96.5430 Y37.3872 Z0.0400 F5142.9 ; Width: 0.350mm
G1 X96.5230 Y37.4070 Z0.0400 F5142.9 ; Width: 0.350mm
G1 X96.4430 Y37.4071 Z0.0400 F5142.9 ; Width: 0.350mm
G1 X96.4230 Y37.4270 Z0.0400 F5142.9 ; Width: 0.350mm
G1 X96.3430 Y37.4272 Z0.0400 F5142.9 ; Width: 0.350mm
G1 X96.3230 Y37.4470 Z0.0400 F5142.9 ; Width: 0.350mm
G1 X96.2430 Y37.4471 Z0.0400 F5142.9 ; Width: 0.350mm
G1 X96.2230 Y37.4670 Z0.0400 F5142.9 ; Width: 0.350mm
G1 X96.1430 Y37.4672 Z0.0400 F5142.9 ; Width: 0.350mm
G1 X96.1230 Y37.4870 Z0.0400 F5142.9 ; Width: 0.350mm
G1 X96.0830 Y37.4871 Z0.0400 F5142.9 ; Width: 0.350mm
G1 X96.0630 Y37.5070 Z0.0400 F5142.9 ; Width: 0.350mm
G1 X96.0030 Y37.5071 Z0.0400 F5142.9 ; Width: 0.350mm
G1 X95.9830 Y37.5270 Z0.0400 F5142.9 ; Width: 0.350mm
G1 X95.9230 Y37.5272 Z0.0400 F5142.9 ; Width: 0.350mm
G1 X95.9030 Y37.5470 Z0.0400 F5142.9 ; Width: 0.350mm
G1 X95.8630 Y37.5471 Z0.0400 F5142.9 ; Width: 0.350mm
G1 X95.8430 Y37.5670 Z0.0400 F5142.9 ; Width: 0.350mm
G1 X95.7830 Y37.5671 Z0.0400 F5142.9 ; Width: 0.350mm
G1 X95.7630 Y37.5870 Z0.0400 F5142.9 ; Width: 0.350mm
G1 X95.7230 Y37.5871 Z0.0400 F5142.9 ; Width: 0.350mm
G1 X95.7030 Y37.6070 Z0.0400 F5142.9 ; Width: 0.350mm
G1 X95.6630 Y37.6071 Z0.0400 F5142.9 ; Width: 0.350mm
G1 X95.6430 Y37.6270 Z0.0400 F5142.9 ; Width: 0.350mm
G1 X95.6030 Y37.6271 Z0.0400 F5142.9 ; Width: 0.350mm
G1 X95.5830 Y37.6470 Z0.0400 F5142.9 ; Width: 0.350mm
G1 X95.5430 Y37.6471 Z0.0400 F5142.9 ; Width: 0.350mm
G1 X95.5230 Y37.6670 Z0.0400 F5142.9 ; Width: 0.350mm
G1 X95.5030 Y37.6671 Z0.0400 F5142.9 ; Width: 0.350mm
G1 X95.4830 Y37.6870 Z0.0400 F5142.9 ; Width: 0.350mm
G1 X95.4430 Y37.6871 Z0.0400 F5142.9 ; Width: 0.350mm
G1 X95.4230 Y37.7070 Z0.0400 F5142.9 ; Width: 0.350mm
G1 X95.4030 Y37.7071 Z0.0400 F5142.9 ; Width: 0.350mm
G1 X95.3830 Y37.7270 Z0.0400 F5142.9 ; Width: 0.350mm
G1 X95.3630 Y37.7271 Z0.0400 F5142.9 ; Width: 0.350mm
G1 X95.3430 Y37.7470 Z0.0400 F5142.9 ; Width: 0.350mm
G1 X95.3230 Y37.7471 Z0.0400 F5142.9 ; Width: 0.350mm
G1 X95.3030 Y37.7670 Z0.0400 F5142.9 ; Width: 0.350mm
G1 X95.2630 Y37.7671 Z0.0400 F5142.9 ; Width: 0.350mm
G1 X95.2430 Y37.7870 Z0.0400 F5142.9 ; Width: 0.350mm
G1 X95.2230 Y37.7871 Z0.0400 F5142.9 ; Width: 0.350mm
G1 X95.2030 Y37.8070 Z0.0400 F5142.9 ; Width: 0.350mm
G1 X95.1830 Y37.8071 Z0.0400 F5142.9 ; Width: 0.350mm
G1 X95.1630 Y37.8270 Z0.0400 F5142.9 ; Width: 0.350mm
G1 X95.1430 Y37.8271 Z0.0400 F5142.9 ; Width: 0.350mm
G1 X95.1230 Y37.8470 Z0.0400 F5142.9 ; Width: 0.350mm
G1 X95.1030 Y37.8471 Z0.0400 F5142.9 ; Width: 0.350mm
G1 X95.0830 Y37.8670 Z0.0400 F5142.9 ; Width: 0.350mm
G1 X95.0630 Y37.8671 Z0.0400 F5142.9 ; Width: 0.350mm
G1 X95.0430 Y37.8870 Z0.0400 F5142.9 ; Width: 0.350mm
G1 X95.0230 Y37.8871 Z0.0400 F5142.9 ; Width: 0.350mm
G1 X95.0030 Y37.9070 Z0.0400 F5142.9 ; Width: 0.350mm
G1 X94.9830 Y37.9071 Z0.0400 F5142.9 ; Width: 0.350mm
G1 X94.9630 Y37.9270 Z0.0400 F5142.9 ; Width: 0.350mm
G1 X94.9430 Y37.9271 Z0.0400 F5142.9 ; Width: 0.350mm
G1 X94.9230 Y37.9470 Z0.0400 F5142.9 ; Width: 0.350mm
G1 X94.9030 Y37.9471 Z0.0400 F5142.9 ; Width: 0.350mm
G1 X94.8830 Y37.9670 Z0.0400 F5142.9 ; Width: 0.350mm
G1 X94.8630 Y37.9671 Z0.0400 F5142.9 ; Width: 0.350mm
G1 X94.8230 Y38.0070 Z0.0400 F5142.9 ; Width: 0.350mm
G1 X94.8030 Y38.0071 Z0.0400 F5142.9 ; Width: 0.350mm
G1 X94.7830 Y38.0270 Z0.0400 F5142.9 ; Width: 0.350mm
G1 X94.7630 Y38.0271 Z0.0400 F5142.9 ; Width: 0.350mm
G1 X94.7430 Y38.0470 Z0.0400 F5142.9 ; Width: 0.350mm
G1 X94.7230 Y38.0471 Z0.0400 F5142.9 ; Width: 0.350mm
G1 X94.7030 Y38.0671 Z0.0400 F5142.9 ; Width: 0.350mm
G1 X94.6830 Y38.0672 Z0.0400 F5142.9 ; Width: 0.350mm
G1 X94.6630 Y38.0871 Z0.0400 F5142.9 ; Width: 0.350mm
G1 X94.5830 Y38.0874 Z0.0400 F5142.9 ; Width: 0.350mm
G1 X94.5630 Y38.1074 Z0.0400 F5142.9 ; Width: 0.350mm
G1 X94.5430 Y38.1075 Z0.0400 F5142.9 ; Width: 0.350mm
G1 X94.5230 Y38.0875 Z0.0400 F5142.9 ; Width: 0.350mm
G1 X94.4430 Y38.0871 Z0.0400 F5142.9 ; Width: 0.350mm
G1 X94.4230 Y38.0671 Z0.0400 F5142.9 ; Width: 0.350mm
G1 X94.4030 Y38.0670 Z0.0400 F5142.9 ; Width: 0.350mm
G1 X94.3430 Y38.0071 Z0.0400 F5142.9 ; Width: 0.350mm
G1 X94.3230 Y38.0070 Z0.0400 F5142.9 ; Width: 0.350mm
G1 X94.2830 Y37.9671 Z0.0400 F5142.9 ; Width: 0.350mm
G1 X94.2630 Y37.9670 Z0.0400 F5142.9 ; Width: 0.350mm
G1 X94.2230 Y37.9271 Z0.0400 F5142.9 ; Width: 0.350mm
G1 X94.2030 Y37.9270 Z0.0400 F5142.9 ; Width: 0.350mm
G1 X94.1630 Y37.8871 Z0.0400 F5142.9 ; Width: 0.350mm
G1 X94.1430 Y37.8870 Z0.0400 F5142.9 ; Width: 0.350mm
G1 X94.1230 Y37.8671 Z0.0400 F5142.9 ; Width: 0.350mm
G1 X94.1030 Y37.8670 Z0.0400 F5142.9 ; Width: 0.350mm
G1 X94.0830 Y37.8471 Z0.0400 F5142.9 ; Width: 0.350mm
G1 X94.0630 Y37.8470 Z0.0400 F5142.9 ; Width: 0.350mm
G1 X94.0430 Y37.8271 Z0.0400 F5142.9 ; Width: 0.350mm
G1 X94.0230 Y37.8270 Z0.0400 F5142.9 ; Width: 0.350mm
G1 X94.0030 Y37.8071 Z0.0400 F5142.9 ; Width: 0.350mm
G1 X93.9830 Y37.8070 Z0.0400 F5142.9 ; Width: 0.350mm
G1 X93.9630 Y37.7871 Z0.0400 F5142.9 ; Width: 0.350mm
G1 X93.9430 Y37.7870 Z0.0400 F5142.9 ; Width: 0.350mm
G1 X93.9230 Y37.7671 Z0.0400 F5142.9 ; Width: 0.350mm
G1 X93.9030 Y37.7670 Z0.0400 F5142.9 ; Width: 0.350mm
G1 X93.8830 Y37.7471 Z0.0400 F5142.9 ; Width: 0.350mm
G1 X93.8630 Y37.7470 Z0.0400 F5142.9 ; Width: 0.350mm
G1 X93.8430 Y37.7271 Z0.0400 F5142.9 ; Width: 0.350mm
G1 X93.8030 Y37.7270 Z0.0400 F5142.9 ; Width: 0.350mm
G1 X93.7830 Y37.7071 Z0.0400 F5142.9 ; Width: 0.350mm
G1 X93.7630 Y37.7070 Z0.0400 F5142.9 ; Width: 0.350mm
G1 X93.7430 Y37.6871 Z0.0400 F5142.9 ; Width: 0.350mm
G1 X93.7030 Y37.6870 Z0.0400 F5142.9 ; Width: 0.350mm
G1 X93.6830 Y37.6671 Z0.0400 F5142.9 ; Width: 0.350mm
G1 X93.6430 Y37.6670 Z0.0400 F5142.9 ; Width: 0.350mm
G1 X93.6230 Y37.6471 Z0.0400 F5142.9 ; Width: 0.350mm
G1 X93.5630 Y37.6470 Z0.0400 F5142.9 ; Width: 0.350mm
G1 X93.5430 Y37.6271 Z0.0400 F5142.9 ; Width: 0.350mm
G1 X93.5030 Y37.6270 Z0.0400 F5142.9 ; Width: 0.350mm
G1 X93.4830 Y37.6072 Z0.0400 F5142.9 ; Width: 0.350mm
G1 X93.4030 Y37.6070 Z0.0400 F5142.9 ; Width: 0.350mm
G1 X93.3830 Y37.5871 Z0.0400 F5142.9 ; Width: 0.350mm
G1 X93.3030 Y37.5870 Z0.0400 F5142.9 ; Width: 0.350mm
G1 X93.2830 Y37.5672 Z0.0400 F5142.9 ; Width: 0.350mm
G1 X93.1430 Y37.5670 Z0.0400 F5142.9 ; Width: 0.350mm
G1 X93.1230 Y37.5472 Z0.0400 F5142.9 ; Width: 0.350mm
G1 X90.9030 Y37.5472 Z0.0400 F1621.6 ; Width: 1.110mm
G1 X90.8830 Y37.5670 Z0.0400 F5142.9 ; Width: 0.350mm
G1 X90.7430 Y37.5672 Z0.0400 F5142.9 ; Width: 0.350mm
G1 X90.7230 Y37.5870 Z0.0400 F5142.9 ; Width: 0.350mm
G1 X90.6430 Y37.5871 Z0.0400 F5142.9 ; Width: 0.350mm
G1 X90.6230 Y37.6070 Z0.0400 F5142.9 ; Width: 0.350mm
G1 X90.5430 Y37.6072 Z0.0400 F5142.9 ; Width: 0.350mm
G1 X90.5230 Y37.6270 Z0.0400 F5142.9 ; Width: 0.350mm
G1 X90.4830 Y37.6271 Z0.0400 F5142.9 ; Width: 0.350mm
G1 X90.4630 Y37.6470 Z0.0400 F5142.9 ; Width: 0.350mm
G1 X90.4030 Y37.6471 Z0.0400 F5142.9 ; Width: 0.350mm
G1 X90.3830 Y37.6670 Z0.0400 F5142.9 ; Width: 0.350mm
G1 X90.3430 Y37.6671 Z0.0400 F5142.9 ; Width: 0.350mm
G1 X90.3230 Y37.6870 Z0.0400 F5142.9 ; Width: 0.350mm
G1 X90.2830 Y37.6871 Z0.0400 F5142.9 ; Width: 0.350mm
G1 X90.2630 Y37.7070 Z0.0400 F5142.9 ; Width: 0.350mm
G1 X90.1830 Y37.7073 Z0.0400 F5142.9 ; Width: 0.350mm
G1 X90.1630 Y37.7272 Z0.0400 F5142.9 ; Width: 0.350mm
G1 X90.1430 Y37.7272 Z0.0400 F5142.9 ; Width: 0.350mm
G1 X90.1230 Y37.7073 Z0.0400 F5142.9 ; Width: 0.350mm
G1 X90.0430 Y37.7070 Z0.0400 F5142.9 ; Width: 0.350mm
G1 X90.0230 Y37.6871 Z0.0400 F5142.9 ; Width: 0.350mm
G1 X89.9830 Y37.6870 Z0.0400 F5142.9 ; Width: 0.350mm
G1 X89.9630 Y37.6671 Z0.0400 F5142.9 ; Width: 0.350mm
G1 X89.9230 Y37.6670 Z0.0400 F5142.9 ; Width: 0.350mm
G1 X89.9030 Y37.6471 Z0.0400 F5142.9 ; Width: 0.350mm
G1 X89.8430 Y37.6470 Z0.0400 F5142.9 ; Width: 0.350mm
G1 X89.8230 Y37.6271 Z0.0400 F5142.9 ; Width: 0.350mm
G1 X89.7830 Y37.6270 Z0.0400 F5142.9 ; Width: 0.350mm
G1 X89.7630 Y37.6072 Z0.0400 F5142.9 ; Width: 0.350mm
G1 X89.6830 Y37.6070 Z0.0400 F5142.9 ; Width: 0.350mm
G1 X89.6630 Y37.5871 Z0.0400 F5142.9 ; Width: 0.350mm
G1 X89.5830 Y37.5870 Z0.0400 F5142.9 ; Width: 0.350mm
G1 X89.5630 Y37.5672 Z0.0400 F5142.9 ; Width: 0.350mm
G1 X89.4230 Y37.5670 Z0.0400 F5142.9 ; Width: 0.350mm
G1 X89.4030 Y37.5472 Z0.0400 F5142.9 ; Width: 0.350mm
G1 X87.8830 Y37.5472 Z0.0400 F2368.4 ; Width: 0.760mm
G1 X87.8630 Y37.5670 Z0.0400 F5142.9 ; Width: 0.350mm
G1 X87.7230 Y37.5672 Z0.0400 F5142.9 ; Width: 0.350mm
G1 X87.7030 Y37.5870 Z0.0400 F5142.9 ; Width: 0.350mm
G1 X87.6230 Y37.5871 Z0.0400 F5142.9 ; Width: 0.350mm
G1 X87.6030 Y37.6070 Z0.0400 F5142.9 ; Width: 0.350mm
G1 X87.5230 Y37.6072 Z0.0400 F5142.9 ; Width: 0.350mm
G1 X87.5030 Y37.6270 Z0.0400 F5142.9 ; Width: 0.350mm
G1 X87.4630 Y37.6271 Z0.0400 F5142.9 ; Width: 0.350mm
G1 X87.4430 Y37.6470 Z0.0400 F5142.9 ; Width: 0.350mm
G1 X87.3830 Y37.6471 Z0.0400 F5142.9 ; Width: 0.350mm
G1 X87.3630 Y37.6670 Z0.0400 F5142.9 ; Width: 0.350mm
G1 X87.3230 Y37.6671 Z0.0400 F5142.9 ; Width: 0.350mm
G1 X87.3030 Y37.6870 Z0.0400 F5142.9 ; Width: 0.350mm
G1 X87.2630 Y37.6871 Z0.0400 F5142.9 ; Width: 0.350mm
G1 X87.2430 Y37.7070 Z0.0400 F5142.9 ; Width: 0.350mm
G1 X87.1630 Y37.7073 Z0.0400 F5142.9 ; Width: 0.350mm
G1 X87.1430 Y37.7272 Z0.0400 F5142.9 ; Width: 0.350mm
G1 X87.1230 Y37.7273 Z0.0400 F5142.9 ; Width: 0.350mm
G1 X87.0830 Y37.7272 Z0.0400 F5142.9 ; Width: 0.350mm
G1 X87.0630 Y37.7073 Z0.0400 F5142.9 ; Width: 0.350mm
G1 X86.9830 Y37.7070 Z0.0400 F5142.9 ; Width: 0.350mm
G1 X86.9630 Y37.6871 Z0.0400 F5142.9 ; Width: 0.350mm
G1 X86.9230 Y37.6870 Z0.0400 F5142.9 ; Width: 0.350mm
G1 X86.9030 Y37.6671 Z0.0400 F5142.9 ; Width: 0.350mm
G1 X86.8630 Y37.6670 Z0.0400 F5142.9 ; Width: 0.350mm
G1 X86.8430 Y37.6471 Z0.0400 F5142.9 ; Width: 0.350mm
G1 X86.7830 Y37.6470 Z0.0400 F5142.9 ; Width: 0.350mm
G1 X86.7630 Y37.6271 Z0.0400 F5142.9 ; Width: 0.350mm
G1 X86.7230 Y37.6270 Z0.0400 F5142.9 ; Width: 0.350mm
G1 X86.7030 Y37.6072 Z0.0400 F5142.9 ; Width: 0.350mm
G1 X86.6230 Y37.6070 Z0.0400 F5142.9 ; Width: 0.350mm
G1 X86.6030 Y37.5871 Z0.0400 F5142.9 ; Width: 0.350mm
G1 X86.5230 Y37.5870 Z0.0400 F5142.9 ; Width: 0.350mm
G1 X86.5030 Y37.5672 Z0.0400 F5142.9 ; Width: 0.350mm
G1 X86.3630 Y37.5670 Z0.0400 F5142.9 ; Width: 0.350mm
G1 X86.3430 Y37.5472 Z0.0400 F5142.9 ; Width: 0.350mm
G1 X84.1430 Y37.5472 Z0.0400 F1636.4 ; Width: 1.100mm
G1 X84.1230 Y37.5670 Z0.0400 F5142.9 ; Width: 0.350mm
G1 X83.9830 Y37.5672 Z0.0400 F5142.9 ; Width: 0.350mm
G1 X83.9630 Y37.5870 Z0.0400 F5142.9 ; Width: 0.350mm
G1 X83.8830 Y37.5871 Z0.0400 F5142.9 ; Width: 0.350mm
G1 X83.8630 Y37.6070 Z0.0400 F5142.9 ; Width: 0.350mm
G1 X83.7830 Y37.6072 Z0.0400 F5142.9 ; Width: 0.350mm
G1 X83.7630 Y37.6270 Z0.0400 F5142.9 ; Width: 0.350mm
G1 X83.7230 Y37.6271 Z0.0400 F5142.9 ; Width: 0.350mm
G1 X83.7030 Y37.6470 Z0.0400 F5142.9 ; Width: 0.350mm
G1 X83.6430 Y37.6471 Z0.0400 F5142.9 ; Width: 0.350mm
G1 X83.6230 Y37.6670 Z0.0400 F5142.9 ; Width: 0.350mm
G1 X83.5430 Y37.6672 Z0.0400 F5142.9 ; Width: 0.350mm
G1 X83.5230 Y37.6871 Z0.0400 F5142.9 ; Width: 0.350mm
G1 X83.5030 Y37.6871 Z0.0400 F5142.9 ; Width: 0.350mm
G1 X83.4830 Y37.6672 Z0.0400 F5142.9 ; Width: 0.350mm
G1 X83.4030 Y37.6670 Z0.0400 F5142.9 ; Width: 0.350mm
G1 X83.3830 Y37.6471 Z0.0400 F5142.9 ; Width: 0.350mm
G1 X83.3230 Y37.6470 Z0.0400 F5142.9 ; Width: 0.350mm
G1 X83.3030 Y37.6271 Z0.0400 F5142.9 ; Width: 0.350mm
G1 X83.2630 Y37.6270 Z0.0400 F5142.9 ; Width: 0.350mm
G1 X83.2430 Y37.6072 Z0.0400 F5142.9 ; Width: 0.350mm
G1 X83.1630 Y37.6070 Z0.0400 F5142.9 ; Width: 0.350mm
G1 X83.1430 Y37.5871 Z0.0400 F5142.9 ; Width: 0.350mm
G1 X83.0630 Y37.5870 Z0.0400 F5142.9 ; Width: 0.350mm
G1 X83.0430 Y37.5672 Z0.0400 F5142.9 ; Width: 0.350mm
G1 X82.9030 Y37.5670 Z0.0400 F5142.9 ; Width: 0.350mm
G1 X82.8830 Y37.5472 Z0.0400 F5142.9 ; Width: 0.350mm
M118 P0 S"54" ; Sync timer
G1 X80.4430 Y37.5472 Z0.0400 F1475.4 ; Width: 1.220mm
G1 X80.4230 Y37.5670 Z0.0400 F5142.9 ; Width: 0.350mm
G1 X80.2830 Y37.5672 Z0.0400 F5142.9 ; Width: 0.350mm
G1 X80.2630 Y37.5870 Z0.0400 F5142.9 ; Width: 0.350mm
G1 X80.1830 Y37.5871 Z0.0400 F5142.9 ; Width: 0.350mm
G1 X80.1630 Y37.6070 Z0.0400 F5142.9 ; Width: 0.350mm
G1 X80.0830 Y37.6072 Z0.0400 F5142.9 ; Width: 0.350mm
G1 X80.0630 Y37.6270 Z0.0400 F5142.9 ; Width: 0.350mm
G1 X80.0230 Y37.6271 Z0.0400 F5142.9 ; Width: 0.350mm
G1 X80.0030 Y37.6470 Z0.0400 F5142.9 ; Width: 0.350mm
G1 X79.9430 Y37.6471 Z0.0400 F5142.9 ; Width: 0.350mm
G1 X79.9230 Y37.6670 Z0.0400 F5142.9 ; Width: 0.350mm
G1 X79.8830 Y37.6671 Z0.0400 F5142.9 ; Width: 0.350mm
G1 X79.8630 Y37.6870 Z0.0400 F5142.9 ; Width: 0.350mm
G1 X79.8230 Y37.6871 Z0.0400 F5142.9 ; Width: 0.350mm
G1 X79.8030 Y37.7070 Z0.0400 F5142.9 ; Width: 0.350mm
G1 X79.7830 Y37.7071 Z0.0400 F5142.9 ; Width: 0.350mm
G1 X79.7630 Y37.7270 Z0.0400 F5142.9 ; Width: 0.350mm
G1 X79.7230 Y37.7271 Z0.0400 F5142.9 ; Width: 0.350mm
G1 X79.7030 Y37.7470 Z0.0400 F5142.9 ; Width: 0.350mm
G1 X79.6830 Y37.7471 Z0.0400 F5142.9 ; Width: 0.350mm
G1 X79.6630 Y37.7670 Z0.0400 F5142.9 ; Width: 0.350mm
G1 X79.6430 Y37.7671 Z0.0400 F5142.9 ; Width: 0.350mm
G1 X79.6230 Y37.7870 Z0.0400 F5142.9 ; Width: 0.350mm
G1 X79.5430 Y37.7873 Z0.0400 F5142.9 ; Width: 0.350mm
G1 X79.5230 Y37.8072 Z0.0400 F5142.9 ; Width: 0.350mm
G1 X79.5030 Y37.8073 Z0.0400 F5142.9 ; Width: 0.350mm
G1 X79.4830 Y37.8072 Z0.0400 F5142.9 ; Width: 0.350mm
G1 X79.4630 Y37.7873 Z0.0400 F5142.9 ; Width: 0.350mm
G1 X79.3830 Y37.7870 Z0.0400 F5142.9 ; Width: 0.350mm
G1 X79.3630 Y37.7671 Z0.0400 F5142.9 ; Width: 0.350mm
G1 X79.3430 Y37.7670 Z0.0400 F5142.9 ; Width: 0.350mm
G1 X79.3230 Y37.7471 Z0.0400 F5142.9 ; Width: 0.350mm
G1 X79.3030 Y37.7470 Z0.0400 F5142.9 ; Width: 0.350mm
G1 X79.2830 Y37.7271 Z0.0400 F5142.9 ; Width: 0.350mm
G1 X79.2430 Y37.7270 Z0.0400 F5142.9 ; Width: 0.350mm
G1 X79.2230 Y37.7071 Z0.0400 F5142.9 ; Width: 0.350mm
G1 X79.2030 Y37.7070 Z0.0400 F5142.9 ; Width: 0.350mm
G1 X79.1830 Y37.6871 Z0.0400 F5142.9 ; Width: 0.350mm
G1 X79.1430 Y37.6870 Z0.0400 F5142.9 ; Width: 0.350mm
G1 X79.1230 Y37.6671 Z0.0400 F5142.9 ; Width: 0.350mm
G1 X79.0830 Y37.6670 Z0.0400 F5142.9 ; Width: 0.350mm
G1 X79.0630 Y37.6471 Z0.0400 F5142.9 ; Width: 0.350mm
G1 X79.0030 Y37.6470 Z0.0400 F5142.9 ; Width: 0.350mm
G1 X78.9830 Y37.6271 Z0.0400 F5142.9 ; Width: 0.350mm
G1 X78.9430 Y37.6270 Z0.0400 F5142.9 ; Width: 0.350mm
G1 X78.9230 Y37.6072 Z0.0400 F5142.9 ; Width: 0.350mm
G1 X78.8430 Y37.6070 Z0.0400 F5142.9 ; Width: 0.350mm
G1 X78.8230 Y37.5871 Z0.0400 F5142.9 ; Width: 0.350mm
G1 X78.7430 Y37.5870 Z0.0400 F5142.9 ; Width: 0.350mm
G1 X78.7230 Y37.5672 Z0.0400 F5142.9 ; Width: 0.350mm
G1 X78.5830 Y37.5670 Z0.0400 F5142.9 ; Width: 0.350mm
G1 X78.5630 Y37.5472 Z0.0400 F5142.9 ; Width: 0.350mm
G1 X76.2630 Y37.5471 Z0.0400 F2162.9 ; Width: 0.832mm
G1 X76.2430 Y37.5273 Z0.0400 F5142.9 ; Width: 0.350mm
G1 X76.1630 Y37.5273 Z0.0400 F5142.9 ; Width: 0.350mm
G1 X76.1430 Y37.5075 Z0.0400 F5142.9 ; Width: 0.350mm
G1 X76.1230 Y37.5075 Z0.0400 F5142.9 ; Width: 0.350mm
G1 X76.0228 Y37.4070 Z0.0400 F5142.9 ; Width: 0.350mm
G1 X76.0228 Y37.3670 Z0.0400 F5142.9 ; Width: 0.350mm
G1 X76.0029 Y37.3470 Z0.0400 F5142.9 ; Width: 0.350mm
G1 X76.0029 Y34.2270 Z0.0400 F1623.3 ; Width: 1.109mm
G1 X76.0228 Y34.2070 Z0.0400 F5142.9 ; Width: 0.350mm
G1 X76.0228 Y34.1670 Z0.0400 F5142.9 ; Width: 0.350mm
G1 X76.1230 Y34.0666 Z0.0400 F5142.9 ; Width: 0.350mm
G1 X76.1430 Y34.0666 Z0.0400 F5142.9 ; Width: 0.350mm
G1 X76.1630 Y34.0468 Z0.0400 F5142.9 ; Width: 0.350mm
G1 X76.2430 Y34.0468 Z0.0400 F5142.9 ; Width: 0.350mm
G1 X76.2630 Y34.0269 Z0.0400 F5142.9 ; Width: 0.350mm
G1 X81.1830 Y34.0269 Z0.0400 F1317.4 ; Width: 1.366mm
G1 X86.1030 Y34.0269 Z0.0400 F1970.7 ; Width: 0.913mm
M118 P0 S"55" ; Sync timer
G1 X91.0230 Y34.0269 Z0.0400 F2571.3 ; Width: 0.700mm
G1 X95.9430 Y34.0269 Z0.0400 F1970.7 ; Width: 0.913mm
G1 X100.8630 Y34.0269 Z0.0400 F1317.4 ; Width: 1.366mm
G1 X100.8830 Y34.0468 Z0.0400 F5142.9 ; Width: 0.350mm
G1 X100.9630 Y34.0468 Z0.0400 F5142.9 ; Width: 0.350mm
G1 X100.9830 Y34.0666 Z0.0400 F5142.9 ; Width: 0.350mm
G1 X101.0030 Y34.0666 Z0.0400 F5142.9 ; Width: 0.350mm
G1 X101.1032 Y34.1670 Z0.0400 F5142.9 ; Width: 0.350mm
G1 X101.1032 Y34.2070 Z0.0400 F5142.9 ; Width: 0.350mm
G1 X101.1231 Y34.2270 Z0.0400 F5142.9 ; Width: 0.350mm
G1 X101.1231 Y38.2070 Z0.0400 F2050.0 ; Width: 0.878mm
G1 X101.1032 Y38.2270 Z0.0400 F5142.9 ; Width: 0.350mm
G1 X101.1032 Y38.2670 Z0.0400 F5142.9 ; Width: 0.350mm
G1 X101.0030 Y38.3680 Z0.0400 F5142.9 ; Width: 0.350mm
G1 X100.9830 Y38.3682 Z0.0400 F5142.9 ; Width: 0.350mm
G1 X100.9630 Y38.3881 Z0.0400 F5142.9 ; Width: 0.350mm
G1 X100.8830 Y38.3877 Z0.0400 F5142.9 ; Width: 0.350mm
G1 X100.8630 Y38.4075 Z0.0400 F5142.9 ; Width: 0.350mm
G0 Z1.0400 F6000.0 ; Z-hop up
G0 X100.8630 Y38.4075 F6000.0 ; Travel to new path
G0 Z0.0400 F6000.0 ; Z-hop down
G1 X100.8430 Y38.3875 Z0.0400 F5142.9 ; Width: 0.350mm
G1 X100.7630 Y38.3871 Z0.0400 F5142.9 ; Width: 0.350mm
G1 X100.7430 Y38.3671 Z0.0400 F5142.9 ; Width: 0.350mm
G1 X100.7230 Y38.3670 Z0.0400 F5142.9 ; Width: 0.350mm
G1 X100.6630 Y38.3071 Z0.0400 F5142.9 ; Width: 0.350mm
G1 X100.6430 Y38.3070 Z0.0400 F5142.9 ; Width: 0.350mm
G1 X100.6030 Y38.2671 Z0.0400 F5142.9 ; Width: 0.350mm
G1 X100.5830 Y38.2670 Z0.0400 F5142.9 ; Width: 0.350mm
G1 X100.5230 Y38.2071 Z0.0400 F5142.9 ; Width: 0.350mm
G1 X100.5030 Y38.2070 Z0.0400 F5142.9 ; Width: 0.350mm
G1 X100.4630 Y38.1671 Z0.0400 F5142.9 ; Width: 0.350mm
G1 X100.4430 Y38.1670 Z0.0400 F5142.9 ; Width: 0.350mm
G1 X100.4030 Y38.1271 Z0.0400 F5142.9 ; Width: 0.350mm
G1 X100.3830 Y38.1270 Z0.0400 F5142.9 ; Width: 0.350mm
G1 X100.3430 Y38.0871 Z0.0400 F5142.9 ; Width: 0.350mm
G1 X100.3230 Y38.0870 Z0.0400 F5142.9 ; Width: 0.350mm
G1 X100.2830 Y38.0471 Z0.0400 F5142.9 ; Width: 0.350mm
G1 X100.2630 Y38.0470 Z0.0400 F5142.9 ; Width: 0.350mm
G1 X100.2430 Y38.0271 Z0.0400 F5142.9 ; Width: 0.350mm
G1 X100.2230 Y38.0270 Z0.0400 F5142.9 ; Width: 0.350mm
G1 X100.2030 Y38.0071 Z0.0400 F5142.9 ; Width: 0.350mm
G1 X100.1830 Y38.0070 Z0.0400 F5142.9 ; Width: 0.350mm
G1 X100.1630 Y37.9871 Z0.0400 F5142.9 ; Width: 0.350mm
G1 X100.1430 Y37.9870 Z0.0400 F5142.9 ; Width: 0.350mm
G1 X100.1030 Y37.9471 Z0.0400 F5142.9 ; Width: 0.350mm
G1 X100.0830 Y37.9470 Z0.0400 F5142.9 ; Width: 0.350mm
G1 X100.0630 Y37.9271 Z0.0400 F5142.9 ; Width: 0.350mm
G1 X100.0430 Y37.9270 Z0.0400 F5142.9 ; Width: 0.350mm
G1 X100.0230 Y37.9071 Z0.0400 F5142.9 ; Width: 0.350mm
G1 X100.0030 Y37.9070 Z0.0400 F5142.9 ; Width: 0.350mm
G1 X99.9830 Y37.8871 Z0.0400 F5142.9 ; Width: 0.350mm
G1 X99.9630 Y37.8870 Z0.0400 F5142.9 ; Width: 0.350mm
G1 X99.9430 Y37.8671 Z0.0400 F5142.9 ; Width: 0.350mm
G1 X99.9230 Y37.8670 Z0.0400 F5142.9 ; Width: 0.350mm
G1 X99.9030 Y37.8471 Z0.0400 F5142.9 ; Width: 0.350mm
G1 X99.8830 Y37.8470 Z0.0400 F5142.9 ; Width: 0.350mm
G1 X99.8630 Y37.8271 Z0.0400 F5142.9 ; Width: 0.350mm
G1 X99.8430 Y37.8270 Z0.0400 F5142.9 ; Width: 0.350mm
G1 X99.8230 Y37.8071 Z0.0400 F5142.9 ; Width: 0.350mm
G1 X99.8030 Y37.8070 Z0.0400 F5142.9 ; Width: 0.350mm
G1 X99.7830 Y37.7871 Z0.0400 F5142.9 ; Width: 0.350mm
G1 X99.7430 Y37.7870 Z0.0400 F5142.9 ; Width: 0.350mm
G1 X99.7230 Y37.7671 Z0.0400 F5142.9 ; Width: 0.350mm
G1 X99.7030 Y37.7670 Z0.0400 F5142.9 ; Width: 0.350mm
G1 X99.6830 Y37.7471 Z0.0400 F5142.9 ; Width: 0.350mm
G1 X99.6630 Y37.7470 Z0.0400 F5142.9 ; Width: 0.350mm
G1 X99.6430 Y37.7271 Z0.0400 F5142.9 ; Width: 0.350mm
G1 X99.6230 Y37.7270 Z0.0400 F5142.9 ; Width: 0.350mm
G1 X99.6030 Y37.7071 Z0.0400 F5142.9 ; Width: 0.350mm
G1 X99.5830 Y37.7070 Z0.0400 F5142.9 ; Width: 0.350mm
G1 X99.5630 Y37.6871 Z0.0400 F5142.9 ; Width: 0.350mm
G1 X99.5230 Y37.6870 Z0.0400 F5142.9 ; Width: 0.350mm
G1 X99.5030 Y37.6671 Z0.0400 F5142.9 ; Width: 0.350mm
G1 X99.4830 Y37.6670 Z0.0400 F5142.9 ; Width: 0.350mm
G1 X99.4630 Y37.6471 Z0.0400 F5142.9 ; Width: 0.350mm
G1 X99.4230 Y37.6470 Z0.0400 F5142.9 ; Width: 0.350mm
G1 X99.4030 Y37.6271 Z0.0400 F5142.9 ; Width: 0.350mm
G1 X99.3630 Y37.6270 Z0.0400 F5142.9 ; Width: 0.350mm
G1 X99.3430 Y37.6071 Z0.0400 F5142.9 ; Width: 0.350mm
G1 X99.3030 Y37.6070 Z0.0400 F5142.9 ; Width: 0.350mm
G1 X99.2830 Y37.5871 Z0.0400 F5142.9 ; Width: 0.350mm
G1 X99.2430 Y37.5870 Z0.0400 F5142.9 ; Width: 0.350mm
G1 X99.2230 Y37.5671 Z0.0400 F5142.9 ; Width: 0.350mm
G1 X99.1630 Y37.5670 Z0.0400 F5142.9 ; Width: 0.350mm
G1 X99.1430 Y37.5471 Z0.0400 F5142.9 ; Width: 0.350mm
G1 X99.1030 Y37.5470 Z0.0400 F5142.9 ; Width: 0.350mm
G1 X99.0830 Y37.5272 Z0.0400 F5142.9 ; Width: 0.350mm
G1 X99.0230 Y37.5270 Z0.0400 F5142.9 ; Width: 0.350mm
G1 X99.0030 Y37.5071 Z0.0400 F5142.9 ; Width: 0.350mm
G1 X98.9430 Y37.5070 Z0.0400 F5142.9 ; Width: 0.350mm
G1 X98.9230 Y37.4871 Z0.0400 F5142.9 ; Width: 0.350mm
G1 X98.8830 Y37.4870 Z0.0400 F5142.9 ; Width: 0.350mm
G1 X98.8630 Y37.4672 Z0.0400 F5142.9 ; Width: 0.350mm
G1 X98.7830 Y37.4670 Z0.0400 F5142.9 ; Width: 0.350mm
G1 X98.7630 Y37.4471 Z0.0400 F5142.9 ; Width: 0.350mm
G1 X98.6830 Y37.4470 Z0.0400 F5142.9 ; Width: 0.350mm
G1 X98.6630 Y37.4272 Z0.0400 F5142.9 ; Width: 0.350mm
G1 X98.5830 Y37.4270 Z0.0400 F5142.9 ; Width: 0.350mm
G1 X98.5630 Y37.4071 Z0.0400 F5142.9 ; Width: 0.350mm
G1 X98.4830 Y37.4070 Z0.0400 F5142.9 ; Width: 0.350mm
G1 X98.4630 Y37.3872 Z0.0400 F5142.9 ; Width: 0.350mm
G1 X98.3230 Y37.3870 Z0.0400 F5142.9 ; Width: 0.350mm
G1 X98.3030 Y37.3672 Z0.0400 F5142.9 ; Width: 0.350mm
G1 X98.1630 Y37.3670 Z0.0400 F5142.9 ; Width: 0.350mm
G1 X98.1430 Y37.3472 Z0.0400 F5142.9 ; Width: 0.350mm
G1 X97.9230 Y37.3470 Z0.0400 F5142.9 ; Width: 0.350mm
G1 X97.9030 Y37.3272 Z0.0400 F5142.9 ; Width: 0.350mm
G1 X97.1030 Y37.3272 Z0.0400 F4500.0 ; Width: 0.400mm
G1 X97.0830 Y37.3470 Z0.0400 F5142.9 ; Width: 0.350mm
G1 X96.8630 Y37.3472 Z0.0400 F5142.9 ; Width: 0.350mm
G1 X96.8430 Y37.3670 Z0.0400 F5142.9 ; Width: 0.350mm
G1 X96.7030 Y37.3672 Z0.0400 F5142.9 ; Width: 0.350mm
G1 X96.6830 Y37.3870 Z0.0400 F5142.9 ; Width: 0.350mm
G1 X96.5430 Y37.3872 Z0.0400 F5142.9 ; Width: 0.350mm
G1 X96.5230 Y37.4070 Z0.0400 F5142.9 ; Width: 0.350mm
G1 X96.4430 Y37.4071 Z0.0400 F5142.9 ; Width: 0.350mm
G1 X96.4230 Y37.4270 Z0.0400 F5142.9 ; Width: 0.350mm
G1 X96.3430 Y37.4272 Z0.0400 F5142.9 ; Width: 0.350mm
G1 X96.3230 Y37.4470 Z0.0400 F5142.9 ; Width: 0.350mm
G1 X96.2430 Y37.4471 Z0.0400 F5142.9 ; Width: 0.350mm
G1 X96.2230 Y37.4670 Z0.0400 F5142.9 ; Width: 0.350mm
G1 X96.1430 Y37.4672 Z0.0400 F5142.9 ; Width: 0.350mm
G1 X96.1230 Y37.4870 Z0.0400 F5142.9 ; Width: 0.350mm
G1 X96.0830 Y37.4871 Z0.0400 F5142.9 ; Width: 0.350mm
G1 X96.0630 Y37.5070 Z0.0400 F5142.9 ; Width: 0.350mm
G1 X96.0030 Y37.5071 Z0.0400 F5142.9 ; Width: 0.350mm
G1 X95.9830 Y37.5270 Z0.0400 F5142.9 ; Width: 0.350mm
G1 X95.9230 Y37.5272 Z0.0400 F5142.9 ; Width: 0.350mm
G1 X95.9030 Y37.5470 Z0.0400 F5142.9 ; Width: 0.350mm
G1 X95.8630 Y37.5471 Z0.0400 F5142.9 ; Width: 0.350mm
G1 X95.8430 Y37.5670 Z0.0400 F5142.9 ; Width: 0.350mm
G1 X95.7830 Y37.5671 Z0.0400 F5142.9 ; Width: 0.350mm
G1 X95.7630 Y37.5870 Z0.0400 F5142.9 ; Width: 0.350mm
G1 X95.7230 Y37.5871 Z0.0400 F5142.9 ; Width: 0.350mm
G1 X95.7030 Y37.6070 Z0.0400 F5142.9 ; Width: 0.350mm
G1 X95.6630 Y37.6071 Z0.0400 F5142.9 ; Width: 0.350mm
G1 X95.6430 Y37.6270 Z0.0400 F5142.9 ; Width: 0.350mm
G1 X95.6030 Y37.6271 Z0.0400 F5142.9 ; Width: 0.350mm
G1 X95.5830 Y37.6470 Z0.0400 F5142.9 ; Width: 0.350mm
G1 X95.5430 Y37.6471 Z0.0400 F5142.9 ; Width: 0.350mm
G1 X95.5230 Y37.6670 Z0.0400 F5142.9 ; Width: 0.350mm
G1 X95.5030 Y37.6671 Z0.0400 F5142.9 ; Width: 0.350mm
G1 X95.4830 Y37.6870 Z0.0400 F5142.9 ; Width: 0.350mm
G1 X95.4430 Y37.6871 Z0.0400 F5142.9 ; Width: 0.350mm
G1 X95.4230 Y37.7070 Z0.0400 F5142.9 ; Width: 0.350mm
G1 X95.4030 Y37.7071 Z0.0400 F5142.9 ; Width: 0.350mm
G1 X95.3830 Y37.7270 Z0.0400 F5142.9 ; Width: 0.350mm
G1 X95.3630 Y37.7271 Z0.0400 F5142.9 ; Width: 0.350mm
G1 X95.3430 Y37.7470 Z0.0400 F5142.9 ; Width: 0.350mm
G1 X95.3230 Y37.7471 Z0.0400 F5142.9 ; Width: 0.350mm
G1 X95.3030 Y37.7670 Z0.0400 F5142.9 ; Width: 0.350mm
G1 X95.2630 Y37.7671 Z0.0400 F5142.9 ; Width: 0.350mm
G1 X95.2430 Y37.7870 Z0.0400 F5142.9 ; Width: 0.350mm
G1 X95.2230 Y37.7871 Z0.0400 F5142.9 ; Width: 0.350mm
G1 X95.2030 Y37.8070 Z0.0400 F5142.9 ; Width: 0.350mm
G1 X95.1830 Y37.8071 Z0.0400 F5142.9 ; Width: 0.350mm
G1 X95.1630 Y37.8270 Z0.0400 F5142.9 ; Width: 0.350mm
G1 X95.1430 Y37.8271 Z0.0400 F5142.9 ; Width: 0.350mm
G1 X95.1230 Y37.8470 Z0.0400 F5142.9 ; Width: 0.350mm
G1 X95.1030 Y37.8471 Z0.0400 F5142.9 ; Width: 0.350mm
G1 X95.0830 Y37.8670 Z0.0400 F5142.9 ; Width: 0.350mm
G1 X95.0630 Y37.8671 Z0.0400 F5142.9 ; Width: 0.350mm
G1 X95.0430 Y37.8870 Z0.0400 F5142.9 ; Width: 0.350mm
G1 X95.0230 Y37.8871 Z0.0400 F5142.9 ; Width: 0.350mm
G1 X95.0030 Y37.9070 Z0.0400 F5142.9 ; Width: 0.350mm
G1 X94.9830 Y37.9071 Z0.0400 F5142.9 ; Width: 0.350mm
G1 X94.9630 Y37.9270 Z0.0400 F5142.9 ; Width: 0.350mm
G1 X94.9430 Y37.9271 Z0.0400 F5142.9 ; Width: 0.350mm
G1 X94.9230 Y37.9470 Z0.0400 F5142.9 ; Width: 0.350mm
G1 X94.9030 Y37.9471 Z0.0400 F5142.9 ; Width: 0.350mm
G1 X94.8830 Y37.9670 Z0.0400 F5142.9 ; Width: 0.350mm
G1 X94.8630 Y37.9671 Z0.0400 F5142.9 ; Width: 0.350mm
G1 X94.8230 Y38.0070 Z0.0400 F5142.9 ; Width: 0.350mm
G1 X94.8030 Y38.0071 Z0.0400 F5142.9 ; Width: 0.350mm
G1 X94.7830 Y38.0270 Z0.0400 F5142.9 ; Width: 0.350mm
G1 X94.7630 Y38.0271 Z0.0400 F5142.9 ; Width: 0.350mm
G1 X94.7430 Y38.0470 Z0.0400 F5142.9 ; Width: 0.350mm
G1 X94.7230 Y38.0471 Z0.0400 F5142.9 ; Width: 0.350mm
G1 X94.7030 Y38.0671 Z0.0400 F5142.9 ; Width: 0.350mm
G1 X94.6830 Y38.0672 Z0.0400 F5142.9 ; Width: 0.350mm
G1 X94.6630 Y38.0871 Z0.0400 F5142.9 ; Width: 0.350mm
G1 X94.5830 Y38.0874 Z0.0400 F5142.9 ; Width: 0.350mm
G1 X94.5630 Y38.1074 Z0.0400 F5142.9 ; Width: 0.350mm
G1 X94.5430 Y38.1075 Z0.0400 F5142.9 ; Width: 0.350mm
G1 X94.5230 Y38.0875 Z0.0400 F5142.9 ; Width: 0.350mm
G1 X94.4430 Y38.0871 Z0.0400 F5142.9 ; Width: 0.350mm
G1 X94.4230 Y38.0671 Z0.0400 F5142.9 ; Width: 0.350mm
G1 X94.4030 Y38.0670 Z0.0400 F5142.9 ; Width: 0.350mm
G1 X94.3430 Y38.0071 Z0.0400 F5142.9 ; Width: 0.350mm
G1 X94.3230 Y38.0070 Z0.0400 F5142.9 ; Width: 0.350mm
G1 X94.2830 Y37.9671 Z0.0400 F5142.9 ; Width: 0.350mm
G1 X94.2630 Y37.9670 Z0.0400 F5142.9 ; Width: 0.350mm
G1 X94.2230 Y37.9271 Z0.0400 F5142.9 ; Width: 0.350mm
G1 X94.2030 Y37.9270 Z0.0400 F5142.9 ; Width: 0.350mm
G1 X94.1630 Y37.8871 Z0.0400 F5142.9 ; Width: 0.350mm
G1 X94.1430 Y37.8870 Z0.0400 F5142.9 ; Width: 0.350mm
G1 X94.1230 Y37.8671 Z0.0400 F5142.9 ; Width: 0.350mm
G1 X94.1030 Y37.8670 Z0.0400 F5142.9 ; Width: 0.350mm
G1 X94.0830 Y37.8471 Z0.0400 F5142.9 ; Width: 0.350mm
G1 X94.0630 Y37.8470 Z0.0400 F5142.9 ; Width: 0.350mm
G1 X94.0430 Y37.8271 Z0.0400 F5142.9 ; Width: 0.350mm
G1 X94.0230 Y37.8270 Z0.0400 F5142.9 ; Width: 0.350mm
G1 X94.0030 Y37.8071 Z0.0400 F5142.9 ; Width: 0.350mm
G1 X93.9830 Y37.8070 Z0.0400 F5142.9 ; Width: 0.350mm
G1 X93.9630 Y37.7871 Z0.0400 F5142.9 ; Width: 0.350mm
G1 X93.9430 Y37.7870 Z0.0400 F5142.9 ; Width: 0.350mm
G1 X93.9230 Y37.7671 Z0.0400 F5142.9 ; Width: 0.350mm
G1 X93.9030 Y37.7670 Z0.0400 F5142.9 ; Width: 0.350mm
G1 X93.8830 Y37.7471 Z0.0400 F5142.9 ; Width: 0.350mm
G1 X93.8630 Y37.7470 Z0.0400 F5142.9 ; Width: 0.350mm
G1 X93.8430 Y37.7271 Z0.0400 F5142.9 ; Width: 0.350mm
G1 X93.8030 Y37.7270 Z0.0400 F5142.9 ; Width: 0.350mm
G1 X93.7830 Y37.7071 Z0.0400 F5142.9 ; Width: 0.350mm
G1 X93.7630 Y37.7070 Z0.0400 F5142.9 ; Width: 0.350mm
G1 X93.7430 Y37.6871 Z0.0400 F5142.9 ; Width: 0.350mm
G1 X93.7030 Y37.6870 Z0.0400 F5142.9 ; Width: 0.350mm
G1 X93.6830 Y37.6671 Z0.0400 F5142.9 ; Width: 0.350mm
G1 X93.6430 Y37.6670 Z0.0400 F5142.9 ; Width: 0.350mm
G1 X93.6230 Y37.6471 Z0.0400 F5142.9 ; Width: 0.350mm
G1 X93.5630 Y37.6470 Z0.0400 F5142.9 ; Width: 0.350mm
G1 X93.5430 Y37.6271 Z0.0400 F5142.9 ; Width: 0.350mm
G1 X93.5030 Y37.6270 Z0.0400 F5142.9 ; Width: 0.350mm
G1 X93.4830 Y37.6072 Z0.0400 F5142.9 ; Width: 0.350mm
G1 X93.4030 Y37.6070 Z0.0400 F5142.9 ; Width: 0.350mm
G1 X93.3830 Y37.5871 Z0.0400 F5142.9 ; Width: 0.350mm
G1 X93.3030 Y37.5870 Z0.0400 F5142.9 ; Width: 0.350mm
G1 X93.2830 Y37.5672 Z0.0400 F5142.9 ; Width: 0.350mm
G1 X93.1430 Y37.5670 Z0.0400 F5142.9 ; Width: 0.350mm
G1 X93.1230 Y37.5472 Z0.0400 F5142.9 ; Width: 0.350mm
M118 P0 S"56" ; Sync timer
G1 X90.9030 Y37.5472 Z0.0400 F1621.6 ; Width: 1.110mm
G1 X90.8830 Y37.5670 Z0.0400 F5142.9 ; Width: 0.350mm
G1 X90.7430 Y37.5672 Z0.0400 F5142.9 ; Width: 0.350mm
G1 X90.7230 Y37.5870 Z0.0400 F5142.9 ; Width: 0.350mm
G1 X90.6430 Y37.5871 Z0.0400 F5142.9 ; Width: 0.350mm
G1 X90.6230 Y37.6070 Z0.0400 F5142.9 ; Width: 0.350mm
G1 X90.5430 Y37.6072 Z0.0400 F5142.9 ; Width: 0.350mm
G1 X90.5230 Y37.6270 Z0.0400 F5142.9 ; Width: 0.350mm
G1 X90.4830 Y37.6271 Z0.0400 F5142.9 ; Width: 0.350mm
G1 X90.4630 Y37.6470 Z0.0400 F5142.9 ; Width: 0.350mm
G1 X90.4030 Y37.6471 Z0.0400 F5142.9 ; Width: 0.350mm
G1 X90.3830 Y37.6670 Z0.0400 F5142.9 ; Width: 0.350mm
G1 X90.3430 Y37.6671 Z0.0400 F5142.9 ; Width: 0.350mm
G1 X90.3230 Y37.6870 Z0.0400 F5142.9 ; Width: 0.350mm
G1 X90.2830 Y37.6871 Z0.0400 F5142.9 ; Width: 0.350mm
G1 X90.2630 Y37.7070 Z0.0400 F5142.9 ; Width: 0.350mm
G1 X90.1830 Y37.7073 Z0.0400 F5142.9 ; Width: 0.350mm
G1 X90.1630 Y37.7272 Z0.0400 F5142.9 ; Width: 0.350mm
G1 X90.1430 Y37.7272 Z0.0400 F5142.9 ; Width: 0.350mm
G1 X90.1230 Y37.7073 Z0.0400 F5142.9 ; Width: 0.350mm
G1 X90.0430 Y37.7070 Z0.0400 F5142.9 ; Width: 0.350mm
G1 X90.0230 Y37.6871 Z0.0400 F5142.9 ; Width: 0.350mm
G1 X89.9830 Y37.6870 Z0.0400 F5142.9 ; Width: 0.350mm
G1 X89.9630 Y37.6671 Z0.0400 F5142.9 ; Width: 0.350mm
G1 X89.9230 Y37.6670 Z0.0400 F5142.9 ; Width: 0.350mm
G1 X89.9030 Y37.6471 Z0.0400 F5142.9 ; Width: 0.350mm
G1 X89.8430 Y37.6470 Z0.0400 F5142.9 ; Width: 0.350mm
G1 X89.8230 Y37.6271 Z0.0400 F5142.9 ; Width: 0.350mm
G1 X89.7830 Y37.6270 Z0.0400 F5142.9 ; Width: 0.350mm
G1 X89.7630 Y37.6072 Z0.0400 F5142.9 ; Width: 0.350mm
G1 X89.6830 Y37.6070 Z0.0400 F5142.9 ; Width: 0.350mm
G1 X89.6630 Y37.5871 Z0.0400 F5142.9 ; Width: 0.350mm
G1 X89.5830 Y37.5870 Z0.0400 F5142.9 ; Width: 0.350mm
G1 X89.5630 Y37.5672 Z0.0400 F5142.9 ; Width: 0.350mm
G1 X89.4230 Y37.5670 Z0.0400 F5142.9 ; Width: 0.350mm
G1 X89.4030 Y37.5472 Z0.0400 F5142.9 ; Width: 0.350mm
G1 X87.8830 Y37.5472 Z0.0400 F2368.4 ; Width: 0.760mm
G1 X87.8630 Y37.5670 Z0.0400 F5142.9 ; Width: 0.350mm
G1 X87.7230 Y37.5672 Z0.0400 F5142.9 ; Width: 0.350mm
G1 X87.7030 Y37.5870 Z0.0400 F5142.9 ; Width: 0.350mm
G1 X87.6230 Y37.5871 Z0.0400 F5142.9 ; Width: 0.350mm
G1 X87.6030 Y37.6070 Z0.0400 F5142.9 ; Width: 0.350mm
G1 X87.5230 Y37.6072 Z0.0400 F5142.9 ; Width: 0.350mm
G1 X87.5030 Y37.6270 Z0.0400 F5142.9 ; Width: 0.350mm
G1 X87.4630 Y37.6271 Z0.0400 F5142.9 ; Width: 0.350mm
G1 X87.4430 Y37.6470 Z0.0400 F5142.9 ; Width: 0.350mm
G1 X87.3830 Y37.6471 Z0.0400 F5142.9 ; Width: 0.350mm
G1 X87.3630 Y37.6670 Z0.0400 F5142.9 ; Width: 0.350mm
G1 X87.3230 Y37.6671 Z0.0400 F5142.9 ; Width: 0.350mm
G1 X87.3030 Y37.6870 Z0.0400 F5142.9 ; Width: 0.350mm
G1 X87.2630 Y37.6871 Z0.0400 F5142.9 ; Width: 0.350mm
G1 X87.2430 Y37.7070 Z0.0400 F5142.9 ; Width: 0.350mm
G1 X87.1630 Y37.7073 Z0.0400 F5142.9 ; Width: 0.350mm
G1 X87.1430 Y37.7272 Z0.0400 F5142.9 ; Width: 0.350mm
G1 X87.1230 Y37.7273 Z0.0400 F5142.9 ; Width: 0.350mm
G1 X87.0830 Y37.7272 Z0.0400 F5142.9 ; Width: 0.350mm
G1 X87.0630 Y37.7073 Z0.0400 F5142.9 ; Width: 0.350mm
G1 X86.9830 Y37.7070 Z0.0400 F5142.9 ; Width: 0.350mm
G1 X86.9630 Y37.6871 Z0.0400 F5142.9 ; Width: 0.350mm
G1 X86.9230 Y37.6870 Z0.0400 F5142.9 ; Width: 0.350mm
G1 X86.9030 Y37.6671 Z0.0400 F5142.9 ; Width: 0.350mm
G1 X86.8630 Y37.6670 Z0.0400 F5142.9 ; Width: 0.350mm
G1 X86.8430 Y37.6471 Z0.0400 F5142.9 ; Width: 0.350mm
G1 X86.7830 Y37.6470 Z0.0400 F5142.9 ; Width: 0.350mm
G1 X86.7630 Y37.6271 Z0.0400 F5142.9 ; Width: 0.350mm
G1 X86.7230 Y37.6270 Z0.0400 F5142.9 ; Width: 0.350mm
G1 X86.7030 Y37.6072 Z0.0400 F5142.9 ; Width: 0.350mm
G1 X86.6230 Y37.6070 Z0.0400 F5142.9 ; Width: 0.350mm
G1 X86.6030 Y37.5871 Z0.0400 F5142.9 ; Width: 0.350mm
G1 X86.5230 Y37.5870 Z0.0400 F5142.9 ; Width: 0.350mm
G1 X86.5030 Y37.5672 Z0.0400 F5142.9 ; Width: 0.350mm
G1 X86.3630 Y37.5670 Z0.0400 F5142.9 ; Width: 0.350mm
G1 X86.3430 Y37.5472 Z0.0400 F5142.9 ; Width: 0.350mm
G1 X84.1430 Y37.5472 Z0.0400 F1636.4 ; Width: 1.100mm
G1 X84.1230 Y37.5670 Z0.0400 F5142.9 ; Width: 0.350mm
G1 X83.9830 Y37.5672 Z0.0400 F5142.9 ; Width: 0.350mm
G1 X83.9630 Y37.5870 Z0.0400 F5142.9 ; Width: 0.350mm
G1 X83.8830 Y37.5871 Z0.0400 F5142.9 ; Width: 0.350mm
G1 X83.8630 Y37.6070 Z0.0400 F5142.9 ; Width: 0.350mm
G1 X83.7830 Y37.6072 Z0.0400 F5142.9 ; Width: 0.350mm
G1 X83.7630 Y37.6270 Z0.0400 F5142.9 ; Width: 0.350mm
G1 X83.7230 Y37.6271 Z0.0400 F5142.9 ; Width: 0.350mm
G1 X83.7030 Y37.6470 Z0.0400 F5142.9 ; Width: 0.350mm
G1 X83.6430 Y37.6471 Z0.0400 F5142.9 ; Width: 0.350mm
G1 X83.6230 Y37.6670 Z0.0400 F5142.9 ; Width: 0.350mm
G1 X83.5430 Y37.6672 Z0.0400 F5142.9 ; Width: 0.350mm
G1 X83.5230 Y37.6871 Z0.0400 F5142.9 ; Width: 0.350mm
G1 X83.5030 Y37.6871 Z0.0400 F5142.9 ; Width: 0.350mm
G1 X83.4830 Y37.6672 Z0.0400 F5142.9 ; Width: 0.350mm
G1 X83.4030 Y37.6670 Z0.0400 F5142.9 ; Width: 0.350mm
G1 X83.3830 Y37.6471 Z0.0400 F5142.9 ; Width: 0.350mm
G1 X83.3230 Y37.6470 Z0.0400 F5142.9 ; Width: 0.350mm
G1 X83.3030 Y37.6271 Z0.0400 F5142.9 ; Width: 0.350mm
G1 X83.2630 Y37.6270 Z0.0400 F5142.9 ; Width: 0.350mm
G1 X83.2430 Y37.6072 Z0.0400 F5142.9 ; Width: 0.350mm
G1 X83.1630 Y37.6070 Z0.0400 F5142.9 ; Width: 0.350mm
G1 X83.1430 Y37.5871 Z0.0400 F5142.9 ; Width: 0.350mm
G1 X83.0630 Y37.5870 Z0.0400 F5142.9 ; Width: 0.350mm
G1 X83.0430 Y37.5672 Z0.0400 F5142.9 ; Width: 0.350mm
G1 X82.9030 Y37.5670 Z0.0400 F5142.9 ; Width: 0.350mm
G1 X82.8830 Y37.5472 Z0.0400 F5142.9 ; Width: 0.350mm
G1 X80.4430 Y37.5472 Z0.0400 F1475.4 ; Width: 1.220mm
G1 X80.4230 Y37.5670 Z0.0400 F5142.9 ; Width: 0.350mm
G1 X80.2830 Y37.5672 Z0.0400 F5142.9 ; Width: 0.350mm
G1 X80.2630 Y37.5870 Z0.0400 F5142.9 ; Width: 0.350mm
G1 X80.1830 Y37.5871 Z0.0400 F5142.9 ; Width: 0.350mm
G1 X80.1630 Y37.6070 Z0.0400 F5142.9 ; Width: 0.350mm
G1 X80.0830 Y37.6072 Z0.0400 F5142.9 ; Width: 0.350mm
G1 X80.0630 Y37.6270 Z0.0400 F5142.9 ; Width: 0.350mm
G1 X80.0230 Y37.6271 Z0.0400 F5142.9 ; Width: 0.350mm
G1 X80.0030 Y37.6470 Z0.0400 F5142.9 ; Width: 0.350mm
G1 X79.9430 Y37.6471 Z0.0400 F5142.9 ; Width: 0.350mm
G1 X79.9230 Y37.6670 Z0.0400 F5142.9 ; Width: 0.350mm
G1 X79.8830 Y37.6671 Z0.0400 F5142.9 ; Width: 0.350mm
G1 X79.8630 Y37.6870 Z0.0400 F5142.9 ; Width: 0.350mm
G1 X79.8230 Y37.6871 Z0.0400 F5142.9 ; Width: 0.350mm
G1 X79.8030 Y37.7070 Z0.0400 F5142.9 ; Width: 0.350mm
G1 X79.7830 Y37.7071 Z0.0400 F5142.9 ; Width: 0.350mm
G1 X79.7630 Y37.7270 Z0.0400 F5142.9 ; Width: 0.350mm
G1 X79.7230 Y37.7271 Z0.0400 F5142.9 ; Width: 0.350mm
G1 X79.7030 Y37.7470 Z0.0400 F5142.9 ; Width: 0.350mm
G1 X79.6830 Y37.7471 Z0.0400 F5142.9 ; Width: 0.350mm
G1 X79.6630 Y37.7670 Z0.0400 F5142.9 ; Width: 0.350mm
G1 X79.6430 Y37.7671 Z0.0400 F5142.9 ; Width: 0.350mm
G1 X79.6230 Y37.7870 Z0.0400 F5142.9 ; Width: 0.350mm
G1 X79.5430 Y37.7873 Z0.0400 F5142.9 ; Width: 0.350mm
G1 X79.5230 Y37.8072 Z0.0400 F5142.9 ; Width: 0.350mm
G1 X79.5030 Y37.8073 Z0.0400 F5142.9 ; Width: 0.350mm
G1 X79.4830 Y37.8072 Z0.0400 F5142.9 ; Width: 0.350mm
G1 X79.4630 Y37.7873 Z0.0400 F5142.9 ; Width: 0.350mm
G1 X79.3830 Y37.7870 Z0.0400 F5142.9 ; Width: 0.350mm
G1 X79.3630 Y37.7671 Z0.0400 F5142.9 ; Width: 0.350mm
G1 X79.3430 Y37.7670 Z0.0400 F5142.9 ; Width: 0.350mm
G1 X79.3230 Y37.7471 Z0.0400 F5142.9 ; Width: 0.350mm
G1 X79.3030 Y37.7470 Z0.0400 F5142.9 ; Width: 0.350mm
G1 X79.2830 Y37.7271 Z0.0400 F5142.9 ; Width: 0.350mm
G1 X79.2430 Y37.7270 Z0.0400 F5142.9 ; Width: 0.350mm
G1 X79.2230 Y37.7071 Z0.0400 F5142.9 ; Width: 0.350mm
G1 X79.2030 Y37.7070 Z0.0400 F5142.9 ; Width: 0.350mm
G1 X79.1830 Y37.6871 Z0.0400 F5142.9 ; Width: 0.350mm
G1 X79.1430 Y37.6870 Z0.0400 F5142.9 ; Width: 0.350mm
G1 X79.1230 Y37.6671 Z0.0400 F5142.9 ; Width: 0.350mm
G1 X79.0830 Y37.6670 Z0.0400 F5142.9 ; Width: 0.350mm
G1 X79.0630 Y37.6471 Z0.0400 F5142.9 ; Width: 0.350mm
G1 X79.0030 Y37.6470 Z0.0400 F5142.9 ; Width: 0.350mm
G1 X78.9830 Y37.6271 Z0.0400 F5142.9 ; Width: 0.350mm
G1 X78.9430 Y37.6270 Z0.0400 F5142.9 ; Width: 0.350mm
G1 X78.9230 Y37.6072 Z0.0400 F5142.9 ; Width: 0.350mm
G1 X78.8430 Y37.6070 Z0.0400 F5142.9 ; Width: 0.350mm
G1 X78.8230 Y37.5871 Z0.0400 F5142.9 ; Width: 0.350mm
G1 X78.7430 Y37.5870 Z0.0400 F5142.9 ; Width: 0.350mm
G1 X78.7230 Y37.5672 Z0.0400 F5142.9 ; Width: 0.350mm
G1 X78.5830 Y37.5670 Z0.0400 F5142.9 ; Width: 0.350mm
G1 X78.5630 Y37.5472 Z0.0400 F5142.9 ; Width: 0.350mm
G1 X76.2630 Y37.5471 Z0.0400 F2162.9 ; Width: 0.832mm
G1 X76.2430 Y37.5273 Z0.0400 F5142.9 ; Width: 0.350mm
G1 X76.1630 Y37.5273 Z0.0400 F5142.9 ; Width: 0.350mm
G1 X76.1430 Y37.5075 Z0.0400 F5142.9 ; Width: 0.350mm
G1 X76.1230 Y37.5075 Z0.0400 F5142.9 ; Width: 0.350mm
G1 X76.0228 Y37.4070 Z0.0400 F5142.9 ; Width: 0.350mm
G1 X76.0228 Y37.3670 Z0.0400 F5142.9 ; Width: 0.350mm
G1 X76.0029 Y37.3470 Z0.0400 F5142.9 ; Width: 0.350mm
G1 X76.0029 Y34.2270 Z0.0400 F1623.3 ; Width: 1.109mm
G1 X76.0228 Y34.2070 Z0.0400 F5142.9 ; Width: 0.350mm
G1 X76.0228 Y34.1670 Z0.0400 F5142.9 ; Width: 0.350mm
G1 X76.1230 Y34.0666 Z0.0400 F5142.9 ; Width: 0.350mm
G1 X76.1430 Y34.0666 Z0.0400 F5142.9 ; Width: 0.350mm
G1 X76.1630 Y34.0468 Z0.0400 F5142.9 ; Width: 0.350mm
G1 X76.2430 Y34.0468 Z0.0400 F5142.9 ; Width: 0.350mm
G1 X76.2630 Y34.0269 Z0.0400 F5142.9 ; Width: 0.350mm
M118 P0 S"57" ; Sync timer
G1 X81.1830 Y34.0269 Z0.0400 F1317.4 ; Width: 1.366mm
G1 X86.1030 Y34.0269 Z0.0400 F1970.7 ; Width: 0.913mm
G1 X91.0230 Y34.0269 Z0.0400 F2571.3 ; Width: 0.700mm
G1 X95.9430 Y34.0269 Z0.0400 F1970.7 ; Width: 0.913mm
G1 X100.8630 Y34.0269 Z0.0400 F1317.4 ; Width: 1.366mm
G1 X100.8830 Y34.0468 Z0.0400 F5142.9 ; Width: 0.350mm
G1 X100.9630 Y34.0468 Z0.0400 F5142.9 ; Width: 0.350mm
G1 X100.9830 Y34.0666 Z0.0400 F5142.9 ; Width: 0.350mm
G1 X101.0030 Y34.0666 Z0.0400 F5142.9 ; Width: 0.350mm
G1 X101.1032 Y34.1670 Z0.0400 F5142.9 ; Width: 0.350mm
G1 X101.1032 Y34.2070 Z0.0400 F5142.9 ; Width: 0.350mm
G1 X101.1231 Y34.2270 Z0.0400 F5142.9 ; Width: 0.350mm
M118 P0 S"58" ; Sync timer
G1 X101.1231 Y38.2070 Z0.0400 F2050.0 ; Width: 0.878mm
G1 X101.1032 Y38.2270 Z0.0400 F5142.9 ; Width: 0.350mm
G1 X101.1032 Y38.2670 Z0.0400 F5142.9 ; Width: 0.350mm
G1 X101.0030 Y38.3680 Z0.0400 F5142.9 ; Width: 0.350mm
G1 X100.9830 Y38.3682 Z0.0400 F5142.9 ; Width: 0.350mm
G1 X100.9630 Y38.3881 Z0.0400 F5142.9 ; Width: 0.350mm
G1 X100.8830 Y38.3877 Z0.0400 F5142.9 ; Width: 0.350mm
G1 X100.8630 Y38.4075 Z0.0400 F5142.9 ; Width: 0.350mm
G0 Z1.0400 F6000.0 ; Z-hop up
G0 X101.2630 Y38.8870 F6000.0 ; Travel to new path
G0 Z0.0400 F6000.0 ; Z-hop down
G1 X101.2230 Y38.9670 Z0.0400 F2963.9 ; Width: 0.607mm
G1 X101.2630 Y39.0470 Z0.0400 F2867.3 ; Width: 0.628mm
G0 Z1.0400 F6000.0 ; Z-hop up
G0 X101.5630 Y40.1685 F6000.0 ; Travel to new path
G0 Z0.0400 F6000.0 ; Z-hop down
G1 X101.5430 Y40.1484 Z0.0400 F5142.9 ; Width: 0.350mm
G1 X101.4630 Y40.1477 Z0.0400 F5142.9 ; Width: 0.350mm
G1 X101.4430 Y40.1276 Z0.0400 F5142.9 ; Width: 0.350mm
G1 X101.4230 Y40.1275 Z0.0400 F5142.9 ; Width: 0.350mm
G1 X101.3030 Y40.0070 Z0.0400 F5142.9 ; Width: 0.350mm
G1 X101.3028 Y39.9870 Z0.0400 F5142.9 ; Width: 0.350mm
G1 X101.2430 Y39.9270 Z0.0400 F5142.9 ; Width: 0.350mm
G1 X101.2428 Y39.9070 Z0.0400 F5142.9 ; Width: 0.350mm
G1 X101.1830 Y39.8470 Z0.0400 F5142.9 ; Width: 0.350mm
G1 X101.1828 Y39.8270 Z0.0400 F5142.9 ; Width: 0.350mm
G1 X101.1230 Y39.7670 Z0.0400 F5142.9 ; Width: 0.350mm
G1 X101.1228 Y39.7470 Z0.0400 F5142.9 ; Width: 0.350mm
G1 X101.0630 Y39.6870 Z0.0400 F5142.9 ; Width: 0.350mm
G1 X101.0628 Y39.6670 Z0.0400 F5142.9 ; Width: 0.350mm
G1 X101.0030 Y39.6070 Z0.0400 F5142.9 ; Width: 0.350mm
G1 X101.0028 Y39.5870 Z0.0400 F5142.9 ; Width: 0.350mm
G1 X100.4630 Y39.0472 Z0.0400 F4715.5 ; Width: 0.382mm
G1 X100.4430 Y39.0470 Z0.0400 F5142.9 ; Width: 0.350mm
G1 X100.3230 Y38.9272 Z0.0400 F5142.9 ; Width: 0.350mm
G1 X100.3030 Y38.9270 Z0.0400 F5142.9 ; Width: 0.350mm
G1 X100.2430 Y38.8672 Z0.0400 F5142.9 ; Width: 0.350mm
G1 X100.2230 Y38.8670 Z0.0400 F5142.9 ; Width: 0.350mm
G1 X100.1830 Y38.8272 Z0.0400 F5142.9 ; Width: 0.350mm
G1 X100.1630 Y38.8270 Z0.0400 F5142.9 ; Width: 0.350mm
G1 X100.1030 Y38.7672 Z0.0400 F5142.9 ; Width: 0.350mm
G1 X100.0830 Y38.7670 Z0.0400 F5142.9 ; Width: 0.350mm
G1 X100.0430 Y38.7272 Z0.0400 F5142.9 ; Width: 0.350mm
G1 X100.0230 Y38.7270 Z0.0400 F5142.9 ; Width: 0.350mm
G1 X99.9830 Y38.6872 Z0.0400 F5142.9 ; Width: 0.350mm
G1 X99.9630 Y38.6870 Z0.0400 F5142.9 ; Width: 0.350mm
G1 X99.9230 Y38.6472 Z0.0400 F5142.9 ; Width: 0.350mm
G1 X99.9030 Y38.6471 Z0.0400 F5142.9 ; Width: 0.350mm
G1 X99.8830 Y38.6272 Z0.0400 F5142.9 ; Width: 0.350mm
G1 X99.8630 Y38.6270 Z0.0400 F5142.9 ; Width: 0.350mm
G1 X99.8430 Y38.6071 Z0.0400 F5142.9 ; Width: 0.350mm
G1 X99.8230 Y38.6070 Z0.0400 F5142.9 ; Width: 0.350mm
G1 X99.8030 Y38.5871 Z0.0400 F5142.9 ; Width: 0.350mm
G1 X99.7830 Y38.5870 Z0.0400 F5142.9 ; Width: 0.350mm
G1 X99.7430 Y38.5472 Z0.0400 F5142.9 ; Width: 0.350mm
G1 X99.7230 Y38.5471 Z0.0400 F5142.9 ; Width: 0.350mm
G1 X99.7030 Y38.5272 Z0.0400 F5142.9 ; Width: 0.350mm
G1 X99.6830 Y38.5270 Z0.0400 F5142.9 ; Width: 0.350mm
G1 X99.6630 Y38.5071 Z0.0400 F5142.9 ; Width: 0.350mm
G1 X99.6430 Y38.5070 Z0.0400 F5142.9 ; Width: 0.350mm
G1 X99.6230 Y38.4871 Z0.0400 F5142.9 ; Width: 0.350mm
G1 X99.6030 Y38.4870 Z0.0400 F5142.9 ; Width: 0.350mm
G1 X99.5830 Y38.4671 Z0.0400 F5142.9 ; Width: 0.350mm
G1 X99.5630 Y38.4671 Z0.0400 F5142.9 ; Width: 0.350mm
G1 X99.5430 Y38.4472 Z0.0400 F5142.9 ; Width: 0.350mm
G1 X99.5230 Y38.4471 Z0.0400 F5142.9 ; Width: 0.350mm
G1 X99.5030 Y38.4272 Z0.0400 F5142.9 ; Width: 0.350mm
G1 X99.4630 Y38.4270 Z0.0400 F5142.9 ; Width: 0.350mm
G1 X99.4430 Y38.4071 Z0.0400 F5142.9 ; Width: 0.350mm
G1 X99.4230 Y38.4070 Z0.0400 F5142.9 ; Width: 0.350mm
G1 X99.4030 Y38.3871 Z0.0400 F5142.9 ; Width: 0.350mm
G1 X99.3830 Y38.3870 Z0.0400 F5142.9 ; Width: 0.350mm
G1 X99.3630 Y38.3671 Z0.0400 F5142.9 ; Width: 0.350mm
G1 X99.3430 Y38.3671 Z0.0400 F5142.9 ; Width: 0.350mm
G1 X99.3230 Y38.3472 Z0.0400 F5142.9 ; Width: 0.350mm
G1 X99.3030 Y38.3471 Z0.0400 F5142.9 ; Width: 0.350mm
G1 X99.2830 Y38.3272 Z0.0400 F5142.9 ; Width: 0.350mm
G1 X99.2430 Y38.3270 Z0.0400 F5142.9 ; Width: 0.350mm
G1 X99.2230 Y38.3072 Z0.0400 F5142.9 ; Width: 0.350mm
G1 X99.1830 Y38.3070 Z0.0400 F5142.9 ; Width: 0.350mm
G1 X99.1630 Y38.2872 Z0.0400 F5142.9 ; Width: 0.350mm
G1 X99.1230 Y38.2870 Z0.0400 F5142.9 ; Width: 0.350mm
G1 X99.1030 Y38.2672 Z0.0400 F5142.9 ; Width: 0.350mm
G1 X99.0630 Y38.2670 Z0.0400 F5142.9 ; Width: 0.350mm
G1 X99.0430 Y38.2472 Z0.0400 F5142.9 ; Width: 0.350mm
G1 X99.0030 Y38.2470 Z0.0400 F5142.9 ; Width: 0.350mm
G1 X98.9830 Y38.2272 Z0.0400 F5142.9 ; Width: 0.350mm
G1 X98.9230 Y38.2270 Z0.0400 F5142.9 ; Width: 0.350mm
G1 X98.9030 Y38.2072 Z0.0400 F5142.9 ; Width: 0.350mm
G1 X98.8430 Y38.2070 Z0.0400 F5142.9 ; Width: 0.350mm
G1 X98.8230 Y38.1872 Z0.0400 F5142.9 ; Width: 0.350mm
G1 X98.7830 Y38.1870 Z0.0400 F5142.9 ; Width: 0.350mm
G1 X98.7630 Y38.1672 Z0.0400 F5142.9 ; Width: 0.350mm
G1 X98.7030 Y38.1670 Z0.0400 F5142.9 ; Width: 0.350mm
G1 X98.6830 Y38.1472 Z0.0400 F5142.9 ; Width: 0.350mm
G1 X98.6230 Y38.1470 Z0.0400 F5142.9 ; Width: 0.350mm
G1 X98.6030 Y38.1272 Z0.0400 F5142.9 ; Width: 0.350mm
G1 X98.5230 Y38.1271 Z0.0400 F5142.9 ; Width: 0.350mm
G1 X98.5030 Y38.1072 Z0.0400 F5142.9 ; Width: 0.350mm
G1 X98.4230 Y38.1070 Z0.0400 F5142.9 ; Width: 0.350mm
G1 X98.4030 Y38.0872 Z0.0400 F5142.9 ; Width: 0.350mm
G1 X98.2830 Y38.0870 Z0.0400 F5142.9 ; Width: 0.350mm
G1 X98.2630 Y38.0672 Z0.0400 F5142.9 ; Width: 0.350mm
G1 X98.1230 Y38.0670 Z0.0400 F5142.9 ; Width: 0.350mm
G1 X98.1030 Y38.0472 Z0.0400 F5142.9 ; Width: 0.350mm
G1 X97.8830 Y38.0470 Z0.0400 F5142.9 ; Width: 0.350mm
G1 X97.8630 Y38.0272 Z0.0400 F5142.9 ; Width: 0.350mm
G1 X97.1430 Y38.0272 Z0.0400 F5000.0 ; Width: 0.360mm
G1 X97.1230 Y38.0470 Z0.0400 F5142.9 ; Width: 0.350mm
G1 X96.9030 Y38.0472 Z0.0400 F5142.9 ; Width: 0.350mm
G1 X96.8830 Y38.0670 Z0.0400 F5142.9 ; Width: 0.350mm
G1 X96.7430 Y38.0672 Z0.0400 F5142.9 ; Width: 0.350mm
G1 X96.7230 Y38.0870 Z0.0400 F5142.9 ; Width: 0.350mm
G1 X96.6030 Y38.0872 Z0.0400 F5142.9 ; Width: 0.350mm
G1 X96.5830 Y38.1070 Z0.0400 F5142.9 ; Width: 0.350mm
G1 X96.5030 Y38.1072 Z0.0400 F5142.9 ; Width: 0.350mm
G1 X96.4830 Y38.1271 Z0.0400 F5142.9 ; Width: 0.350mm
G1 X96.4030 Y38.1272 Z0.0400 F5142.9 ; Width: 0.350mm
G1 X96.3830 Y38.1470 Z0.0400 F5142.9 ; Width: 0.350mm
G1 X96.3230 Y38.1472 Z0.0400 F5142.9 ; Width: 0.350mm
G1 X96.3030 Y38.1670 Z0.0400 F5142.9 ; Width: 0.350mm
G1 X96.2430 Y38.1672 Z0.0400 F5142.9 ; Width: 0.350mm
G1 X96.2230 Y38.1870 Z0.0400 F5142.9 ; Width: 0.350mm
G1 X96.1830 Y38.1872 Z0.0400 F5142.9 ; Width: 0.350mm
G1 X96.1630 Y38.2070 Z0.0400 F5142.9 ; Width: 0.350mm
G1 X96.1030 Y38.2072 Z0.0400 F5142.9 ; Width: 0.350mm
G1 X96.0830 Y38.2270 Z0.0400 F5142.9 ; Width: 0.350mm
G1 X96.0230 Y38.2272 Z0.0400 F5142.9 ; Width: 0.350mm
G1 X96.0030 Y38.2470 Z0.0400 F5142.9 ; Width: 0.350mm
G1 X95.9630 Y38.2472 Z0.0400 F5142.9 ; Width: 0.350mm
G1 X95.9430 Y38.2670 Z0.0400 F5142.9 ; Width: 0.350mm
G1 X95.9030 Y38.2672 Z0.0400 F5142.9 ; Width: 0.350mm
G1 X95.8830 Y38.2870 Z0.0400 F5142.9 ; Width: 0.350mm
G1 X95.8430 Y38.2872 Z0.0400 F5142.9 ; Width: 0.350mm
G1 X95.8230 Y38.3070 Z0.0400 F5142.9 ; Width: 0.350mm
G1 X95.7830 Y38.3072 Z0.0400 F5142.9 ; Width: 0.350mm
G1 X95.7630 Y38.3270 Z0.0400 F5142.9 ; Width: 0.350mm
G1 X95.7230 Y38.3272 Z0.0400 F5142.9 ; Width: 0.350mm
G1 X95.7030 Y38.3471 Z0.0400 F5142.9 ; Width: 0.350mm
G1 X95.6830 Y38.3472 Z0.0400 F5142.9 ; Width: 0.350mm
G1 X95.6630 Y38.3671 Z0.0400 F5142.9 ; Width: 0.350mm
G1 X95.6430 Y38.3671 Z0.0400 F5142.9 ; Width: 0.350mm
G1 X95.6230 Y38.3870 Z0.0400 F5142.9 ; Width: 0.350mm
G1 X95.6030 Y38.3871 Z0.0400 F5142.9 ; Width: 0.350mm
G1 X95.5830 Y38.4070 Z0.0400 F5142.9 ; Width: 0.350mm
G1 X95.5430 Y38.4072 Z0.0400 F5142.9 ; Width: 0.350mm
G1 X95.5230 Y38.4271 Z0.0400 F5142.9 ; Width: 0.350mm
G1 X95.5030 Y38.4272 Z0.0400 F5142.9 ; Width: 0.350mm
G1 X95.4830 Y38.4471 Z0.0400 F5142.9 ; Width: 0.350mm
G1 X95.4630 Y38.4471 Z0.0400 F5142.9 ; Width: 0.350mm
G1 X95.4430 Y38.4670 Z0.0400 F5142.9 ; Width: 0.350mm
G1 X95.4230 Y38.4671 Z0.0400 F5142.9 ; Width: 0.350mm
G1 X95.4030 Y38.4870 Z0.0400 F5142.9 ; Width: 0.350mm
G1 X95.3830 Y38.4871 Z0.0400 F5142.9 ; Width: 0.350mm
G1 X95.3630 Y38.5070 Z0.0400 F5142.9 ; Width: 0.350mm
G1 X95.3430 Y38.5071 Z0.0400 F5142.9 ; Width: 0.350mm
G1 X95.3230 Y38.5270 Z0.0400 F5142.9 ; Width: 0.350mm
G1 X95.3030 Y38.5271 Z0.0400 F5142.9 ; Width: 0.350mm
G1 X95.2830 Y38.5470 Z0.0400 F5142.9 ; Width: 0.350mm
G1 X95.2630 Y38.5472 Z0.0400 F5142.9 ; Width: 0.350mm
G1 X95.2430 Y38.5671 Z0.0400 F5142.9 ; Width: 0.350mm
G1 X95.2230 Y38.5672 Z0.0400 F5142.9 ; Width: 0.350mm
G1 X95.1830 Y38.6070 Z0.0400 F5142.9 ; Width: 0.350mm
G1 X95.1630 Y38.6071 Z0.0400 F5142.9 ; Width: 0.350mm
G1 X95.1430 Y38.6270 Z0.0400 F5142.9 ; Width: 0.350mm
G1 X95.1230 Y38.6272 Z0.0400 F5142.9 ; Width: 0.350mm
G1 X95.1030 Y38.6471 Z0.0400 F5142.9 ; Width: 0.350mm
G1 X95.0830 Y38.6472 Z0.0400 F5142.9 ; Width: 0.350mm
G1 X95.0430 Y38.6870 Z0.0400 F5142.9 ; Width: 0.350mm
G1 X95.0230 Y38.6872 Z0.0400 F5142.9 ; Width: 0.350mm
G1 X95.0030 Y38.7071 Z0.0400 F5142.9 ; Width: 0.350mm
G1 X94.9830 Y38.7072 Z0.0400 F5142.9 ; Width: 0.350mm
G1 X94.9430 Y38.7470 Z0.0400 F5142.9 ; Width: 0.350mm
G1 X94.9230 Y38.7472 Z0.0400 F5142.9 ; Width: 0.350mm
G1 X94.8830 Y38.7870 Z0.0400 F5142.9 ; Width: 0.350mm
G1 X94.8630 Y38.7872 Z0.0400 F5142.9 ; Width: 0.350mm
G1 X94.8230 Y38.8270 Z0.0400 F5142.9 ; Width: 0.350mm
G1 X94.8030 Y38.8272 Z0.0400 F5142.9 ; Width: 0.350mm
G1 X94.7430 Y38.8870 Z0.0400 F5142.9 ; Width: 0.350mm
G1 X94.7230 Y38.8872 Z0.0400 F5142.9 ; Width: 0.350mm
G1 X94.6430 Y38.9670 Z0.0400 F5142.9 ; Width: 0.350mm
G1 X94.6230 Y38.9672 Z0.0400 F5142.9 ; Width: 0.350mm
G1 X94.6030 Y38.9871 Z0.0400 F5142.9 ; Width: 0.350mm
G1 X94.5230 Y38.9877 Z0.0400 F5142.9 ; Width: 0.350mm
G1 X94.5030 Y39.0077 Z0.0400 F5142.9 ; Width: 0.350mm
G1 X94.4830 Y39.0078 Z0.0400 F5142.9 ; Width: 0.350mm
G1 X94.4630 Y38.9881 Z0.0400 F5142.9 ; Width: 0.350mm
G1 X94.3830 Y38.9874 Z0.0400 F5142.9 ; Width: 0.350mm
G1 X94.3630 Y38.9673 Z0.0400 F5142.9 ; Width: 0.350mm
G1 X94.3430 Y38.9672 Z0.0400 F5142.9 ; Width: 0.350mm
G1 X94.0030 Y38.6272 Z0.0400 F5142.9 ; Width: 0.350mm
G1 X93.9830 Y38.6270 Z0.0400 F5142.9 ; Width: 0.350mm
G1 X93.9230 Y38.5672 Z0.0400 F5142.9 ; Width: 0.350mm
G1 X93.9030 Y38.5670 Z0.0400 F5142.9 ; Width: 0.350mm
G1 X93.8630 Y38.5272 Z0.0400 F5142.9 ; Width: 0.350mm
G1 X93.8430 Y38.5270 Z0.0400 F5142.9 ; Width: 0.350mm
G1 X93.8030 Y38.4872 Z0.0400 F5142.9 ; Width: 0.350mm
G1 X93.7830 Y38.4871 Z0.0400 F5142.9 ; Width: 0.350mm
G1 X93.7630 Y38.4672 Z0.0400 F5142.9 ; Width: 0.350mm
G1 X93.7430 Y38.4670 Z0.0400 F5142.9 ; Width: 0.350mm
G1 X93.7230 Y38.4471 Z0.0400 F5142.9 ; Width: 0.350mm
G1 X93.7030 Y38.4470 Z0.0400 F5142.9 ; Width: 0.350mm
G1 X93.6830 Y38.4271 Z0.0400 F5142.9 ; Width: 0.350mm
G1 X93.6630 Y38.4270 Z0.0400 F5142.9 ; Width: 0.350mm
G1 X93.6430 Y38.4071 Z0.0400 F5142.9 ; Width: 0.350mm
G1 X93.6230 Y38.4071 Z0.0400 F5142.9 ; Width: 0.350mm
G1 X93.6030 Y38.3872 Z0.0400 F5142.9 ; Width: 0.350mm
G1 X93.5830 Y38.3871 Z0.0400 F5142.9 ; Width: 0.350mm
G1 X93.5630 Y38.3672 Z0.0400 F5142.9 ; Width: 0.350mm
G1 X93.5230 Y38.3670 Z0.0400 F5142.9 ; Width: 0.350mm
G1 X93.5030 Y38.3472 Z0.0400 F5142.9 ; Width: 0.350mm
G1 X93.4630 Y38.3470 Z0.0400 F5142.9 ; Width: 0.350mm
G1 X93.4430 Y38.3272 Z0.0400 F5142.9 ; Width: 0.350mm
G1 X93.4030 Y38.3270 Z0.0400 F5142.9 ; Width: 0.350mm
G1 X93.3830 Y38.3072 Z0.0400 F5142.9 ; Width: 0.350mm
G1 X93.3230 Y38.3070 Z0.0400 F5142.9 ; Width: 0.350mm
G1 X93.3030 Y38.2872 Z0.0400 F5142.9 ; Width: 0.350mm
G1 X93.2430 Y38.2870 Z0.0400 F5142.9 ; Width: 0.350mm
G1 X93.2230 Y38.2672 Z0.0400 F5142.9 ; Width: 0.350mm
G1 X93.1030 Y38.2670 Z0.0400 F5142.9 ; Width: 0.350mm
G1 X93.0830 Y38.2472 Z0.0400 F5142.9 ; Width: 0.350mm
G1 X90.9430 Y38.2472 Z0.0400 F1682.2 ; Width: 1.070mm
G1 X90.9230 Y38.2670 Z0.0400 F5142.9 ; Width: 0.350mm
G1 X90.8030 Y38.2672 Z0.0400 F5142.9 ; Width: 0.350mm
G1 X90.7830 Y38.2870 Z0.0400 F5142.9 ; Width: 0.350mm
G1 X90.7230 Y38.2872 Z0.0400 F5142.9 ; Width: 0.350mm
G1 X90.7030 Y38.3070 Z0.0400 F5142.9 ; Width: 0.350mm
G1 X90.6430 Y38.3072 Z0.0400 F5142.9 ; Width: 0.350mm
G1 X90.6230 Y38.3270 Z0.0400 F5142.9 ; Width: 0.350mm
G1 X90.5830 Y38.3272 Z0.0400 F5142.9 ; Width: 0.350mm
G1 X90.5630 Y38.3470 Z0.0400 F5142.9 ; Width: 0.350mm
G1 X90.5230 Y38.3472 Z0.0400 F5142.9 ; Width: 0.350mm
G1 X90.5030 Y38.3670 Z0.0400 F5142.9 ; Width: 0.350mm
G1 X90.4630 Y38.3672 Z0.0400 F5142.9 ; Width: 0.350mm
G1 X90.4430 Y38.3871 Z0.0400 F5142.9 ; Width: 0.350mm
G1 X90.4230 Y38.3872 Z0.0400 F5142.9 ; Width: 0.350mm
G1 X90.4030 Y38.4071 Z0.0400 F5142.9 ; Width: 0.350mm
G1 X90.3830 Y38.4071 Z0.0400 F5142.9 ; Width: 0.350mm
G1 X90.3630 Y38.4270 Z0.0400 F5142.9 ; Width: 0.350mm
G1 X90.3430 Y38.4271 Z0.0400 F5142.9 ; Width: 0.350mm
G1 X90.3230 Y38.4470 Z0.0400 F5142.9 ; Width: 0.350mm
G1 X90.3030 Y38.4471 Z0.0400 F5142.9 ; Width: 0.350mm
G1 X90.2830 Y38.4670 Z0.0400 F5142.9 ; Width: 0.350mm
G1 X90.2030 Y38.4675 Z0.0400 F5142.9 ; Width: 0.350mm
G1 X90.1830 Y38.4874 Z0.0400 F5142.9 ; Width: 0.350mm
G1 X90.1630 Y38.4875 Z0.0400 F5142.9 ; Width: 0.350mm
G1 X90.1230 Y38.4874 Z0.0400 F5142.9 ; Width: 0.350mm
G1 X90.1030 Y38.4675 Z0.0400 F5142.9 ; Width: 0.350mm
G1 X90.0230 Y38.4670 Z0.0400 F5142.9 ; Width: 0.350mm
G1 X90.0030 Y38.4471 Z0.0400 F5142.9 ; Width: 0.350mm
G1 X89.9830 Y38.4470 Z0.0400 F5142.9 ; Width: 0.350mm
G1 X89.9630 Y38.4271 Z0.0400 F5142.9 ; Width: 0.350mm
G1 X89.9430 Y38.4270 Z0.0400 F5142.9 ; Width: 0.350mm
G1 X89.9230 Y38.4071 Z0.0400 F5142.9 ; Width: 0.350mm
G1 X89.9030 Y38.4071 Z0.0400 F5142.9 ; Width: 0.350mm
G1 X89.8830 Y38.3872 Z0.0400 F5142.9 ; Width: 0.350mm
G1 X89.8630 Y38.3871 Z0.0400 F5142.9 ; Width: 0.350mm
G1 X89.8430 Y38.3672 Z0.0400 F5142.9 ; Width: 0.350mm
G1 X89.8030 Y38.3670 Z0.0400 F5142.9 ; Width: 0.350mm
G1 X89.7830 Y38.3472 Z0.0400 F5142.9 ; Width: 0.350mm
G1 X89.7430 Y38.3470 Z0.0400 F5142.9 ; Width: 0.350mm
G1 X89.7230 Y38.3272 Z0.0400 F5142.9 ; Width: 0.350mm
G1 X89.6830 Y38.3270 Z0.0400 F5142.9 ; Width: 0.350mm
G1 X89.6630 Y38.3072 Z0.0400 F5142.9 ; Width: 0.350mm
G1 X89.6030 Y38.3070 Z0.0400 F5142.9 ; Width: 0.350mm
G1 X89.5830 Y38.2872 Z0.0400 F5142.9 ; Width: 0.350mm
G1 X89.5230 Y38.2870 Z0.0400 F5142.9 ; Width: 0.350mm
G1 X89.5030 Y38.2672 Z0.0400 F5142.9 ; Width: 0.350mm
G1 X89.3830 Y38.2670 Z0.0400 F5142.9 ; Width: 0.350mm
G1 X89.3630 Y38.2472 Z0.0400 F5142.9 ; Width: 0.350mm
G1 X87.9230 Y38.2472 Z0.0400 F2500.0 ; Width: 0.720mm
G1 X87.9030 Y38.2670 Z0.0400 F5142.9 ; Width: 0.350mm
G1 X87.7830 Y38.2672 Z0.0400 F5142.9 ; Width: 0.350mm
G1 X87.7630 Y38.2870 Z0.0400 F5142.9 ; Width: 0.350mm
G1 X87.7030 Y38.2872 Z0.0400 F5142.9 ; Width: 0.350mm
G1 X87.6830 Y38.3070 Z0.0400 F5142.9 ; Width: 0.350mm
G1 X87.6230 Y38.3072 Z0.0400 F5142.9 ; Width: 0.350mm
G1 X87.6030 Y38.3270 Z0.0400 F5142.9 ; Width: 0.350mm
G1 X87.5630 Y38.3272 Z0.0400 F5142.9 ; Width: 0.350mm
G1 X87.5430 Y38.3470 Z0.0400 F5142.9 ; Width: 0.350mm
G1 X87.5030 Y38.3472 Z0.0400 F5142.9 ; Width: 0.350mm
G1 X87.4830 Y38.3670 Z0.0400 F5142.9 ; Width: 0.350mm
G1 X87.4430 Y38.3672 Z0.0400 F5142.9 ; Width: 0.350mm
G1 X87.4230 Y38.3871 Z0.0400 F5142.9 ; Width: 0.350mm
G1 X87.4030 Y38.3872 Z0.0400 F5142.9 ; Width: 0.350mm
G1 X87.3830 Y38.4071 Z0.0400 F5142.9 ; Width: 0.350mm
G1 X87.3630 Y38.4071 Z0.0400 F5142.9 ; Width: 0.350mm
G1 X87.3430 Y38.4270 Z0.0400 F5142.9 ; Width: 0.350mm
G1 X87.3230 Y38.4271 Z0.0400 F5142.9 ; Width: 0.350mm
G1 X87.3030 Y38.4470 Z0.0400 F5142.9 ; Width: 0.350mm
G1 X87.2830 Y38.4471 Z0.0400 F5142.9 ; Width: 0.350mm
G1 X87.2630 Y38.4670 Z0.0400 F5142.9 ; Width: 0.350mm
G1 X87.2430 Y38.4672 Z0.0400 F5142.9 ; Width: 0.350mm
G1 X87.2230 Y38.4871 Z0.0400 F5142.9 ; Width: 0.350mm
G1 X87.1430 Y38.4875 Z0.0400 F5142.9 ; Width: 0.350mm
G1 X87.1230 Y38.5075 Z0.0400 F5142.9 ; Width: 0.350mm
G1 X87.1030 Y38.5075 Z0.0400 F5142.9 ; Width: 0.350mm
G1 X87.0830 Y38.4875 Z0.0400 F5142.9 ; Width: 0.350mm
G1 X87.0030 Y38.4871 Z0.0400 F5142.9 ; Width: 0.350mm
G1 X86.9830 Y38.4672 Z0.0400 F5142.9 ; Width: 0.350mm
G1 X86.9630 Y38.4670 Z0.0400 F5142.9 ; Width: 0.350mm
G1 X86.9430 Y38.4471 Z0.0400 F5142.9 ; Width: 0.350mm
G1 X86.9230 Y38.4470 Z0.0400 F5142.9 ; Width: 0.350mm
G1 X86.9030 Y38.4271 Z0.0400 F5142.9 ; Width: 0.350mm
G1 X86.8830 Y38.4270 Z0.0400 F5142.9 ; Width: 0.350mm
G1 X86.8630 Y38.4071 Z0.0400 F5142.9 ; Width: 0.350mm
G1 X86.8430 Y38.4071 Z0.0400 F5142.9 ; Width: 0.350mm
G1 X86.8230 Y38.3872 Z0.0400 F5142.9 ; Width: 0.350mm
G1 X86.8030 Y38.3871 Z0.0400 F5142.9 ; Width: 0.350mm
G1 X86.7830 Y38.3672 Z0.0400 F5142.9 ; Width: 0.350mm
G1 X86.7430 Y38.3670 Z0.0400 F5142.9 ; Width: 0.350mm
G1 X86.7230 Y38.3472 Z0.0400 F5142.9 ; Width: 0.350mm
G1 X86.6830 Y38.3470 Z0.0400 F5142.9 ; Width: 0.350mm
G1 X86.6630 Y38.3272 Z0.0400 F5142.9 ; Width: 0.350mm
G1 X86.6230 Y38.3270 Z0.0400 F5142.9 ; Width: 0.350mm
G1 X86.6030 Y38.3072 Z0.0400 F5142.9 ; Width: 0.350mm
G1 X86.5430 Y38.3070 Z0.0400 F5142.9 ; Width: 0.350mm
G1 X86.5230 Y38.2872 Z0.0400 F5142.9 ; Width: 0.350mm
G1 X86.4630 Y38.2870 Z0.0400 F5142.9 ; Width: 0.350mm
G1 X86.4430 Y38.2672 Z0.0400 F5142.9 ; Width: 0.350mm
G1 X86.3230 Y38.2670 Z0.0400 F5142.9 ; Width: 0.350mm
G1 X86.3030 Y38.2472 Z0.0400 F5142.9 ; Width: 0.350mm
G1 X84.1830 Y38.2472 Z0.0400 F1698.1 ; Width: 1.060mm
G1 X84.1630 Y38.2670 Z0.0400 F5142.9 ; Width: 0.350mm
G1 X84.0430 Y38.2672 Z0.0400 F5142.9 ; Width: 0.350mm
G1 X84.0230 Y38.2870 Z0.0400 F5142.9 ; Width: 0.350mm
G1 X83.9630 Y38.2872 Z0.0400 F5142.9 ; Width: 0.350mm
G1 X83.9430 Y38.3070 Z0.0400 F5142.9 ; Width: 0.350mm
G1 X83.8830 Y38.3072 Z0.0400 F5142.9 ; Width: 0.350mm
G1 X83.8630 Y38.3270 Z0.0400 F5142.9 ; Width: 0.350mm
G1 X83.8230 Y38.3272 Z0.0400 F5142.9 ; Width: 0.350mm
G1 X83.8030 Y38.3470 Z0.0400 F5142.9 ; Width: 0.350mm
G1 X83.7630 Y38.3472 Z0.0400 F5142.9 ; Width: 0.350mm
G1 X83.7430 Y38.3670 Z0.0400 F5142.9 ; Width: 0.350mm
G1 X83.7030 Y38.3672 Z0.0400 F5142.9 ; Width: 0.350mm
G1 X83.6830 Y38.3871 Z0.0400 F5142.9 ; Width: 0.350mm
G1 X83.6630 Y38.3872 Z0.0400 F5142.9 ; Width: 0.350mm
G1 X83.6430 Y38.4071 Z0.0400 F5142.9 ; Width: 0.350mm
G1 X83.5630 Y38.4074 Z0.0400 F5142.9 ; Width: 0.350mm
G1 X83.5430 Y38.4273 Z0.0400 F5142.9 ; Width: 0.350mm
G1 X83.5230 Y38.4274 Z0.0400 F5142.9 ; Width: 0.350mm
G1 X83.4830 Y38.4273 Z0.0400 F5142.9 ; Width: 0.350mm
G1 X83.4630 Y38.4074 Z0.0400 F5142.9 ; Width: 0.350mm
G1 X83.3830 Y38.4071 Z0.0400 F5142.9 ; Width: 0.350mm
G1 X83.3630 Y38.3872 Z0.0400 F5142.9 ; Width: 0.350mm
G1 X83.3430 Y38.3871 Z0.0400 F5142.9 ; Width: 0.350mm
G1 X83.3230 Y38.3672 Z0.0400 F5142.9 ; Width: 0.350mm
G1 X83.2830 Y38.3670 Z0.0400 F5142.9 ; Width: 0.350mm
G1 X83.2630 Y38.3472 Z0.0400 F5142.9 ; Width: 0.350mm
G1 X83.2230 Y38.3470 Z0.0400 F5142.9 ; Width: 0.350mm
G1 X83.2030 Y38.3272 Z0.0400 F5142.9 ; Width: 0.350mm
G1 X83.1630 Y38.3270 Z0.0400 F5142.9 ; Width: 0.350mm
G1 X83.1430 Y38.3072 Z0.0400 F5142.9 ; Width: 0.350mm
G1 X83.0830 Y38.3070 Z0.0400 F5142.9 ; Width: 0.350mm
G1 X83.0630 Y38.2872 Z0.0400 F5142.9 ; Width: 0.350mm
G1 X83.0030 Y38.2870 Z0.0400 F5142.9 ; Width: 0.350mm
G1 X82.9830 Y38.2672 Z0.0400 F5142.9 ; Width: 0.350mm
G1 X82.8630 Y38.2670 Z0.0400 F5142.9 ; Width: 0.350mm
G1 X82.8430 Y38.2472 Z0.0400 F5142.9 ; Width: 0.350mm
G1 X80.4830 Y38.2472 Z0.0400 F1525.4 ; Width: 1.180mm
G1 X80.4630 Y38.2670 Z0.0400 F5142.9 ; Width: 0.350mm
G1 X80.3430 Y38.2672 Z0.0400 F5142.9 ; Width: 0.350mm
G1 X80.3230 Y38.2870 Z0.0400 F5142.9 ; Width: 0.350mm
G1 X80.2630 Y38.2872 Z0.0400 F5142.9 ; Width: 0.350mm
G1 X80.2430 Y38.3070 Z0.0400 F5142.9 ; Width: 0.350mm
G1 X80.1830 Y38.3072 Z0.0400 F5142.9 ; Width: 0.350mm
G1 X80.1630 Y38.3270 Z0.0400 F5142.9 ; Width: 0.350mm
G1 X80.1230 Y38.3272 Z0.0400 F5142.9 ; Width: 0.350mm
G1 X80.1030 Y38.3470 Z0.0400 F5142.9 ; Width: 0.350mm
G1 X80.0630 Y38.3472 Z0.0400 F5142.9 ; Width: 0.350mm
G1 X80.0430 Y38.3670 Z0.0400 F5142.9 ; Width: 0.350mm
G1 X80.0030 Y38.3672 Z0.0400 F5142.9 ; Width: 0.350mm
G1 X79.9830 Y38.3871 Z0.0400 F5142.9 ; Width: 0.350mm
G1 X79.9630 Y38.3872 Z0.0400 F5142.9 ; Width: 0.350mm
G1 X79.9430 Y38.4071 Z0.0400 F5142.9 ; Width: 0.350mm
G1 X79.9230 Y38.4071 Z0.0400 F5142.9 ; Width: 0.350mm
G1 X79.9030 Y38.4270 Z0.0400 F5142.9 ; Width: 0.350mm
G1 X79.8830 Y38.4271 Z0.0400 F5142.9 ; Width: 0.350mm
G1 X79.8630 Y38.4470 Z0.0400 F5142.9 ; Width: 0.350mm
G1 X79.8430 Y38.4471 Z0.0400 F5142.9 ; Width: 0.350mm
G1 X79.8230 Y38.4670 Z0.0400 F5142.9 ; Width: 0.350mm
G1 X79.8030 Y38.4672 Z0.0400 F5142.9 ; Width: 0.350mm
G1 X79.7830 Y38.4871 Z0.0400 F5142.9 ; Width: 0.350mm
G1 X79.7630 Y38.4872 Z0.0400 F5142.9 ; Width: 0.350mm
G1 X79.7230 Y38.5270 Z0.0400 F5142.9 ; Width: 0.350mm
G1 X79.7030 Y38.5272 Z0.0400 F5142.9 ; Width: 0.350mm
G1 X79.6630 Y38.5670 Z0.0400 F5142.9 ; Width: 0.350mm
G1 X79.6430 Y38.5672 Z0.0400 F5142.9 ; Width: 0.350mm
G1 X79.6230 Y38.5871 Z0.0400 F5142.9 ; Width: 0.350mm
G1 X79.5430 Y38.5876 Z0.0400 F5142.9 ; Width: 0.350mm
G1 X79.5230 Y38.6076 Z0.0400 F5142.9 ; Width: 0.350mm
G1 X79.5030 Y38.6076 Z0.0400 F5142.9 ; Width: 0.350mm
G1 X79.4830 Y38.5877 Z0.0400 F5142.9 ; Width: 0.350mm
G1 X79.4030 Y38.5872 Z0.0400 F5142.9 ; Width: 0.350mm
G1 X79.3830 Y38.5672 Z0.0400 F5142.9 ; Width: 0.350mm
G1 X79.3630 Y38.5671 Z0.0400 F5142.9 ; Width: 0.350mm
G1 X79.3430 Y38.5472 Z0.0400 F5142.9 ; Width: 0.350mm
G1 X79.3230 Y38.5470 Z0.0400 F5142.9 ; Width: 0.350mm
G1 X79.2830 Y38.5072 Z0.0400 F5142.9 ; Width: 0.350mm
G1 X79.2630 Y38.5071 Z0.0400 F5142.9 ; Width: 0.350mm
G1 X79.2430 Y38.4872 Z0.0400 F5142.9 ; Width: 0.350mm
G1 X79.2230 Y38.4870 Z0.0400 F5142.9 ; Width: 0.350mm
G1 X79.2030 Y38.4671 Z0.0400 F5142.9 ; Width: 0.350mm
G1 X79.1830 Y38.4670 Z0.0400 F5142.9 ; Width: 0.350mm
G1 X79.1630 Y38.4471 Z0.0400 F5142.9 ; Width: 0.350mm
G1 X79.1430 Y38.4470 Z0.0400 F5142.9 ; Width: 0.350mm
G1 X79.1230 Y38.4271 Z0.0400 F5142.9 ; Width: 0.350mm
G1 X79.1030 Y38.4270 Z0.0400 F5142.9 ; Width: 0.350mm
G1 X79.0830 Y38.4071 Z0.0400 F5142.9 ; Width: 0.350mm
G1 X79.0630 Y38.4071 Z0.0400 F5142.9 ; Width: 0.350mm
G1 X79.0430 Y38.3872 Z0.0400 F5142.9 ; Width: 0.350mm
G1 X79.0230 Y38.3871 Z0.0400 F5142.9 ; Width: 0.350mm
G1 X79.0030 Y38.3672 Z0.0400 F5142.9 ; Width: 0.350mm
G1 X78.9630 Y38.3670 Z0.0400 F5142.9 ; Width: 0.350mm
G1 X78.9430 Y38.3472 Z0.0400 F5142.9 ; Width: 0.350mm
G1 X78.9030 Y38.3470 Z0.0400 F5142.9 ; Width: 0.350mm
G1 X78.8830 Y38.3272 Z0.0400 F5142.9 ; Width: 0.350mm
G1 X78.8430 Y38.3270 Z0.0400 F5142.9 ; Width: 0.350mm
G1 X78.8230 Y38.3072 Z0.0400 F5142.9 ; Width: 0.350mm
G1 X78.7630 Y38.3070 Z0.0400 F5142.9 ; Width: 0.350mm
G1 X78.7430 Y38.2872 Z0.0400 F5142.9 ; Width: 0.350mm
G1 X78.6830 Y38.2870 Z0.0400 F5142.9 ; Width: 0.350mm
G1 X78.6630 Y38.2672 Z0.0400 F5142.9 ; Width: 0.350mm
G1 X78.5430 Y38.2670 Z0.0400 F5142.9 ; Width: 0.350mm
G1 X78.5230 Y38.2472 Z0.0400 F5142.9 ; Width: 0.350mm
M118 P0 S"59" ; Sync timer
G1 X76.1830 Y38.2472 Z0.0400 F1538.5 ; Width: 1.170mm
G1 X76.1630 Y38.2670 Z0.0400 F5142.9 ; Width: 0.350mm
G1 X76.0430 Y38.2672 Z0.0400 F5142.9 ; Width: 0.350mm
G1 X76.0230 Y38.2870 Z0.0400 F5142.9 ; Width: 0.350mm
G1 X75.9630 Y38.2872 Z0.0400 F5142.9 ; Width: 0.350mm
G1 X75.9430 Y38.3070 Z0.0400 F5142.9 ; Width: 0.350mm
G1 X75.8830 Y38.3072 Z0.0400 F5142.9 ; Width: 0.350mm
G1 X75.8630 Y38.3270 Z0.0400 F5142.9 ; Width: 0.350mm
G1 X75.8230 Y38.3272 Z0.0400 F5142.9 ; Width: 0.350mm
G1 X75.8030 Y38.3470 Z0.0400 F5142.9 ; Width: 0.350mm
G1 X75.7630 Y38.3472 Z0.0400 F5142.9 ; Width: 0.350mm
G1 X75.7430 Y38.3670 Z0.0400 F5142.9 ; Width: 0.350mm
G1 X75.7030 Y38.3672 Z0.0400 F5142.9 ; Width: 0.350mm
G1 X75.6830 Y38.3871 Z0.0400 F5142.9 ; Width: 0.350mm
G1 X75.6030 Y38.3874 Z0.0400 F5142.9 ; Width: 0.350mm
G1 X75.5830 Y38.4073 Z0.0400 F5142.9 ; Width: 0.350mm
G1 X75.5630 Y38.4074 Z0.0400 F5142.9 ; Width: 0.350mm
G1 X75.5430 Y38.3877 Z0.0400 F5142.9 ; Width: 0.350mm
G1 X75.4630 Y38.3881 Z0.0400 F5142.9 ; Width: 0.350mm
G1 X75.4430 Y38.3684 Z0.0400 F5142.9 ; Width: 0.350mm
G1 X75.4230 Y38.3684 Z0.0400 F5142.9 ; Width: 0.350mm
G1 X75.3227 Y38.2670 Z0.0400 F5142.9 ; Width: 0.350mm
G1 X75.3227 Y38.2270 Z0.0400 F5142.9 ; Width: 0.350mm
G1 X75.3029 Y38.2070 Z0.0400 F5142.9 ; Width: 0.350mm
G1 X75.3029 Y33.5270 Z0.0400 F1123.1 ; Width: 1.603mm
G1 X75.3227 Y33.5070 Z0.0400 F5142.9 ; Width: 0.350mm
G1 X75.3227 Y33.4670 Z0.0400 F5142.9 ; Width: 0.350mm
G1 X75.4230 Y33.3664 Z0.0400 F5142.9 ; Width: 0.350mm
G1 X75.4430 Y33.3664 Z0.0400 F5142.9 ; Width: 0.350mm
G1 X75.4630 Y33.3467 Z0.0400 F5142.9 ; Width: 0.350mm
G1 X75.5430 Y33.3467 Z0.0400 F5142.9 ; Width: 0.350mm
G1 X75.5630 Y33.3269 Z0.0400 F5142.9 ; Width: 0.350mm
G1 X79.8963 Y33.3269 Z0.0400 F1127.7 ; Width: 1.596mm
M118 P0 S"60" ; Sync timer
G1 X84.2297 Y33.3269 Z0.0400 F1600.7 ; Width: 1.124mm
G1 X88.5630 Y33.3269 Z0.0400 F2371.5 ; Width: 0.759mm
G1 X92.8963 Y33.3269 Z0.0400 F2371.5 ; Width: 0.759mm
G1 X97.2297 Y33.3269 Z0.0400 F1600.7 ; Width: 1.124mm
G1 X101.5630 Y33.3269 Z0.0400 F1127.7 ; Width: 1.596mm
G1 X101.5830 Y33.3467 Z0.0400 F5142.9 ; Width: 0.350mm
G1 X101.6630 Y33.3467 Z0.0400 F5142.9 ; Width: 0.350mm
G1 X101.6830 Y33.3664 Z0.0400 F5142.9 ; Width: 0.350mm
G1 X101.7030 Y33.3664 Z0.0400 F5142.9 ; Width: 0.350mm
G1 X101.8033 Y33.4670 Z0.0400 F5142.9 ; Width: 0.350mm
G1 X101.8033 Y33.5070 Z0.0400 F5142.9 ; Width: 0.350mm
G1 X101.8231 Y33.5270 Z0.0400 F5142.9 ; Width: 0.350mm
M118 P0 S"61" ; Sync timer
G1 X101.8231 Y36.7470 Z0.0400 F1567.8 ; Width: 1.148mm
G1 X101.8231 Y39.9670 Z0.0400 F2514.2 ; Width: 0.716mm
G1 X101.8033 Y39.9870 Z0.0400 F5142.9 ; Width: 0.350mm
G1 X101.8033 Y40.0270 Z0.0400 F5142.9 ; Width: 0.350mm
G1 X101.7030 Y40.1284 Z0.0400 F5142.9 ; Width: 0.350mm
G1 X101.6830 Y40.1286 Z0.0400 F5142.9 ; Width: 0.350mm
G1 X101.6630 Y40.1488 Z0.0400 F5142.9 ; Width: 0.350mm
G1 X101.5830 Y40.1488 Z0.0400 F5142.9 ; Width: 0.350mm
G1 X101.5630 Y40.1685 Z0.0400 F5142.9 ; Width: 0.350mm
G0 Z1.0400 F6000.0 ; Z-hop up
G0 X101.5630 Y40.1685 F6000.0 ; Travel to new path
G0 Z0.0400 F6000.0 ; Z-hop down
G1 X101.5430 Y40.1484 Z0.0400 F5142.9 ; Width: 0.350mm
G1 X101.4630 Y40.1477 Z0.0400 F5142.9 ; Width: 0.350mm
G1 X101.4430 Y40.1276 Z0.0400 F5142.9 ; Width: 0.350mm
G1 X101.4230 Y40.1275 Z0.0400 F5142.9 ; Width: 0.350mm
G1 X101.3030 Y40.0070 Z0.0400 F5142.9 ; Width: 0.350mm
G1 X101.3028 Y39.9870 Z0.0400 F5142.9 ; Width: 0.350mm
G1 X101.2430 Y39.9270 Z0.0400 F5142.9 ; Width: 0.350mm
G1 X101.2428 Y39.9070 Z0.0400 F5142.9 ; Width: 0.350mm
G1 X101.1830 Y39.8470 Z0.0400 F5142.9 ; Width: 0.350mm
G1 X101.1828 Y39.8270 Z0.0400 F5142.9 ; Width: 0.350mm
G1 X101.1230 Y39.7670 Z0.0400 F5142.9 ; Width: 0.350mm
G1 X101.1228 Y39.7470 Z0.0400 F5142.9 ; Width: 0.350mm
G1 X101.0630 Y39.6870 Z0.0400 F5142.9 ; Width: 0.350mm
G1 X101.0628 Y39.6670 Z0.0400 F5142.9 ; Width: 0.350mm
G1 X101.0030 Y39.6070 Z0.0400 F5142.9 ; Width: 0.350mm
G1 X101.0028 Y39.5870 Z0.0400 F5142.9 ; Width: 0.350mm
G1 X100.4630 Y39.0472 Z0.0400 F4715.5 ; Width: 0.382mm
G1 X100.4430 Y39.0470 Z0.0400 F5142.9 ; Width: 0.350mm
G1 X100.3230 Y38.9272 Z0.0400 F5142.9 ; Width: 0.350mm
G1 X100.3030 Y38.9270 Z0.0400 F5142.9 ; Width: 0.350mm
G1 X100.2430 Y38.8672 Z0.0400 F5142.9 ; Width: 0.350mm
G1 X100.2230 Y38.8670 Z0.0400 F5142.9 ; Width: 0.350mm
G1 X100.1830 Y38.8272 Z0.0400 F5142.9 ; Width: 0.350mm
G1 X100.1630 Y38.8270 Z0.0400 F5142.9 ; Width: 0.350mm
G1 X100.1030 Y38.7672 Z0.0400 F5142.9 ; Width: 0.350mm
G1 X100.0830 Y38.7670 Z0.0400 F5142.9 ; Width: 0.350mm
G1 X100.0430 Y38.7272 Z0.0400 F5142.9 ; Width: 0.350mm
G1 X100.0230 Y38.7270 Z0.0400 F5142.9 ; Width: 0.350mm
G1 X99.9830 Y38.6872 Z0.0400 F5142.9 ; Width: 0.350mm
G1 X99.9630 Y38.6870 Z0.0400 F5142.9 ; Width: 0.350mm
G1 X99.9230 Y38.6472 Z0.0400 F5142.9 ; Width: 0.350mm
G1 X99.9030 Y38.6471 Z0.0400 F5142.9 ; Width: 0.350mm
G1 X99.8830 Y38.6272 Z0.0400 F5142.9 ; Width: 0.350mm
G1 X99.8630 Y38.6270 Z0.0400 F5142.9 ; Width: 0.350mm
G1 X99.8430 Y38.6071 Z0.0400 F5142.9 ; Width: 0.350mm
G1 X99.8230 Y38.6070 Z0.0400 F5142.9 ; Width: 0.350mm
G1 X99.8030 Y38.5871 Z0.0400 F5142.9 ; Width: 0.350mm
G1 X99.7830 Y38.5870 Z0.0400 F5142.9 ; Width: 0.350mm
G1 X99.7430 Y38.5472 Z0.0400 F5142.9 ; Width: 0.350mm
G1 X99.7230 Y38.5471 Z0.0400 F5142.9 ; Width: 0.350mm
G1 X99.7030 Y38.5272 Z0.0400 F5142.9 ; Width: 0.350mm
G1 X99.6830 Y38.5270 Z0.0400 F5142.9 ; Width: 0.350mm
G1 X99.6630 Y38.5071 Z0.0400 F5142.9 ; Width: 0.350mm
G1 X99.6430 Y38.5070 Z0.0400 F5142.9 ; Width: 0.350mm
G1 X99.6230 Y38.4871 Z0.0400 F5142.9 ; Width: 0.350mm
G1 X99.6030 Y38.4870 Z0.0400 F5142.9 ; Width: 0.350mm
G1 X99.5830 Y38.4671 Z0.0400 F5142.9 ; Width: 0.350mm
G1 X99.5630 Y38.4671 Z0.0400 F5142.9 ; Width: 0.350mm
G1 X99.5430 Y38.4472 Z0.0400 F5142.9 ; Width: 0.350mm
G1 X99.5230 Y38.4471 Z0.0400 F5142.9 ; Width: 0.350mm
G1 X99.5030 Y38.4272 Z0.0400 F5142.9 ; Width: 0.350mm
G1 X99.4630 Y38.4270 Z0.0400 F5142.9 ; Width: 0.350mm
G1 X99.4430 Y38.4071 Z0.0400 F5142.9 ; Width: 0.350mm
G1 X99.4230 Y38.4070 Z0.0400 F5142.9 ; Width: 0.350mm
G1 X99.4030 Y38.3871 Z0.0400 F5142.9 ; Width: 0.350mm
G1 X99.3830 Y38.3870 Z0.0400 F5142.9 ; Width: 0.350mm
G1 X99.3630 Y38.3671 Z0.0400 F5142.9 ; Width: 0.350mm
G1 X99.3430 Y38.3671 Z0.0400 F5142.9 ; Width: 0.350mm
G1 X99.3230 Y38.3472 Z0.0400 F5142.9 ; Width: 0.350mm
G1 X99.3030 Y38.3471 Z0.0400 F5142.9 ; Width: 0.350mm
G1 X99.2830 Y38.3272 Z0.0400 F5142.9 ; Width: 0.350mm
G1 X99.2430 Y38.3270 Z0.0400 F5142.9 ; Width: 0.350mm
G1 X99.2230 Y38.3072 Z0.0400 F5142.9 ; Width: 0.350mm
G1 X99.1830 Y38.3070 Z0.0400 F5142.9 ; Width: 0.350mm
G1 X99.1630 Y38.2872 Z0.0400 F5142.9 ; Width: 0.350mm
G1 X99.1230 Y38.2870 Z0.0400 F5142.9 ; Width: 0.350mm
G1 X99.1030 Y38.2672 Z0.0400 F5142.9 ; Width: 0.350mm
G1 X99.0630 Y38.2670 Z0.0400 F5142.9 ; Width: 0.350mm
G1 X99.0430 Y38.2472 Z0.0400 F5142.9 ; Width: 0.350mm
G1 X99.0030 Y38.2470 Z0.0400 F5142.9 ; Width: 0.350mm
G1 X98.9830 Y38.2272 Z0.0400 F5142.9 ; Width: 0.350mm
G1 X98.9230 Y38.2270 Z0.0400 F5142.9 ; Width: 0.350mm
G1 X98.9030 Y38.2072 Z0.0400 F5142.9 ; Width: 0.350mm
G1 X98.8430 Y38.2070 Z0.0400 F5142.9 ; Width: 0.350mm
G1 X98.8230 Y38.1872 Z0.0400 F5142.9 ; Width: 0.350mm
G1 X98.7830 Y38.1870 Z0.0400 F5142.9 ; Width: 0.350mm
G1 X98.7630 Y38.1672 Z0.0400 F5142.9 ; Width: 0.350mm
G1 X98.7030 Y38.1670 Z0.0400 F5142.9 ; Width: 0.350mm
G1 X98.6830 Y38.1472 Z0.0400 F5142.9 ; Width: 0.350mm
G1 X98.6230 Y38.1470 Z0.0400 F5142.9 ; Width: 0.350mm
G1 X98.6030 Y38.1272 Z0.0400 F5142.9 ; Width: 0.350mm
G1 X98.5230 Y38.1271 Z0.0400 F5142.9 ; Width: 0.350mm
G1 X98.5030 Y38.1072 Z0.0400 F5142.9 ; Width: 0.350mm
G1 X98.4230 Y38.1070 Z0.0400 F5142.9 ; Width: 0.350mm
G1 X98.4030 Y38.0872 Z0.0400 F5142.9 ; Width: 0.350mm
G1 X98.2830 Y38.0870 Z0.0400 F5142.9 ; Width: 0.350mm
G1 X98.2630 Y38.0672 Z0.0400 F5142.9 ; Width: 0.350mm
G1 X98.1230 Y38.0670 Z0.0400 F5142.9 ; Width: 0.350mm
G1 X98.1030 Y38.0472 Z0.0400 F5142.9 ; Width: 0.350mm
G1 X97.8830 Y38.0470 Z0.0400 F5142.9 ; Width: 0.350mm
G1 X97.8630 Y38.0272 Z0.0400 F5142.9 ; Width: 0.350mm
G1 X97.1430 Y38.0272 Z0.0400 F5000.0 ; Width: 0.360mm
G1 X97.1230 Y38.0470 Z0.0400 F5142.9 ; Width: 0.350mm
G1 X96.9030 Y38.0472 Z0.0400 F5142.9 ; Width: 0.350mm
G1 X96.8830 Y38.0670 Z0.0400 F5142.9 ; Width: 0.350mm
G1 X96.7430 Y38.0672 Z0.0400 F5142.9 ; Width: 0.350mm
G1 X96.7230 Y38.0870 Z0.0400 F5142.9 ; Width: 0.350mm
G1 X96.6030 Y38.0872 Z0.0400 F5142.9 ; Width: 0.350mm
G1 X96.5830 Y38.1070 Z0.0400 F5142.9 ; Width: 0.350mm
G1 X96.5030 Y38.1072 Z0.0400 F5142.9 ; Width: 0.350mm
G1 X96.4830 Y38.1271 Z0.0400 F5142.9 ; Width: 0.350mm
G1 X96.4030 Y38.1272 Z0.0400 F5142.9 ; Width: 0.350mm
G1 X96.3830 Y38.1470 Z0.0400 F5142.9 ; Width: 0.350mm
G1 X96.3230 Y38.1472 Z0.0400 F5142.9 ; Width: 0.350mm
G1 X96.3030 Y38.1670 Z0.0400 F5142.9 ; Width: 0.350mm
G1 X96.2430 Y38.1672 Z0.0400 F5142.9 ; Width: 0.350mm
G1 X96.2230 Y38.1870 Z0.0400 F5142.9 ; Width: 0.350mm
G1 X96.1830 Y38.1872 Z0.0400 F5142.9 ; Width: 0.350mm
G1 X96.1630 Y38.2070 Z0.0400 F5142.9 ; Width: 0.350mm
G1 X96.1030 Y38.2072 Z0.0400 F5142.9 ; Width: 0.350mm
G1 X96.0830 Y38.2270 Z0.0400 F5142.9 ; Width: 0.350mm
G1 X96.0230 Y38.2272 Z0.0400 F5142.9 ; Width: 0.350mm
G1 X96.0030 Y38.2470 Z0.0400 F5142.9 ; Width: 0.350mm
G1 X95.9630 Y38.2472 Z0.0400 F5142.9 ; Width: 0.350mm
G1 X95.9430 Y38.2670 Z0.0400 F5142.9 ; Width: 0.350mm
G1 X95.9030 Y38.2672 Z0.0400 F5142.9 ; Width: 0.350mm
G1 X95.8830 Y38.2870 Z0.0400 F5142.9 ; Width: 0.350mm
G1 X95.8430 Y38.2872 Z0.0400 F5142.9 ; Width: 0.350mm
G1 X95.8230 Y38.3070 Z0.0400 F5142.9 ; Width: 0.350mm
G1 X95.7830 Y38.3072 Z0.0400 F5142.9 ; Width: 0.350mm
G1 X95.7630 Y38.3270 Z0.0400 F5142.9 ; Width: 0.350mm
G1 X95.7230 Y38.3272 Z0.0400 F5142.9 ; Width: 0.350mm
G1 X95.7030 Y38.3471 Z0.0400 F5142.9 ; Width: 0.350mm
G1 X95.6830 Y38.3472 Z0.0400 F5142.9 ; Width: 0.350mm
G1 X95.6630 Y38.3671 Z0.0400 F5142.9 ; Width: 0.350mm
G1 X95.6430 Y38.3671 Z0.0400 F5142.9 ; Width: 0.350mm
G1 X95.6230 Y38.3870 Z0.0400 F5142.9 ; Width: 0.350mm
G1 X95.6030 Y38.3871 Z0.0400 F5142.9 ; Width: 0.350mm
G1 X95.5830 Y38.4070 Z0.0400 F5142.9 ; Width: 0.350mm
G1 X95.5430 Y38.4072 Z0.0400 F5142.9 ; Width: 0.350mm
G1 X95.5230 Y38.4271 Z0.0400 F5142.9 ; Width: 0.350mm
G1 X95.5030 Y38.4272 Z0.0400 F5142.9 ; Width: 0.350mm
G1 X95.4830 Y38.4471 Z0.0400 F5142.9 ; Width: 0.350mm
G1 X95.4630 Y38.4471 Z0.0400 F5142.9 ; Width: 0.350mm
G1 X95.4430 Y38.4670 Z0.0400 F5142.9 ; Width: 0.350mm
G1 X95.4230 Y38.4671 Z0.0400 F5142.9 ; Width: 0.350mm
G1 X95.4030 Y38.4870 Z0.0400 F5142.9 ; Width: 0.350mm
G1 X95.3830 Y38.4871 Z0.0400 F5142.9 ; Width: 0.350mm
G1 X95.3630 Y38.5070 Z0.0400 F5142.9 ; Width: 0.350mm
G1 X95.3430 Y38.5071 Z0.0400 F5142.9 ; Width: 0.350mm
G1 X95.3230 Y38.5270 Z0.0400 F5142.9 ; Width: 0.350mm
G1 X95.3030 Y38.5271 Z0.0400 F5142.9 ; Width: 0.350mm
G1 X95.2830 Y38.5470 Z0.0400 F5142.9 ; Width: 0.350mm
G1 X95.2630 Y38.5472 Z0.0400 F5142.9 ; Width: 0.350mm
G1 X95.2430 Y38.5671 Z0.0400 F5142.9 ; Width: 0.350mm
G1 X95.2230 Y38.5672 Z0.0400 F5142.9 ; Width: 0.350mm
G1 X95.1830 Y38.6070 Z0.0400 F5142.9 ; Width: 0.350mm
G1 X95.1630 Y38.6071 Z0.0400 F5142.9 ; Width: 0.350mm
G1 X95.1430 Y38.6270 Z0.0400 F5142.9 ; Width: 0.350mm
G1 X95.1230 Y38.6272 Z0.0400 F5142.9 ; Width: 0.350mm
G1 X95.1030 Y38.6471 Z0.0400 F5142.9 ; Width: 0.350mm
G1 X95.0830 Y38.6472 Z0.0400 F5142.9 ; Width: 0.350mm
G1 X95.0430 Y38.6870 Z0.0400 F5142.9 ; Width: 0.350mm
G1 X95.0230 Y38.6872 Z0.0400 F5142.9 ; Width: 0.350mm
G1 X95.0030 Y38.7071 Z0.0400 F5142.9 ; Width: 0.350mm
G1 X94.9830 Y38.7072 Z0.0400 F5142.9 ; Width: 0.350mm
G1 X94.9430 Y38.7470 Z0.0400 F5142.9 ; Width: 0.350mm
G1 X94.9230 Y38.7472 Z0.0400 F5142.9 ; Width: 0.350mm
G1 X94.8830 Y38.7870 Z0.0400 F5142.9 ; Width: 0.350mm
G1 X94.8630 Y38.7872 Z0.0400 F5142.9 ; Width: 0.350mm
G1 X94.8230 Y38.8270 Z0.0400 F5142.9 ; Width: 0.350mm
G1 X94.8030 Y38.8272 Z0.0400 F5142.9 ; Width: 0.350mm
G1 X94.7430 Y38.8870 Z0.0400 F5142.9 ; Width: 0.350mm
G1 X94.7230 Y38.8872 Z0.0400 F5142.9 ; Width: 0.350mm
G1 X94.6430 Y38.9670 Z0.0400 F5142.9 ; Width: 0.350mm
G1 X94.6230 Y38.9672 Z0.0400 F5142.9 ; Width: 0.350mm
G1 X94.6030 Y38.9871 Z0.0400 F5142.9 ; Width: 0.350mm
G1 X94.5230 Y38.9877 Z0.0400 F5142.9 ; Width: 0.350mm
G1 X94.5030 Y39.0077 Z0.0400 F5142.9 ; Width: 0.350mm
G1 X94.4830 Y39.0078 Z0.0400 F5142.9 ; Width: 0.350mm
G1 X94.4630 Y38.9881 Z0.0400 F5142.9 ; Width: 0.350mm
G1 X94.3830 Y38.9874 Z0.0400 F5142.9 ; Width: 0.350mm
G1 X94.3630 Y38.9673 Z0.0400 F5142.9 ; Width: 0.350mm
G1 X94.3430 Y38.9672 Z0.0400 F5142.9 ; Width: 0.350mm
G1 X94.0030 Y38.6272 Z0.0400 F5142.9 ; Width: 0.350mm
G1 X93.9830 Y38.6270 Z0.0400 F5142.9 ; Width: 0.350mm
G1 X93.9230 Y38.5672 Z0.0400 F5142.9 ; Width: 0.350mm
G1 X93.9030 Y38.5670 Z0.0400 F5142.9 ; Width: 0.350mm
G1 X93.8630 Y38.5272 Z0.0400 F5142.9 ; Width: 0.350mm
G1 X93.8430 Y38.5270 Z0.0400 F5142.9 ; Width: 0.350mm
G1 X93.8030 Y38.4872 Z0.0400 F5142.9 ; Width: 0.350mm
G1 X93.7830 Y38.4871 Z0.0400 F5142.9 ; Width: 0.350mm
G1 X93.7630 Y38.4672 Z0.0400 F5142.9 ; Width: 0.350mm
G1 X93.7430 Y38.4670 Z0.0400 F5142.9 ; Width: 0.350mm
G1 X93.7230 Y38.4471 Z0.0400 F5142.9 ; Width: 0.350mm
G1 X93.7030 Y38.4470 Z0.0400 F5142.9 ; Width: 0.350mm
G1 X93.6830 Y38.4271 Z0.0400 F5142.9 ; Width: 0.350mm
G1 X93.6630 Y38.4270 Z0.0400 F5142.9 ; Width: 0.350mm
G1 X93.6430 Y38.4071 Z0.0400 F5142.9 ; Width: 0.350mm
G1 X93.6230 Y38.4071 Z0.0400 F5142.9 ; Width: 0.350mm
G1 X93.6030 Y38.3872 Z0.0400 F5142.9 ; Width: 0.350mm
G1 X93.5830 Y38.3871 Z0.0400 F5142.9 ; Width: 0.350mm
G1 X93.5630 Y38.3672 Z0.0400 F5142.9 ; Width: 0.350mm
G1 X93.5230 Y38.3670 Z0.0400 F5142.9 ; Width: 0.350mm
G1 X93.5030 Y38.3472 Z0.0400 F5142.9 ; Width: 0.350mm
G1 X93.4630 Y38.3470 Z0.0400 F5142.9 ; Width: 0.350mm
G1 X93.4430 Y38.3272 Z0.0400 F5142.9 ; Width: 0.350mm
G1 X93.4030 Y38.3270 Z0.0400 F5142.9 ; Width: 0.350mm
G1 X93.3830 Y38.3072 Z0.0400 F5142.9 ; Width: 0.350mm
G1 X93.3230 Y38.3070 Z0.0400 F5142.9 ; Width: 0.350mm
G1 X93.3030 Y38.2872 Z0.0400 F5142.9 ; Width: 0.350mm
G1 X93.2430 Y38.2870 Z0.0400 F5142.9 ; Width: 0.350mm
G1 X93.2230 Y38.2672 Z0.0400 F5142.9 ; Width: 0.350mm
G1 X93.1030 Y38.2670 Z0.0400 F5142.9 ; Width: 0.350mm
G1 X93.0830 Y38.2472 Z0.0400 F5142.9 ; Width: 0.350mm
G1 X90.9430 Y38.2472 Z0.0400 F1682.2 ; Width: 1.070mm
G1 X90.9230 Y38.2670 Z0.0400 F5142.9 ; Width: 0.350mm
G1 X90.8030 Y38.2672 Z0.0400 F5142.9 ; Width: 0.350mm
G1 X90.7830 Y38.2870 Z0.0400 F5142.9 ; Width: 0.350mm
G1 X90.7230 Y38.2872 Z0.0400 F5142.9 ; Width: 0.350mm
G1 X90.7030 Y38.3070 Z0.0400 F5142.9 ; Width: 0.350mm
G1 X90.6430 Y38.3072 Z0.0400 F5142.9 ; Width: 0.350mm
G1 X90.6230 Y38.3270 Z0.0400 F5142.9 ; Width: 0.350mm
G1 X90.5830 Y38.3272 Z0.0400 F5142.9 ; Width: 0.350mm
G1 X90.5630 Y38.3470 Z0.0400 F5142.9 ; Width: 0.350mm
G1 X90.5230 Y38.3472 Z0.0400 F5142.9 ; Width: 0.350mm
G1 X90.5030 Y38.3670 Z0.0400 F5142.9 ; Width: 0.350mm
G1 X90.4630 Y38.3672 Z0.0400 F5142.9 ; Width: 0.350mm
G1 X90.4430 Y38.3871 Z0.0400 F5142.9 ; Width: 0.350mm
G1 X90.4230 Y38.3872 Z0.0400 F5142.9 ; Width: 0.350mm
G1 X90.4030 Y38.4071 Z0.0400 F5142.9 ; Width: 0.350mm
G1 X90.3830 Y38.4071 Z0.0400 F5142.9 ; Width: 0.350mm
G1 X90.3630 Y38.4270 Z0.0400 F5142.9 ; Width: 0.350mm
G1 X90.3430 Y38.4271 Z0.0400 F5142.9 ; Width: 0.350mm
G1 X90.3230 Y38.4470 Z0.0400 F5142.9 ; Width: 0.350mm
G1 X90.3030 Y38.4471 Z0.0400 F5142.9 ; Width: 0.350mm
G1 X90.2830 Y38.4670 Z0.0400 F5142.9 ; Width: 0.350mm
G1 X90.2030 Y38.4675 Z0.0400 F5142.9 ; Width: 0.350mm
G1 X90.1830 Y38.4874 Z0.0400 F5142.9 ; Width: 0.350mm
G1 X90.1630 Y38.4875 Z0.0400 F5142.9 ; Width: 0.350mm
G1 X90.1230 Y38.4874 Z0.0400 F5142.9 ; Width: 0.350mm
G1 X90.1030 Y38.4675 Z0.0400 F5142.9 ; Width: 0.350mm
G1 X90.0230 Y38.4670 Z0.0400 F5142.9 ; Width: 0.350mm
G1 X90.0030 Y38.4471 Z0.0400 F5142.9 ; Width: 0.350mm
G1 X89.9830 Y38.4470 Z0.0400 F5142.9 ; Width: 0.350mm
G1 X89.9630 Y38.4271 Z0.0400 F5142.9 ; Width: 0.350mm
G1 X89.9430 Y38.4270 Z0.0400 F5142.9 ; Width: 0.350mm
G1 X89.9230 Y38.4071 Z0.0400 F5142.9 ; Width: 0.350mm
G1 X89.9030 Y38.4071 Z0.0400 F5142.9 ; Width: 0.350mm
G1 X89.8830 Y38.3872 Z0.0400 F5142.9 ; Width: 0.350mm
G1 X89.8630 Y38.3871 Z0.0400 F5142.9 ; Width: 0.350mm
G1 X89.8430 Y38.3672 Z0.0400 F5142.9 ; Width: 0.350mm
G1 X89.8030 Y38.3670 Z0.0400 F5142.9 ; Width: 0.350mm
G1 X89.7830 Y38.3472 Z0.0400 F5142.9 ; Width: 0.350mm
G1 X89.7430 Y38.3470 Z0.0400 F5142.9 ; Width: 0.350mm
G1 X89.7230 Y38.3272 Z0.0400 F5142.9 ; Width: 0.350mm
G1 X89.6830 Y38.3270 Z0.0400 F5142.9 ; Width: 0.350mm
G1 X89.6630 Y38.3072 Z0.0400 F5142.9 ; Width: 0.350mm
G1 X89.6030 Y38.3070 Z0.0400 F5142.9 ; Width: 0.350mm
G1 X89.5830 Y38.2872 Z0.0400 F5142.9 ; Width: 0.350mm
G1 X89.5230 Y38.2870 Z0.0400 F5142.9 ; Width: 0.350mm
G1 X89.5030 Y38.2672 Z0.0400 F5142.9 ; Width: 0.350mm
G1 X89.3830 Y38.2670 Z0.0400 F5142.9 ; Width: 0.350mm
G1 X89.3630 Y38.2472 Z0.0400 F5142.9 ; Width: 0.350mm
G1 X87.9230 Y38.2472 Z0.0400 F2500.0 ; Width: 0.720mm
G1 X87.9030 Y38.2670 Z0.0400 F5142.9 ; Width: 0.350mm
G1 X87.7830 Y38.2672 Z0.0400 F5142.9 ; Width: 0.350mm
G1 X87.7630 Y38.2870 Z0.0400 F5142.9 ; Width: 0.350mm
G1 X87.7030 Y38.2872 Z0.0400 F5142.9 ; Width: 0.350mm
G1 X87.6830 Y38.3070 Z0.0400 F5142.9 ; Width: 0.350mm
G1 X87.6230 Y38.3072 Z0.0400 F5142.9 ; Width: 0.350mm
G1 X87.6030 Y38.3270 Z0.0400 F5142.9 ; Width: 0.350mm
G1 X87.5630 Y38.3272 Z0.0400 F5142.9 ; Width: 0.350mm
G1 X87.5430 Y38.3470 Z0.0400 F5142.9 ; Width: 0.350mm
G1 X87.5030 Y38.3472 Z0.0400 F5142.9 ; Width: 0.350mm
G1 X87.4830 Y38.3670 Z0.0400 F5142.9 ; Width: 0.350mm
G1 X87.4430 Y38.3672 Z0.0400 F5142.9 ; Width: 0.350mm
G1 X87.4230 Y38.3871 Z0.0400 F5142.9 ; Width: 0.350mm
G1 X87.4030 Y38.3872 Z0.0400 F5142.9 ; Width: 0.350mm
G1 X87.3830 Y38.4071 Z0.0400 F5142.9 ; Width: 0.350mm
G1 X87.3630 Y38.4071 Z0.0400 F5142.9 ; Width: 0.350mm
G1 X87.3430 Y38.4270 Z0.0400 F5142.9 ; Width: 0.350mm
G1 X87.3230 Y38.4271 Z0.0400 F5142.9 ; Width: 0.350mm
G1 X87.3030 Y38.4470 Z0.0400 F5142.9 ; Width: 0.350mm
G1 X87.2830 Y38.4471 Z0.0400 F5142.9 ; Width: 0.350mm
G1 X87.2630 Y38.4670 Z0.0400 F5142.9 ; Width: 0.350mm
G1 X87.2430 Y38.4672 Z0.0400 F5142.9 ; Width: 0.350mm
G1 X87.2230 Y38.4871 Z0.0400 F5142.9 ; Width: 0.350mm
G1 X87.1430 Y38.4875 Z0.0400 F5142.9 ; Width: 0.350mm
G1 X87.1230 Y38.5075 Z0.0400 F5142.9 ; Width: 0.350mm
G1 X87.1030 Y38.5075 Z0.0400 F5142.9 ; Width: 0.350mm
G1 X87.0830 Y38.4875 Z0.0400 F5142.9 ; Width: 0.350mm
G1 X87.0030 Y38.4871 Z0.0400 F5142.9 ; Width: 0.350mm
G1 X86.9830 Y38.4672 Z0.0400 F5142.9 ; Width: 0.350mm
G1 X86.9630 Y38.4670 Z0.0400 F5142.9 ; Width: 0.350mm
G1 X86.9430 Y38.4471 Z0.0400 F5142.9 ; Width: 0.350mm
G1 X86.9230 Y38.4470 Z0.0400 F5142.9 ; Width: 0.350mm
G1 X86.9030 Y38.4271 Z0.0400 F5142.9 ; Width: 0.350mm
G1 X86.8830 Y38.4270 Z0.0400 F5142.9 ; Width: 0.350mm
G1 X86.8630 Y38.4071 Z0.0400 F5142.9 ; Width: 0.350mm
G1 X86.8430 Y38.4071 Z0.0400 F5142.9 ; Width: 0.350mm
G1 X86.8230 Y38.3872 Z0.0400 F5142.9 ; Width: 0.350mm
G1 X86.8030 Y38.3871 Z0.0400 F5142.9 ; Width: 0.350mm
G1 X86.7830 Y38.3672 Z0.0400 F5142.9 ; Width: 0.350mm
G1 X86.7430 Y38.3670 Z0.0400 F5142.9 ; Width: 0.350mm
G1 X86.7230 Y38.3472 Z0.0400 F5142.9 ; Width: 0.350mm
G1 X86.6830 Y38.3470 Z0.0400 F5142.9 ; Width: 0.350mm
G1 X86.6630 Y38.3272 Z0.0400 F5142.9 ; Width: 0.350mm
G1 X86.6230 Y38.3270 Z0.0400 F5142.9 ; Width: 0.350mm
G1 X86.6030 Y38.3072 Z0.0400 F5142.9 ; Width: 0.350mm
G1 X86.5430 Y38.3070 Z0.0400 F5142.9 ; Width: 0.350mm
G1 X86.5230 Y38.2872 Z0.0400 F5142.9 ; Width: 0.350mm
G1 X86.4630 Y38.2870 Z0.0400 F5142.9 ; Width: 0.350mm
G1 X86.4430 Y38.2672 Z0.0400 F5142.9 ; Width: 0.350mm
G1 X86.3230 Y38.2670 Z0.0400 F5142.9 ; Width: 0.350mm
G1 X86.3030 Y38.2472 Z0.0400 F5142.9 ; Width: 0.350mm
G1 X84.1830 Y38.2472 Z0.0400 F1698.1 ; Width: 1.060mm
G1 X84.1630 Y38.2670 Z0.0400 F5142.9 ; Width: 0.350mm
G1 X84.0430 Y38.2672 Z0.0400 F5142.9 ; Width: 0.350mm
G1 X84.0230 Y38.2870 Z0.0400 F5142.9 ; Width: 0.350mm
G1 X83.9630 Y38.2872 Z0.0400 F5142.9 ; Width: 0.350mm
G1 X83.9430 Y38.3070 Z0.0400 F5142.9 ; Width: 0.350mm
G1 X83.8830 Y38.3072 Z0.0400 F5142.9 ; Width: 0.350mm
G1 X83.8630 Y38.3270 Z0.0400 F5142.9 ; Width: 0.350mm
G1 X83.8230 Y38.3272 Z0.0400 F5142.9 ; Width: 0.350mm
G1 X83.8030 Y38.3470 Z0.0400 F5142.9 ; Width: 0.350mm
G1 X83.7630 Y38.3472 Z0.0400 F5142.9 ; Width: 0.350mm
G1 X83.7430 Y38.3670 Z0.0400 F5142.9 ; Width: 0.350mm
G1 X83.7030 Y38.3672 Z0.0400 F5142.9 ; Width: 0.350mm
G1 X83.6830 Y38.3871 Z0.0400 F5142.9 ; Width: 0.350mm
G1 X83.6630 Y38.3872 Z0.0400 F5142.9 ; Width: 0.350mm
G1 X83.6430 Y38.4071 Z0.0400 F5142.9 ; Width: 0.350mm
G1 X83.5630 Y38.4074 Z0.0400 F5142.9 ; Width: 0.350mm
G1 X83.5430 Y38.4273 Z0.0400 F5142.9 ; Width: 0.350mm
G1 X83.5230 Y38.4274 Z0.0400 F5142.9 ; Width: 0.350mm
G1 X83.4830 Y38.4273 Z0.0400 F5142.9 ; Width: 0.350mm
G1 X83.4630 Y38.4074 Z0.0400 F5142.9 ; Width: 0.350mm
G1 X83.3830 Y38.4071 Z0.0400 F5142.9 ; Width: 0.350mm
G1 X83.3630 Y38.3872 Z0.0400 F5142.9 ; Width: 0.350mm
G1 X83.3430 Y38.3871 Z0.0400 F5142.9 ; Width: 0.350mm
G1 X83.3230 Y38.3672 Z0.0400 F5142.9 ; Width: 0.350mm
G1 X83.2830 Y38.3670 Z0.0400 F5142.9 ; Width: 0.350mm
G1 X83.2630 Y38.3472 Z0.0400 F5142.9 ; Width: 0.350mm
G1 X83.2230 Y38.3470 Z0.0400 F5142.9 ; Width: 0.350mm
G1 X83.2030 Y38.3272 Z0.0400 F5142.9 ; Width: 0.350mm
G1 X83.1630 Y38.3270 Z0.0400 F5142.9 ; Width: 0.350mm
G1 X83.1430 Y38.3072 Z0.0400 F5142.9 ; Width: 0.350mm
G1 X83.0830 Y38.3070 Z0.0400 F5142.9 ; Width: 0.350mm
G1 X83.0630 Y38.2872 Z0.0400 F5142.9 ; Width: 0.350mm
G1 X83.0030 Y38.2870 Z0.0400 F5142.9 ; Width: 0.350mm
G1 X82.9830 Y38.2672 Z0.0400 F5142.9 ; Width: 0.350mm
G1 X82.8630 Y38.2670 Z0.0400 F5142.9 ; Width: 0.350mm
G1 X82.8430 Y38.2472 Z0.0400 F5142.9 ; Width: 0.350mm
G1 X80.4830 Y38.2472 Z0.0400 F1525.4 ; Width: 1.180mm
G1 X80.4630 Y38.2670 Z0.0400 F5142.9 ; Width: 0.350mm
G1 X80.3430 Y38.2672 Z0.0400 F5142.9 ; Width: 0.350mm
G1 X80.3230 Y38.2870 Z0.0400 F5142.9 ; Width: 0.350mm
G1 X80.2630 Y38.2872 Z0.0400 F5142.9 ; Width: 0.350mm
G1 X80.2430 Y38.3070 Z0.0400 F5142.9 ; Width: 0.350mm
G1 X80.1830 Y38.3072 Z0.0400 F5142.9 ; Width: 0.350mm
G1 X80.1630 Y38.3270 Z0.0400 F5142.9 ; Width: 0.350mm
G1 X80.1230 Y38.3272 Z0.0400 F5142.9 ; Width: 0.350mm
G1 X80.1030 Y38.3470 Z0.0400 F5142.9 ; Width: 0.350mm
G1 X80.0630 Y38.3472 Z0.0400 F5142.9 ; Width: 0.350mm
G1 X80.0430 Y38.3670 Z0.0400 F5142.9 ; Width: 0.350mm
G1 X80.0030 Y38.3672 Z0.0400 F5142.9 ; Width: 0.350mm
G1 X79.9830 Y38.3871 Z0.0400 F5142.9 ; Width: 0.350mm
G1 X79.9630 Y38.3872 Z0.0400 F5142.9 ; Width: 0.350mm
G1 X79.9430 Y38.4071 Z0.0400 F5142.9 ; Width: 0.350mm
G1 X79.9230 Y38.4071 Z0.0400 F5142.9 ; Width: 0.350mm
G1 X79.9030 Y38.4270 Z0.0400 F5142.9 ; Width: 0.350mm
G1 X79.8830 Y38.4271 Z0.0400 F5142.9 ; Width: 0.350mm
G1 X79.8630 Y38.4470 Z0.0400 F5142.9 ; Width: 0.350mm
G1 X79.8430 Y38.4471 Z0.0400 F5142.9 ; Width: 0.350mm
G1 X79.8230 Y38.4670 Z0.0400 F5142.9 ; Width: 0.350mm
G1 X79.8030 Y38.4672 Z0.0400 F5142.9 ; Width: 0.350mm
G1 X79.7830 Y38.4871 Z0.0400 F5142.9 ; Width: 0.350mm
G1 X79.7630 Y38.4872 Z0.0400 F5142.9 ; Width: 0.350mm
G1 X79.7230 Y38.5270 Z0.0400 F5142.9 ; Width: 0.350mm
G1 X79.7030 Y38.5272 Z0.0400 F5142.9 ; Width: 0.350mm
G1 X79.6630 Y38.5670 Z0.0400 F5142.9 ; Width: 0.350mm
G1 X79.6430 Y38.5672 Z0.0400 F5142.9 ; Width: 0.350mm
G1 X79.6230 Y38.5871 Z0.0400 F5142.9 ; Width: 0.350mm
G1 X79.5430 Y38.5876 Z0.0400 F5142.9 ; Width: 0.350mm
G1 X79.5230 Y38.6076 Z0.0400 F5142.9 ; Width: 0.350mm
G1 X79.5030 Y38.6076 Z0.0400 F5142.9 ; Width: 0.350mm
G1 X79.4830 Y38.5877 Z0.0400 F5142.9 ; Width: 0.350mm
G1 X79.4030 Y38.5872 Z0.0400 F5142.9 ; Width: 0.350mm
G1 X79.3830 Y38.5672 Z0.0400 F5142.9 ; Width: 0.350mm
G1 X79.3630 Y38.5671 Z0.0400 F5142.9 ; Width: 0.350mm
G1 X79.3430 Y38.5472 Z0.0400 F5142.9 ; Width: 0.350mm
G1 X79.3230 Y38.5470 Z0.0400 F5142.9 ; Width: 0.350mm
G1 X79.2830 Y38.5072 Z0.0400 F5142.9 ; Width: 0.350mm
G1 X79.2630 Y38.5071 Z0.0400 F5142.9 ; Width: 0.350mm
G1 X79.2430 Y38.4872 Z0.0400 F5142.9 ; Width: 0.350mm
G1 X79.2230 Y38.4870 Z0.0400 F5142.9 ; Width: 0.350mm
G1 X79.2030 Y38.4671 Z0.0400 F5142.9 ; Width: 0.350mm
G1 X79.1830 Y38.4670 Z0.0400 F5142.9 ; Width: 0.350mm
G1 X79.1630 Y38.4471 Z0.0400 F5142.9 ; Width: 0.350mm
G1 X79.1430 Y38.4470 Z0.0400 F5142.9 ; Width: 0.350mm
G1 X79.1230 Y38.4271 Z0.0400 F5142.9 ; Width: 0.350mm
G1 X79.1030 Y38.4270 Z0.0400 F5142.9 ; Width: 0.350mm
G1 X79.0830 Y38.4071 Z0.0400 F5142.9 ; Width: 0.350mm
G1 X79.0630 Y38.4071 Z0.0400 F5142.9 ; Width: 0.350mm
G1 X79.0430 Y38.3872 Z0.0400 F5142.9 ; Width: 0.350mm
G1 X79.0230 Y38.3871 Z0.0400 F5142.9 ; Width: 0.350mm
G1 X79.0030 Y38.3672 Z0.0400 F5142.9 ; Width: 0.350mm
G1 X78.9630 Y38.3670 Z0.0400 F5142.9 ; Width: 0.350mm
G1 X78.9430 Y38.3472 Z0.0400 F5142.9 ; Width: 0.350mm
G1 X78.9030 Y38.3470 Z0.0400 F5142.9 ; Width: 0.350mm
G1 X78.8830 Y38.3272 Z0.0400 F5142.9 ; Width: 0.350mm
G1 X78.8430 Y38.3270 Z0.0400 F5142.9 ; Width: 0.350mm
G1 X78.8230 Y38.3072 Z0.0400 F5142.9 ; Width: 0.350mm
G1 X78.7630 Y38.3070 Z0.0400 F5142.9 ; Width: 0.350mm
G1 X78.7430 Y38.2872 Z0.0400 F5142.9 ; Width: 0.350mm
G1 X78.6830 Y38.2870 Z0.0400 F5142.9 ; Width: 0.350mm
G1 X78.6630 Y38.2672 Z0.0400 F5142.9 ; Width: 0.350mm
G1 X78.5430 Y38.2670 Z0.0400 F5142.9 ; Width: 0.350mm
G1 X78.5230 Y38.2472 Z0.0400 F5142.9 ; Width: 0.350mm
M118 P0 S"62" ; Sync timer
G1 X76.1830 Y38.2472 Z0.0400 F1538.5 ; Width: 1.170mm
G1 X76.1630 Y38.2670 Z0.0400 F5142.9 ; Width: 0.350mm
G1 X76.0430 Y38.2672 Z0.0400 F5142.9 ; Width: 0.350mm
G1 X76.0230 Y38.2870 Z0.0400 F5142.9 ; Width: 0.350mm
G1 X75.9630 Y38.2872 Z0.0400 F5142.9 ; Width: 0.350mm
G1 X75.9430 Y38.3070 Z0.0400 F5142.9 ; Width: 0.350mm
G1 X75.8830 Y38.3072 Z0.0400 F5142.9 ; Width: 0.350mm
G1 X75.8630 Y38.3270 Z0.0400 F5142.9 ; Width: 0.350mm
G1 X75.8230 Y38.3272 Z0.0400 F5142.9 ; Width: 0.350mm
G1 X75.8030 Y38.3470 Z0.0400 F5142.9 ; Width: 0.350mm
G1 X75.7630 Y38.3472 Z0.0400 F5142.9 ; Width: 0.350mm
G1 X75.7430 Y38.3670 Z0.0400 F5142.9 ; Width: 0.350mm
G1 X75.7030 Y38.3672 Z0.0400 F5142.9 ; Width: 0.350mm
G1 X75.6830 Y38.3871 Z0.0400 F5142.9 ; Width: 0.350mm
G1 X75.6030 Y38.3874 Z0.0400 F5142.9 ; Width: 0.350mm
G1 X75.5830 Y38.4073 Z0.0400 F5142.9 ; Width: 0.350mm
G1 X75.5630 Y38.4074 Z0.0400 F5142.9 ; Width: 0.350mm
G1 X75.5430 Y38.3877 Z0.0400 F5142.9 ; Width: 0.350mm
G1 X75.4630 Y38.3881 Z0.0400 F5142.9 ; Width: 0.350mm
G1 X75.4430 Y38.3684 Z0.0400 F5142.9 ; Width: 0.350mm
G1 X75.4230 Y38.3684 Z0.0400 F5142.9 ; Width: 0.350mm
G1 X75.3227 Y38.2670 Z0.0400 F5142.9 ; Width: 0.350mm
G1 X75.3227 Y38.2270 Z0.0400 F5142.9 ; Width: 0.350mm
G1 X75.3029 Y38.2070 Z0.0400 F5142.9 ; Width: 0.350mm
G1 X75.3029 Y33.5270 Z0.0400 F1123.1 ; Width: 1.603mm
G1 X75.3227 Y33.5070 Z0.0400 F5142.9 ; Width: 0.350mm
G1 X75.3227 Y33.4670 Z0.0400 F5142.9 ; Width: 0.350mm
G1 X75.4230 Y33.3664 Z0.0400 F5142.9 ; Width: 0.350mm
G1 X75.4430 Y33.3664 Z0.0400 F5142.9 ; Width: 0.350mm
G1 X75.4630 Y33.3467 Z0.0400 F5142.9 ; Width: 0.350mm
G1 X75.5430 Y33.3467 Z0.0400 F5142.9 ; Width: 0.350mm
G1 X75.5630 Y33.3269 Z0.0400 F5142.9 ; Width: 0.350mm
G1 X79.8963 Y33.3269 Z0.0400 F1127.7 ; Width: 1.596mm
G1 X84.2297 Y33.3269 Z0.0400 F1600.7 ; Width: 1.124mm
M118 P0 S"63" ; Sync timer
G1 X88.5630 Y33.3269 Z0.0400 F2371.5 ; Width: 0.759mm
G1 X92.8963 Y33.3269 Z0.0400 F2371.5 ; Width: 0.759mm
G1 X97.2297 Y33.3269 Z0.0400 F1600.7 ; Width: 1.124mm
G1 X101.5630 Y33.3269 Z0.0400 F1127.7 ; Width: 1.596mm
G1 X101.5830 Y33.3467 Z0.0400 F5142.9 ; Width: 0.350mm
G1 X101.6630 Y33.3467 Z0.0400 F5142.9 ; Width: 0.350mm
G1 X101.6830 Y33.3664 Z0.0400 F5142.9 ; Width: 0.350mm
G1 X101.7030 Y33.3664 Z0.0400 F5142.9 ; Width: 0.350mm
G1 X101.8033 Y33.4670 Z0.0400 F5142.9 ; Width: 0.350mm
G1 X101.8033 Y33.5070 Z0.0400 F5142.9 ; Width: 0.350mm
G1 X101.8231 Y33.5270 Z0.0400 F5142.9 ; Width: 0.350mm
M118 P0 S"64" ; Sync timer
G1 X101.8231 Y36.7470 Z0.0400 F1567.8 ; Width: 1.148mm
G1 X101.8231 Y39.9670 Z0.0400 F2514.2 ; Width: 0.716mm
G1 X101.8033 Y39.9870 Z0.0400 F5142.9 ; Width: 0.350mm
G1 X101.8033 Y40.0270 Z0.0400 F5142.9 ; Width: 0.350mm
G1 X101.7030 Y40.1284 Z0.0400 F5142.9 ; Width: 0.350mm
G1 X101.6830 Y40.1286 Z0.0400 F5142.9 ; Width: 0.350mm
G1 X101.6630 Y40.1488 Z0.0400 F5142.9 ; Width: 0.350mm
G1 X101.5830 Y40.1488 Z0.0400 F5142.9 ; Width: 0.350mm
G1 X101.5630 Y40.1685 Z0.0400 F5142.9 ; Width: 0.350mm
G0 Z1.0400 F6000.0 ; Z-hop up
G0 X101.9630 Y40.6470 F6000.0 ; Travel to new path
G0 Z0.0400 F6000.0 ; Z-hop down
G1 X101.8230 Y40.8270 Z0.0400 F2849.9 ; Width: 0.632mm
G1 X101.5630 Y40.7270 Z0.0400 F2892.8 ; Width: 0.622mm
G1 X101.8030 Y40.8470 Z0.0400 F2857.0 ; Width: 0.630mm
G1 X101.8230 Y40.8670 Z0.0400 F2486.4 ; Width: 0.724mm
G1 X101.9630 Y41.9270 Z0.0400 F2929.9 ; Width: 0.614mm
G0 Z1.0400 F6000.0 ; Z-hop up
G0 X101.9630 Y46.5270 F6000.0 ; Travel to new path
G0 Z0.0400 F6000.0 ; Z-hop down
G1 X101.9430 Y46.6470 Z0.0400 F3156.8 ; Width: 0.570mm
G1 X101.9630 Y46.7070 Z0.0400 F3118.2 ; Width: 0.577mm
G1 X101.9430 Y46.6870 Z0.0400 F3099.7 ; Width: 0.581mm
G1 X101.9230 Y46.6670 Z0.0400 F3015.0 ; Width: 0.597mm
G1 X101.8430 Y46.6870 Z0.0400 F3148.8 ; Width: 0.572mm
G0 Z1.0400 F6000.0 ; Z-hop up
G0 X101.2430 Y47.9270 F6000.0 ; Travel to new path
G0 Z0.0400 F6000.0 ; Z-hop down
G1 X101.2230 Y47.9470 Z0.0400 F3266.9 ; Width: 0.551mm
G0 Z1.0400 F6000.0 ; Z-hop up
G0 X101.5630 Y48.6875 F6000.0 ; Travel to new path
G0 Z0.0400 F6000.0 ; Z-hop down
G1 X101.5430 Y48.6676 Z0.0400 F5142.9 ; Width: 0.350mm
G1 X101.4630 Y48.6671 Z0.0400 F5142.9 ; Width: 0.350mm
G1 X101.4430 Y48.6472 Z0.0400 F5142.9 ; Width: 0.350mm
G1 X101.4230 Y48.6471 Z0.0400 F5142.9 ; Width: 0.350mm
G1 X101.4030 Y48.6272 Z0.0400 F5142.9 ; Width: 0.350mm
G1 X101.3830 Y48.6270 Z0.0400 F5142.9 ; Width: 0.350mm
G1 X101.3630 Y48.6071 Z0.0400 F5142.9 ; Width: 0.350mm
G1 X101.3430 Y48.6070 Z0.0400 F5142.9 ; Width: 0.350mm
G1 X101.3230 Y48.5871 Z0.0400 F5142.9 ; Width: 0.350mm
G1 X101.3030 Y48.5870 Z0.0400 F5142.9 ; Width: 0.350mm
G1 X101.2830 Y48.5671 Z0.0400 F5142.9 ; Width: 0.350mm
G1 X101.2630 Y48.5671 Z0.0400 F5142.9 ; Width: 0.350mm
G1 X101.2430 Y48.5472 Z0.0400 F5142.9 ; Width: 0.350mm
G1 X101.2230 Y48.5471 Z0.0400 F5142.9 ; Width: 0.350mm
G1 X101.2030 Y48.5272 Z0.0400 F5142.9 ; Width: 0.350mm
G1 X101.1630 Y48.5270 Z0.0400 F5142.9 ; Width: 0.350mm
G1 X101.1430 Y48.5072 Z0.0400 F5142.9 ; Width: 0.350mm
G1 X101.1030 Y48.5070 Z0.0400 F5142.9 ; Width: 0.350mm
G1 X101.0830 Y48.4872 Z0.0400 F5142.9 ; Width: 0.350mm
G1 X101.0430 Y48.4870 Z0.0400 F5142.9 ; Width: 0.350mm
G1 X101.0230 Y48.4672 Z0.0400 F5142.9 ; Width: 0.350mm
G1 X100.9630 Y48.4670 Z0.0400 F5142.9 ; Width: 0.350mm
G1 X100.9430 Y48.4472 Z0.0400 F5142.9 ; Width: 0.350mm
G1 X100.8830 Y48.4470 Z0.0400 F5142.9 ; Width: 0.350mm
G1 X100.8630 Y48.4272 Z0.0400 F5142.9 ; Width: 0.350mm
G1 X100.7430 Y48.4270 Z0.0400 F5142.9 ; Width: 0.350mm
G1 X100.7230 Y48.4072 Z0.0400 F5142.9 ; Width: 0.350mm
G1 X99.3030 Y48.4070 Z0.0400 F2535.2 ; Width: 0.710mm
G1 X99.2830 Y48.3872 Z0.0400 F5142.9 ; Width: 0.350mm
G1 X98.5030 Y48.3871 Z0.0400 F4615.4 ; Width: 0.390mm
G1 X98.4830 Y48.3674 Z0.0400 F5142.9 ; Width: 0.350mm
G1 X98.4030 Y48.3674 Z0.0400 F5142.9 ; Width: 0.350mm
G1 X98.3830 Y48.3477 Z0.0400 F5142.9 ; Width: 0.350mm
G1 X98.3630 Y48.3477 Z0.0400 F5142.9 ; Width: 0.350mm
G1 X98.2627 Y48.2470 Z0.0400 F5142.9 ; Width: 0.350mm
G1 X98.2627 Y48.2070 Z0.0400 F5142.9 ; Width: 0.350mm
G1 X98.2429 Y48.1870 Z0.0400 F5142.9 ; Width: 0.350mm
G1 X98.2429 Y47.6870 Z0.0400 F5142.9 ; Width: 0.350mm
G1 X98.2627 Y47.6670 Z0.0400 F5142.9 ; Width: 0.350mm
G1 X98.2627 Y47.6270 Z0.0400 F5142.9 ; Width: 0.350mm
G1 X98.3630 Y47.5264 Z0.0400 F5142.9 ; Width: 0.350mm
G1 X98.3830 Y47.5264 Z0.0400 F5142.9 ; Width: 0.350mm
G1 X98.4030 Y47.5066 Z0.0400 F5142.9 ; Width: 0.350mm
G1 X98.4830 Y47.5067 Z0.0400 F5142.9 ; Width: 0.350mm
G1 X98.5030 Y47.4869 Z0.0400 F5142.9 ; Width: 0.350mm
G1 X100.7230 Y47.4868 Z0.0400 F1877.0 ; Width: 0.959mm
G1 X100.7430 Y47.4670 Z0.0400 F5142.9 ; Width: 0.350mm
G1 X100.8630 Y47.4668 Z0.0400 F5142.9 ; Width: 0.350mm
G1 X100.8830 Y47.4470 Z0.0400 F5142.9 ; Width: 0.350mm
G1 X100.9430 Y47.4468 Z0.0400 F5142.9 ; Width: 0.350mm
G1 X100.9630 Y47.4270 Z0.0400 F5142.9 ; Width: 0.350mm
G1 X101.0230 Y47.4268 Z0.0400 F5142.9 ; Width: 0.350mm
G1 X101.0430 Y47.4070 Z0.0400 F5142.9 ; Width: 0.350mm
G1 X101.0830 Y47.4068 Z0.0400 F5142.9 ; Width: 0.350mm
G1 X101.1030 Y47.3870 Z0.0400 F5142.9 ; Width: 0.350mm
G1 X101.1430 Y47.3868 Z0.0400 F5142.9 ; Width: 0.350mm
G1 X101.1630 Y47.3670 Z0.0400 F5142.9 ; Width: 0.350mm
G1 X101.2030 Y47.3668 Z0.0400 F5142.9 ; Width: 0.350mm
G1 X101.2230 Y47.3469 Z0.0400 F5142.9 ; Width: 0.350mm
G1 X101.2430 Y47.3468 Z0.0400 F5142.9 ; Width: 0.350mm
G1 X101.2630 Y47.3269 Z0.0400 F5142.9 ; Width: 0.350mm
G1 X101.2830 Y47.3269 Z0.0400 F5142.9 ; Width: 0.350mm
G1 X101.3030 Y47.3070 Z0.0400 F5142.9 ; Width: 0.350mm
G1 X101.3230 Y47.3069 Z0.0400 F5142.9 ; Width: 0.350mm
G1 X101.3430 Y47.2870 Z0.0400 F5142.9 ; Width: 0.350mm
G1 X101.3630 Y47.2869 Z0.0400 F5142.9 ; Width: 0.350mm
G1 X101.3830 Y47.2670 Z0.0400 F5142.9 ; Width: 0.350mm
G1 X101.4030 Y47.2668 Z0.0400 F5142.9 ; Width: 0.350mm
G1 X101.4230 Y47.2469 Z0.0400 F5142.9 ; Width: 0.350mm
G1 X101.4430 Y47.2468 Z0.0400 F5142.9 ; Width: 0.350mm
G1 X101.4630 Y47.2269 Z0.0400 F5142.9 ; Width: 0.350mm
G1 X101.5430 Y47.2264 Z0.0400 F5142.9 ; Width: 0.350mm
G1 X101.5630 Y47.2065 Z0.0400 F5142.9 ; Width: 0.350mm
G1 X101.5830 Y47.2262 Z0.0400 F5142.9 ; Width: 0.350mm
G1 X101.6630 Y47.2257 Z0.0400 F5142.9 ; Width: 0.350mm
G1 X101.6830 Y47.2454 Z0.0400 F5142.9 ; Width: 0.350mm
G1 X101.7030 Y47.2456 Z0.0400 F5142.9 ; Width: 0.350mm
G1 X101.8033 Y47.3470 Z0.0400 F5142.9 ; Width: 0.350mm
G1 X101.8033 Y47.3870 Z0.0400 F5142.9 ; Width: 0.350mm
G1 X101.8231 Y47.4070 Z0.0400 F5142.9 ; Width: 0.350mm
G1 X101.8231 Y48.4870 Z0.0400 F3333.3 ; Width: 0.540mm
G1 X101.8033 Y48.5070 Z0.0400 F5142.9 ; Width: 0.350mm
G1 X101.8033 Y48.5470 Z0.0400 F5142.9 ; Width: 0.350mm
G1 X101.7030 Y48.6484 Z0.0400 F5142.9 ; Width: 0.350mm
G1 X101.6830 Y48.6486 Z0.0400 F5142.9 ; Width: 0.350mm
G1 X101.6630 Y48.6683 Z0.0400 F5142.9 ; Width: 0.350mm
G1 X101.5830 Y48.6678 Z0.0400 F5142.9 ; Width: 0.350mm
G1 X101.5630 Y48.6875 Z0.0400 F5142.9 ; Width: 0.350mm
G0 Z1.0400 F6000.0 ; Z-hop up
G0 X101.5630 Y48.6875 F6000.0 ; Travel to new path
G0 Z0.0400 F6000.0 ; Z-hop down
G1 X101.5430 Y48.6676 Z0.0400 F5142.9 ; Width: 0.350mm
G1 X101.4630 Y48.6671 Z0.0400 F5142.9 ; Width: 0.350mm
G1 X101.4430 Y48.6472 Z0.0400 F5142.9 ; Width: 0.350mm
G1 X101.4230 Y48.6471 Z0.0400 F5142.9 ; Width: 0.350mm
G1 X101.4030 Y48.6272 Z0.0400 F5142.9 ; Width: 0.350mm
G1 X101.3830 Y48.6270 Z0.0400 F5142.9 ; Width: 0.350mm
G1 X101.3630 Y48.6071 Z0.0400 F5142.9 ; Width: 0.350mm
G1 X101.3430 Y48.6070 Z0.0400 F5142.9 ; Width: 0.350mm
G1 X101.3230 Y48.5871 Z0.0400 F5142.9 ; Width: 0.350mm
G1 X101.3030 Y48.5870 Z0.0400 F5142.9 ; Width: 0.350mm
G1 X101.2830 Y48.5671 Z0.0400 F5142.9 ; Width: 0.350mm
G1 X101.2630 Y48.5671 Z0.0400 F5142.9 ; Width: 0.350mm
G1 X101.2430 Y48.5472 Z0.0400 F5142.9 ; Width: 0.350mm
G1 X101.2230 Y48.5471 Z0.0400 F5142.9 ; Width: 0.350mm
G1 X101.2030 Y48.5272 Z0.0400 F5142.9 ; Width: 0.350mm
G1 X101.1630 Y48.5270 Z0.0400 F5142.9 ; Width: 0.350mm
G1 X101.1430 Y48.5072 Z0.0400 F5142.9 ; Width: 0.350mm
G1 X101.1030 Y48.5070 Z0.0400 F5142.9 ; Width: 0.350mm
G1 X101.0830 Y48.4872 Z0.0400 F5142.9 ; Width: 0.350mm
G1 X101.0430 Y48.4870 Z0.0400 F5142.9 ; Width: 0.350mm
G1 X101.0230 Y48.4672 Z0.0400 F5142.9 ; Width: 0.350mm
G1 X100.9630 Y48.4670 Z0.0400 F5142.9 ; Width: 0.350mm
G1 X100.9430 Y48.4472 Z0.0400 F5142.9 ; Width: 0.350mm
G1 X100.8830 Y48.4470 Z0.0400 F5142.9 ; Width: 0.350mm
G1 X100.8630 Y48.4272 Z0.0400 F5142.9 ; Width: 0.350mm
G1 X100.7430 Y48.4270 Z0.0400 F5142.9 ; Width: 0.350mm
G1 X100.7230 Y48.4072 Z0.0400 F5142.9 ; Width: 0.350mm
G1 X99.3030 Y48.4070 Z0.0400 F2535.2 ; Width: 0.710mm
G1 X99.2830 Y48.3872 Z0.0400 F5142.9 ; Width: 0.350mm
G1 X98.5030 Y48.3871 Z0.0400 F4615.4 ; Width: 0.390mm
G1 X98.4830 Y48.3674 Z0.0400 F5142.9 ; Width: 0.350mm
G1 X98.4030 Y48.3674 Z0.0400 F5142.9 ; Width: 0.350mm
G1 X98.3830 Y48.3477 Z0.0400 F5142.9 ; Width: 0.350mm
G1 X98.3630 Y48.3477 Z0.0400 F5142.9 ; Width: 0.350mm
G1 X98.2627 Y48.2470 Z0.0400 F5142.9 ; Width: 0.350mm
G1 X98.2627 Y48.2070 Z0.0400 F5142.9 ; Width: 0.350mm
G1 X98.2429 Y48.1870 Z0.0400 F5142.9 ; Width: 0.350mm
G1 X98.2429 Y47.6870 Z0.0400 F5142.9 ; Width: 0.350mm
G1 X98.2627 Y47.6670 Z0.0400 F5142.9 ; Width: 0.350mm
G1 X98.2627 Y47.6270 Z0.0400 F5142.9 ; Width: 0.350mm
G1 X98.3630 Y47.5264 Z0.0400 F5142.9 ; Width: 0.350mm
G1 X98.3830 Y47.5264 Z0.0400 F5142.9 ; Width: 0.350mm
G1 X98.4030 Y47.5066 Z0.0400 F5142.9 ; Width: 0.350mm
G1 X98.4830 Y47.5067 Z0.0400 F5142.9 ; Width: 0.350mm
G1 X98.5030 Y47.4869 Z0.0400 F5142.9 ; Width: 0.350mm
G1 X100.7230 Y47.4868 Z0.0400 F1877.0 ; Width: 0.959mm
G1 X100.7430 Y47.4670 Z0.0400 F5142.9 ; Width: 0.350mm
G1 X100.8630 Y47.4668 Z0.0400 F5142.9 ; Width: 0.350mm
G1 X100.8830 Y47.4470 Z0.0400 F5142.9 ; Width: 0.350mm
G1 X100.9430 Y47.4468 Z0.0400 F5142.9 ; Width: 0.350mm
G1 X100.9630 Y47.4270 Z0.0400 F5142.9 ; Width: 0.350mm
G1 X101.0230 Y47.4268 Z0.0400 F5142.9 ; Width: 0.350mm
G1 X101.0430 Y47.4070 Z0.0400 F5142.9 ; Width: 0.350mm
G1 X101.0830 Y47.4068 Z0.0400 F5142.9 ; Width: 0.350mm
G1 X101.1030 Y47.3870 Z0.0400 F5142.9 ; Width: 0.350mm
G1 X101.1430 Y47.3868 Z0.0400 F5142.9 ; Width: 0.350mm
G1 X101.1630 Y47.3670 Z0.0400 F5142.9 ; Width: 0.350mm
G1 X101.2030 Y47.3668 Z0.0400 F5142.9 ; Width: 0.350mm
G1 X101.2230 Y47.3469 Z0.0400 F5142.9 ; Width: 0.350mm
G1 X101.2430 Y47.3468 Z0.0400 F5142.9 ; Width: 0.350mm
G1 X101.2630 Y47.3269 Z0.0400 F5142.9 ; Width: 0.350mm
G1 X101.2830 Y47.3269 Z0.0400 F5142.9 ; Width: 0.350mm
G1 X101.3030 Y47.3070 Z0.0400 F5142.9 ; Width: 0.350mm
G1 X101.3230 Y47.3069 Z0.0400 F5142.9 ; Width: 0.350mm
G1 X101.3430 Y47.2870 Z0.0400 F5142.9 ; Width: 0.350mm
G1 X101.3630 Y47.2869 Z0.0400 F5142.9 ; Width: 0.350mm
G1 X101.3830 Y47.2670 Z0.0400 F5142.9 ; Width: 0.350mm
G1 X101.4030 Y47.2668 Z0.0400 F5142.9 ; Width: 0.350mm
G1 X101.4230 Y47.2469 Z0.0400 F5142.9 ; Width: 0.350mm
G1 X101.4430 Y47.2468 Z0.0400 F5142.9 ; Width: 0.350mm
G1 X101.4630 Y47.2269 Z0.0400 F5142.9 ; Width: 0.350mm
G1 X101.5430 Y47.2264 Z0.0400 F5142.9 ; Width: 0.350mm
G1 X101.5630 Y47.2065 Z0.0400 F5142.9 ; Width: 0.350mm
G1 X101.5830 Y47.2262 Z0.0400 F5142.9 ; Width: 0.350mm
G1 X101.6630 Y47.2257 Z0.0400 F5142.9 ; Width: 0.350mm
G1 X101.6830 Y47.2454 Z0.0400 F5142.9 ; Width: 0.350mm
G1 X101.7030 Y47.2456 Z0.0400 F5142.9 ; Width: 0.350mm
G1 X101.8033 Y47.3470 Z0.0400 F5142.9 ; Width: 0.350mm
G1 X101.8033 Y47.3870 Z0.0400 F5142.9 ; Width: 0.350mm
G1 X101.8231 Y47.4070 Z0.0400 F5142.9 ; Width: 0.350mm
G1 X101.8231 Y48.4870 Z0.0400 F3333.3 ; Width: 0.540mm
G1 X101.8033 Y48.5070 Z0.0400 F5142.9 ; Width: 0.350mm
G1 X101.8033 Y48.5470 Z0.0400 F5142.9 ; Width: 0.350mm
G1 X101.7030 Y48.6484 Z0.0400 F5142.9 ; Width: 0.350mm
G1 X101.6830 Y48.6486 Z0.0400 F5142.9 ; Width: 0.350mm
G1 X101.6630 Y48.6683 Z0.0400 F5142.9 ; Width: 0.350mm
G1 X101.5830 Y48.6678 Z0.0400 F5142.9 ; Width: 0.350mm
G1 X101.5630 Y48.6875 Z0.0400 F5142.9 ; Width: 0.350mm
G0 Z1.0400 F6000.0 ; Z-hop up
G0 X101.8830 Y49.1870 F6000.0 ; Travel to new path
G0 Z0.0400 F6000.0 ; Z-hop down
M118 P0 S"65" ; Sync timer (Travel)
G1 X101.9030 Y49.2070 Z0.0400 F3122.0 ; Width: 0.577mm
G1 X101.9630 Y49.1670 Z0.0400 F3078.2 ; Width: 0.585mm
G1 X101.9230 Y49.2070 Z0.0400 F3053.7 ; Width: 0.589mm
G1 X101.9230 Y49.2270 Z0.0400 F2983.6 ; Width: 0.603mm
G1 X101.9630 Y49.3470 Z0.0400 F3118.9 ; Width: 0.577mm
G0 Z1.0400 F6000.0 ; Z-hop up
G0 X101.9630 Y53.3870 F6000.0 ; Travel to new path
G0 Z0.0400 F6000.0 ; Z-hop down
G1 X101.8230 Y54.4470 Z0.0400 F2997.4 ; Width: 0.601mm
G1 X101.9630 Y54.6670 Z0.0400 F2690.6 ; Width: 0.669mm
G1 X101.8230 Y54.4670 Z0.0400 F2728.8 ; Width: 0.660mm
G1 X101.8030 Y54.4870 Z0.0400 F2498.6 ; Width: 0.720mm
G1 X101.5430 Y54.5870 Z0.0400 F2893.8 ; Width: 0.622mm
G0 Z1.0400 F6000.0 ; Z-hop up
G0 X101.1630 Y56.4270 F6000.0 ; Travel to new path
G0 Z0.0400 F6000.0 ; Z-hop down
G1 X101.2230 Y56.4070 Z0.0400 F3024.6 ; Width: 0.595mm
G1 X101.2430 Y56.3870 Z0.0400 F2909.6 ; Width: 0.619mm
G1 X101.2630 Y56.3070 Z0.0400 F3048.6 ; Width: 0.590mm
G1 X101.2430 Y56.4270 Z0.0400 F2969.5 ; Width: 0.606mm
G1 X101.2630 Y56.4470 Z0.0400 F2984.3 ; Width: 0.603mm
G0 Z1.0400 F6000.0 ; Z-hop up
G0 X98.0430 Y56.5870 F6000.0 ; Travel to new path
G0 Z0.0400 F6000.0 ; Z-hop down
G1 X98.1230 Y56.5867 Z0.0400 F5142.9 ; Width: 0.350mm
G1 X98.1430 Y56.5670 Z0.0400 F5142.9 ; Width: 0.350mm
G1 X98.3030 Y56.5666 Z0.0400 F5142.9 ; Width: 0.350mm
G1 X98.3230 Y56.5470 Z0.0400 F5142.9 ; Width: 0.350mm
G1 X98.4030 Y56.5467 Z0.0400 F5142.9 ; Width: 0.350mm
G1 X98.4230 Y56.5270 Z0.0400 F5142.9 ; Width: 0.350mm
G1 X98.4830 Y56.5266 Z0.0400 F5142.9 ; Width: 0.350mm
G1 X98.5030 Y56.5069 Z0.0400 F5142.9 ; Width: 0.350mm
G1 X98.5630 Y56.5067 Z0.0400 F5142.9 ; Width: 0.350mm
G1 X98.5830 Y56.4870 Z0.0400 F5142.9 ; Width: 0.350mm
G1 X98.6430 Y56.4866 Z0.0400 F5142.9 ; Width: 0.350mm
G1 X98.6630 Y56.4669 Z0.0400 F5142.9 ; Width: 0.350mm
G1 X98.7030 Y56.4666 Z0.0400 F5142.9 ; Width: 0.350mm
G1 X98.7230 Y56.4469 Z0.0400 F5142.9 ; Width: 0.350mm
G1 X98.7430 Y56.4468 Z0.0400 F5142.9 ; Width: 0.350mm
G1 X98.7630 Y56.4270 Z0.0400 F5142.9 ; Width: 0.350mm
G1 X98.8230 Y56.4266 Z0.0400 F5142.9 ; Width: 0.350mm
G1 X98.8430 Y56.4069 Z0.0400 F5142.9 ; Width: 0.350mm
G1 X98.8630 Y56.4068 Z0.0400 F5142.9 ; Width: 0.350mm
G1 X98.8830 Y56.3870 Z0.0400 F5142.9 ; Width: 0.350mm
G1 X98.9230 Y56.3867 Z0.0400 F5142.9 ; Width: 0.350mm
G1 X98.9430 Y56.3669 Z0.0400 F5142.9 ; Width: 0.350mm
G1 X98.9830 Y56.3666 Z0.0400 F5142.9 ; Width: 0.350mm
G1 X99.0030 Y56.3469 Z0.0400 F5142.9 ; Width: 0.350mm
G1 X99.0230 Y56.3468 Z0.0400 F5142.9 ; Width: 0.350mm
G1 X99.0430 Y56.3270 Z0.0400 F5142.9 ; Width: 0.350mm
G1 X99.0830 Y56.3267 Z0.0400 F5142.9 ; Width: 0.350mm
G1 X99.1030 Y56.3069 Z0.0400 F5142.9 ; Width: 0.350mm
G1 X99.1230 Y56.3068 Z0.0400 F5142.9 ; Width: 0.350mm
G1 X99.1430 Y56.2870 Z0.0400 F5142.9 ; Width: 0.350mm
G1 X99.1830 Y56.2867 Z0.0400 F5142.9 ; Width: 0.350mm
G1 X99.2030 Y56.2669 Z0.0400 F5142.9 ; Width: 0.350mm
G1 X99.2230 Y56.2667 Z0.0400 F5142.9 ; Width: 0.350mm
G1 X99.2430 Y56.2469 Z0.0400 F5142.9 ; Width: 0.350mm
G1 X99.2630 Y56.2467 Z0.0400 F5142.9 ; Width: 0.350mm
G1 X99.2830 Y56.2269 Z0.0400 F5142.9 ; Width: 0.350mm
G1 X99.3030 Y56.2267 Z0.0400 F5142.9 ; Width: 0.350mm
G1 X99.3230 Y56.2069 Z0.0400 F5142.9 ; Width: 0.350mm
G1 X99.3430 Y56.2067 Z0.0400 F5142.9 ; Width: 0.350mm
G1 X99.3630 Y56.1869 Z0.0400 F5142.9 ; Width: 0.350mm
G1 X99.3830 Y56.1867 Z0.0400 F5142.9 ; Width: 0.350mm
G1 X99.4030 Y56.1669 Z0.0400 F5142.9 ; Width: 0.350mm
G1 X99.4230 Y56.1667 Z0.0400 F5142.9 ; Width: 0.350mm
G1 X99.4430 Y56.1469 Z0.0400 F5142.9 ; Width: 0.350mm
G1 X99.4630 Y56.1467 Z0.0400 F5142.9 ; Width: 0.350mm
G1 X99.4830 Y56.1269 Z0.0400 F5142.9 ; Width: 0.350mm
G1 X99.5030 Y56.1267 Z0.0400 F5142.9 ; Width: 0.350mm
G1 X99.5430 Y56.0869 Z0.0400 F5142.9 ; Width: 0.350mm
G1 X99.5630 Y56.0867 Z0.0400 F5142.9 ; Width: 0.350mm
G1 X99.6230 Y56.0270 Z0.0400 F5142.9 ; Width: 0.350mm
G1 X99.6430 Y56.0267 Z0.0400 F5142.9 ; Width: 0.350mm
G1 X99.6830 Y55.9869 Z0.0400 F5142.9 ; Width: 0.350mm
G1 X99.7030 Y55.9867 Z0.0400 F5142.9 ; Width: 0.350mm
G1 X99.7230 Y55.9669 Z0.0400 F5142.9 ; Width: 0.350mm
G1 X99.7430 Y55.9667 Z0.0400 F5142.9 ; Width: 0.350mm
G1 X99.7830 Y55.9269 Z0.0400 F5142.9 ; Width: 0.350mm
G1 X99.8030 Y55.9267 Z0.0400 F5142.9 ; Width: 0.350mm
G1 X99.8630 Y55.8670 Z0.0400 F5142.9 ; Width: 0.350mm
G1 X99.8830 Y55.8667 Z0.0400 F5142.9 ; Width: 0.350mm
G1 X99.9430 Y55.8070 Z0.0400 F5142.9 ; Width: 0.350mm
G1 X99.9630 Y55.8067 Z0.0400 F5142.9 ; Width: 0.350mm
G1 X100.1430 Y55.6270 Z0.0400 F5142.9 ; Width: 0.350mm
G1 X100.1630 Y55.6267 Z0.0400 F5142.9 ; Width: 0.350mm
G1 X100.3227 Y55.4670 Z0.0400 F5142.9 ; Width: 0.350mm
G1 X100.3230 Y55.4470 Z0.0400 F5142.9 ; Width: 0.350mm
G1 X100.4427 Y55.3270 Z0.0400 F5142.9 ; Width: 0.350mm
G1 X100.4430 Y55.3070 Z0.0400 F5142.9 ; Width: 0.350mm
G1 X100.5427 Y55.2070 Z0.0400 F5142.9 ; Width: 0.350mm
G1 X100.5430 Y55.1870 Z0.0400 F5142.9 ; Width: 0.350mm
G1 X100.6027 Y55.1270 Z0.0400 F5142.9 ; Width: 0.350mm
G1 X100.6029 Y55.1070 Z0.0400 F5142.9 ; Width: 0.350mm
G1 X100.6627 Y55.0470 Z0.0400 F5142.9 ; Width: 0.350mm
G1 X100.6630 Y55.0270 Z0.0400 F5142.9 ; Width: 0.350mm
G1 X100.7227 Y54.9670 Z0.0400 F5142.9 ; Width: 0.350mm
G1 X100.7229 Y54.9470 Z0.0400 F5142.9 ; Width: 0.350mm
G1 X100.7627 Y54.9070 Z0.0400 F5142.9 ; Width: 0.350mm
G1 X100.7629 Y54.8870 Z0.0400 F5142.9 ; Width: 0.350mm
G1 X100.7827 Y54.8670 Z0.0400 F5142.9 ; Width: 0.350mm
G1 X100.7829 Y54.8470 Z0.0400 F5142.9 ; Width: 0.350mm
G1 X100.8227 Y54.8070 Z0.0400 F5142.9 ; Width: 0.350mm
G1 X100.8229 Y54.7870 Z0.0400 F5142.9 ; Width: 0.350mm
G1 X100.8627 Y54.7470 Z0.0400 F5142.9 ; Width: 0.350mm
G1 X100.8629 Y54.7270 Z0.0400 F5142.9 ; Width: 0.350mm
G1 X100.9027 Y54.6870 Z0.0400 F5142.9 ; Width: 0.350mm
G1 X100.9029 Y54.6670 Z0.0400 F5142.9 ; Width: 0.350mm
G1 X100.9227 Y54.6470 Z0.0400 F5142.9 ; Width: 0.350mm
G1 X100.9229 Y54.6270 Z0.0400 F5142.9 ; Width: 0.350mm
G1 X100.9427 Y54.6070 Z0.0400 F5142.9 ; Width: 0.350mm
G1 X100.9429 Y54.5870 Z0.0400 F5142.9 ; Width: 0.350mm
G1 X100.9627 Y54.5670 Z0.0400 F5142.9 ; Width: 0.350mm
G1 X100.9629 Y54.5470 Z0.0400 F5142.9 ; Width: 0.350mm
G1 X100.9827 Y54.5270 Z0.0400 F5142.9 ; Width: 0.350mm
G1 X100.9829 Y54.5070 Z0.0400 F5142.9 ; Width: 0.350mm
G1 X101.0027 Y54.4870 Z0.0400 F5142.9 ; Width: 0.350mm
G1 X101.0029 Y54.4670 Z0.0400 F5142.9 ; Width: 0.350mm
G1 X101.0227 Y54.4470 Z0.0400 F5142.9 ; Width: 0.350mm
G1 X101.0229 Y54.4270 Z0.0400 F5142.9 ; Width: 0.350mm
G1 X101.0427 Y54.4070 Z0.0400 F5142.9 ; Width: 0.350mm
G1 X101.0429 Y54.3870 Z0.0400 F5142.9 ; Width: 0.350mm
G1 X101.0627 Y54.3670 Z0.0400 F5142.9 ; Width: 0.350mm
G1 X101.0629 Y54.3470 Z0.0400 F5142.9 ; Width: 0.350mm
G1 X101.0827 Y54.3270 Z0.0400 F5142.9 ; Width: 0.350mm
G1 X101.0829 Y54.3070 Z0.0400 F5142.9 ; Width: 0.350mm
G1 X101.1027 Y54.2870 Z0.0400 F5142.9 ; Width: 0.350mm
G1 X101.1029 Y54.2670 Z0.0400 F5142.9 ; Width: 0.350mm
G1 X101.1227 Y54.2470 Z0.0400 F5142.9 ; Width: 0.350mm
G1 X101.1229 Y54.2270 Z0.0400 F5142.9 ; Width: 0.350mm
G1 X101.1427 Y54.2070 Z0.0400 F5142.9 ; Width: 0.350mm
G1 X101.1429 Y54.1870 Z0.0400 F5142.9 ; Width: 0.350mm
G1 X101.1627 Y54.1670 Z0.0400 F5142.9 ; Width: 0.350mm
G1 X101.1630 Y54.1270 Z0.0400 F5142.9 ; Width: 0.350mm
G1 X101.1828 Y54.1070 Z0.0400 F5142.9 ; Width: 0.350mm
G1 X101.1829 Y54.0870 Z0.0400 F5142.9 ; Width: 0.350mm
G1 X101.2027 Y54.0670 Z0.0400 F5142.9 ; Width: 0.350mm
G1 X101.2030 Y54.0270 Z0.0400 F5142.9 ; Width: 0.350mm
G1 X101.2228 Y54.0070 Z0.0400 F5142.9 ; Width: 0.350mm
G1 X101.2229 Y53.9870 Z0.0400 F5142.9 ; Width: 0.350mm
G1 X101.2426 Y53.9670 Z0.0400 F5142.9 ; Width: 0.350mm
G1 X101.2429 Y53.9270 Z0.0400 F5142.9 ; Width: 0.350mm
G1 X101.2627 Y53.9070 Z0.0400 F5142.9 ; Width: 0.350mm
G1 X101.2630 Y53.8670 Z0.0400 F5142.9 ; Width: 0.350mm
G1 X101.2828 Y53.8470 Z0.0400 F5142.9 ; Width: 0.350mm
G1 X101.2829 Y53.8270 Z0.0400 F5142.9 ; Width: 0.350mm
G1 X101.3026 Y53.8070 Z0.0400 F5142.9 ; Width: 0.350mm
G1 X101.3030 Y53.7470 Z0.0400 F5142.9 ; Width: 0.350mm
G1 X101.3227 Y53.7270 Z0.0400 F5142.9 ; Width: 0.350mm
G1 X101.3229 Y53.6870 Z0.0400 F5142.9 ; Width: 0.350mm
G1 X101.3426 Y53.6670 Z0.0400 F5142.9 ; Width: 0.350mm
G1 X101.3429 Y53.6270 Z0.0400 F5142.9 ; Width: 0.350mm
G1 X101.3626 Y53.6070 Z0.0400 F5142.9 ; Width: 0.350mm
G1 X101.3630 Y53.5470 Z0.0400 F5142.9 ; Width: 0.350mm
G1 X101.3827 Y53.5270 Z0.0400 F5142.9 ; Width: 0.350mm
G1 X101.3829 Y53.4670 Z0.0400 F5142.9 ; Width: 0.350mm
G1 X101.4026 Y53.4470 Z0.0400 F5142.9 ; Width: 0.350mm
G1 X101.4029 Y53.4070 Z0.0400 F5142.9 ; Width: 0.350mm
G1 X101.4226 Y53.3870 Z0.0400 F5142.9 ; Width: 0.350mm
G1 X101.4230 Y53.3270 Z0.0400 F5142.9 ; Width: 0.350mm
G1 X101.4427 Y53.3070 Z0.0400 F5142.9 ; Width: 0.350mm
G1 X101.4430 Y53.2270 Z0.0400 F5142.9 ; Width: 0.350mm
G1 X101.4626 Y53.2070 Z0.0400 F5142.9 ; Width: 0.350mm
G1 X101.4630 Y53.1070 Z0.0400 F5142.9 ; Width: 0.350mm
G1 X101.4827 Y53.0870 Z0.0400 F5142.9 ; Width: 0.350mm
G1 X101.4830 Y53.0270 Z0.0400 F5142.9 ; Width: 0.350mm
G1 X101.5027 Y53.0070 Z0.0400 F5142.9 ; Width: 0.350mm
G1 X101.5030 Y52.9470 Z0.0400 F5142.9 ; Width: 0.350mm
G1 X101.5227 Y52.9270 Z0.0400 F5142.9 ; Width: 0.350mm
G1 X101.5230 Y52.8470 Z0.0400 F5142.9 ; Width: 0.350mm
G1 X101.5426 Y52.8270 Z0.0400 F5142.9 ; Width: 0.350mm
G1 X101.5430 Y52.7070 Z0.0400 F5142.9 ; Width: 0.350mm
G1 X101.5627 Y52.6870 Z0.0400 F5142.9 ; Width: 0.350mm
G1 X101.5630 Y52.6070 Z0.0400 F5142.9 ; Width: 0.350mm
G1 X101.5826 Y52.5870 Z0.0400 F5142.9 ; Width: 0.350mm
G1 X101.5830 Y52.3470 Z0.0400 F5142.9 ; Width: 0.350mm
G1 X101.6026 Y52.3270 Z0.0400 F5142.9 ; Width: 0.350mm
G1 X101.6030 Y52.2270 Z0.0400 F5142.9 ; Width: 0.350mm
G1 X101.6226 Y52.2070 Z0.0400 F5142.9 ; Width: 0.350mm
G1 X101.6230 Y51.9070 Z0.0400 F5142.9 ; Width: 0.350mm
G1 X101.6426 Y51.8870 Z0.0400 F5142.9 ; Width: 0.350mm
G1 X101.6430 Y51.6670 Z0.0400 F5142.9 ; Width: 0.350mm
G1 X101.6626 Y51.6470 Z0.0400 F5142.9 ; Width: 0.350mm
G1 X101.6626 Y50.1070 Z0.0400 F2337.7 ; Width: 0.770mm
G1 X101.6430 Y50.0870 Z0.0400 F5142.9 ; Width: 0.350mm
G1 X101.6427 Y50.0070 Z0.0400 F5142.9 ; Width: 0.350mm
G1 X101.6230 Y49.9870 Z0.0400 F5142.9 ; Width: 0.350mm
G1 X101.6226 Y49.9270 Z0.0400 F5142.9 ; Width: 0.350mm
G1 X101.6029 Y49.9070 Z0.0400 F5142.9 ; Width: 0.350mm
G1 X101.6028 Y49.8870 Z0.0400 F5142.9 ; Width: 0.350mm
G1 X101.5830 Y49.8670 Z0.0400 F5142.9 ; Width: 0.350mm
G1 X101.5827 Y49.8270 Z0.0400 F5142.9 ; Width: 0.350mm
G1 X101.5629 Y49.8070 Z0.0400 F5142.9 ; Width: 0.350mm
G1 X101.5627 Y49.7870 Z0.0400 F5142.9 ; Width: 0.350mm
G1 X101.5429 Y49.7670 Z0.0400 F5142.9 ; Width: 0.350mm
G1 X101.5427 Y49.7470 Z0.0400 F5142.9 ; Width: 0.350mm
G1 X101.5229 Y49.7270 Z0.0400 F5142.9 ; Width: 0.350mm
G1 X101.5227 Y49.7070 Z0.0400 F5142.9 ; Width: 0.350mm
G1 X101.5029 Y49.6870 Z0.0400 F5142.9 ; Width: 0.350mm
G1 X101.5027 Y49.6670 Z0.0400 F5142.9 ; Width: 0.350mm
G1 X101.4629 Y49.6270 Z0.0400 F5142.9 ; Width: 0.350mm
G1 X101.4627 Y49.6070 Z0.0400 F5142.9 ; Width: 0.350mm
G1 X101.4030 Y49.5470 Z0.0400 F5142.9 ; Width: 0.350mm
G1 X101.4027 Y49.5270 Z0.0400 F5142.9 ; Width: 0.350mm
G1 X101.2230 Y49.3473 Z0.0400 F5142.9 ; Width: 0.350mm
G1 X101.2030 Y49.3470 Z0.0400 F5142.9 ; Width: 0.350mm
G1 X101.1430 Y49.2873 Z0.0400 F5142.9 ; Width: 0.350mm
G1 X101.1230 Y49.2871 Z0.0400 F5142.9 ; Width: 0.350mm
G1 X101.0830 Y49.2473 Z0.0400 F5142.9 ; Width: 0.350mm
G1 X101.0630 Y49.2471 Z0.0400 F5142.9 ; Width: 0.350mm
G1 X101.0430 Y49.2273 Z0.0400 F5142.9 ; Width: 0.350mm
G1 X101.0230 Y49.2271 Z0.0400 F5142.9 ; Width: 0.350mm
G1 X101.0030 Y49.2073 Z0.0400 F5142.9 ; Width: 0.350mm
G1 X100.9830 Y49.2071 Z0.0400 F5142.9 ; Width: 0.350mm
G1 X100.9630 Y49.1873 Z0.0400 F5142.9 ; Width: 0.350mm
G1 X100.9230 Y49.1870 Z0.0400 F5142.9 ; Width: 0.350mm
G1 X100.9030 Y49.1672 Z0.0400 F5142.9 ; Width: 0.350mm
G1 X100.8830 Y49.1671 Z0.0400 F5142.9 ; Width: 0.350mm
G1 X100.8630 Y49.1474 Z0.0400 F5142.9 ; Width: 0.350mm
G1 X100.8030 Y49.1470 Z0.0400 F5142.9 ; Width: 0.350mm
G1 X100.7830 Y49.1273 Z0.0400 F5142.9 ; Width: 0.350mm
G1 X100.7030 Y49.1270 Z0.0400 F5142.9 ; Width: 0.350mm
G1 X100.6830 Y49.1074 Z0.0400 F5142.9 ; Width: 0.350mm
G1 X99.2630 Y49.1070 Z0.0400 F2535.2 ; Width: 0.710mm
G1 X99.2430 Y49.0874 Z0.0400 F5142.9 ; Width: 0.350mm
G1 X98.4430 Y49.0874 Z0.0400 F4500.0 ; Width: 0.400mm
G1 X98.4230 Y49.1070 Z0.0400 F5142.9 ; Width: 0.350mm
G1 X98.3430 Y49.1073 Z0.0400 F5142.9 ; Width: 0.350mm
G1 X98.3230 Y49.1270 Z0.0400 F5142.9 ; Width: 0.350mm
G1 X98.2630 Y49.1274 Z0.0400 F5142.9 ; Width: 0.350mm
G1 X98.2430 Y49.1471 Z0.0400 F5142.9 ; Width: 0.350mm
G1 X98.2030 Y49.1474 Z0.0400 F5142.9 ; Width: 0.350mm
G1 X98.1830 Y49.1671 Z0.0400 F5142.9 ; Width: 0.350mm
G1 X98.1630 Y49.1672 Z0.0400 F5142.9 ; Width: 0.350mm
G1 X98.1430 Y49.1870 Z0.0400 F5142.9 ; Width: 0.350mm
G1 X98.1030 Y49.1873 Z0.0400 F5142.9 ; Width: 0.350mm
G1 X98.0830 Y49.2071 Z0.0400 F5142.9 ; Width: 0.350mm
G1 X98.0630 Y49.2073 Z0.0400 F5142.9 ; Width: 0.350mm
G1 X98.0430 Y49.2271 Z0.0400 F5142.9 ; Width: 0.350mm
G1 X98.0230 Y49.2273 Z0.0400 F5142.9 ; Width: 0.350mm
G1 X98.0030 Y49.2471 Z0.0400 F5142.9 ; Width: 0.350mm
G1 X97.9830 Y49.2473 Z0.0400 F5142.9 ; Width: 0.350mm
G1 X97.9430 Y49.2871 Z0.0400 F5142.9 ; Width: 0.350mm
G1 X97.9230 Y49.2873 Z0.0400 F5142.9 ; Width: 0.350mm
G1 X97.9030 Y49.3072 Z0.0400 F5142.9 ; Width: 0.350mm
G1 X97.8230 Y49.3081 Z0.0400 F5142.9 ; Width: 0.350mm
G1 X97.8030 Y49.3280 Z0.0400 F5142.9 ; Width: 0.350mm
G1 X97.7830 Y49.3085 Z0.0400 F5142.9 ; Width: 0.350mm
G1 X97.7030 Y49.3093 Z0.0400 F5142.9 ; Width: 0.350mm
G1 X97.6830 Y49.2895 Z0.0400 F5142.9 ; Width: 0.350mm
G1 X97.6630 Y49.2892 Z0.0400 F5142.9 ; Width: 0.350mm
G1 X97.5624 Y49.1870 Z0.0400 F5142.9 ; Width: 0.350mm
G1 X97.5624 Y49.1470 Z0.0400 F5142.9 ; Width: 0.350mm
G1 X97.5428 Y49.1270 Z0.0400 F5142.9 ; Width: 0.350mm
G1 X97.5428 Y46.7670 Z0.0400 F2432.2 ; Width: 0.740mm
G1 X97.5624 Y46.7470 Z0.0400 F5142.9 ; Width: 0.350mm
G1 X97.5624 Y46.7070 Z0.0400 F5142.9 ; Width: 0.350mm
G1 X97.6630 Y46.6048 Z0.0400 F5142.9 ; Width: 0.350mm
G1 X97.6830 Y46.6045 Z0.0400 F5142.9 ; Width: 0.350mm
G1 X97.7030 Y46.5847 Z0.0400 F5142.9 ; Width: 0.350mm
G1 X97.7830 Y46.5855 Z0.0400 F5142.9 ; Width: 0.350mm
G1 X97.8030 Y46.5660 Z0.0400 F5142.9 ; Width: 0.350mm
G1 X97.8230 Y46.5859 Z0.0400 F5142.9 ; Width: 0.350mm
G1 X97.9030 Y46.5868 Z0.0400 F5142.9 ; Width: 0.350mm
G1 X97.9230 Y46.6067 Z0.0400 F5142.9 ; Width: 0.350mm
G1 X97.9430 Y46.6069 Z0.0400 F5142.9 ; Width: 0.350mm
G1 X97.9830 Y46.6467 Z0.0400 F5142.9 ; Width: 0.350mm
G1 X98.0030 Y46.6469 Z0.0400 F5142.9 ; Width: 0.350mm
G1 X98.0230 Y46.6667 Z0.0400 F5142.9 ; Width: 0.350mm
G1 X98.0430 Y46.6669 Z0.0400 F5142.9 ; Width: 0.350mm
G1 X98.0630 Y46.6867 Z0.0400 F5142.9 ; Width: 0.350mm
G1 X98.0830 Y46.6869 Z0.0400 F5142.9 ; Width: 0.350mm
G1 X98.1030 Y46.7067 Z0.0400 F5142.9 ; Width: 0.350mm
G1 X98.1430 Y46.7070 Z0.0400 F5142.9 ; Width: 0.350mm
G1 X98.1630 Y46.7268 Z0.0400 F5142.9 ; Width: 0.350mm
G1 X98.1830 Y46.7269 Z0.0400 F5142.9 ; Width: 0.350mm
G1 X98.2030 Y46.7466 Z0.0400 F5142.9 ; Width: 0.350mm
G1 X98.2630 Y46.7470 Z0.0400 F5142.9 ; Width: 0.350mm
G1 X98.2830 Y46.7667 Z0.0400 F5142.9 ; Width: 0.350mm
G1 X98.3630 Y46.7670 Z0.0400 F5142.9 ; Width: 0.350mm
G1 X98.3830 Y46.7866 Z0.0400 F5142.9 ; Width: 0.350mm
G1 X100.6830 Y46.7866 Z0.0400 F1565.2 ; Width: 1.150mm
G1 X100.7030 Y46.7670 Z0.0400 F5142.9 ; Width: 0.350mm
G1 X100.7830 Y46.7667 Z0.0400 F5142.9 ; Width: 0.350mm
G1 X100.8030 Y46.7470 Z0.0400 F5142.9 ; Width: 0.350mm
G1 X100.8630 Y46.7466 Z0.0400 F5142.9 ; Width: 0.350mm
G1 X100.8830 Y46.7269 Z0.0400 F5142.9 ; Width: 0.350mm
G1 X100.9030 Y46.7268 Z0.0400 F5142.9 ; Width: 0.350mm
G1 X100.9230 Y46.7070 Z0.0400 F5142.9 ; Width: 0.350mm
G1 X100.9630 Y46.7067 Z0.0400 F5142.9 ; Width: 0.350mm
G1 X100.9830 Y46.6869 Z0.0400 F5142.9 ; Width: 0.350mm
G1 X101.0030 Y46.6867 Z0.0400 F5142.9 ; Width: 0.350mm
G1 X101.0230 Y46.6669 Z0.0400 F5142.9 ; Width: 0.350mm
G1 X101.0430 Y46.6667 Z0.0400 F5142.9 ; Width: 0.350mm
G1 X101.0630 Y46.6469 Z0.0400 F5142.9 ; Width: 0.350mm
G1 X101.0830 Y46.6467 Z0.0400 F5142.9 ; Width: 0.350mm
G1 X101.1230 Y46.6069 Z0.0400 F5142.9 ; Width: 0.350mm
G1 X101.1430 Y46.6067 Z0.0400 F5142.9 ; Width: 0.350mm
G1 X101.2030 Y46.5470 Z0.0400 F5142.9 ; Width: 0.350mm
G1 X101.2230 Y46.5467 Z0.0400 F5142.9 ; Width: 0.350mm
G1 X101.4027 Y46.3670 Z0.0400 F5142.9 ; Width: 0.350mm
G1 X101.4030 Y46.3470 Z0.0400 F5142.9 ; Width: 0.350mm
G1 X101.4627 Y46.2870 Z0.0400 F5142.9 ; Width: 0.350mm
G1 X101.4629 Y46.2670 Z0.0400 F5142.9 ; Width: 0.350mm
G1 X101.5027 Y46.2270 Z0.0400 F5142.9 ; Width: 0.350mm
G1 X101.5029 Y46.2070 Z0.0400 F5142.9 ; Width: 0.350mm
G1 X101.5227 Y46.1870 Z0.0400 F5142.9 ; Width: 0.350mm
G1 X101.5229 Y46.1670 Z0.0400 F5142.9 ; Width: 0.350mm
G1 X101.5427 Y46.1470 Z0.0400 F5142.9 ; Width: 0.350mm
G1 X101.5429 Y46.1270 Z0.0400 F5142.9 ; Width: 0.350mm
G1 X101.5627 Y46.1070 Z0.0400 F5142.9 ; Width: 0.350mm
G1 X101.5629 Y46.0870 Z0.0400 F5142.9 ; Width: 0.350mm
G1 X101.5827 Y46.0670 Z0.0400 F5142.9 ; Width: 0.350mm
G1 X101.5830 Y46.0270 Z0.0400 F5142.9 ; Width: 0.350mm
G1 X101.6028 Y46.0070 Z0.0400 F5142.9 ; Width: 0.350mm
G1 X101.6029 Y45.9870 Z0.0400 F5142.9 ; Width: 0.350mm
G1 X101.6226 Y45.9670 Z0.0400 F5142.9 ; Width: 0.350mm
G1 X101.6230 Y45.9070 Z0.0400 F5142.9 ; Width: 0.350mm
G1 X101.6427 Y45.8870 Z0.0400 F5142.9 ; Width: 0.350mm
G1 X101.6430 Y45.8070 Z0.0400 F5142.9 ; Width: 0.350mm
G1 X101.6626 Y45.7870 Z0.0400 F5142.9 ; Width: 0.350mm
G1 X101.6626 Y43.7270 Z0.0400 F1747.6 ; Width: 1.030mm
G1 X101.6430 Y43.7070 Z0.0400 F5142.9 ; Width: 0.350mm
G1 X101.6426 Y43.5270 Z0.0400 F5142.9 ; Width: 0.350mm
G1 X101.6230 Y43.5070 Z0.0400 F5142.9 ; Width: 0.350mm
G1 X101.6226 Y43.1470 Z0.0400 F5142.9 ; Width: 0.350mm
G1 X101.6030 Y43.1270 Z0.0400 F5142.9 ; Width: 0.350mm
G1 X101.6026 Y43.0270 Z0.0400 F5142.9 ; Width: 0.350mm
G1 X101.5830 Y43.0070 Z0.0400 F5142.9 ; Width: 0.350mm
G1 X101.5826 Y42.7870 Z0.0400 F5142.9 ; Width: 0.350mm
G1 X101.5630 Y42.7670 Z0.0400 F5142.9 ; Width: 0.350mm
G1 X101.5627 Y42.6870 Z0.0400 F5142.9 ; Width: 0.350mm
G1 X101.5430 Y42.6670 Z0.0400 F5142.9 ; Width: 0.350mm
G1 X101.5426 Y42.5470 Z0.0400 F5142.9 ; Width: 0.350mm
G1 X101.5230 Y42.5270 Z0.0400 F5142.9 ; Width: 0.350mm
G1 X101.5227 Y42.4470 Z0.0400 F5142.9 ; Width: 0.350mm
G1 X101.5030 Y42.4270 Z0.0400 F5142.9 ; Width: 0.350mm
G1 X101.5027 Y42.3670 Z0.0400 F5142.9 ; Width: 0.350mm
G1 X101.4830 Y42.3470 Z0.0400 F5142.9 ; Width: 0.350mm
G1 X101.4826 Y42.2670 Z0.0400 F5142.9 ; Width: 0.350mm
G1 X101.4630 Y42.2470 Z0.0400 F5142.9 ; Width: 0.350mm
G1 X101.4626 Y42.1470 Z0.0400 F5142.9 ; Width: 0.350mm
G1 X101.4430 Y42.1270 Z0.0400 F5142.9 ; Width: 0.350mm
G1 X101.4427 Y42.0470 Z0.0400 F5142.9 ; Width: 0.350mm
G1 X101.4230 Y42.0270 Z0.0400 F5142.9 ; Width: 0.350mm
G1 X101.4226 Y41.9670 Z0.0400 F5142.9 ; Width: 0.350mm
G1 X101.4029 Y41.9470 Z0.0400 F5142.9 ; Width: 0.350mm
G1 X101.4026 Y41.9070 Z0.0400 F5142.9 ; Width: 0.350mm
G1 X101.3829 Y41.8870 Z0.0400 F5142.9 ; Width: 0.350mm
G1 X101.3827 Y41.8470 Z0.0400 F5142.9 ; Width: 0.350mm
G1 X101.3630 Y41.8270 Z0.0400 F5142.9 ; Width: 0.350mm
G1 X101.3626 Y41.7670 Z0.0400 F5142.9 ; Width: 0.350mm
G1 X101.3429 Y41.7470 Z0.0400 F5142.9 ; Width: 0.350mm
G1 X101.3426 Y41.7070 Z0.0400 F5142.9 ; Width: 0.350mm
G1 X101.3229 Y41.6870 Z0.0400 F5142.9 ; Width: 0.350mm
G1 X101.3227 Y41.6470 Z0.0400 F5142.9 ; Width: 0.350mm
G1 X101.3030 Y41.6270 Z0.0400 F5142.9 ; Width: 0.350mm
G1 X101.3026 Y41.5670 Z0.0400 F5142.9 ; Width: 0.350mm
G1 X101.2829 Y41.5470 Z0.0400 F5142.9 ; Width: 0.350mm
G1 X101.2826 Y41.5070 Z0.0400 F5142.9 ; Width: 0.350mm
G1 X101.2629 Y41.4870 Z0.0400 F5142.9 ; Width: 0.350mm
G1 X101.2628 Y41.4670 Z0.0400 F5142.9 ; Width: 0.350mm
G1 X101.2430 Y41.4470 Z0.0400 F5142.9 ; Width: 0.350mm
G1 X101.2427 Y41.4070 Z0.0400 F5142.9 ; Width: 0.350mm
G1 X101.2229 Y41.3870 Z0.0400 F5142.9 ; Width: 0.350mm
G1 X101.2228 Y41.3670 Z0.0400 F5142.9 ; Width: 0.350mm
G1 X101.2030 Y41.3470 Z0.0400 F5142.9 ; Width: 0.350mm
G1 X101.2027 Y41.3070 Z0.0400 F5142.9 ; Width: 0.350mm
G1 X101.1829 Y41.2870 Z0.0400 F5142.9 ; Width: 0.350mm
G1 X101.1828 Y41.2670 Z0.0400 F5142.9 ; Width: 0.350mm
G1 X101.1630 Y41.2470 Z0.0400 F5142.9 ; Width: 0.350mm
G1 X101.1627 Y41.2070 Z0.0400 F5142.9 ; Width: 0.350mm
G1 X101.1429 Y41.1870 Z0.0400 F5142.9 ; Width: 0.350mm
G1 X101.1428 Y41.1670 Z0.0400 F5142.9 ; Width: 0.350mm
G1 X101.1230 Y41.1470 Z0.0400 F5142.9 ; Width: 0.350mm
G1 X101.1227 Y41.1070 Z0.0400 F5142.9 ; Width: 0.350mm
G1 X101.1029 Y41.0870 Z0.0400 F5142.9 ; Width: 0.350mm
G1 X101.1027 Y41.0670 Z0.0400 F5142.9 ; Width: 0.350mm
G1 X101.0829 Y41.0470 Z0.0400 F5142.9 ; Width: 0.350mm
G1 X101.0827 Y41.0270 Z0.0400 F5142.9 ; Width: 0.350mm
G1 X101.0629 Y41.0070 Z0.0400 F5142.9 ; Width: 0.350mm
G1 X101.0627 Y40.9870 Z0.0400 F5142.9 ; Width: 0.350mm
G1 X101.0429 Y40.9670 Z0.0400 F5142.9 ; Width: 0.350mm
G1 X101.0427 Y40.9470 Z0.0400 F5142.9 ; Width: 0.350mm
G1 X101.0229 Y40.9270 Z0.0400 F5142.9 ; Width: 0.350mm
G1 X101.0227 Y40.9070 Z0.0400 F5142.9 ; Width: 0.350mm
G1 X101.0029 Y40.8870 Z0.0400 F5142.9 ; Width: 0.350mm
G1 X101.0027 Y40.8670 Z0.0400 F5142.9 ; Width: 0.350mm
G1 X100.9829 Y40.8470 Z0.0400 F5142.9 ; Width: 0.350mm
G1 X100.9827 Y40.8270 Z0.0400 F5142.9 ; Width: 0.350mm
G1 X100.9629 Y40.8070 Z0.0400 F5142.9 ; Width: 0.350mm
G1 X100.9627 Y40.7870 Z0.0400 F5142.9 ; Width: 0.350mm
G1 X100.9429 Y40.7670 Z0.0400 F5142.9 ; Width: 0.350mm
M118 P0 S"66" ; Sync timer
G1 X100.9427 Y40.7470 Z0.0400 F5142.9 ; Width: 0.350mm
G1 X100.9229 Y40.7270 Z0.0400 F5142.9 ; Width: 0.350mm
G1 X100.9227 Y40.7070 Z0.0400 F5142.9 ; Width: 0.350mm
G1 X100.9029 Y40.6870 Z0.0400 F5142.9 ; Width: 0.350mm
G1 X100.9027 Y40.6670 Z0.0400 F5142.9 ; Width: 0.350mm
G1 X100.8629 Y40.6270 Z0.0400 F5142.9 ; Width: 0.350mm
G1 X100.8627 Y40.6070 Z0.0400 F5142.9 ; Width: 0.350mm
G1 X100.8229 Y40.5670 Z0.0400 F5142.9 ; Width: 0.350mm
G1 X100.8227 Y40.5470 Z0.0400 F5142.9 ; Width: 0.350mm
G1 X100.8029 Y40.5270 Z0.0400 F5142.9 ; Width: 0.350mm
G1 X100.8027 Y40.5070 Z0.0400 F5142.9 ; Width: 0.350mm
G1 X100.7829 Y40.4870 Z0.0400 F5142.9 ; Width: 0.350mm
G1 X100.7827 Y40.4670 Z0.0400 F5142.9 ; Width: 0.350mm
G1 X100.7429 Y40.4270 Z0.0400 F5142.9 ; Width: 0.350mm
G1 X100.7427 Y40.4070 Z0.0400 F5142.9 ; Width: 0.350mm
G1 X100.6830 Y40.3470 Z0.0400 F5142.9 ; Width: 0.350mm
G1 X100.6827 Y40.3270 Z0.0400 F5142.9 ; Width: 0.350mm
G1 X100.6229 Y40.2670 Z0.0400 F5142.9 ; Width: 0.350mm
G1 X100.6227 Y40.2470 Z0.0400 F5142.9 ; Width: 0.350mm
G1 X100.5630 Y40.1870 Z0.0400 F5142.9 ; Width: 0.350mm
G1 X100.5627 Y40.1670 Z0.0400 F5142.9 ; Width: 0.350mm
G1 X100.5030 Y40.1070 Z0.0400 F5142.9 ; Width: 0.350mm
G1 X100.5027 Y40.0870 Z0.0400 F5142.9 ; Width: 0.350mm
G1 X100.4430 Y40.0270 Z0.0400 F5142.9 ; Width: 0.350mm
G1 X100.4427 Y40.0070 Z0.0400 F5142.9 ; Width: 0.350mm
G1 X100.0430 Y39.6073 Z0.0400 F5142.9 ; Width: 0.350mm
G1 X100.0230 Y39.6070 Z0.0400 F5142.9 ; Width: 0.350mm
G1 X99.9030 Y39.4873 Z0.0400 F5142.9 ; Width: 0.350mm
G1 X99.8830 Y39.4870 Z0.0400 F5142.9 ; Width: 0.350mm
G1 X99.8230 Y39.4273 Z0.0400 F5142.9 ; Width: 0.350mm
G1 X99.8030 Y39.4271 Z0.0400 F5142.9 ; Width: 0.350mm
G1 X99.7630 Y39.3873 Z0.0400 F5142.9 ; Width: 0.350mm
G1 X99.7430 Y39.3870 Z0.0400 F5142.9 ; Width: 0.350mm
G1 X99.6830 Y39.3273 Z0.0400 F5142.9 ; Width: 0.350mm
G1 X99.6630 Y39.3271 Z0.0400 F5142.9 ; Width: 0.350mm
G1 X99.6230 Y39.2873 Z0.0400 F5142.9 ; Width: 0.350mm
G1 X99.6030 Y39.2871 Z0.0400 F5142.9 ; Width: 0.350mm
G1 X99.5630 Y39.2473 Z0.0400 F5142.9 ; Width: 0.350mm
G1 X99.5430 Y39.2471 Z0.0400 F5142.9 ; Width: 0.350mm
G1 X99.5230 Y39.2273 Z0.0400 F5142.9 ; Width: 0.350mm
G1 X99.5030 Y39.2271 Z0.0400 F5142.9 ; Width: 0.350mm
G1 X99.4830 Y39.2073 Z0.0400 F5142.9 ; Width: 0.350mm
G1 X99.4630 Y39.2071 Z0.0400 F5142.9 ; Width: 0.350mm
G1 X99.4430 Y39.1873 Z0.0400 F5142.9 ; Width: 0.350mm
G1 X99.4230 Y39.1871 Z0.0400 F5142.9 ; Width: 0.350mm
G1 X99.3830 Y39.1473 Z0.0400 F5142.9 ; Width: 0.350mm
G1 X99.3630 Y39.1471 Z0.0400 F5142.9 ; Width: 0.350mm
G1 X99.3430 Y39.1273 Z0.0400 F5142.9 ; Width: 0.350mm
G1 X99.3230 Y39.1271 Z0.0400 F5142.9 ; Width: 0.350mm
G1 X99.3030 Y39.1073 Z0.0400 F5142.9 ; Width: 0.350mm
G1 X99.2830 Y39.1071 Z0.0400 F5142.9 ; Width: 0.350mm
G1 X99.2630 Y39.0873 Z0.0400 F5142.9 ; Width: 0.350mm
G1 X99.2230 Y39.0870 Z0.0400 F5142.9 ; Width: 0.350mm
G1 X99.2030 Y39.0672 Z0.0400 F5142.9 ; Width: 0.350mm
G1 X99.1830 Y39.0671 Z0.0400 F5142.9 ; Width: 0.350mm
G1 X99.1630 Y39.0473 Z0.0400 F5142.9 ; Width: 0.350mm
G1 X99.1430 Y39.0471 Z0.0400 F5142.9 ; Width: 0.350mm
G1 X99.1230 Y39.0273 Z0.0400 F5142.9 ; Width: 0.350mm
G1 X99.1030 Y39.0271 Z0.0400 F5142.9 ; Width: 0.350mm
G1 X99.0830 Y39.0073 Z0.0400 F5142.9 ; Width: 0.350mm
G1 X99.0630 Y39.0071 Z0.0400 F5142.9 ; Width: 0.350mm
G1 X99.0430 Y38.9873 Z0.0400 F5142.9 ; Width: 0.350mm
G1 X99.0030 Y38.9870 Z0.0400 F5142.9 ; Width: 0.350mm
G1 X98.9830 Y38.9672 Z0.0400 F5142.9 ; Width: 0.350mm
G1 X98.9630 Y38.9671 Z0.0400 F5142.9 ; Width: 0.350mm
G1 X98.9430 Y38.9474 Z0.0400 F5142.9 ; Width: 0.350mm
G1 X98.8830 Y38.9470 Z0.0400 F5142.9 ; Width: 0.350mm
G1 X98.8630 Y38.9272 Z0.0400 F5142.9 ; Width: 0.350mm
G1 X98.8430 Y38.9271 Z0.0400 F5142.9 ; Width: 0.350mm
G1 X98.8230 Y38.9074 Z0.0400 F5142.9 ; Width: 0.350mm
G1 X98.7630 Y38.9070 Z0.0400 F5142.9 ; Width: 0.350mm
G1 X98.7430 Y38.8873 Z0.0400 F5142.9 ; Width: 0.350mm
G1 X98.6830 Y38.8870 Z0.0400 F5142.9 ; Width: 0.350mm
G1 X98.6630 Y38.8673 Z0.0400 F5142.9 ; Width: 0.350mm
G1 X98.6230 Y38.8671 Z0.0400 F5142.9 ; Width: 0.350mm
G1 X98.6030 Y38.8474 Z0.0400 F5142.9 ; Width: 0.350mm
G1 X98.5430 Y38.8470 Z0.0400 F5142.9 ; Width: 0.350mm
G1 X98.5230 Y38.8273 Z0.0400 F5142.9 ; Width: 0.350mm
G1 X98.4430 Y38.8270 Z0.0400 F5142.9 ; Width: 0.350mm
G1 X98.4230 Y38.8074 Z0.0400 F5142.9 ; Width: 0.350mm
G1 X98.3430 Y38.8070 Z0.0400 F5142.9 ; Width: 0.350mm
G1 X98.3230 Y38.7873 Z0.0400 F5142.9 ; Width: 0.350mm
G1 X98.2430 Y38.7870 Z0.0400 F5142.9 ; Width: 0.350mm
G1 X98.2230 Y38.7674 Z0.0400 F5142.9 ; Width: 0.350mm
G1 X98.0830 Y38.7670 Z0.0400 F5142.9 ; Width: 0.350mm
G1 X98.0630 Y38.7474 Z0.0400 F5142.9 ; Width: 0.350mm
G1 X97.8430 Y38.7470 Z0.0400 F5142.9 ; Width: 0.350mm
G1 X97.8230 Y38.7274 Z0.0400 F5142.9 ; Width: 0.350mm
G1 X97.1830 Y38.7274 Z0.0400 F5142.9 ; Width: 0.350mm
G1 X97.1630 Y38.7470 Z0.0400 F5142.9 ; Width: 0.350mm
G1 X96.9430 Y38.7474 Z0.0400 F5142.9 ; Width: 0.350mm
G1 X96.9230 Y38.7670 Z0.0400 F5142.9 ; Width: 0.350mm
G1 X96.7830 Y38.7674 Z0.0400 F5142.9 ; Width: 0.350mm
G1 X96.7630 Y38.7870 Z0.0400 F5142.9 ; Width: 0.350mm
G1 X96.6830 Y38.7873 Z0.0400 F5142.9 ; Width: 0.350mm
G1 X96.6630 Y38.8070 Z0.0400 F5142.9 ; Width: 0.350mm
G1 X96.5830 Y38.8074 Z0.0400 F5142.9 ; Width: 0.350mm
G1 X96.5630 Y38.8270 Z0.0400 F5142.9 ; Width: 0.350mm
G1 X96.4830 Y38.8273 Z0.0400 F5142.9 ; Width: 0.350mm
G1 X96.4630 Y38.8470 Z0.0400 F5142.9 ; Width: 0.350mm
G1 X96.4030 Y38.8474 Z0.0400 F5142.9 ; Width: 0.350mm
G1 X96.3830 Y38.8671 Z0.0400 F5142.9 ; Width: 0.350mm
G1 X96.3430 Y38.8673 Z0.0400 F5142.9 ; Width: 0.350mm
G1 X96.3230 Y38.8870 Z0.0400 F5142.9 ; Width: 0.350mm
G1 X96.2630 Y38.8873 Z0.0400 F5142.9 ; Width: 0.350mm
G1 X96.2430 Y38.9070 Z0.0400 F5142.9 ; Width: 0.350mm
G1 X96.1830 Y38.9074 Z0.0400 F5142.9 ; Width: 0.350mm
G1 X96.1630 Y38.9271 Z0.0400 F5142.9 ; Width: 0.350mm
G1 X96.1430 Y38.9272 Z0.0400 F5142.9 ; Width: 0.350mm
G1 X96.1230 Y38.9470 Z0.0400 F5142.9 ; Width: 0.350mm
G1 X96.0630 Y38.9474 Z0.0400 F5142.9 ; Width: 0.350mm
G1 X96.0430 Y38.9671 Z0.0400 F5142.9 ; Width: 0.350mm
G1 X96.0230 Y38.9672 Z0.0400 F5142.9 ; Width: 0.350mm
G1 X96.0030 Y38.9870 Z0.0400 F5142.9 ; Width: 0.350mm
G1 X95.9630 Y38.9873 Z0.0400 F5142.9 ; Width: 0.350mm
G1 X95.9430 Y39.0071 Z0.0400 F5142.9 ; Width: 0.350mm
G1 X95.9230 Y39.0073 Z0.0400 F5142.9 ; Width: 0.350mm
G1 X95.9030 Y39.0271 Z0.0400 F5142.9 ; Width: 0.350mm
G1 X95.8830 Y39.0273 Z0.0400 F5142.9 ; Width: 0.350mm
G1 X95.8630 Y39.0471 Z0.0400 F5142.9 ; Width: 0.350mm
G1 X95.8430 Y39.0472 Z0.0400 F5142.9 ; Width: 0.350mm
G1 X95.8230 Y39.0670 Z0.0400 F5142.9 ; Width: 0.350mm
G1 X95.7830 Y39.0673 Z0.0400 F5142.9 ; Width: 0.350mm
G1 X95.7630 Y39.0871 Z0.0400 F5142.9 ; Width: 0.350mm
G1 X95.7430 Y39.0873 Z0.0400 F5142.9 ; Width: 0.350mm
G1 X95.7230 Y39.1071 Z0.0400 F5142.9 ; Width: 0.350mm
G1 X95.7030 Y39.1073 Z0.0400 F5142.9 ; Width: 0.350mm
G1 X95.6830 Y39.1271 Z0.0400 F5142.9 ; Width: 0.350mm
G1 X95.6630 Y39.1273 Z0.0400 F5142.9 ; Width: 0.350mm
G1 X95.6430 Y39.1471 Z0.0400 F5142.9 ; Width: 0.350mm
G1 X95.6230 Y39.1473 Z0.0400 F5142.9 ; Width: 0.350mm
G1 X95.6030 Y39.1671 Z0.0400 F5142.9 ; Width: 0.350mm
G1 X95.5830 Y39.1673 Z0.0400 F5142.9 ; Width: 0.350mm
G1 X95.5430 Y39.2071 Z0.0400 F5142.9 ; Width: 0.350mm
G1 X95.5230 Y39.2073 Z0.0400 F5142.9 ; Width: 0.350mm
G1 X95.5030 Y39.2271 Z0.0400 F5142.9 ; Width: 0.350mm
G1 X95.4830 Y39.2273 Z0.0400 F5142.9 ; Width: 0.350mm
G1 X95.4630 Y39.2471 Z0.0400 F5142.9 ; Width: 0.350mm
G1 X95.4430 Y39.2473 Z0.0400 F5142.9 ; Width: 0.350mm
G1 X95.4030 Y39.2871 Z0.0400 F5142.9 ; Width: 0.350mm
G1 X95.3830 Y39.2873 Z0.0400 F5142.9 ; Width: 0.350mm
G1 X95.3630 Y39.3071 Z0.0400 F5142.9 ; Width: 0.350mm
G1 X95.3430 Y39.3073 Z0.0400 F5142.9 ; Width: 0.350mm
G1 X95.3030 Y39.3471 Z0.0400 F5142.9 ; Width: 0.350mm
G1 X95.2830 Y39.3473 Z0.0400 F5142.9 ; Width: 0.350mm
G1 X95.2430 Y39.3871 Z0.0400 F5142.9 ; Width: 0.350mm
G1 X95.2230 Y39.3873 Z0.0400 F5142.9 ; Width: 0.350mm
G1 X95.1630 Y39.4470 Z0.0400 F5142.9 ; Width: 0.350mm
G1 X95.1430 Y39.4473 Z0.0400 F5142.9 ; Width: 0.350mm
G1 X95.0630 Y39.5270 Z0.0400 F5142.9 ; Width: 0.350mm
G1 X95.0430 Y39.5273 Z0.0400 F5142.9 ; Width: 0.350mm
G1 X94.9430 Y39.6270 Z0.0400 F5142.9 ; Width: 0.350mm
G1 X94.9230 Y39.6273 Z0.0400 F5142.9 ; Width: 0.350mm
G1 X94.5633 Y39.9870 Z0.0400 F5142.9 ; Width: 0.350mm
G1 X94.5630 Y40.0070 Z0.0400 F5142.9 ; Width: 0.350mm
G1 X94.4230 Y40.1474 Z0.0400 F5142.9 ; Width: 0.350mm
G1 X94.4030 Y40.1477 Z0.0400 F5142.9 ; Width: 0.350mm
G1 X94.3830 Y40.1677 Z0.0400 F5142.9 ; Width: 0.350mm
G1 X94.3030 Y40.1687 Z0.0400 F5142.9 ; Width: 0.350mm
G1 X94.2830 Y40.1888 Z0.0400 F5142.9 ; Width: 0.350mm
G1 X94.2630 Y40.1692 Z0.0400 F5142.9 ; Width: 0.350mm
G1 X94.1830 Y40.1698 Z0.0400 F5142.9 ; Width: 0.350mm
G1 X94.1630 Y40.1495 Z0.0400 F5142.9 ; Width: 0.350mm
G1 X94.1430 Y40.1492 Z0.0400 F5142.9 ; Width: 0.350mm
G1 X94.0424 Y40.0470 Z0.0400 F5142.9 ; Width: 0.350mm
G1 X94.0424 Y40.0070 Z0.0400 F5142.9 ; Width: 0.350mm
G1 X94.0228 Y39.9870 Z0.0400 F5142.9 ; Width: 0.350mm
G1 X94.0226 Y39.9270 Z0.0400 F5142.9 ; Width: 0.350mm
G1 X94.0030 Y39.9070 Z0.0400 F5142.9 ; Width: 0.350mm
G1 X94.0027 Y39.8270 Z0.0400 F5142.9 ; Width: 0.350mm
G1 X93.9830 Y39.8070 Z0.0400 F5142.9 ; Width: 0.350mm
G1 X93.9826 Y39.7470 Z0.0400 F5142.9 ; Width: 0.350mm
G1 X93.9629 Y39.7270 Z0.0400 F5142.9 ; Width: 0.350mm
G1 X93.9628 Y39.7070 Z0.0400 F5142.9 ; Width: 0.350mm
G1 X93.9430 Y39.6870 Z0.0400 F5142.9 ; Width: 0.350mm
G1 X93.9427 Y39.6470 Z0.0400 F5142.9 ; Width: 0.350mm
G1 X93.9229 Y39.6270 Z0.0400 F5142.9 ; Width: 0.350mm
G1 X93.9227 Y39.6070 Z0.0400 F5142.9 ; Width: 0.350mm
G1 X93.9029 Y39.5870 Z0.0400 F5142.9 ; Width: 0.350mm
G1 X93.9027 Y39.5670 Z0.0400 F5142.9 ; Width: 0.350mm
G1 X93.8829 Y39.5470 Z0.0400 F5142.9 ; Width: 0.350mm
G1 X93.8827 Y39.5270 Z0.0400 F5142.9 ; Width: 0.350mm
G1 X93.8429 Y39.4870 Z0.0400 F5142.9 ; Width: 0.350mm
G1 X93.8427 Y39.4670 Z0.0400 F5142.9 ; Width: 0.350mm
G1 X93.7830 Y39.4070 Z0.0400 F5142.9 ; Width: 0.350mm
G1 X93.7827 Y39.3870 Z0.0400 F5142.9 ; Width: 0.350mm
G1 X93.7430 Y39.3472 Z0.0400 F5142.9 ; Width: 0.350mm
G1 X93.5830 Y39.1873 Z0.0400 F5142.9 ; Width: 0.350mm
G1 X93.5630 Y39.1870 Z0.0400 F5142.9 ; Width: 0.350mm
G1 X93.5030 Y39.1273 Z0.0400 F5142.9 ; Width: 0.350mm
G1 X93.4830 Y39.1271 Z0.0400 F5142.9 ; Width: 0.350mm
G1 X93.4430 Y39.0873 Z0.0400 F5142.9 ; Width: 0.350mm
G1 X93.4230 Y39.0871 Z0.0400 F5142.9 ; Width: 0.350mm
G1 X93.4030 Y39.0673 Z0.0400 F5142.9 ; Width: 0.350mm
G1 X93.3830 Y39.0671 Z0.0400 F5142.9 ; Width: 0.350mm
G1 X93.3630 Y39.0473 Z0.0400 F5142.9 ; Width: 0.350mm
G1 X93.3430 Y39.0471 Z0.0400 F5142.9 ; Width: 0.350mm
G1 X93.3230 Y39.0273 Z0.0400 F5142.9 ; Width: 0.350mm
G1 X93.2830 Y39.0270 Z0.0400 F5142.9 ; Width: 0.350mm
G1 X93.2630 Y39.0072 Z0.0400 F5142.9 ; Width: 0.350mm
G1 X93.2430 Y39.0071 Z0.0400 F5142.9 ; Width: 0.350mm
G1 X93.2230 Y38.9874 Z0.0400 F5142.9 ; Width: 0.350mm
G1 X93.1630 Y38.9870 Z0.0400 F5142.9 ; Width: 0.350mm
G1 X93.1430 Y38.9673 Z0.0400 F5142.9 ; Width: 0.350mm
G1 X93.0630 Y38.9670 Z0.0400 F5142.9 ; Width: 0.350mm
G1 X93.0430 Y38.9474 Z0.0400 F5142.9 ; Width: 0.350mm
G1 X90.9830 Y38.9474 Z0.0400 F1747.6 ; Width: 1.030mm
G1 X90.9630 Y38.9670 Z0.0400 F5142.9 ; Width: 0.350mm
G1 X90.8830 Y38.9673 Z0.0400 F5142.9 ; Width: 0.350mm
G1 X90.8630 Y38.9870 Z0.0400 F5142.9 ; Width: 0.350mm
G1 X90.8030 Y38.9874 Z0.0400 F5142.9 ; Width: 0.350mm
G1 X90.7830 Y39.0071 Z0.0400 F5142.9 ; Width: 0.350mm
G1 X90.7630 Y39.0072 Z0.0400 F5142.9 ; Width: 0.350mm
G1 X90.7430 Y39.0270 Z0.0400 F5142.9 ; Width: 0.350mm
G1 X90.7030 Y39.0273 Z0.0400 F5142.9 ; Width: 0.350mm
G1 X90.6830 Y39.0471 Z0.0400 F5142.9 ; Width: 0.350mm
G1 X90.6630 Y39.0473 Z0.0400 F5142.9 ; Width: 0.350mm
G1 X90.6430 Y39.0671 Z0.0400 F5142.9 ; Width: 0.350mm
G1 X90.6230 Y39.0673 Z0.0400 F5142.9 ; Width: 0.350mm
G1 X90.6030 Y39.0871 Z0.0400 F5142.9 ; Width: 0.350mm
G1 X90.5830 Y39.0873 Z0.0400 F5142.9 ; Width: 0.350mm
G1 X90.5430 Y39.1271 Z0.0400 F5142.9 ; Width: 0.350mm
G1 X90.5230 Y39.1273 Z0.0400 F5142.9 ; Width: 0.350mm
G1 X90.4630 Y39.1870 Z0.0400 F5142.9 ; Width: 0.350mm
G1 X90.4430 Y39.1873 Z0.0400 F5142.9 ; Width: 0.350mm
G1 X90.3030 Y39.3272 Z0.0400 F5142.9 ; Width: 0.350mm
G1 X90.2830 Y39.3275 Z0.0400 F5142.9 ; Width: 0.350mm
G1 X90.2630 Y39.3475 Z0.0400 F5142.9 ; Width: 0.350mm
G1 X90.1830 Y39.3485 Z0.0400 F5142.9 ; Width: 0.350mm
G1 X90.1630 Y39.3686 Z0.0400 F5142.9 ; Width: 0.350mm
G1 X90.1430 Y39.3686 Z0.0400 F5142.9 ; Width: 0.350mm
G1 X90.1230 Y39.3485 Z0.0400 F5142.9 ; Width: 0.350mm
G1 X90.0430 Y39.3475 Z0.0400 F5142.9 ; Width: 0.350mm
G1 X90.0230 Y39.3275 Z0.0400 F5142.9 ; Width: 0.350mm
G1 X90.0030 Y39.3272 Z0.0400 F5142.9 ; Width: 0.350mm
G1 X89.8630 Y39.1873 Z0.0400 F5142.9 ; Width: 0.350mm
G1 X89.8430 Y39.1870 Z0.0400 F5142.9 ; Width: 0.350mm
G1 X89.7830 Y39.1273 Z0.0400 F5142.9 ; Width: 0.350mm
G1 X89.7630 Y39.1271 Z0.0400 F5142.9 ; Width: 0.350mm
G1 X89.7230 Y39.0873 Z0.0400 F5142.9 ; Width: 0.350mm
G1 X89.7030 Y39.0871 Z0.0400 F5142.9 ; Width: 0.350mm
G1 X89.6830 Y39.0673 Z0.0400 F5142.9 ; Width: 0.350mm
G1 X89.6630 Y39.0671 Z0.0400 F5142.9 ; Width: 0.350mm
G1 X89.6430 Y39.0473 Z0.0400 F5142.9 ; Width: 0.350mm
G1 X89.6230 Y39.0471 Z0.0400 F5142.9 ; Width: 0.350mm
G1 X89.6030 Y39.0273 Z0.0400 F5142.9 ; Width: 0.350mm
G1 X89.5630 Y39.0270 Z0.0400 F5142.9 ; Width: 0.350mm
G1 X89.5430 Y39.0072 Z0.0400 F5142.9 ; Width: 0.350mm
G1 X89.5230 Y39.0071 Z0.0400 F5142.9 ; Width: 0.350mm
G1 X89.5030 Y38.9874 Z0.0400 F5142.9 ; Width: 0.350mm
G1 X89.4430 Y38.9870 Z0.0400 F5142.9 ; Width: 0.350mm
G1 X89.4230 Y38.9673 Z0.0400 F5142.9 ; Width: 0.350mm
G1 X89.3430 Y38.9670 Z0.0400 F5142.9 ; Width: 0.350mm
G1 X89.3230 Y38.9474 Z0.0400 F5142.9 ; Width: 0.350mm
G1 X87.9630 Y38.9474 Z0.0400 F2647.1 ; Width: 0.680mm
G1 X87.9430 Y38.9670 Z0.0400 F5142.9 ; Width: 0.350mm
G1 X87.8630 Y38.9673 Z0.0400 F5142.9 ; Width: 0.350mm
G1 X87.8430 Y38.9870 Z0.0400 F5142.9 ; Width: 0.350mm
G1 X87.7830 Y38.9874 Z0.0400 F5142.9 ; Width: 0.350mm
G1 X87.7630 Y39.0071 Z0.0400 F5142.9 ; Width: 0.350mm
G1 X87.7430 Y39.0072 Z0.0400 F5142.9 ; Width: 0.350mm
G1 X87.7230 Y39.0270 Z0.0400 F5142.9 ; Width: 0.350mm
G1 X87.6830 Y39.0273 Z0.0400 F5142.9 ; Width: 0.350mm
G1 X87.6630 Y39.0471 Z0.0400 F5142.9 ; Width: 0.350mm
G1 X87.6430 Y39.0473 Z0.0400 F5142.9 ; Width: 0.350mm
G1 X87.6230 Y39.0671 Z0.0400 F5142.9 ; Width: 0.350mm
G1 X87.6030 Y39.0673 Z0.0400 F5142.9 ; Width: 0.350mm
G1 X87.5830 Y39.0871 Z0.0400 F5142.9 ; Width: 0.350mm
G1 X87.5630 Y39.0873 Z0.0400 F5142.9 ; Width: 0.350mm
G1 X87.5230 Y39.1271 Z0.0400 F5142.9 ; Width: 0.350mm
G1 X87.5030 Y39.1273 Z0.0400 F5142.9 ; Width: 0.350mm
G1 X87.4430 Y39.1870 Z0.0400 F5142.9 ; Width: 0.350mm
G1 X87.4230 Y39.1873 Z0.0400 F5142.9 ; Width: 0.350mm
G1 X87.2630 Y39.3472 Z0.0400 F5142.9 ; Width: 0.350mm
G1 X87.2430 Y39.3475 Z0.0400 F5142.9 ; Width: 0.350mm
G1 X87.2230 Y39.3675 Z0.0400 F5142.9 ; Width: 0.350mm
G1 X87.1430 Y39.3686 Z0.0400 F5142.9 ; Width: 0.350mm
G1 X87.1230 Y39.3886 Z0.0400 F5142.9 ; Width: 0.350mm
G1 X87.1030 Y39.3886 Z0.0400 F5142.9 ; Width: 0.350mm
G1 X87.0830 Y39.3686 Z0.0400 F5142.9 ; Width: 0.350mm
G1 X87.0030 Y39.3675 Z0.0400 F5142.9 ; Width: 0.350mm
G1 X86.9830 Y39.3475 Z0.0400 F5142.9 ; Width: 0.350mm
G1 X86.9630 Y39.3472 Z0.0400 F5142.9 ; Width: 0.350mm
G1 X86.8030 Y39.1873 Z0.0400 F5142.9 ; Width: 0.350mm
G1 X86.7830 Y39.1870 Z0.0400 F5142.9 ; Width: 0.350mm
G1 X86.7230 Y39.1273 Z0.0400 F5142.9 ; Width: 0.350mm
G1 X86.7030 Y39.1271 Z0.0400 F5142.9 ; Width: 0.350mm
G1 X86.6630 Y39.0873 Z0.0400 F5142.9 ; Width: 0.350mm
G1 X86.6430 Y39.0871 Z0.0400 F5142.9 ; Width: 0.350mm
G1 X86.6230 Y39.0673 Z0.0400 F5142.9 ; Width: 0.350mm
G1 X86.6030 Y39.0671 Z0.0400 F5142.9 ; Width: 0.350mm
G1 X86.5830 Y39.0473 Z0.0400 F5142.9 ; Width: 0.350mm
G1 X86.5630 Y39.0471 Z0.0400 F5142.9 ; Width: 0.350mm
G1 X86.5430 Y39.0273 Z0.0400 F5142.9 ; Width: 0.350mm
G1 X86.5030 Y39.0270 Z0.0400 F5142.9 ; Width: 0.350mm
G1 X86.4830 Y39.0072 Z0.0400 F5142.9 ; Width: 0.350mm
G1 X86.4630 Y39.0071 Z0.0400 F5142.9 ; Width: 0.350mm
G1 X86.4430 Y38.9874 Z0.0400 F5142.9 ; Width: 0.350mm
G1 X86.3830 Y38.9870 Z0.0400 F5142.9 ; Width: 0.350mm
G1 X86.3630 Y38.9673 Z0.0400 F5142.9 ; Width: 0.350mm
G1 X86.2830 Y38.9670 Z0.0400 F5142.9 ; Width: 0.350mm
G1 X86.2630 Y38.9474 Z0.0400 F5142.9 ; Width: 0.350mm
G1 X84.2230 Y38.9474 Z0.0400 F1764.7 ; Width: 1.020mm
G1 X84.2030 Y38.9670 Z0.0400 F5142.9 ; Width: 0.350mm
G1 X84.1230 Y38.9673 Z0.0400 F5142.9 ; Width: 0.350mm
G1 X84.1030 Y38.9870 Z0.0400 F5142.9 ; Width: 0.350mm
G1 X84.0430 Y38.9874 Z0.0400 F5142.9 ; Width: 0.350mm
G1 X84.0230 Y39.0071 Z0.0400 F5142.9 ; Width: 0.350mm
G1 X84.0030 Y39.0072 Z0.0400 F5142.9 ; Width: 0.350mm
G1 X83.9830 Y39.0270 Z0.0400 F5142.9 ; Width: 0.350mm
G1 X83.9430 Y39.0273 Z0.0400 F5142.9 ; Width: 0.350mm
G1 X83.9230 Y39.0471 Z0.0400 F5142.9 ; Width: 0.350mm
G1 X83.9030 Y39.0473 Z0.0400 F5142.9 ; Width: 0.350mm
G1 X83.8830 Y39.0671 Z0.0400 F5142.9 ; Width: 0.350mm
G1 X83.8630 Y39.0673 Z0.0400 F5142.9 ; Width: 0.350mm
G1 X83.8430 Y39.0871 Z0.0400 F5142.9 ; Width: 0.350mm
G1 X83.8230 Y39.0873 Z0.0400 F5142.9 ; Width: 0.350mm
G1 X83.7830 Y39.1271 Z0.0400 F5142.9 ; Width: 0.350mm
G1 X83.7630 Y39.1273 Z0.0400 F5142.9 ; Width: 0.350mm
G1 X83.7030 Y39.1870 Z0.0400 F5142.9 ; Width: 0.350mm
G1 X83.6830 Y39.1873 Z0.0400 F5142.9 ; Width: 0.350mm
G1 X83.6630 Y39.2072 Z0.0400 F5142.9 ; Width: 0.350mm
G1 X83.6430 Y39.2075 Z0.0400 F5142.9 ; Width: 0.350mm
G1 X83.6230 Y39.2275 Z0.0400 F5142.9 ; Width: 0.350mm
G1 X83.5430 Y39.2284 Z0.0400 F5142.9 ; Width: 0.350mm
G1 X83.5230 Y39.2484 Z0.0400 F5142.9 ; Width: 0.350mm
G1 X83.5030 Y39.2484 Z0.0400 F5142.9 ; Width: 0.350mm
G1 X83.4830 Y39.2284 Z0.0400 F5142.9 ; Width: 0.350mm
G1 X83.4030 Y39.2275 Z0.0400 F5142.9 ; Width: 0.350mm
G1 X83.3830 Y39.2075 Z0.0400 F5142.9 ; Width: 0.350mm
G1 X83.3630 Y39.2072 Z0.0400 F5142.9 ; Width: 0.350mm
G1 X83.3430 Y39.1873 Z0.0400 F5142.9 ; Width: 0.350mm
G1 X83.3230 Y39.1870 Z0.0400 F5142.9 ; Width: 0.350mm
G1 X83.2630 Y39.1273 Z0.0400 F5142.9 ; Width: 0.350mm
G1 X83.2430 Y39.1271 Z0.0400 F5142.9 ; Width: 0.350mm
G1 X83.2030 Y39.0873 Z0.0400 F5142.9 ; Width: 0.350mm
G1 X83.1830 Y39.0871 Z0.0400 F5142.9 ; Width: 0.350mm
G1 X83.1630 Y39.0673 Z0.0400 F5142.9 ; Width: 0.350mm
G1 X83.1430 Y39.0671 Z0.0400 F5142.9 ; Width: 0.350mm
G1 X83.1230 Y39.0473 Z0.0400 F5142.9 ; Width: 0.350mm
G1 X83.1030 Y39.0471 Z0.0400 F5142.9 ; Width: 0.350mm
G1 X83.0830 Y39.0273 Z0.0400 F5142.9 ; Width: 0.350mm
G1 X83.0430 Y39.0270 Z0.0400 F5142.9 ; Width: 0.350mm
G1 X83.0230 Y39.0072 Z0.0400 F5142.9 ; Width: 0.350mm
G1 X83.0030 Y39.0071 Z0.0400 F5142.9 ; Width: 0.350mm
G1 X82.9830 Y38.9874 Z0.0400 F5142.9 ; Width: 0.350mm
G1 X82.9230 Y38.9870 Z0.0400 F5142.9 ; Width: 0.350mm
G1 X82.9030 Y38.9673 Z0.0400 F5142.9 ; Width: 0.350mm
G1 X82.8230 Y38.9670 Z0.0400 F5142.9 ; Width: 0.350mm
G1 X82.8030 Y38.9474 Z0.0400 F5142.9 ; Width: 0.350mm
G1 X80.5230 Y38.9474 Z0.0400 F1578.9 ; Width: 1.140mm
G1 X80.5030 Y38.9670 Z0.0400 F5142.9 ; Width: 0.350mm
G1 X80.4230 Y38.9673 Z0.0400 F5142.9 ; Width: 0.350mm
G1 X80.4030 Y38.9870 Z0.0400 F5142.9 ; Width: 0.350mm
G1 X80.3430 Y38.9874 Z0.0400 F5142.9 ; Width: 0.350mm
G1 X80.3230 Y39.0071 Z0.0400 F5142.9 ; Width: 0.350mm
G1 X80.3030 Y39.0072 Z0.0400 F5142.9 ; Width: 0.350mm
G1 X80.2830 Y39.0270 Z0.0400 F5142.9 ; Width: 0.350mm
G1 X80.2430 Y39.0273 Z0.0400 F5142.9 ; Width: 0.350mm
G1 X80.2230 Y39.0471 Z0.0400 F5142.9 ; Width: 0.350mm
G1 X80.2030 Y39.0473 Z0.0400 F5142.9 ; Width: 0.350mm
G1 X80.1830 Y39.0671 Z0.0400 F5142.9 ; Width: 0.350mm
G1 X80.1630 Y39.0673 Z0.0400 F5142.9 ; Width: 0.350mm
G1 X80.1430 Y39.0871 Z0.0400 F5142.9 ; Width: 0.350mm
G1 X80.1230 Y39.0873 Z0.0400 F5142.9 ; Width: 0.350mm
G1 X80.0830 Y39.1271 Z0.0400 F5142.9 ; Width: 0.350mm
G1 X80.0630 Y39.1273 Z0.0400 F5142.9 ; Width: 0.350mm
G1 X80.0030 Y39.1870 Z0.0400 F5142.9 ; Width: 0.350mm
G1 X79.9830 Y39.1873 Z0.0400 F5142.9 ; Width: 0.350mm
G1 X79.8033 Y39.3670 Z0.0400 F5142.9 ; Width: 0.350mm
G1 X79.8030 Y39.3870 Z0.0400 F5142.9 ; Width: 0.350mm
G1 X79.6630 Y39.5278 Z0.0400 F5142.9 ; Width: 0.350mm
G1 X79.6430 Y39.5281 Z0.0400 F5142.9 ; Width: 0.350mm
G1 X79.6230 Y39.5482 Z0.0400 F5142.9 ; Width: 0.350mm
G1 X79.5430 Y39.5493 Z0.0400 F5142.9 ; Width: 0.350mm
G1 X79.5230 Y39.5695 Z0.0400 F5142.9 ; Width: 0.350mm
G1 X79.5030 Y39.5695 Z0.0400 F5142.9 ; Width: 0.350mm
G1 X79.4830 Y39.5493 Z0.0400 F5142.9 ; Width: 0.350mm
G1 X79.4030 Y39.5482 Z0.0400 F5142.9 ; Width: 0.350mm
G1 X79.3830 Y39.5281 Z0.0400 F5142.9 ; Width: 0.350mm
G1 X79.3630 Y39.5278 Z0.0400 F5142.9 ; Width: 0.350mm
G1 X79.2230 Y39.3870 Z0.0400 F5142.9 ; Width: 0.350mm
G1 X79.2227 Y39.3670 Z0.0400 F5142.9 ; Width: 0.350mm
G1 X79.0630 Y39.2073 Z0.0400 F5142.9 ; Width: 0.350mm
G1 X79.0430 Y39.2070 Z0.0400 F5142.9 ; Width: 0.350mm
G1 X78.9830 Y39.1473 Z0.0400 F5142.9 ; Width: 0.350mm
G1 X78.9630 Y39.1471 Z0.0400 F5142.9 ; Width: 0.350mm
G1 X78.9230 Y39.1073 Z0.0400 F5142.9 ; Width: 0.350mm
G1 X78.9030 Y39.1071 Z0.0400 F5142.9 ; Width: 0.350mm
G1 X78.8830 Y39.0873 Z0.0400 F5142.9 ; Width: 0.350mm
G1 X78.8630 Y39.0871 Z0.0400 F5142.9 ; Width: 0.350mm
G1 X78.8430 Y39.0673 Z0.0400 F5142.9 ; Width: 0.350mm
G1 X78.8230 Y39.0671 Z0.0400 F5142.9 ; Width: 0.350mm
G1 X78.8030 Y39.0473 Z0.0400 F5142.9 ; Width: 0.350mm
G1 X78.7830 Y39.0471 Z0.0400 F5142.9 ; Width: 0.350mm
G1 X78.7630 Y39.0273 Z0.0400 F5142.9 ; Width: 0.350mm
G1 X78.7230 Y39.0270 Z0.0400 F5142.9 ; Width: 0.350mm
G1 X78.7030 Y39.0072 Z0.0400 F5142.9 ; Width: 0.350mm
G1 X78.6830 Y39.0071 Z0.0400 F5142.9 ; Width: 0.350mm
G1 X78.6630 Y38.9874 Z0.0400 F5142.9 ; Width: 0.350mm
G1 X78.6030 Y38.9870 Z0.0400 F5142.9 ; Width: 0.350mm
G1 X78.5830 Y38.9673 Z0.0400 F5142.9 ; Width: 0.350mm
G1 X78.5030 Y38.9670 Z0.0400 F5142.9 ; Width: 0.350mm
G1 X78.4830 Y38.9474 Z0.0400 F5142.9 ; Width: 0.350mm
G1 X76.2230 Y38.9474 Z0.0400 F1592.9 ; Width: 1.130mm
G1 X76.2030 Y38.9670 Z0.0400 F5142.9 ; Width: 0.350mm
G1 X76.1230 Y38.9673 Z0.0400 F5142.9 ; Width: 0.350mm
G1 X76.1030 Y38.9870 Z0.0400 F5142.9 ; Width: 0.350mm
G1 X76.0430 Y38.9874 Z0.0400 F5142.9 ; Width: 0.350mm
G1 X76.0230 Y39.0071 Z0.0400 F5142.9 ; Width: 0.350mm
G1 X76.0030 Y39.0072 Z0.0400 F5142.9 ; Width: 0.350mm
G1 X75.9830 Y39.0270 Z0.0400 F5142.9 ; Width: 0.350mm
G1 X75.9430 Y39.0273 Z0.0400 F5142.9 ; Width: 0.350mm
G1 X75.9230 Y39.0471 Z0.0400 F5142.9 ; Width: 0.350mm
G1 X75.9030 Y39.0473 Z0.0400 F5142.9 ; Width: 0.350mm
G1 X75.8830 Y39.0671 Z0.0400 F5142.9 ; Width: 0.350mm
G1 X75.8630 Y39.0673 Z0.0400 F5142.9 ; Width: 0.350mm
G1 X75.8430 Y39.0871 Z0.0400 F5142.9 ; Width: 0.350mm
G1 X75.8230 Y39.0873 Z0.0400 F5142.9 ; Width: 0.350mm
G1 X75.8030 Y39.1071 Z0.0400 F5142.9 ; Width: 0.350mm
G1 X75.7830 Y39.1073 Z0.0400 F5142.9 ; Width: 0.350mm
G1 X75.7430 Y39.1471 Z0.0400 F5142.9 ; Width: 0.350mm
G1 X75.7230 Y39.1473 Z0.0400 F5142.9 ; Width: 0.350mm
G1 X75.6630 Y39.2070 Z0.0400 F5142.9 ; Width: 0.350mm
G1 X75.6430 Y39.2073 Z0.0400 F5142.9 ; Width: 0.350mm
G1 X75.4833 Y39.3670 Z0.0400 F5142.9 ; Width: 0.350mm
G1 X75.4830 Y39.3870 Z0.0400 F5142.9 ; Width: 0.350mm
G1 X75.4233 Y39.4470 Z0.0400 F5142.9 ; Width: 0.350mm
G1 X75.4231 Y39.4670 Z0.0400 F5142.9 ; Width: 0.350mm
G1 X75.3833 Y39.5070 Z0.0400 F5142.9 ; Width: 0.350mm
G1 X75.3831 Y39.5270 Z0.0400 F5142.9 ; Width: 0.350mm
G1 X75.3633 Y39.5470 Z0.0400 F5142.9 ; Width: 0.350mm
G1 X75.3631 Y39.5670 Z0.0400 F5142.9 ; Width: 0.350mm
G1 X75.3433 Y39.5870 Z0.0400 F5142.9 ; Width: 0.350mm
G1 X75.3431 Y39.6070 Z0.0400 F5142.9 ; Width: 0.350mm
G1 X75.3233 Y39.6270 Z0.0400 F5142.9 ; Width: 0.350mm
G1 X75.3231 Y39.6470 Z0.0400 F5142.9 ; Width: 0.350mm
G1 X75.3033 Y39.6670 Z0.0400 F5142.9 ; Width: 0.350mm
G1 X75.3030 Y39.7070 Z0.0400 F5142.9 ; Width: 0.350mm
G1 X75.2832 Y39.7270 Z0.0400 F5142.9 ; Width: 0.350mm
G1 X75.2831 Y39.7470 Z0.0400 F5142.9 ; Width: 0.350mm
G1 X75.2634 Y39.7670 Z0.0400 F5142.9 ; Width: 0.350mm
G1 X75.2630 Y39.8270 Z0.0400 F5142.9 ; Width: 0.350mm
G1 X75.2433 Y39.8470 Z0.0400 F5142.9 ; Width: 0.350mm
G1 X75.2430 Y39.9270 Z0.0400 F5142.9 ; Width: 0.350mm
G1 X75.2234 Y39.9470 Z0.0400 F5142.9 ; Width: 0.350mm
G1 X75.2234 Y43.8120 Z0.0400 F2847.2 ; Width: 0.632mm
M118 P0 S"67" ; Sync timer
G1 X75.2234 Y47.6770 Z0.0400 F1720.2 ; Width: 1.046mm
G1 X75.2234 Y51.5420 Z0.0400 F1159.3 ; Width: 1.553mm
G1 X75.2234 Y55.4070 Z0.0400 F935.4 ; Width: 1.924mm
G1 X75.2430 Y55.4270 Z0.0400 F5142.9 ; Width: 0.350mm
G1 X75.2433 Y55.5070 Z0.0400 F5142.9 ; Width: 0.350mm
G1 X75.2630 Y55.5270 Z0.0400 F5142.9 ; Width: 0.350mm
G1 X75.2634 Y55.5870 Z0.0400 F5142.9 ; Width: 0.350mm
G1 X75.2831 Y55.6070 Z0.0400 F5142.9 ; Width: 0.350mm
G1 X75.2832 Y55.6270 Z0.0400 F5142.9 ; Width: 0.350mm
G1 X75.3030 Y55.6470 Z0.0400 F5142.9 ; Width: 0.350mm
G1 X75.3033 Y55.6870 Z0.0400 F5142.9 ; Width: 0.350mm
G1 X75.3231 Y55.7070 Z0.0400 F5142.9 ; Width: 0.350mm
G1 X75.3233 Y55.7270 Z0.0400 F5142.9 ; Width: 0.350mm
G1 X75.3431 Y55.7470 Z0.0400 F5142.9 ; Width: 0.350mm
G1 X75.3433 Y55.7670 Z0.0400 F5142.9 ; Width: 0.350mm
G1 X75.3631 Y55.7870 Z0.0400 F5142.9 ; Width: 0.350mm
G1 X75.3633 Y55.8070 Z0.0400 F5142.9 ; Width: 0.350mm
G1 X75.3831 Y55.8270 Z0.0400 F5142.9 ; Width: 0.350mm
G1 X75.3833 Y55.8470 Z0.0400 F5142.9 ; Width: 0.350mm
G1 X75.4231 Y55.8870 Z0.0400 F5142.9 ; Width: 0.350mm
G1 X75.4233 Y55.9070 Z0.0400 F5142.9 ; Width: 0.350mm
G1 X75.4830 Y55.9670 Z0.0400 F5142.9 ; Width: 0.350mm
G1 X75.4833 Y55.9870 Z0.0400 F5142.9 ; Width: 0.350mm
G1 X75.6630 Y56.1667 Z0.0400 F5142.9 ; Width: 0.350mm
G1 X75.6830 Y56.1670 Z0.0400 F5142.9 ; Width: 0.350mm
G1 X75.7430 Y56.2267 Z0.0400 F5142.9 ; Width: 0.350mm
G1 X75.7630 Y56.2269 Z0.0400 F5142.9 ; Width: 0.350mm
G1 X75.8030 Y56.2667 Z0.0400 F5142.9 ; Width: 0.350mm
G1 X75.8230 Y56.2669 Z0.0400 F5142.9 ; Width: 0.350mm
G1 X75.8430 Y56.2867 Z0.0400 F5142.9 ; Width: 0.350mm
G1 X75.8630 Y56.2869 Z0.0400 F5142.9 ; Width: 0.350mm
G1 X75.8830 Y56.3067 Z0.0400 F5142.9 ; Width: 0.350mm
G1 X75.9030 Y56.3069 Z0.0400 F5142.9 ; Width: 0.350mm
G1 X75.9230 Y56.3267 Z0.0400 F5142.9 ; Width: 0.350mm
G1 X75.9630 Y56.3270 Z0.0400 F5142.9 ; Width: 0.350mm
G1 X75.9830 Y56.3468 Z0.0400 F5142.9 ; Width: 0.350mm
G1 X76.0030 Y56.3469 Z0.0400 F5142.9 ; Width: 0.350mm
G1 X76.0230 Y56.3666 Z0.0400 F5142.9 ; Width: 0.350mm
G1 X76.0830 Y56.3670 Z0.0400 F5142.9 ; Width: 0.350mm
G1 X76.1030 Y56.3867 Z0.0400 F5142.9 ; Width: 0.350mm
G1 X76.1830 Y56.3870 Z0.0400 F5142.9 ; Width: 0.350mm
G1 X76.2030 Y56.4066 Z0.0400 F5142.9 ; Width: 0.350mm
G1 X78.5230 Y56.4066 Z0.0400 F1551.7 ; Width: 1.160mm
G1 X78.5430 Y56.3870 Z0.0400 F5142.9 ; Width: 0.350mm
G1 X78.6230 Y56.3867 Z0.0400 F5142.9 ; Width: 0.350mm
G1 X78.6430 Y56.3670 Z0.0400 F5142.9 ; Width: 0.350mm
G1 X78.7030 Y56.3666 Z0.0400 F5142.9 ; Width: 0.350mm
G1 X78.7230 Y56.3469 Z0.0400 F5142.9 ; Width: 0.350mm
G1 X78.7430 Y56.3468 Z0.0400 F5142.9 ; Width: 0.350mm
G1 X78.7630 Y56.3270 Z0.0400 F5142.9 ; Width: 0.350mm
G1 X78.8030 Y56.3267 Z0.0400 F5142.9 ; Width: 0.350mm
G1 X78.8230 Y56.3069 Z0.0400 F5142.9 ; Width: 0.350mm
G1 X78.8430 Y56.3067 Z0.0400 F5142.9 ; Width: 0.350mm
G1 X78.8630 Y56.2869 Z0.0400 F5142.9 ; Width: 0.350mm
G1 X78.8830 Y56.2867 Z0.0400 F5142.9 ; Width: 0.350mm
G1 X78.9030 Y56.2669 Z0.0400 F5142.9 ; Width: 0.350mm
G1 X78.9230 Y56.2667 Z0.0400 F5142.9 ; Width: 0.350mm
G1 X78.9630 Y56.2269 Z0.0400 F5142.9 ; Width: 0.350mm
G1 X78.9830 Y56.2267 Z0.0400 F5142.9 ; Width: 0.350mm
G1 X79.0430 Y56.1670 Z0.0400 F5142.9 ; Width: 0.350mm
G1 X79.0630 Y56.1667 Z0.0400 F5142.9 ; Width: 0.350mm
G1 X79.2227 Y56.0070 Z0.0400 F5142.9 ; Width: 0.350mm
G1 X79.2230 Y55.9870 Z0.0400 F5142.9 ; Width: 0.350mm
G1 X79.3630 Y55.8462 Z0.0400 F5142.9 ; Width: 0.350mm
G1 X79.3830 Y55.8459 Z0.0400 F5142.9 ; Width: 0.350mm
G1 X79.4030 Y55.8258 Z0.0400 F5142.9 ; Width: 0.350mm
G1 X79.4830 Y55.8247 Z0.0400 F5142.9 ; Width: 0.350mm
G1 X79.5030 Y55.8045 Z0.0400 F5142.9 ; Width: 0.350mm
G1 X79.5230 Y55.8045 Z0.0400 F5142.9 ; Width: 0.350mm
G1 X79.5430 Y55.8246 Z0.0400 F5142.9 ; Width: 0.350mm
G1 X79.6230 Y55.8258 Z0.0400 F5142.9 ; Width: 0.350mm
G1 X79.6430 Y55.8459 Z0.0400 F5142.9 ; Width: 0.350mm
G1 X79.6630 Y55.8462 Z0.0400 F5142.9 ; Width: 0.350mm
G1 X79.8030 Y55.9870 Z0.0400 F5142.9 ; Width: 0.350mm
G1 X79.8033 Y56.0070 Z0.0400 F5142.9 ; Width: 0.350mm
G1 X79.9630 Y56.1667 Z0.0400 F5142.9 ; Width: 0.350mm
G1 X79.9830 Y56.1670 Z0.0400 F5142.9 ; Width: 0.350mm
G1 X80.0430 Y56.2267 Z0.0400 F5142.9 ; Width: 0.350mm
G1 X80.0630 Y56.2269 Z0.0400 F5142.9 ; Width: 0.350mm
G1 X80.1030 Y56.2667 Z0.0400 F5142.9 ; Width: 0.350mm
G1 X80.1230 Y56.2669 Z0.0400 F5142.9 ; Width: 0.350mm
G1 X80.1430 Y56.2867 Z0.0400 F5142.9 ; Width: 0.350mm
G1 X80.1630 Y56.2869 Z0.0400 F5142.9 ; Width: 0.350mm
G1 X80.1830 Y56.3067 Z0.0400 F5142.9 ; Width: 0.350mm
G1 X80.2030 Y56.3069 Z0.0400 F5142.9 ; Width: 0.350mm
G1 X80.2230 Y56.3267 Z0.0400 F5142.9 ; Width: 0.350mm
G1 X80.2630 Y56.3270 Z0.0400 F5142.9 ; Width: 0.350mm
G1 X80.2830 Y56.3468 Z0.0400 F5142.9 ; Width: 0.350mm
G1 X80.3030 Y56.3469 Z0.0400 F5142.9 ; Width: 0.350mm
G1 X80.3230 Y56.3666 Z0.0400 F5142.9 ; Width: 0.350mm
G1 X80.3830 Y56.3670 Z0.0400 F5142.9 ; Width: 0.350mm
G1 X80.4030 Y56.3867 Z0.0400 F5142.9 ; Width: 0.350mm
G1 X80.4830 Y56.3870 Z0.0400 F5142.9 ; Width: 0.350mm
G1 X80.5030 Y56.4066 Z0.0400 F5142.9 ; Width: 0.350mm
M118 P0 S"68" ; Sync timer
G1 X82.8230 Y56.4066 Z0.0400 F1551.7 ; Width: 1.160mm
G1 X82.8430 Y56.3870 Z0.0400 F5142.9 ; Width: 0.350mm
G1 X82.9230 Y56.3867 Z0.0400 F5142.9 ; Width: 0.350mm
G1 X82.9430 Y56.3670 Z0.0400 F5142.9 ; Width: 0.350mm
G1 X83.0030 Y56.3666 Z0.0400 F5142.9 ; Width: 0.350mm
G1 X83.0230 Y56.3469 Z0.0400 F5142.9 ; Width: 0.350mm
G1 X83.0430 Y56.3468 Z0.0400 F5142.9 ; Width: 0.350mm
G1 X83.0630 Y56.3270 Z0.0400 F5142.9 ; Width: 0.350mm
G1 X83.1030 Y56.3267 Z0.0400 F5142.9 ; Width: 0.350mm
G1 X83.1230 Y56.3069 Z0.0400 F5142.9 ; Width: 0.350mm
G1 X83.1430 Y56.3067 Z0.0400 F5142.9 ; Width: 0.350mm
G1 X83.1630 Y56.2869 Z0.0400 F5142.9 ; Width: 0.350mm
G1 X83.1830 Y56.2867 Z0.0400 F5142.9 ; Width: 0.350mm
G1 X83.2030 Y56.2669 Z0.0400 F5142.9 ; Width: 0.350mm
G1 X83.2230 Y56.2667 Z0.0400 F5142.9 ; Width: 0.350mm
G1 X83.2630 Y56.2269 Z0.0400 F5142.9 ; Width: 0.350mm
G1 X83.2830 Y56.2267 Z0.0400 F5142.9 ; Width: 0.350mm
G1 X83.3430 Y56.1670 Z0.0400 F5142.9 ; Width: 0.350mm
G1 X83.3630 Y56.1667 Z0.0400 F5142.9 ; Width: 0.350mm
G1 X83.3830 Y56.1468 Z0.0400 F5142.9 ; Width: 0.350mm
G1 X83.4630 Y56.1458 Z0.0400 F5142.9 ; Width: 0.350mm
G1 X83.4830 Y56.1258 Z0.0400 F5142.9 ; Width: 0.350mm
G1 X83.5030 Y56.1256 Z0.0400 F5142.9 ; Width: 0.350mm
G1 X83.5430 Y56.1258 Z0.0400 F5142.9 ; Width: 0.350mm
G1 X83.5630 Y56.1458 Z0.0400 F5142.9 ; Width: 0.350mm
G1 X83.6430 Y56.1468 Z0.0400 F5142.9 ; Width: 0.350mm
G1 X83.6630 Y56.1667 Z0.0400 F5142.9 ; Width: 0.350mm
G1 X83.6830 Y56.1670 Z0.0400 F5142.9 ; Width: 0.350mm
G1 X83.7430 Y56.2267 Z0.0400 F5142.9 ; Width: 0.350mm
G1 X83.7630 Y56.2269 Z0.0400 F5142.9 ; Width: 0.350mm
G1 X83.8030 Y56.2667 Z0.0400 F5142.9 ; Width: 0.350mm
G1 X83.8230 Y56.2669 Z0.0400 F5142.9 ; Width: 0.350mm
G1 X83.8430 Y56.2867 Z0.0400 F5142.9 ; Width: 0.350mm
G1 X83.8630 Y56.2869 Z0.0400 F5142.9 ; Width: 0.350mm
G1 X83.8830 Y56.3067 Z0.0400 F5142.9 ; Width: 0.350mm
G1 X83.9030 Y56.3069 Z0.0400 F5142.9 ; Width: 0.350mm
G1 X83.9230 Y56.3267 Z0.0400 F5142.9 ; Width: 0.350mm
G1 X83.9630 Y56.3270 Z0.0400 F5142.9 ; Width: 0.350mm
G1 X83.9830 Y56.3468 Z0.0400 F5142.9 ; Width: 0.350mm
G1 X84.0030 Y56.3469 Z0.0400 F5142.9 ; Width: 0.350mm
G1 X84.0230 Y56.3666 Z0.0400 F5142.9 ; Width: 0.350mm
G1 X84.0830 Y56.3670 Z0.0400 F5142.9 ; Width: 0.350mm
G1 X84.1030 Y56.3867 Z0.0400 F5142.9 ; Width: 0.350mm
G1 X84.1830 Y56.3870 Z0.0400 F5142.9 ; Width: 0.350mm
G1 X84.2030 Y56.4066 Z0.0400 F5142.9 ; Width: 0.350mm
G1 X87.2430 Y56.4066 Z0.0400 F1184.2 ; Width: 1.520mm
G1 X87.2630 Y56.3870 Z0.0400 F5142.9 ; Width: 0.350mm
G1 X87.3430 Y56.3867 Z0.0400 F5142.9 ; Width: 0.350mm
G1 X87.3630 Y56.3670 Z0.0400 F5142.9 ; Width: 0.350mm
G1 X87.4230 Y56.3666 Z0.0400 F5142.9 ; Width: 0.350mm
G1 X87.4430 Y56.3469 Z0.0400 F5142.9 ; Width: 0.350mm
G1 X87.4630 Y56.3468 Z0.0400 F5142.9 ; Width: 0.350mm
G1 X87.4830 Y56.3270 Z0.0400 F5142.9 ; Width: 0.350mm
G1 X87.5230 Y56.3267 Z0.0400 F5142.9 ; Width: 0.350mm
G1 X87.5430 Y56.3069 Z0.0400 F5142.9 ; Width: 0.350mm
G1 X87.5630 Y56.3067 Z0.0400 F5142.9 ; Width: 0.350mm
G1 X87.5830 Y56.2869 Z0.0400 F5142.9 ; Width: 0.350mm
G1 X87.6030 Y56.2867 Z0.0400 F5142.9 ; Width: 0.350mm
G1 X87.6230 Y56.2669 Z0.0400 F5142.9 ; Width: 0.350mm
G1 X87.6430 Y56.2667 Z0.0400 F5142.9 ; Width: 0.350mm
G1 X87.6830 Y56.2269 Z0.0400 F5142.9 ; Width: 0.350mm
G1 X87.7030 Y56.2267 Z0.0400 F5142.9 ; Width: 0.350mm
G1 X87.7630 Y56.1670 Z0.0400 F5142.9 ; Width: 0.350mm
G1 X87.7830 Y56.1667 Z0.0400 F5142.9 ; Width: 0.350mm
G1 X87.9427 Y56.0070 Z0.0400 F5142.9 ; Width: 0.350mm
G1 X87.9430 Y55.9870 Z0.0400 F5142.9 ; Width: 0.350mm
G1 X88.0027 Y55.9270 Z0.0400 F5142.9 ; Width: 0.350mm
G1 X88.0029 Y55.9070 Z0.0400 F5142.9 ; Width: 0.350mm
G1 X88.0427 Y55.8670 Z0.0400 F5142.9 ; Width: 0.350mm
G1 X88.0429 Y55.8470 Z0.0400 F5142.9 ; Width: 0.350mm
G1 X88.0627 Y55.8270 Z0.0400 F5142.9 ; Width: 0.350mm
G1 X88.0629 Y55.8070 Z0.0400 F5142.9 ; Width: 0.350mm
G1 X88.0827 Y55.7870 Z0.0400 F5142.9 ; Width: 0.350mm
G1 X88.0829 Y55.7670 Z0.0400 F5142.9 ; Width: 0.350mm
G1 X88.1027 Y55.7470 Z0.0400 F5142.9 ; Width: 0.350mm
G1 X88.1029 Y55.7270 Z0.0400 F5142.9 ; Width: 0.350mm
G1 X88.1227 Y55.7070 Z0.0400 F5142.9 ; Width: 0.350mm
G1 X88.1230 Y55.6670 Z0.0400 F5142.9 ; Width: 0.350mm
G1 X88.1428 Y55.6470 Z0.0400 F5142.9 ; Width: 0.350mm
G1 X88.1429 Y55.6270 Z0.0400 F5142.9 ; Width: 0.350mm
G1 X88.1626 Y55.6070 Z0.0400 F5142.9 ; Width: 0.350mm
G1 X88.1630 Y55.5470 Z0.0400 F5142.9 ; Width: 0.350mm
G1 X88.1827 Y55.5270 Z0.0400 F5142.9 ; Width: 0.350mm
G1 X88.1829 Y55.4870 Z0.0400 F5142.9 ; Width: 0.350mm
G1 X88.2026 Y55.4670 Z0.0400 F5142.9 ; Width: 0.350mm
G1 X88.2030 Y55.4070 Z0.0400 F5142.9 ; Width: 0.350mm
G1 X88.2227 Y55.3870 Z0.0400 F5142.9 ; Width: 0.350mm
G1 X88.2230 Y55.3070 Z0.0400 F5142.9 ; Width: 0.350mm
G1 X88.2426 Y55.2870 Z0.0400 F5142.9 ; Width: 0.350mm
G1 X88.2430 Y55.1670 Z0.0400 F5142.9 ; Width: 0.350mm
G1 X88.2627 Y55.1470 Z0.0400 F5142.9 ; Width: 0.350mm
G1 X88.2630 Y55.0670 Z0.0400 F5142.9 ; Width: 0.350mm
G1 X88.2826 Y55.0470 Z0.0400 F5142.9 ; Width: 0.350mm
G1 X88.2830 Y54.9070 Z0.0400 F5142.9 ; Width: 0.350mm
G1 X88.3027 Y54.8870 Z0.0400 F5142.9 ; Width: 0.350mm
G1 X88.3030 Y54.8070 Z0.0400 F5142.9 ; Width: 0.350mm
G1 X88.3226 Y54.7870 Z0.0400 F5142.9 ; Width: 0.350mm
G1 X88.3230 Y54.6670 Z0.0400 F5142.9 ; Width: 0.350mm
G1 X88.3427 Y54.6470 Z0.0400 F5142.9 ; Width: 0.350mm
G1 X88.3430 Y54.5670 Z0.0400 F5142.9 ; Width: 0.350mm
G1 X88.3626 Y54.5470 Z0.0400 F5142.9 ; Width: 0.350mm
G1 X88.3630 Y54.4270 Z0.0400 F5142.9 ; Width: 0.350mm
G1 X88.3827 Y54.4070 Z0.0400 F5142.9 ; Width: 0.350mm
G1 X88.3828 Y54.3670 Z0.0400 F5142.9 ; Width: 0.350mm
G1 X88.4025 Y54.3470 Z0.0400 F5142.9 ; Width: 0.350mm
G1 X88.4026 Y54.3070 Z0.0400 F5142.9 ; Width: 0.350mm
G1 X88.5030 Y54.2051 Z0.0400 F5142.9 ; Width: 0.350mm
G1 X88.5230 Y54.2048 Z0.0400 F5142.9 ; Width: 0.350mm
G1 X88.5430 Y54.1846 Z0.0400 F5142.9 ; Width: 0.350mm
G1 X88.6230 Y54.1835 Z0.0400 F5142.9 ; Width: 0.350mm
G1 X88.6430 Y54.1634 Z0.0400 F5142.9 ; Width: 0.350mm
G1 X88.6630 Y54.1836 Z0.0400 F5142.9 ; Width: 0.350mm
G1 X88.7430 Y54.1847 Z0.0400 F5142.9 ; Width: 0.350mm
G1 X88.7630 Y54.2050 Z0.0400 F5142.9 ; Width: 0.350mm
G1 X88.7830 Y54.2053 Z0.0400 F5142.9 ; Width: 0.350mm
G1 X88.8833 Y54.3070 Z0.0400 F5142.9 ; Width: 0.350mm
G1 X88.8834 Y54.3470 Z0.0400 F5142.9 ; Width: 0.350mm
G1 X88.9030 Y54.3670 Z0.0400 F5142.9 ; Width: 0.350mm
G1 X88.9033 Y54.4470 Z0.0400 F5142.9 ; Width: 0.350mm
G1 X88.9230 Y54.4670 Z0.0400 F5142.9 ; Width: 0.350mm
G1 X88.9234 Y54.5870 Z0.0400 F5142.9 ; Width: 0.350mm
G1 X88.9430 Y54.6070 Z0.0400 F5142.9 ; Width: 0.350mm
G1 X88.9433 Y54.6870 Z0.0400 F5142.9 ; Width: 0.350mm
G1 X88.9630 Y54.7070 Z0.0400 F5142.9 ; Width: 0.350mm
G1 X88.9634 Y54.8270 Z0.0400 F5142.9 ; Width: 0.350mm
G1 X88.9830 Y54.8470 Z0.0400 F5142.9 ; Width: 0.350mm
G1 X88.9833 Y54.9270 Z0.0400 F5142.9 ; Width: 0.350mm
G1 X89.0030 Y54.9470 Z0.0400 F5142.9 ; Width: 0.350mm
G1 X89.0034 Y55.0470 Z0.0400 F5142.9 ; Width: 0.350mm
G1 X89.0230 Y55.0670 Z0.0400 F5142.9 ; Width: 0.350mm
G1 X89.0233 Y55.1470 Z0.0400 F5142.9 ; Width: 0.350mm
G1 X89.0430 Y55.1670 Z0.0400 F5142.9 ; Width: 0.350mm
G1 X89.0434 Y55.3070 Z0.0400 F5142.9 ; Width: 0.350mm
G1 X89.0630 Y55.3270 Z0.0400 F5142.9 ; Width: 0.350mm
G1 X89.0633 Y55.4070 Z0.0400 F5142.9 ; Width: 0.350mm
G1 X89.0830 Y55.4270 Z0.0400 F5142.9 ; Width: 0.350mm
G1 X89.0834 Y55.4870 Z0.0400 F5142.9 ; Width: 0.350mm
G1 X89.1031 Y55.5070 Z0.0400 F5142.9 ; Width: 0.350mm
G1 X89.1034 Y55.5470 Z0.0400 F5142.9 ; Width: 0.350mm
G1 X89.1231 Y55.5670 Z0.0400 F5142.9 ; Width: 0.350mm
G1 X89.1232 Y55.5870 Z0.0400 F5142.9 ; Width: 0.350mm
G1 X89.1430 Y55.6070 Z0.0400 F5142.9 ; Width: 0.350mm
G1 X89.1433 Y55.6470 Z0.0400 F5142.9 ; Width: 0.350mm
G1 X89.1631 Y55.6670 Z0.0400 F5142.9 ; Width: 0.350mm
G1 X89.1632 Y55.6870 Z0.0400 F5142.9 ; Width: 0.350mm
G1 X89.1830 Y55.7070 Z0.0400 F5142.9 ; Width: 0.350mm
G1 X89.1833 Y55.7470 Z0.0400 F5142.9 ; Width: 0.350mm
G1 X89.2031 Y55.7670 Z0.0400 F5142.9 ; Width: 0.350mm
G1 X89.2033 Y55.7870 Z0.0400 F5142.9 ; Width: 0.350mm
G1 X89.2231 Y55.8070 Z0.0400 F5142.9 ; Width: 0.350mm
G1 X89.2233 Y55.8270 Z0.0400 F5142.9 ; Width: 0.350mm
G1 X89.2431 Y55.8470 Z0.0400 F5142.9 ; Width: 0.350mm
G1 X89.2433 Y55.8670 Z0.0400 F5142.9 ; Width: 0.350mm
G1 X89.2831 Y55.9070 Z0.0400 F5142.9 ; Width: 0.350mm
G1 X89.2833 Y55.9270 Z0.0400 F5142.9 ; Width: 0.350mm
G1 X89.3430 Y55.9870 Z0.0400 F5142.9 ; Width: 0.350mm
G1 X89.3433 Y56.0070 Z0.0400 F5142.9 ; Width: 0.350mm
G1 X89.5030 Y56.1667 Z0.0400 F5142.9 ; Width: 0.350mm
G1 X89.5230 Y56.1670 Z0.0400 F5142.9 ; Width: 0.350mm
G1 X89.5830 Y56.2267 Z0.0400 F5142.9 ; Width: 0.350mm
G1 X89.6030 Y56.2269 Z0.0400 F5142.9 ; Width: 0.350mm
G1 X89.6430 Y56.2667 Z0.0400 F5142.9 ; Width: 0.350mm
G1 X89.6630 Y56.2669 Z0.0400 F5142.9 ; Width: 0.350mm
G1 X89.6830 Y56.2867 Z0.0400 F5142.9 ; Width: 0.350mm
G1 X89.7030 Y56.2869 Z0.0400 F5142.9 ; Width: 0.350mm
G1 X89.7230 Y56.3067 Z0.0400 F5142.9 ; Width: 0.350mm
G1 X89.7430 Y56.3069 Z0.0400 F5142.9 ; Width: 0.350mm
G1 X89.7630 Y56.3267 Z0.0400 F5142.9 ; Width: 0.350mm
G1 X89.8030 Y56.3270 Z0.0400 F5142.9 ; Width: 0.350mm
G1 X89.8230 Y56.3468 Z0.0400 F5142.9 ; Width: 0.350mm
G1 X89.8430 Y56.3469 Z0.0400 F5142.9 ; Width: 0.350mm
G1 X89.8630 Y56.3666 Z0.0400 F5142.9 ; Width: 0.350mm
G1 X89.9230 Y56.3670 Z0.0400 F5142.9 ; Width: 0.350mm
G1 X89.9430 Y56.3867 Z0.0400 F5142.9 ; Width: 0.350mm
G1 X90.0230 Y56.3870 Z0.0400 F5142.9 ; Width: 0.350mm
G1 X90.0430 Y56.4066 Z0.0400 F5142.9 ; Width: 0.350mm
G1 X90.1830 Y56.4068 Z0.0400 F5142.9 ; Width: 0.350mm
G1 X93.0630 Y56.4066 Z0.0400 F1250.0 ; Width: 1.440mm
G1 X93.0830 Y56.3870 Z0.0400 F5142.9 ; Width: 0.350mm
G1 X93.1630 Y56.3867 Z0.0400 F5142.9 ; Width: 0.350mm
G1 X93.1830 Y56.3670 Z0.0400 F5142.9 ; Width: 0.350mm
G1 X93.2430 Y56.3666 Z0.0400 F5142.9 ; Width: 0.350mm
G1 X93.2630 Y56.3469 Z0.0400 F5142.9 ; Width: 0.350mm
G1 X93.2830 Y56.3468 Z0.0400 F5142.9 ; Width: 0.350mm
G1 X93.3030 Y56.3270 Z0.0400 F5142.9 ; Width: 0.350mm
G1 X93.3430 Y56.3267 Z0.0400 F5142.9 ; Width: 0.350mm
G1 X93.3630 Y56.3069 Z0.0400 F5142.9 ; Width: 0.350mm
G1 X93.3830 Y56.3067 Z0.0400 F5142.9 ; Width: 0.350mm
G1 X93.4030 Y56.2869 Z0.0400 F5142.9 ; Width: 0.350mm
G1 X93.4230 Y56.2867 Z0.0400 F5142.9 ; Width: 0.350mm
G1 X93.4430 Y56.2669 Z0.0400 F5142.9 ; Width: 0.350mm
G1 X93.4630 Y56.2667 Z0.0400 F5142.9 ; Width: 0.350mm
G1 X93.5030 Y56.2269 Z0.0400 F5142.9 ; Width: 0.350mm
G1 X93.5230 Y56.2267 Z0.0400 F5142.9 ; Width: 0.350mm
G1 X93.5830 Y56.1670 Z0.0400 F5142.9 ; Width: 0.350mm
G1 X93.6030 Y56.1667 Z0.0400 F5142.9 ; Width: 0.350mm
G1 X93.7827 Y55.9870 Z0.0400 F5142.9 ; Width: 0.350mm
G1 X93.7830 Y55.9670 Z0.0400 F5142.9 ; Width: 0.350mm
G1 X93.8427 Y55.9070 Z0.0400 F5142.9 ; Width: 0.350mm
G1 X93.8429 Y55.8870 Z0.0400 F5142.9 ; Width: 0.350mm
G1 X93.8827 Y55.8470 Z0.0400 F5142.9 ; Width: 0.350mm
G1 X93.8829 Y55.8270 Z0.0400 F5142.9 ; Width: 0.350mm
G1 X93.9027 Y55.8070 Z0.0400 F5142.9 ; Width: 0.350mm
G1 X93.9029 Y55.7870 Z0.0400 F5142.9 ; Width: 0.350mm
G1 X93.9227 Y55.7670 Z0.0400 F5142.9 ; Width: 0.350mm
G1 X93.9229 Y55.7470 Z0.0400 F5142.9 ; Width: 0.350mm
G1 X93.9427 Y55.7270 Z0.0400 F5142.9 ; Width: 0.350mm
G1 X93.9430 Y55.6870 Z0.0400 F5142.9 ; Width: 0.350mm
G1 X93.9628 Y55.6670 Z0.0400 F5142.9 ; Width: 0.350mm
G1 X93.9629 Y55.6470 Z0.0400 F5142.9 ; Width: 0.350mm
G1 X93.9826 Y55.6270 Z0.0400 F5142.9 ; Width: 0.350mm
G1 X93.9830 Y55.5670 Z0.0400 F5142.9 ; Width: 0.350mm
G1 X94.0027 Y55.5470 Z0.0400 F5142.9 ; Width: 0.350mm
G1 X94.0030 Y55.4670 Z0.0400 F5142.9 ; Width: 0.350mm
G1 X94.0226 Y55.4470 Z0.0400 F5142.9 ; Width: 0.350mm
G1 X94.0228 Y55.3870 Z0.0400 F5142.9 ; Width: 0.350mm
G1 X94.0424 Y55.3670 Z0.0400 F5142.9 ; Width: 0.350mm
G1 X94.0424 Y55.3270 Z0.0400 F5142.9 ; Width: 0.350mm
G1 X94.1430 Y55.2248 Z0.0400 F5142.9 ; Width: 0.350mm
G1 X94.1630 Y55.2245 Z0.0400 F5142.9 ; Width: 0.350mm
G1 X94.1830 Y55.2042 Z0.0400 F5142.9 ; Width: 0.350mm
G1 X94.2630 Y55.2047 Z0.0400 F5142.9 ; Width: 0.350mm
G1 X94.2830 Y55.1851 Z0.0400 F5142.9 ; Width: 0.350mm
G1 X94.3030 Y55.2052 Z0.0400 F5142.9 ; Width: 0.350mm
G1 X94.3830 Y55.2062 Z0.0400 F5142.9 ; Width: 0.350mm
G1 X94.4030 Y55.2262 Z0.0400 F5142.9 ; Width: 0.350mm
G1 X94.4230 Y55.2265 Z0.0400 F5142.9 ; Width: 0.350mm
G1 X94.9630 Y55.7667 Z0.0400 F4713.2 ; Width: 0.382mm
G1 X94.9830 Y55.7670 Z0.0400 F5142.9 ; Width: 0.350mm
G1 X95.0430 Y55.8267 Z0.0400 F5142.9 ; Width: 0.350mm
G1 X95.0630 Y55.8270 Z0.0400 F5142.9 ; Width: 0.350mm
G1 X95.1230 Y55.8867 Z0.0400 F5142.9 ; Width: 0.350mm
G1 X95.1430 Y55.8869 Z0.0400 F5142.9 ; Width: 0.350mm
G1 X95.1830 Y55.9267 Z0.0400 F5142.9 ; Width: 0.350mm
G1 X95.2030 Y55.9270 Z0.0400 F5142.9 ; Width: 0.350mm
G1 X95.2630 Y55.9867 Z0.0400 F5142.9 ; Width: 0.350mm
G1 X95.2830 Y55.9869 Z0.0400 F5142.9 ; Width: 0.350mm
G1 X95.3230 Y56.0267 Z0.0400 F5142.9 ; Width: 0.350mm
G1 X95.3430 Y56.0269 Z0.0400 F5142.9 ; Width: 0.350mm
G1 X95.3830 Y56.0667 Z0.0400 F5142.9 ; Width: 0.350mm
G1 X95.4030 Y56.0669 Z0.0400 F5142.9 ; Width: 0.350mm
G1 X95.4230 Y56.0867 Z0.0400 F5142.9 ; Width: 0.350mm
G1 X95.4430 Y56.0869 Z0.0400 F5142.9 ; Width: 0.350mm
G1 X95.4830 Y56.1267 Z0.0400 F5142.9 ; Width: 0.350mm
G1 X95.5030 Y56.1269 Z0.0400 F5142.9 ; Width: 0.350mm
G1 X95.5230 Y56.1467 Z0.0400 F5142.9 ; Width: 0.350mm
G1 X95.5430 Y56.1469 Z0.0400 F5142.9 ; Width: 0.350mm
G1 X95.5630 Y56.1667 Z0.0400 F5142.9 ; Width: 0.350mm
G1 X95.5830 Y56.1669 Z0.0400 F5142.9 ; Width: 0.350mm
G1 X95.6030 Y56.1867 Z0.0400 F5142.9 ; Width: 0.350mm
G1 X95.6230 Y56.1869 Z0.0400 F5142.9 ; Width: 0.350mm
G1 X95.6430 Y56.2067 Z0.0400 F5142.9 ; Width: 0.350mm
G1 X95.6630 Y56.2069 Z0.0400 F5142.9 ; Width: 0.350mm
G1 X95.6830 Y56.2267 Z0.0400 F5142.9 ; Width: 0.350mm
G1 X95.7030 Y56.2269 Z0.0400 F5142.9 ; Width: 0.350mm
G1 X95.7230 Y56.2467 Z0.0400 F5142.9 ; Width: 0.350mm
G1 X95.7430 Y56.2469 Z0.0400 F5142.9 ; Width: 0.350mm
G1 X95.7630 Y56.2667 Z0.0400 F5142.9 ; Width: 0.350mm
G1 X95.7830 Y56.2669 Z0.0400 F5142.9 ; Width: 0.350mm
G1 X95.8030 Y56.2867 Z0.0400 F5142.9 ; Width: 0.350mm
G1 X95.8230 Y56.2869 Z0.0400 F5142.9 ; Width: 0.350mm
G1 X95.8430 Y56.3067 Z0.0400 F5142.9 ; Width: 0.350mm
G1 X95.8630 Y56.3069 Z0.0400 F5142.9 ; Width: 0.350mm
G1 X95.8830 Y56.3267 Z0.0400 F5142.9 ; Width: 0.350mm
G1 X95.9230 Y56.3270 Z0.0400 F5142.9 ; Width: 0.350mm
G1 X95.9430 Y56.3468 Z0.0400 F5142.9 ; Width: 0.350mm
G1 X95.9630 Y56.3469 Z0.0400 F5142.9 ; Width: 0.350mm
G1 X95.9830 Y56.3666 Z0.0400 F5142.9 ; Width: 0.350mm
G1 X96.0230 Y56.3669 Z0.0400 F5142.9 ; Width: 0.350mm
G1 X96.0430 Y56.3867 Z0.0400 F5142.9 ; Width: 0.350mm
G1 X96.0830 Y56.3870 Z0.0400 F5142.9 ; Width: 0.350mm
G1 X96.1030 Y56.4068 Z0.0400 F5142.9 ; Width: 0.350mm
G1 X96.1230 Y56.4069 Z0.0400 F5142.9 ; Width: 0.350mm
G1 X96.1430 Y56.4266 Z0.0400 F5142.9 ; Width: 0.350mm
G1 X96.2030 Y56.4270 Z0.0400 F5142.9 ; Width: 0.350mm
G1 X96.2230 Y56.4467 Z0.0400 F5142.9 ; Width: 0.350mm
G1 X96.2630 Y56.4469 Z0.0400 F5142.9 ; Width: 0.350mm
G1 X96.2830 Y56.4666 Z0.0400 F5142.9 ; Width: 0.350mm
G1 X96.3230 Y56.4669 Z0.0400 F5142.9 ; Width: 0.350mm
G1 X96.3430 Y56.4866 Z0.0400 F5142.9 ; Width: 0.350mm
G1 X96.4030 Y56.4870 Z0.0400 F5142.9 ; Width: 0.350mm
G1 X96.4230 Y56.5067 Z0.0400 F5142.9 ; Width: 0.350mm
G1 X96.4830 Y56.5069 Z0.0400 F5142.9 ; Width: 0.350mm
G1 X96.5030 Y56.5266 Z0.0400 F5142.9 ; Width: 0.350mm
G1 X96.5630 Y56.5270 Z0.0400 F5142.9 ; Width: 0.350mm
G1 X96.5830 Y56.5467 Z0.0400 F5142.9 ; Width: 0.350mm
G1 X96.6630 Y56.5470 Z0.0400 F5142.9 ; Width: 0.350mm
G1 X96.6830 Y56.5666 Z0.0400 F5142.9 ; Width: 0.350mm
G1 X96.8230 Y56.5670 Z0.0400 F5142.9 ; Width: 0.350mm
G1 X96.8430 Y56.5867 Z0.0400 F5142.9 ; Width: 0.350mm
G1 X96.9230 Y56.5870 Z0.0400 F5142.9 ; Width: 0.350mm
G1 X96.9430 Y56.6066 Z0.0400 F5142.9 ; Width: 0.350mm
G1 X98.0230 Y56.6066 Z0.0400 F3333.3 ; Width: 0.540mm
G1 X98.0430 Y56.5870 Z0.0400 F5142.9 ; Width: 0.350mm
G0 Z1.0400 F6000.0 ; Z-hop up
G0 X98.0430 Y56.5870 F6000.0 ; Travel to new path
G0 Z0.0400 F6000.0 ; Z-hop down
G1 X98.1230 Y56.5867 Z0.0400 F5142.9 ; Width: 0.350mm
G1 X98.1430 Y56.5670 Z0.0400 F5142.9 ; Width: 0.350mm
G1 X98.3030 Y56.5666 Z0.0400 F5142.9 ; Width: 0.350mm
G1 X98.3230 Y56.5470 Z0.0400 F5142.9 ; Width: 0.350mm
G1 X98.4030 Y56.5467 Z0.0400 F5142.9 ; Width: 0.350mm
G1 X98.4230 Y56.5270 Z0.0400 F5142.9 ; Width: 0.350mm
G1 X98.4830 Y56.5266 Z0.0400 F5142.9 ; Width: 0.350mm
G1 X98.5030 Y56.5069 Z0.0400 F5142.9 ; Width: 0.350mm
G1 X98.5630 Y56.5067 Z0.0400 F5142.9 ; Width: 0.350mm
G1 X98.5830 Y56.4870 Z0.0400 F5142.9 ; Width: 0.350mm
G1 X98.6430 Y56.4866 Z0.0400 F5142.9 ; Width: 0.350mm
G1 X98.6630 Y56.4669 Z0.0400 F5142.9 ; Width: 0.350mm
G1 X98.7030 Y56.4666 Z0.0400 F5142.9 ; Width: 0.350mm
G1 X98.7230 Y56.4469 Z0.0400 F5142.9 ; Width: 0.350mm
G1 X98.7430 Y56.4468 Z0.0400 F5142.9 ; Width: 0.350mm
G1 X98.7630 Y56.4270 Z0.0400 F5142.9 ; Width: 0.350mm
G1 X98.8230 Y56.4266 Z0.0400 F5142.9 ; Width: 0.350mm
G1 X98.8430 Y56.4069 Z0.0400 F5142.9 ; Width: 0.350mm
G1 X98.8630 Y56.4068 Z0.0400 F5142.9 ; Width: 0.350mm
G1 X98.8830 Y56.3870 Z0.0400 F5142.9 ; Width: 0.350mm
G1 X98.9230 Y56.3867 Z0.0400 F5142.9 ; Width: 0.350mm
G1 X98.9430 Y56.3669 Z0.0400 F5142.9 ; Width: 0.350mm
G1 X98.9830 Y56.3666 Z0.0400 F5142.9 ; Width: 0.350mm
G1 X99.0030 Y56.3469 Z0.0400 F5142.9 ; Width: 0.350mm
G1 X99.0230 Y56.3468 Z0.0400 F5142.9 ; Width: 0.350mm
G1 X99.0430 Y56.3270 Z0.0400 F5142.9 ; Width: 0.350mm
G1 X99.0830 Y56.3267 Z0.0400 F5142.9 ; Width: 0.350mm
G1 X99.1030 Y56.3069 Z0.0400 F5142.9 ; Width: 0.350mm
G1 X99.1230 Y56.3068 Z0.0400 F5142.9 ; Width: 0.350mm
G1 X99.1430 Y56.2870 Z0.0400 F5142.9 ; Width: 0.350mm
G1 X99.1830 Y56.2867 Z0.0400 F5142.9 ; Width: 0.350mm
G1 X99.2030 Y56.2669 Z0.0400 F5142.9 ; Width: 0.350mm
G1 X99.2230 Y56.2667 Z0.0400 F5142.9 ; Width: 0.350mm
G1 X99.2430 Y56.2469 Z0.0400 F5142.9 ; Width: 0.350mm
G1 X99.2630 Y56.2467 Z0.0400 F5142.9 ; Width: 0.350mm
G1 X99.2830 Y56.2269 Z0.0400 F5142.9 ; Width: 0.350mm
G1 X99.3030 Y56.2267 Z0.0400 F5142.9 ; Width: 0.350mm
G1 X99.3230 Y56.2069 Z0.0400 F5142.9 ; Width: 0.350mm
G1 X99.3430 Y56.2067 Z0.0400 F5142.9 ; Width: 0.350mm
G1 X99.3630 Y56.1869 Z0.0400 F5142.9 ; Width: 0.350mm
G1 X99.3830 Y56.1867 Z0.0400 F5142.9 ; Width: 0.350mm
G1 X99.4030 Y56.1669 Z0.0400 F5142.9 ; Width: 0.350mm
G1 X99.4230 Y56.1667 Z0.0400 F5142.9 ; Width: 0.350mm
G1 X99.4430 Y56.1469 Z0.0400 F5142.9 ; Width: 0.350mm
G1 X99.4630 Y56.1467 Z0.0400 F5142.9 ; Width: 0.350mm
G1 X99.4830 Y56.1269 Z0.0400 F5142.9 ; Width: 0.350mm
G1 X99.5030 Y56.1267 Z0.0400 F5142.9 ; Width: 0.350mm
G1 X99.5430 Y56.0869 Z0.0400 F5142.9 ; Width: 0.350mm
G1 X99.5630 Y56.0867 Z0.0400 F5142.9 ; Width: 0.350mm
G1 X99.6230 Y56.0270 Z0.0400 F5142.9 ; Width: 0.350mm
G1 X99.6430 Y56.0267 Z0.0400 F5142.9 ; Width: 0.350mm
G1 X99.6830 Y55.9869 Z0.0400 F5142.9 ; Width: 0.350mm
G1 X99.7030 Y55.9867 Z0.0400 F5142.9 ; Width: 0.350mm
G1 X99.7230 Y55.9669 Z0.0400 F5142.9 ; Width: 0.350mm
G1 X99.7430 Y55.9667 Z0.0400 F5142.9 ; Width: 0.350mm
G1 X99.7830 Y55.9269 Z0.0400 F5142.9 ; Width: 0.350mm
G1 X99.8030 Y55.9267 Z0.0400 F5142.9 ; Width: 0.350mm
G1 X99.8630 Y55.8670 Z0.0400 F5142.9 ; Width: 0.350mm
G1 X99.8830 Y55.8667 Z0.0400 F5142.9 ; Width: 0.350mm
G1 X99.9430 Y55.8070 Z0.0400 F5142.9 ; Width: 0.350mm
G1 X99.9630 Y55.8067 Z0.0400 F5142.9 ; Width: 0.350mm
G1 X100.1430 Y55.6270 Z0.0400 F5142.9 ; Width: 0.350mm
G1 X100.1630 Y55.6267 Z0.0400 F5142.9 ; Width: 0.350mm
G1 X100.3227 Y55.4670 Z0.0400 F5142.9 ; Width: 0.350mm
G1 X100.3230 Y55.4470 Z0.0400 F5142.9 ; Width: 0.350mm
G1 X100.4427 Y55.3270 Z0.0400 F5142.9 ; Width: 0.350mm
G1 X100.4430 Y55.3070 Z0.0400 F5142.9 ; Width: 0.350mm
G1 X100.5427 Y55.2070 Z0.0400 F5142.9 ; Width: 0.350mm
G1 X100.5430 Y55.1870 Z0.0400 F5142.9 ; Width: 0.350mm
G1 X100.6027 Y55.1270 Z0.0400 F5142.9 ; Width: 0.350mm
G1 X100.6029 Y55.1070 Z0.0400 F5142.9 ; Width: 0.350mm
G1 X100.6627 Y55.0470 Z0.0400 F5142.9 ; Width: 0.350mm
G1 X100.6630 Y55.0270 Z0.0400 F5142.9 ; Width: 0.350mm
G1 X100.7227 Y54.9670 Z0.0400 F5142.9 ; Width: 0.350mm
G1 X100.7229 Y54.9470 Z0.0400 F5142.9 ; Width: 0.350mm
G1 X100.7627 Y54.9070 Z0.0400 F5142.9 ; Width: 0.350mm
G1 X100.7629 Y54.8870 Z0.0400 F5142.9 ; Width: 0.350mm
G1 X100.7827 Y54.8670 Z0.0400 F5142.9 ; Width: 0.350mm
G1 X100.7829 Y54.8470 Z0.0400 F5142.9 ; Width: 0.350mm
G1 X100.8227 Y54.8070 Z0.0400 F5142.9 ; Width: 0.350mm
G1 X100.8229 Y54.7870 Z0.0400 F5142.9 ; Width: 0.350mm
G1 X100.8627 Y54.7470 Z0.0400 F5142.9 ; Width: 0.350mm
G1 X100.8629 Y54.7270 Z0.0400 F5142.9 ; Width: 0.350mm
G1 X100.9027 Y54.6870 Z0.0400 F5142.9 ; Width: 0.350mm
G1 X100.9029 Y54.6670 Z0.0400 F5142.9 ; Width: 0.350mm
G1 X100.9227 Y54.6470 Z0.0400 F5142.9 ; Width: 0.350mm
G1 X100.9229 Y54.6270 Z0.0400 F5142.9 ; Width: 0.350mm
G1 X100.9427 Y54.6070 Z0.0400 F5142.9 ; Width: 0.350mm
G1 X100.9429 Y54.5870 Z0.0400 F5142.9 ; Width: 0.350mm
G1 X100.9627 Y54.5670 Z0.0400 F5142.9 ; Width: 0.350mm
G1 X100.9629 Y54.5470 Z0.0400 F5142.9 ; Width: 0.350mm
G1 X100.9827 Y54.5270 Z0.0400 F5142.9 ; Width: 0.350mm
G1 X100.9829 Y54.5070 Z0.0400 F5142.9 ; Width: 0.350mm
G1 X101.0027 Y54.4870 Z0.0400 F5142.9 ; Width: 0.350mm
G1 X101.0029 Y54.4670 Z0.0400 F5142.9 ; Width: 0.350mm
G1 X101.0227 Y54.4470 Z0.0400 F5142.9 ; Width: 0.350mm
G1 X101.0229 Y54.4270 Z0.0400 F5142.9 ; Width: 0.350mm
G1 X101.0427 Y54.4070 Z0.0400 F5142.9 ; Width: 0.350mm
G1 X101.0429 Y54.3870 Z0.0400 F5142.9 ; Width: 0.350mm
G1 X101.0627 Y54.3670 Z0.0400 F5142.9 ; Width: 0.350mm
G1 X101.0629 Y54.3470 Z0.0400 F5142.9 ; Width: 0.350mm
G1 X101.0827 Y54.3270 Z0.0400 F5142.9 ; Width: 0.350mm
G1 X101.0829 Y54.3070 Z0.0400 F5142.9 ; Width: 0.350mm
G1 X101.1027 Y54.2870 Z0.0400 F5142.9 ; Width: 0.350mm
G1 X101.1029 Y54.2670 Z0.0400 F5142.9 ; Width: 0.350mm
G1 X101.1227 Y54.2470 Z0.0400 F5142.9 ; Width: 0.350mm
G1 X101.1229 Y54.2270 Z0.0400 F5142.9 ; Width: 0.350mm
G1 X101.1427 Y54.2070 Z0.0400 F5142.9 ; Width: 0.350mm
G1 X101.1429 Y54.1870 Z0.0400 F5142.9 ; Width: 0.350mm
G1 X101.1627 Y54.1670 Z0.0400 F5142.9 ; Width: 0.350mm
G1 X101.1630 Y54.1270 Z0.0400 F5142.9 ; Width: 0.350mm
G1 X101.1828 Y54.1070 Z0.0400 F5142.9 ; Width: 0.350mm
G1 X101.1829 Y54.0870 Z0.0400 F5142.9 ; Width: 0.350mm
G1 X101.2027 Y54.0670 Z0.0400 F5142.9 ; Width: 0.350mm
G1 X101.2030 Y54.0270 Z0.0400 F5142.9 ; Width: 0.350mm
G1 X101.2228 Y54.0070 Z0.0400 F5142.9 ; Width: 0.350mm
G1 X101.2229 Y53.9870 Z0.0400 F5142.9 ; Width: 0.350mm
G1 X101.2426 Y53.9670 Z0.0400 F5142.9 ; Width: 0.350mm
G1 X101.2429 Y53.9270 Z0.0400 F5142.9 ; Width: 0.350mm
G1 X101.2627 Y53.9070 Z0.0400 F5142.9 ; Width: 0.350mm
G1 X101.2630 Y53.8670 Z0.0400 F5142.9 ; Width: 0.350mm
G1 X101.2828 Y53.8470 Z0.0400 F5142.9 ; Width: 0.350mm
G1 X101.2829 Y53.8270 Z0.0400 F5142.9 ; Width: 0.350mm
G1 X101.3026 Y53.8070 Z0.0400 F5142.9 ; Width: 0.350mm
G1 X101.3030 Y53.7470 Z0.0400 F5142.9 ; Width: 0.350mm
G1 X101.3227 Y53.7270 Z0.0400 F5142.9 ; Width: 0.350mm
G1 X101.3229 Y53.6870 Z0.0400 F5142.9 ; Width: 0.350mm
G1 X101.3426 Y53.6670 Z0.0400 F5142.9 ; Width: 0.350mm
G1 X101.3429 Y53.6270 Z0.0400 F5142.9 ; Width: 0.350mm
G1 X101.3626 Y53.6070 Z0.0400 F5142.9 ; Width: 0.350mm
G1 X101.3630 Y53.5470 Z0.0400 F5142.9 ; Width: 0.350mm
G1 X101.3827 Y53.5270 Z0.0400 F5142.9 ; Width: 0.350mm
G1 X101.3829 Y53.4670 Z0.0400 F5142.9 ; Width: 0.350mm
G1 X101.4026 Y53.4470 Z0.0400 F5142.9 ; Width: 0.350mm
G1 X101.4029 Y53.4070 Z0.0400 F5142.9 ; Width: 0.350mm
G1 X101.4226 Y53.3870 Z0.0400 F5142.9 ; Width: 0.350mm
G1 X101.4230 Y53.3270 Z0.0400 F5142.9 ; Width: 0.350mm
G1 X101.4427 Y53.3070 Z0.0400 F5142.9 ; Width: 0.350mm
G1 X101.4430 Y53.2270 Z0.0400 F5142.9 ; Width: 0.350mm
G1 X101.4626 Y53.2070 Z0.0400 F5142.9 ; Width: 0.350mm
G1 X101.4630 Y53.1070 Z0.0400 F5142.9 ; Width: 0.350mm
G1 X101.4827 Y53.0870 Z0.0400 F5142.9 ; Width: 0.350mm
G1 X101.4830 Y53.0270 Z0.0400 F5142.9 ; Width: 0.350mm
G1 X101.5027 Y53.0070 Z0.0400 F5142.9 ; Width: 0.350mm
G1 X101.5030 Y52.9470 Z0.0400 F5142.9 ; Width: 0.350mm
G1 X101.5227 Y52.9270 Z0.0400 F5142.9 ; Width: 0.350mm
G1 X101.5230 Y52.8470 Z0.0400 F5142.9 ; Width: 0.350mm
G1 X101.5426 Y52.8270 Z0.0400 F5142.9 ; Width: 0.350mm
G1 X101.5430 Y52.7070 Z0.0400 F5142.9 ; Width: 0.350mm
G1 X101.5627 Y52.6870 Z0.0400 F5142.9 ; Width: 0.350mm
G1 X101.5630 Y52.6070 Z0.0400 F5142.9 ; Width: 0.350mm
G1 X101.5826 Y52.5870 Z0.0400 F5142.9 ; Width: 0.350mm
G1 X101.5830 Y52.3470 Z0.0400 F5142.9 ; Width: 0.350mm
G1 X101.6026 Y52.3270 Z0.0400 F5142.9 ; Width: 0.350mm
G1 X101.6030 Y52.2270 Z0.0400 F5142.9 ; Width: 0.350mm
G1 X101.6226 Y52.2070 Z0.0400 F5142.9 ; Width: 0.350mm
G1 X101.6230 Y51.9070 Z0.0400 F5142.9 ; Width: 0.350mm
G1 X101.6426 Y51.8870 Z0.0400 F5142.9 ; Width: 0.350mm
G1 X101.6430 Y51.6670 Z0.0400 F5142.9 ; Width: 0.350mm
G1 X101.6626 Y51.6470 Z0.0400 F5142.9 ; Width: 0.350mm
G1 X101.6626 Y50.1070 Z0.0400 F2337.7 ; Width: 0.770mm
G1 X101.6430 Y50.0870 Z0.0400 F5142.9 ; Width: 0.350mm
G1 X101.6427 Y50.0070 Z0.0400 F5142.9 ; Width: 0.350mm
G1 X101.6230 Y49.9870 Z0.0400 F5142.9 ; Width: 0.350mm
G1 X101.6226 Y49.9270 Z0.0400 F5142.9 ; Width: 0.350mm
G1 X101.6029 Y49.9070 Z0.0400 F5142.9 ; Width: 0.350mm
G1 X101.6028 Y49.8870 Z0.0400 F5142.9 ; Width: 0.350mm
G1 X101.5830 Y49.8670 Z0.0400 F5142.9 ; Width: 0.350mm
G1 X101.5827 Y49.8270 Z0.0400 F5142.9 ; Width: 0.350mm
G1 X101.5629 Y49.8070 Z0.0400 F5142.9 ; Width: 0.350mm
G1 X101.5627 Y49.7870 Z0.0400 F5142.9 ; Width: 0.350mm
G1 X101.5429 Y49.7670 Z0.0400 F5142.9 ; Width: 0.350mm
G1 X101.5427 Y49.7470 Z0.0400 F5142.9 ; Width: 0.350mm
G1 X101.5229 Y49.7270 Z0.0400 F5142.9 ; Width: 0.350mm
G1 X101.5227 Y49.7070 Z0.0400 F5142.9 ; Width: 0.350mm
G1 X101.5029 Y49.6870 Z0.0400 F5142.9 ; Width: 0.350mm
G1 X101.5027 Y49.6670 Z0.0400 F5142.9 ; Width: 0.350mm
G1 X101.4629 Y49.6270 Z0.0400 F5142.9 ; Width: 0.350mm
G1 X101.4627 Y49.6070 Z0.0400 F5142.9 ; Width: 0.350mm
G1 X101.4030 Y49.5470 Z0.0400 F5142.9 ; Width: 0.350mm
G1 X101.4027 Y49.5270 Z0.0400 F5142.9 ; Width: 0.350mm
G1 X101.2230 Y49.3473 Z0.0400 F5142.9 ; Width: 0.350mm
G1 X101.2030 Y49.3470 Z0.0400 F5142.9 ; Width: 0.350mm
G1 X101.1430 Y49.2873 Z0.0400 F5142.9 ; Width: 0.350mm
G1 X101.1230 Y49.2871 Z0.0400 F5142.9 ; Width: 0.350mm
G1 X101.0830 Y49.2473 Z0.0400 F5142.9 ; Width: 0.350mm
G1 X101.0630 Y49.2471 Z0.0400 F5142.9 ; Width: 0.350mm
G1 X101.0430 Y49.2273 Z0.0400 F5142.9 ; Width: 0.350mm
G1 X101.0230 Y49.2271 Z0.0400 F5142.9 ; Width: 0.350mm
G1 X101.0030 Y49.2073 Z0.0400 F5142.9 ; Width: 0.350mm
G1 X100.9830 Y49.2071 Z0.0400 F5142.9 ; Width: 0.350mm
G1 X100.9630 Y49.1873 Z0.0400 F5142.9 ; Width: 0.350mm
G1 X100.9230 Y49.1870 Z0.0400 F5142.9 ; Width: 0.350mm
G1 X100.9030 Y49.1672 Z0.0400 F5142.9 ; Width: 0.350mm
G1 X100.8830 Y49.1671 Z0.0400 F5142.9 ; Width: 0.350mm
G1 X100.8630 Y49.1474 Z0.0400 F5142.9 ; Width: 0.350mm
G1 X100.8030 Y49.1470 Z0.0400 F5142.9 ; Width: 0.350mm
G1 X100.7830 Y49.1273 Z0.0400 F5142.9 ; Width: 0.350mm
G1 X100.7030 Y49.1270 Z0.0400 F5142.9 ; Width: 0.350mm
G1 X100.6830 Y49.1074 Z0.0400 F5142.9 ; Width: 0.350mm
M118 P0 S"69" ; Sync timer
G1 X99.2630 Y49.1070 Z0.0400 F2535.2 ; Width: 0.710mm
G1 X99.2430 Y49.0874 Z0.0400 F5142.9 ; Width: 0.350mm
G1 X98.4430 Y49.0874 Z0.0400 F4500.0 ; Width: 0.400mm
G1 X98.4230 Y49.1070 Z0.0400 F5142.9 ; Width: 0.350mm
G1 X98.3430 Y49.1073 Z0.0400 F5142.9 ; Width: 0.350mm
G1 X98.3230 Y49.1270 Z0.0400 F5142.9 ; Width: 0.350mm
G1 X98.2630 Y49.1274 Z0.0400 F5142.9 ; Width: 0.350mm
G1 X98.2430 Y49.1471 Z0.0400 F5142.9 ; Width: 0.350mm
G1 X98.2030 Y49.1474 Z0.0400 F5142.9 ; Width: 0.350mm
G1 X98.1830 Y49.1671 Z0.0400 F5142.9 ; Width: 0.350mm
G1 X98.1630 Y49.1672 Z0.0400 F5142.9 ; Width: 0.350mm
G1 X98.1430 Y49.1870 Z0.0400 F5142.9 ; Width: 0.350mm
G1 X98.1030 Y49.1873 Z0.0400 F5142.9 ; Width: 0.350mm
G1 X98.0830 Y49.2071 Z0.0400 F5142.9 ; Width: 0.350mm
G1 X98.0630 Y49.2073 Z0.0400 F5142.9 ; Width: 0.350mm
G1 X98.0430 Y49.2271 Z0.0400 F5142.9 ; Width: 0.350mm
G1 X98.0230 Y49.2273 Z0.0400 F5142.9 ; Width: 0.350mm
G1 X98.0030 Y49.2471 Z0.0400 F5142.9 ; Width: 0.350mm
G1 X97.9830 Y49.2473 Z0.0400 F5142.9 ; Width: 0.350mm
G1 X97.9430 Y49.2871 Z0.0400 F5142.9 ; Width: 0.350mm
G1 X97.9230 Y49.2873 Z0.0400 F5142.9 ; Width: 0.350mm
G1 X97.9030 Y49.3072 Z0.0400 F5142.9 ; Width: 0.350mm
G1 X97.8230 Y49.3081 Z0.0400 F5142.9 ; Width: 0.350mm
G1 X97.8030 Y49.3280 Z0.0400 F5142.9 ; Width: 0.350mm
G1 X97.7830 Y49.3085 Z0.0400 F5142.9 ; Width: 0.350mm
G1 X97.7030 Y49.3093 Z0.0400 F5142.9 ; Width: 0.350mm
G1 X97.6830 Y49.2895 Z0.0400 F5142.9 ; Width: 0.350mm
G1 X97.6630 Y49.2892 Z0.0400 F5142.9 ; Width: 0.350mm
G1 X97.5624 Y49.1870 Z0.0400 F5142.9 ; Width: 0.350mm
G1 X97.5624 Y49.1470 Z0.0400 F5142.9 ; Width: 0.350mm
G1 X97.5428 Y49.1270 Z0.0400 F5142.9 ; Width: 0.350mm
G1 X97.5428 Y46.7670 Z0.0400 F2432.2 ; Width: 0.740mm
G1 X97.5624 Y46.7470 Z0.0400 F5142.9 ; Width: 0.350mm
G1 X97.5624 Y46.7070 Z0.0400 F5142.9 ; Width: 0.350mm
G1 X97.6630 Y46.6048 Z0.0400 F5142.9 ; Width: 0.350mm
G1 X97.6830 Y46.6045 Z0.0400 F5142.9 ; Width: 0.350mm
G1 X97.7030 Y46.5847 Z0.0400 F5142.9 ; Width: 0.350mm
G1 X97.7830 Y46.5855 Z0.0400 F5142.9 ; Width: 0.350mm
G1 X97.8030 Y46.5660 Z0.0400 F5142.9 ; Width: 0.350mm
G1 X97.8230 Y46.5859 Z0.0400 F5142.9 ; Width: 0.350mm
G1 X97.9030 Y46.5868 Z0.0400 F5142.9 ; Width: 0.350mm
G1 X97.9230 Y46.6067 Z0.0400 F5142.9 ; Width: 0.350mm
G1 X97.9430 Y46.6069 Z0.0400 F5142.9 ; Width: 0.350mm
G1 X97.9830 Y46.6467 Z0.0400 F5142.9 ; Width: 0.350mm
G1 X98.0030 Y46.6469 Z0.0400 F5142.9 ; Width: 0.350mm
G1 X98.0230 Y46.6667 Z0.0400 F5142.9 ; Width: 0.350mm
G1 X98.0430 Y46.6669 Z0.0400 F5142.9 ; Width: 0.350mm
G1 X98.0630 Y46.6867 Z0.0400 F5142.9 ; Width: 0.350mm
G1 X98.0830 Y46.6869 Z0.0400 F5142.9 ; Width: 0.350mm
G1 X98.1030 Y46.7067 Z0.0400 F5142.9 ; Width: 0.350mm
G1 X98.1430 Y46.7070 Z0.0400 F5142.9 ; Width: 0.350mm
G1 X98.1630 Y46.7268 Z0.0400 F5142.9 ; Width: 0.350mm
G1 X98.1830 Y46.7269 Z0.0400 F5142.9 ; Width: 0.350mm
G1 X98.2030 Y46.7466 Z0.0400 F5142.9 ; Width: 0.350mm
G1 X98.2630 Y46.7470 Z0.0400 F5142.9 ; Width: 0.350mm
G1 X98.2830 Y46.7667 Z0.0400 F5142.9 ; Width: 0.350mm
G1 X98.3630 Y46.7670 Z0.0400 F5142.9 ; Width: 0.350mm
G1 X98.3830 Y46.7866 Z0.0400 F5142.9 ; Width: 0.350mm
G1 X100.6830 Y46.7866 Z0.0400 F1565.2 ; Width: 1.150mm
G1 X100.7030 Y46.7670 Z0.0400 F5142.9 ; Width: 0.350mm
G1 X100.7830 Y46.7667 Z0.0400 F5142.9 ; Width: 0.350mm
G1 X100.8030 Y46.7470 Z0.0400 F5142.9 ; Width: 0.350mm
G1 X100.8630 Y46.7466 Z0.0400 F5142.9 ; Width: 0.350mm
G1 X100.8830 Y46.7269 Z0.0400 F5142.9 ; Width: 0.350mm
G1 X100.9030 Y46.7268 Z0.0400 F5142.9 ; Width: 0.350mm
G1 X100.9230 Y46.7070 Z0.0400 F5142.9 ; Width: 0.350mm
G1 X100.9630 Y46.7067 Z0.0400 F5142.9 ; Width: 0.350mm
G1 X100.9830 Y46.6869 Z0.0400 F5142.9 ; Width: 0.350mm
G1 X101.0030 Y46.6867 Z0.0400 F5142.9 ; Width: 0.350mm
G1 X101.0230 Y46.6669 Z0.0400 F5142.9 ; Width: 0.350mm
G1 X101.0430 Y46.6667 Z0.0400 F5142.9 ; Width: 0.350mm
G1 X101.0630 Y46.6469 Z0.0400 F5142.9 ; Width: 0.350mm
G1 X101.0830 Y46.6467 Z0.0400 F5142.9 ; Width: 0.350mm
G1 X101.1230 Y46.6069 Z0.0400 F5142.9 ; Width: 0.350mm
G1 X101.1430 Y46.6067 Z0.0400 F5142.9 ; Width: 0.350mm
G1 X101.2030 Y46.5470 Z0.0400 F5142.9 ; Width: 0.350mm
G1 X101.2230 Y46.5467 Z0.0400 F5142.9 ; Width: 0.350mm
G1 X101.4027 Y46.3670 Z0.0400 F5142.9 ; Width: 0.350mm
G1 X101.4030 Y46.3470 Z0.0400 F5142.9 ; Width: 0.350mm
G1 X101.4627 Y46.2870 Z0.0400 F5142.9 ; Width: 0.350mm
G1 X101.4629 Y46.2670 Z0.0400 F5142.9 ; Width: 0.350mm
G1 X101.5027 Y46.2270 Z0.0400 F5142.9 ; Width: 0.350mm
G1 X101.5029 Y46.2070 Z0.0400 F5142.9 ; Width: 0.350mm
G1 X101.5227 Y46.1870 Z0.0400 F5142.9 ; Width: 0.350mm
G1 X101.5229 Y46.1670 Z0.0400 F5142.9 ; Width: 0.350mm
G1 X101.5427 Y46.1470 Z0.0400 F5142.9 ; Width: 0.350mm
G1 X101.5429 Y46.1270 Z0.0400 F5142.9 ; Width: 0.350mm
G1 X101.5627 Y46.1070 Z0.0400 F5142.9 ; Width: 0.350mm
G1 X101.5629 Y46.0870 Z0.0400 F5142.9 ; Width: 0.350mm
G1 X101.5827 Y46.0670 Z0.0400 F5142.9 ; Width: 0.350mm
G1 X101.5830 Y46.0270 Z0.0400 F5142.9 ; Width: 0.350mm
G1 X101.6028 Y46.0070 Z0.0400 F5142.9 ; Width: 0.350mm
G1 X101.6029 Y45.9870 Z0.0400 F5142.9 ; Width: 0.350mm
G1 X101.6226 Y45.9670 Z0.0400 F5142.9 ; Width: 0.350mm
G1 X101.6230 Y45.9070 Z0.0400 F5142.9 ; Width: 0.350mm
G1 X101.6427 Y45.8870 Z0.0400 F5142.9 ; Width: 0.350mm
G1 X101.6430 Y45.8070 Z0.0400 F5142.9 ; Width: 0.350mm
G1 X101.6626 Y45.7870 Z0.0400 F5142.9 ; Width: 0.350mm
G1 X101.6626 Y43.7270 Z0.0400 F1747.6 ; Width: 1.030mm
G1 X101.6430 Y43.7070 Z0.0400 F5142.9 ; Width: 0.350mm
G1 X101.6426 Y43.5270 Z0.0400 F5142.9 ; Width: 0.350mm
G1 X101.6230 Y43.5070 Z0.0400 F5142.9 ; Width: 0.350mm
G1 X101.6226 Y43.1470 Z0.0400 F5142.9 ; Width: 0.350mm
G1 X101.6030 Y43.1270 Z0.0400 F5142.9 ; Width: 0.350mm
G1 X101.6026 Y43.0270 Z0.0400 F5142.9 ; Width: 0.350mm
G1 X101.5830 Y43.0070 Z0.0400 F5142.9 ; Width: 0.350mm
G1 X101.5826 Y42.7870 Z0.0400 F5142.9 ; Width: 0.350mm
G1 X101.5630 Y42.7670 Z0.0400 F5142.9 ; Width: 0.350mm
G1 X101.5627 Y42.6870 Z0.0400 F5142.9 ; Width: 0.350mm
G1 X101.5430 Y42.6670 Z0.0400 F5142.9 ; Width: 0.350mm
G1 X101.5426 Y42.5470 Z0.0400 F5142.9 ; Width: 0.350mm
G1 X101.5230 Y42.5270 Z0.0400 F5142.9 ; Width: 0.350mm
G1 X101.5227 Y42.4470 Z0.0400 F5142.9 ; Width: 0.350mm
G1 X101.5030 Y42.4270 Z0.0400 F5142.9 ; Width: 0.350mm
G1 X101.5027 Y42.3670 Z0.0400 F5142.9 ; Width: 0.350mm
G1 X101.4830 Y42.3470 Z0.0400 F5142.9 ; Width: 0.350mm
G1 X101.4826 Y42.2670 Z0.0400 F5142.9 ; Width: 0.350mm
G1 X101.4630 Y42.2470 Z0.0400 F5142.9 ; Width: 0.350mm
G1 X101.4626 Y42.1470 Z0.0400 F5142.9 ; Width: 0.350mm
G1 X101.4430 Y42.1270 Z0.0400 F5142.9 ; Width: 0.350mm
G1 X101.4427 Y42.0470 Z0.0400 F5142.9 ; Width: 0.350mm
G1 X101.4230 Y42.0270 Z0.0400 F5142.9 ; Width: 0.350mm
G1 X101.4226 Y41.9670 Z0.0400 F5142.9 ; Width: 0.350mm
G1 X101.4029 Y41.9470 Z0.0400 F5142.9 ; Width: 0.350mm
G1 X101.4026 Y41.9070 Z0.0400 F5142.9 ; Width: 0.350mm
G1 X101.3829 Y41.8870 Z0.0400 F5142.9 ; Width: 0.350mm
G1 X101.3827 Y41.8470 Z0.0400 F5142.9 ; Width: 0.350mm
G1 X101.3630 Y41.8270 Z0.0400 F5142.9 ; Width: 0.350mm
G1 X101.3626 Y41.7670 Z0.0400 F5142.9 ; Width: 0.350mm
G1 X101.3429 Y41.7470 Z0.0400 F5142.9 ; Width: 0.350mm
G1 X101.3426 Y41.7070 Z0.0400 F5142.9 ; Width: 0.350mm
G1 X101.3229 Y41.6870 Z0.0400 F5142.9 ; Width: 0.350mm
G1 X101.3227 Y41.6470 Z0.0400 F5142.9 ; Width: 0.350mm
G1 X101.3030 Y41.6270 Z0.0400 F5142.9 ; Width: 0.350mm
G1 X101.3026 Y41.5670 Z0.0400 F5142.9 ; Width: 0.350mm
G1 X101.2829 Y41.5470 Z0.0400 F5142.9 ; Width: 0.350mm
G1 X101.2826 Y41.5070 Z0.0400 F5142.9 ; Width: 0.350mm
G1 X101.2629 Y41.4870 Z0.0400 F5142.9 ; Width: 0.350mm
G1 X101.2628 Y41.4670 Z0.0400 F5142.9 ; Width: 0.350mm
G1 X101.2430 Y41.4470 Z0.0400 F5142.9 ; Width: 0.350mm
G1 X101.2427 Y41.4070 Z0.0400 F5142.9 ; Width: 0.350mm
G1 X101.2229 Y41.3870 Z0.0400 F5142.9 ; Width: 0.350mm
G1 X101.2228 Y41.3670 Z0.0400 F5142.9 ; Width: 0.350mm
G1 X101.2030 Y41.3470 Z0.0400 F5142.9 ; Width: 0.350mm
G1 X101.2027 Y41.3070 Z0.0400 F5142.9 ; Width: 0.350mm
G1 X101.1829 Y41.2870 Z0.0400 F5142.9 ; Width: 0.350mm
G1 X101.1828 Y41.2670 Z0.0400 F5142.9 ; Width: 0.350mm
G1 X101.1630 Y41.2470 Z0.0400 F5142.9 ; Width: 0.350mm
G1 X101.1627 Y41.2070 Z0.0400 F5142.9 ; Width: 0.350mm
G1 X101.1429 Y41.1870 Z0.0400 F5142.9 ; Width: 0.350mm
G1 X101.1428 Y41.1670 Z0.0400 F5142.9 ; Width: 0.350mm
G1 X101.1230 Y41.1470 Z0.0400 F5142.9 ; Width: 0.350mm
G1 X101.1227 Y41.1070 Z0.0400 F5142.9 ; Width: 0.350mm
G1 X101.1029 Y41.0870 Z0.0400 F5142.9 ; Width: 0.350mm
G1 X101.1027 Y41.0670 Z0.0400 F5142.9 ; Width: 0.350mm
G1 X101.0829 Y41.0470 Z0.0400 F5142.9 ; Width: 0.350mm
G1 X101.0827 Y41.0270 Z0.0400 F5142.9 ; Width: 0.350mm
G1 X101.0629 Y41.0070 Z0.0400 F5142.9 ; Width: 0.350mm
G1 X101.0627 Y40.9870 Z0.0400 F5142.9 ; Width: 0.350mm
G1 X101.0429 Y40.9670 Z0.0400 F5142.9 ; Width: 0.350mm
G1 X101.0427 Y40.9470 Z0.0400 F5142.9 ; Width: 0.350mm
G1 X101.0229 Y40.9270 Z0.0400 F5142.9 ; Width: 0.350mm
G1 X101.0227 Y40.9070 Z0.0400 F5142.9 ; Width: 0.350mm
G1 X101.0029 Y40.8870 Z0.0400 F5142.9 ; Width: 0.350mm
G1 X101.0027 Y40.8670 Z0.0400 F5142.9 ; Width: 0.350mm
G1 X100.9829 Y40.8470 Z0.0400 F5142.9 ; Width: 0.350mm
G1 X100.9827 Y40.8270 Z0.0400 F5142.9 ; Width: 0.350mm
G1 X100.9629 Y40.8070 Z0.0400 F5142.9 ; Width: 0.350mm
G1 X100.9627 Y40.7870 Z0.0400 F5142.9 ; Width: 0.350mm
G1 X100.9429 Y40.7670 Z0.0400 F5142.9 ; Width: 0.350mm
G1 X100.9427 Y40.7470 Z0.0400 F5142.9 ; Width: 0.350mm
G1 X100.9229 Y40.7270 Z0.0400 F5142.9 ; Width: 0.350mm
G1 X100.9227 Y40.7070 Z0.0400 F5142.9 ; Width: 0.350mm
G1 X100.9029 Y40.6870 Z0.0400 F5142.9 ; Width: 0.350mm
G1 X100.9027 Y40.6670 Z0.0400 F5142.9 ; Width: 0.350mm
G1 X100.8629 Y40.6270 Z0.0400 F5142.9 ; Width: 0.350mm
G1 X100.8627 Y40.6070 Z0.0400 F5142.9 ; Width: 0.350mm
G1 X100.8229 Y40.5670 Z0.0400 F5142.9 ; Width: 0.350mm
G1 X100.8227 Y40.5470 Z0.0400 F5142.9 ; Width: 0.350mm
G1 X100.8029 Y40.5270 Z0.0400 F5142.9 ; Width: 0.350mm
G1 X100.8027 Y40.5070 Z0.0400 F5142.9 ; Width: 0.350mm
G1 X100.7829 Y40.4870 Z0.0400 F5142.9 ; Width: 0.350mm
G1 X100.7827 Y40.4670 Z0.0400 F5142.9 ; Width: 0.350mm
G1 X100.7429 Y40.4270 Z0.0400 F5142.9 ; Width: 0.350mm
G1 X100.7427 Y40.4070 Z0.0400 F5142.9 ; Width: 0.350mm
G1 X100.6830 Y40.3470 Z0.0400 F5142.9 ; Width: 0.350mm
G1 X100.6827 Y40.3270 Z0.0400 F5142.9 ; Width: 0.350mm
G1 X100.6229 Y40.2670 Z0.0400 F5142.9 ; Width: 0.350mm
G1 X100.6227 Y40.2470 Z0.0400 F5142.9 ; Width: 0.350mm
G1 X100.5630 Y40.1870 Z0.0400 F5142.9 ; Width: 0.350mm
G1 X100.5627 Y40.1670 Z0.0400 F5142.9 ; Width: 0.350mm
G1 X100.5030 Y40.1070 Z0.0400 F5142.9 ; Width: 0.350mm
G1 X100.5027 Y40.0870 Z0.0400 F5142.9 ; Width: 0.350mm
G1 X100.4430 Y40.0270 Z0.0400 F5142.9 ; Width: 0.350mm
G1 X100.4427 Y40.0070 Z0.0400 F5142.9 ; Width: 0.350mm
G1 X100.0430 Y39.6073 Z0.0400 F5142.9 ; Width: 0.350mm
G1 X100.0230 Y39.6070 Z0.0400 F5142.9 ; Width: 0.350mm
G1 X99.9030 Y39.4873 Z0.0400 F5142.9 ; Width: 0.350mm
G1 X99.8830 Y39.4870 Z0.0400 F5142.9 ; Width: 0.350mm
G1 X99.8230 Y39.4273 Z0.0400 F5142.9 ; Width: 0.350mm
G1 X99.8030 Y39.4271 Z0.0400 F5142.9 ; Width: 0.350mm
G1 X99.7630 Y39.3873 Z0.0400 F5142.9 ; Width: 0.350mm
G1 X99.7430 Y39.3870 Z0.0400 F5142.9 ; Width: 0.350mm
G1 X99.6830 Y39.3273 Z0.0400 F5142.9 ; Width: 0.350mm
G1 X99.6630 Y39.3271 Z0.0400 F5142.9 ; Width: 0.350mm
G1 X99.6230 Y39.2873 Z0.0400 F5142.9 ; Width: 0.350mm
G1 X99.6030 Y39.2871 Z0.0400 F5142.9 ; Width: 0.350mm
G1 X99.5630 Y39.2473 Z0.0400 F5142.9 ; Width: 0.350mm
G1 X99.5430 Y39.2471 Z0.0400 F5142.9 ; Width: 0.350mm
G1 X99.5230 Y39.2273 Z0.0400 F5142.9 ; Width: 0.350mm
G1 X99.5030 Y39.2271 Z0.0400 F5142.9 ; Width: 0.350mm
G1 X99.4830 Y39.2073 Z0.0400 F5142.9 ; Width: 0.350mm
G1 X99.4630 Y39.2071 Z0.0400 F5142.9 ; Width: 0.350mm
G1 X99.4430 Y39.1873 Z0.0400 F5142.9 ; Width: 0.350mm
G1 X99.4230 Y39.1871 Z0.0400 F5142.9 ; Width: 0.350mm
G1 X99.3830 Y39.1473 Z0.0400 F5142.9 ; Width: 0.350mm
G1 X99.3630 Y39.1471 Z0.0400 F5142.9 ; Width: 0.350mm
G1 X99.3430 Y39.1273 Z0.0400 F5142.9 ; Width: 0.350mm
G1 X99.3230 Y39.1271 Z0.0400 F5142.9 ; Width: 0.350mm
G1 X99.3030 Y39.1073 Z0.0400 F5142.9 ; Width: 0.350mm
G1 X99.2830 Y39.1071 Z0.0400 F5142.9 ; Width: 0.350mm
G1 X99.2630 Y39.0873 Z0.0400 F5142.9 ; Width: 0.350mm
G1 X99.2230 Y39.0870 Z0.0400 F5142.9 ; Width: 0.350mm
G1 X99.2030 Y39.0672 Z0.0400 F5142.9 ; Width: 0.350mm
G1 X99.1830 Y39.0671 Z0.0400 F5142.9 ; Width: 0.350mm
G1 X99.1630 Y39.0473 Z0.0400 F5142.9 ; Width: 0.350mm
G1 X99.1430 Y39.0471 Z0.0400 F5142.9 ; Width: 0.350mm
G1 X99.1230 Y39.0273 Z0.0400 F5142.9 ; Width: 0.350mm
G1 X99.1030 Y39.0271 Z0.0400 F5142.9 ; Width: 0.350mm
G1 X99.0830 Y39.0073 Z0.0400 F5142.9 ; Width: 0.350mm
G1 X99.0630 Y39.0071 Z0.0400 F5142.9 ; Width: 0.350mm
G1 X99.0430 Y38.9873 Z0.0400 F5142.9 ; Width: 0.350mm
G1 X99.0030 Y38.9870 Z0.0400 F5142.9 ; Width: 0.350mm
G1 X98.9830 Y38.9672 Z0.0400 F5142.9 ; Width: 0.350mm
G1 X98.9630 Y38.9671 Z0.0400 F5142.9 ; Width: 0.350mm
G1 X98.9430 Y38.9474 Z0.0400 F5142.9 ; Width: 0.350mm
G1 X98.8830 Y38.9470 Z0.0400 F5142.9 ; Width: 0.350mm
G1 X98.8630 Y38.9272 Z0.0400 F5142.9 ; Width: 0.350mm
G1 X98.8430 Y38.9271 Z0.0400 F5142.9 ; Width: 0.350mm
G1 X98.8230 Y38.9074 Z0.0400 F5142.9 ; Width: 0.350mm
G1 X98.7630 Y38.9070 Z0.0400 F5142.9 ; Width: 0.350mm
G1 X98.7430 Y38.8873 Z0.0400 F5142.9 ; Width: 0.350mm
G1 X98.6830 Y38.8870 Z0.0400 F5142.9 ; Width: 0.350mm
G1 X98.6630 Y38.8673 Z0.0400 F5142.9 ; Width: 0.350mm
G1 X98.6230 Y38.8671 Z0.0400 F5142.9 ; Width: 0.350mm
G1 X98.6030 Y38.8474 Z0.0400 F5142.9 ; Width: 0.350mm
G1 X98.5430 Y38.8470 Z0.0400 F5142.9 ; Width: 0.350mm
G1 X98.5230 Y38.8273 Z0.0400 F5142.9 ; Width: 0.350mm
G1 X98.4430 Y38.8270 Z0.0400 F5142.9 ; Width: 0.350mm
G1 X98.4230 Y38.8074 Z0.0400 F5142.9 ; Width: 0.350mm
G1 X98.3430 Y38.8070 Z0.0400 F5142.9 ; Width: 0.350mm
G1 X98.3230 Y38.7873 Z0.0400 F5142.9 ; Width: 0.350mm
G1 X98.2430 Y38.7870 Z0.0400 F5142.9 ; Width: 0.350mm
G1 X98.2230 Y38.7674 Z0.0400 F5142.9 ; Width: 0.350mm
G1 X98.0830 Y38.7670 Z0.0400 F5142.9 ; Width: 0.350mm
G1 X98.0630 Y38.7474 Z0.0400 F5142.9 ; Width: 0.350mm
G1 X97.8430 Y38.7470 Z0.0400 F5142.9 ; Width: 0.350mm
G1 X97.8230 Y38.7274 Z0.0400 F5142.9 ; Width: 0.350mm
G1 X97.1830 Y38.7274 Z0.0400 F5142.9 ; Width: 0.350mm
G1 X97.1630 Y38.7470 Z0.0400 F5142.9 ; Width: 0.350mm
G1 X96.9430 Y38.7474 Z0.0400 F5142.9 ; Width: 0.350mm
G1 X96.9230 Y38.7670 Z0.0400 F5142.9 ; Width: 0.350mm
G1 X96.7830 Y38.7674 Z0.0400 F5142.9 ; Width: 0.350mm
G1 X96.7630 Y38.7870 Z0.0400 F5142.9 ; Width: 0.350mm
G1 X96.6830 Y38.7873 Z0.0400 F5142.9 ; Width: 0.350mm
G1 X96.6630 Y38.8070 Z0.0400 F5142.9 ; Width: 0.350mm
G1 X96.5830 Y38.8074 Z0.0400 F5142.9 ; Width: 0.350mm
G1 X96.5630 Y38.8270 Z0.0400 F5142.9 ; Width: 0.350mm
G1 X96.4830 Y38.8273 Z0.0400 F5142.9 ; Width: 0.350mm
G1 X96.4630 Y38.8470 Z0.0400 F5142.9 ; Width: 0.350mm
G1 X96.4030 Y38.8474 Z0.0400 F5142.9 ; Width: 0.350mm
G1 X96.3830 Y38.8671 Z0.0400 F5142.9 ; Width: 0.350mm
G1 X96.3430 Y38.8673 Z0.0400 F5142.9 ; Width: 0.350mm
G1 X96.3230 Y38.8870 Z0.0400 F5142.9 ; Width: 0.350mm
G1 X96.2630 Y38.8873 Z0.0400 F5142.9 ; Width: 0.350mm
G1 X96.2430 Y38.9070 Z0.0400 F5142.9 ; Width: 0.350mm
G1 X96.1830 Y38.9074 Z0.0400 F5142.9 ; Width: 0.350mm
G1 X96.1630 Y38.9271 Z0.0400 F5142.9 ; Width: 0.350mm
G1 X96.1430 Y38.9272 Z0.0400 F5142.9 ; Width: 0.350mm
G1 X96.1230 Y38.9470 Z0.0400 F5142.9 ; Width: 0.350mm
G1 X96.0630 Y38.9474 Z0.0400 F5142.9 ; Width: 0.350mm
G1 X96.0430 Y38.9671 Z0.0400 F5142.9 ; Width: 0.350mm
G1 X96.0230 Y38.9672 Z0.0400 F5142.9 ; Width: 0.350mm
G1 X96.0030 Y38.9870 Z0.0400 F5142.9 ; Width: 0.350mm
G1 X95.9630 Y38.9873 Z0.0400 F5142.9 ; Width: 0.350mm
G1 X95.9430 Y39.0071 Z0.0400 F5142.9 ; Width: 0.350mm
G1 X95.9230 Y39.0073 Z0.0400 F5142.9 ; Width: 0.350mm
G1 X95.9030 Y39.0271 Z0.0400 F5142.9 ; Width: 0.350mm
G1 X95.8830 Y39.0273 Z0.0400 F5142.9 ; Width: 0.350mm
G1 X95.8630 Y39.0471 Z0.0400 F5142.9 ; Width: 0.350mm
G1 X95.8430 Y39.0472 Z0.0400 F5142.9 ; Width: 0.350mm
G1 X95.8230 Y39.0670 Z0.0400 F5142.9 ; Width: 0.350mm
G1 X95.7830 Y39.0673 Z0.0400 F5142.9 ; Width: 0.350mm
G1 X95.7630 Y39.0871 Z0.0400 F5142.9 ; Width: 0.350mm
G1 X95.7430 Y39.0873 Z0.0400 F5142.9 ; Width: 0.350mm
G1 X95.7230 Y39.1071 Z0.0400 F5142.9 ; Width: 0.350mm
G1 X95.7030 Y39.1073 Z0.0400 F5142.9 ; Width: 0.350mm
G1 X95.6830 Y39.1271 Z0.0400 F5142.9 ; Width: 0.350mm
G1 X95.6630 Y39.1273 Z0.0400 F5142.9 ; Width: 0.350mm
G1 X95.6430 Y39.1471 Z0.0400 F5142.9 ; Width: 0.350mm
G1 X95.6230 Y39.1473 Z0.0400 F5142.9 ; Width: 0.350mm
G1 X95.6030 Y39.1671 Z0.0400 F5142.9 ; Width: 0.350mm
G1 X95.5830 Y39.1673 Z0.0400 F5142.9 ; Width: 0.350mm
G1 X95.5430 Y39.2071 Z0.0400 F5142.9 ; Width: 0.350mm
G1 X95.5230 Y39.2073 Z0.0400 F5142.9 ; Width: 0.350mm
G1 X95.5030 Y39.2271 Z0.0400 F5142.9 ; Width: 0.350mm
G1 X95.4830 Y39.2273 Z0.0400 F5142.9 ; Width: 0.350mm
G1 X95.4630 Y39.2471 Z0.0400 F5142.9 ; Width: 0.350mm
G1 X95.4430 Y39.2473 Z0.0400 F5142.9 ; Width: 0.350mm
G1 X95.4030 Y39.2871 Z0.0400 F5142.9 ; Width: 0.350mm
G1 X95.3830 Y39.2873 Z0.0400 F5142.9 ; Width: 0.350mm
G1 X95.3630 Y39.3071 Z0.0400 F5142.9 ; Width: 0.350mm
G1 X95.3430 Y39.3073 Z0.0400 F5142.9 ; Width: 0.350mm
G1 X95.3030 Y39.3471 Z0.0400 F5142.9 ; Width: 0.350mm
G1 X95.2830 Y39.3473 Z0.0400 F5142.9 ; Width: 0.350mm
G1 X95.2430 Y39.3871 Z0.0400 F5142.9 ; Width: 0.350mm
G1 X95.2230 Y39.3873 Z0.0400 F5142.9 ; Width: 0.350mm
G1 X95.1630 Y39.4470 Z0.0400 F5142.9 ; Width: 0.350mm
G1 X95.1430 Y39.4473 Z0.0400 F5142.9 ; Width: 0.350mm
G1 X95.0630 Y39.5270 Z0.0400 F5142.9 ; Width: 0.350mm
G1 X95.0430 Y39.5273 Z0.0400 F5142.9 ; Width: 0.350mm
G1 X94.9430 Y39.6270 Z0.0400 F5142.9 ; Width: 0.350mm
G1 X94.9230 Y39.6273 Z0.0400 F5142.9 ; Width: 0.350mm
G1 X94.5633 Y39.9870 Z0.0400 F5142.9 ; Width: 0.350mm
G1 X94.5630 Y40.0070 Z0.0400 F5142.9 ; Width: 0.350mm
G1 X94.4230 Y40.1474 Z0.0400 F5142.9 ; Width: 0.350mm
G1 X94.4030 Y40.1477 Z0.0400 F5142.9 ; Width: 0.350mm
G1 X94.3830 Y40.1677 Z0.0400 F5142.9 ; Width: 0.350mm
G1 X94.3030 Y40.1687 Z0.0400 F5142.9 ; Width: 0.350mm
G1 X94.2830 Y40.1888 Z0.0400 F5142.9 ; Width: 0.350mm
G1 X94.2630 Y40.1692 Z0.0400 F5142.9 ; Width: 0.350mm
G1 X94.1830 Y40.1698 Z0.0400 F5142.9 ; Width: 0.350mm
G1 X94.1630 Y40.1495 Z0.0400 F5142.9 ; Width: 0.350mm
G1 X94.1430 Y40.1492 Z0.0400 F5142.9 ; Width: 0.350mm
G1 X94.0424 Y40.0470 Z0.0400 F5142.9 ; Width: 0.350mm
G1 X94.0424 Y40.0070 Z0.0400 F5142.9 ; Width: 0.350mm
G1 X94.0228 Y39.9870 Z0.0400 F5142.9 ; Width: 0.350mm
G1 X94.0226 Y39.9270 Z0.0400 F5142.9 ; Width: 0.350mm
G1 X94.0030 Y39.9070 Z0.0400 F5142.9 ; Width: 0.350mm
G1 X94.0027 Y39.8270 Z0.0400 F5142.9 ; Width: 0.350mm
G1 X93.9830 Y39.8070 Z0.0400 F5142.9 ; Width: 0.350mm
G1 X93.9826 Y39.7470 Z0.0400 F5142.9 ; Width: 0.350mm
G1 X93.9629 Y39.7270 Z0.0400 F5142.9 ; Width: 0.350mm
G1 X93.9628 Y39.7070 Z0.0400 F5142.9 ; Width: 0.350mm
G1 X93.9430 Y39.6870 Z0.0400 F5142.9 ; Width: 0.350mm
G1 X93.9427 Y39.6470 Z0.0400 F5142.9 ; Width: 0.350mm
G1 X93.9229 Y39.6270 Z0.0400 F5142.9 ; Width: 0.350mm
G1 X93.9227 Y39.6070 Z0.0400 F5142.9 ; Width: 0.350mm
G1 X93.9029 Y39.5870 Z0.0400 F5142.9 ; Width: 0.350mm
G1 X93.9027 Y39.5670 Z0.0400 F5142.9 ; Width: 0.350mm
G1 X93.8829 Y39.5470 Z0.0400 F5142.9 ; Width: 0.350mm
G1 X93.8827 Y39.5270 Z0.0400 F5142.9 ; Width: 0.350mm
G1 X93.8429 Y39.4870 Z0.0400 F5142.9 ; Width: 0.350mm
G1 X93.8427 Y39.4670 Z0.0400 F5142.9 ; Width: 0.350mm
G1 X93.7830 Y39.4070 Z0.0400 F5142.9 ; Width: 0.350mm
G1 X93.7827 Y39.3870 Z0.0400 F5142.9 ; Width: 0.350mm
G1 X93.7430 Y39.3472 Z0.0400 F5142.9 ; Width: 0.350mm
G1 X93.5830 Y39.1873 Z0.0400 F5142.9 ; Width: 0.350mm
G1 X93.5630 Y39.1870 Z0.0400 F5142.9 ; Width: 0.350mm
G1 X93.5030 Y39.1273 Z0.0400 F5142.9 ; Width: 0.350mm
G1 X93.4830 Y39.1271 Z0.0400 F5142.9 ; Width: 0.350mm
G1 X93.4430 Y39.0873 Z0.0400 F5142.9 ; Width: 0.350mm
G1 X93.4230 Y39.0871 Z0.0400 F5142.9 ; Width: 0.350mm
G1 X93.4030 Y39.0673 Z0.0400 F5142.9 ; Width: 0.350mm
G1 X93.3830 Y39.0671 Z0.0400 F5142.9 ; Width: 0.350mm
G1 X93.3630 Y39.0473 Z0.0400 F5142.9 ; Width: 0.350mm
G1 X93.3430 Y39.0471 Z0.0400 F5142.9 ; Width: 0.350mm
G1 X93.3230 Y39.0273 Z0.0400 F5142.9 ; Width: 0.350mm
G1 X93.2830 Y39.0270 Z0.0400 F5142.9 ; Width: 0.350mm
G1 X93.2630 Y39.0072 Z0.0400 F5142.9 ; Width: 0.350mm
G1 X93.2430 Y39.0071 Z0.0400 F5142.9 ; Width: 0.350mm
G1 X93.2230 Y38.9874 Z0.0400 F5142.9 ; Width: 0.350mm
G1 X93.1630 Y38.9870 Z0.0400 F5142.9 ; Width: 0.350mm
G1 X93.1430 Y38.9673 Z0.0400 F5142.9 ; Width: 0.350mm
G1 X93.0630 Y38.9670 Z0.0400 F5142.9 ; Width: 0.350mm
G1 X93.0430 Y38.9474 Z0.0400 F5142.9 ; Width: 0.350mm
G1 X90.9830 Y38.9474 Z0.0400 F1747.6 ; Width: 1.030mm
G1 X90.9630 Y38.9670 Z0.0400 F5142.9 ; Width: 0.350mm
G1 X90.8830 Y38.9673 Z0.0400 F5142.9 ; Width: 0.350mm
G1 X90.8630 Y38.9870 Z0.0400 F5142.9 ; Width: 0.350mm
G1 X90.8030 Y38.9874 Z0.0400 F5142.9 ; Width: 0.350mm
G1 X90.7830 Y39.0071 Z0.0400 F5142.9 ; Width: 0.350mm
G1 X90.7630 Y39.0072 Z0.0400 F5142.9 ; Width: 0.350mm
G1 X90.7430 Y39.0270 Z0.0400 F5142.9 ; Width: 0.350mm
G1 X90.7030 Y39.0273 Z0.0400 F5142.9 ; Width: 0.350mm
G1 X90.6830 Y39.0471 Z0.0400 F5142.9 ; Width: 0.350mm
G1 X90.6630 Y39.0473 Z0.0400 F5142.9 ; Width: 0.350mm
G1 X90.6430 Y39.0671 Z0.0400 F5142.9 ; Width: 0.350mm
G1 X90.6230 Y39.0673 Z0.0400 F5142.9 ; Width: 0.350mm
G1 X90.6030 Y39.0871 Z0.0400 F5142.9 ; Width: 0.350mm
G1 X90.5830 Y39.0873 Z0.0400 F5142.9 ; Width: 0.350mm
G1 X90.5430 Y39.1271 Z0.0400 F5142.9 ; Width: 0.350mm
G1 X90.5230 Y39.1273 Z0.0400 F5142.9 ; Width: 0.350mm
G1 X90.4630 Y39.1870 Z0.0400 F5142.9 ; Width: 0.350mm
G1 X90.4430 Y39.1873 Z0.0400 F5142.9 ; Width: 0.350mm
G1 X90.3030 Y39.3272 Z0.0400 F5142.9 ; Width: 0.350mm
G1 X90.2830 Y39.3275 Z0.0400 F5142.9 ; Width: 0.350mm
G1 X90.2630 Y39.3475 Z0.0400 F5142.9 ; Width: 0.350mm
G1 X90.1830 Y39.3485 Z0.0400 F5142.9 ; Width: 0.350mm
G1 X90.1630 Y39.3686 Z0.0400 F5142.9 ; Width: 0.350mm
G1 X90.1430 Y39.3686 Z0.0400 F5142.9 ; Width: 0.350mm
G1 X90.1230 Y39.3485 Z0.0400 F5142.9 ; Width: 0.350mm
G1 X90.0430 Y39.3475 Z0.0400 F5142.9 ; Width: 0.350mm
G1 X90.0230 Y39.3275 Z0.0400 F5142.9 ; Width: 0.350mm
G1 X90.0030 Y39.3272 Z0.0400 F5142.9 ; Width: 0.350mm
G1 X89.8630 Y39.1873 Z0.0400 F5142.9 ; Width: 0.350mm
G1 X89.8430 Y39.1870 Z0.0400 F5142.9 ; Width: 0.350mm
G1 X89.7830 Y39.1273 Z0.0400 F5142.9 ; Width: 0.350mm
G1 X89.7630 Y39.1271 Z0.0400 F5142.9 ; Width: 0.350mm
G1 X89.7230 Y39.0873 Z0.0400 F5142.9 ; Width: 0.350mm
G1 X89.7030 Y39.0871 Z0.0400 F5142.9 ; Width: 0.350mm
G1 X89.6830 Y39.0673 Z0.0400 F5142.9 ; Width: 0.350mm
G1 X89.6630 Y39.0671 Z0.0400 F5142.9 ; Width: 0.350mm
G1 X89.6430 Y39.0473 Z0.0400 F5142.9 ; Width: 0.350mm
G1 X89.6230 Y39.0471 Z0.0400 F5142.9 ; Width: 0.350mm
G1 X89.6030 Y39.0273 Z0.0400 F5142.9 ; Width: 0.350mm
G1 X89.5630 Y39.0270 Z0.0400 F5142.9 ; Width: 0.350mm
G1 X89.5430 Y39.0072 Z0.0400 F5142.9 ; Width: 0.350mm
G1 X89.5230 Y39.0071 Z0.0400 F5142.9 ; Width: 0.350mm
G1 X89.5030 Y38.9874 Z0.0400 F5142.9 ; Width: 0.350mm
G1 X89.4430 Y38.9870 Z0.0400 F5142.9 ; Width: 0.350mm
G1 X89.4230 Y38.9673 Z0.0400 F5142.9 ; Width: 0.350mm
G1 X89.3430 Y38.9670 Z0.0400 F5142.9 ; Width: 0.350mm
G1 X89.3230 Y38.9474 Z0.0400 F5142.9 ; Width: 0.350mm
G1 X87.9630 Y38.9474 Z0.0400 F2647.1 ; Width: 0.680mm
G1 X87.9430 Y38.9670 Z0.0400 F5142.9 ; Width: 0.350mm
G1 X87.8630 Y38.9673 Z0.0400 F5142.9 ; Width: 0.350mm
G1 X87.8430 Y38.9870 Z0.0400 F5142.9 ; Width: 0.350mm
G1 X87.7830 Y38.9874 Z0.0400 F5142.9 ; Width: 0.350mm
G1 X87.7630 Y39.0071 Z0.0400 F5142.9 ; Width: 0.350mm
G1 X87.7430 Y39.0072 Z0.0400 F5142.9 ; Width: 0.350mm
G1 X87.7230 Y39.0270 Z0.0400 F5142.9 ; Width: 0.350mm
G1 X87.6830 Y39.0273 Z0.0400 F5142.9 ; Width: 0.350mm
G1 X87.6630 Y39.0471 Z0.0400 F5142.9 ; Width: 0.350mm
G1 X87.6430 Y39.0473 Z0.0400 F5142.9 ; Width: 0.350mm
G1 X87.6230 Y39.0671 Z0.0400 F5142.9 ; Width: 0.350mm
G1 X87.6030 Y39.0673 Z0.0400 F5142.9 ; Width: 0.350mm
G1 X87.5830 Y39.0871 Z0.0400 F5142.9 ; Width: 0.350mm
G1 X87.5630 Y39.0873 Z0.0400 F5142.9 ; Width: 0.350mm
G1 X87.5230 Y39.1271 Z0.0400 F5142.9 ; Width: 0.350mm
G1 X87.5030 Y39.1273 Z0.0400 F5142.9 ; Width: 0.350mm
G1 X87.4430 Y39.1870 Z0.0400 F5142.9 ; Width: 0.350mm
G1 X87.4230 Y39.1873 Z0.0400 F5142.9 ; Width: 0.350mm
G1 X87.2630 Y39.3472 Z0.0400 F5142.9 ; Width: 0.350mm
G1 X87.2430 Y39.3475 Z0.0400 F5142.9 ; Width: 0.350mm
G1 X87.2230 Y39.3675 Z0.0400 F5142.9 ; Width: 0.350mm
G1 X87.1430 Y39.3686 Z0.0400 F5142.9 ; Width: 0.350mm
G1 X87.1230 Y39.3886 Z0.0400 F5142.9 ; Width: 0.350mm
G1 X87.1030 Y39.3886 Z0.0400 F5142.9 ; Width: 0.350mm
G1 X87.0830 Y39.3686 Z0.0400 F5142.9 ; Width: 0.350mm
G1 X87.0030 Y39.3675 Z0.0400 F5142.9 ; Width: 0.350mm
G1 X86.9830 Y39.3475 Z0.0400 F5142.9 ; Width: 0.350mm
G1 X86.9630 Y39.3472 Z0.0400 F5142.9 ; Width: 0.350mm
G1 X86.8030 Y39.1873 Z0.0400 F5142.9 ; Width: 0.350mm
G1 X86.7830 Y39.1870 Z0.0400 F5142.9 ; Width: 0.350mm
G1 X86.7230 Y39.1273 Z0.0400 F5142.9 ; Width: 0.350mm
G1 X86.7030 Y39.1271 Z0.0400 F5142.9 ; Width: 0.350mm
G1 X86.6630 Y39.0873 Z0.0400 F5142.9 ; Width: 0.350mm
G1 X86.6430 Y39.0871 Z0.0400 F5142.9 ; Width: 0.350mm
G1 X86.6230 Y39.0673 Z0.0400 F5142.9 ; Width: 0.350mm
G1 X86.6030 Y39.0671 Z0.0400 F5142.9 ; Width: 0.350mm
G1 X86.5830 Y39.0473 Z0.0400 F5142.9 ; Width: 0.350mm
G1 X86.5630 Y39.0471 Z0.0400 F5142.9 ; Width: 0.350mm
G1 X86.5430 Y39.0273 Z0.0400 F5142.9 ; Width: 0.350mm
G1 X86.5030 Y39.0270 Z0.0400 F5142.9 ; Width: 0.350mm
G1 X86.4830 Y39.0072 Z0.0400 F5142.9 ; Width: 0.350mm
G1 X86.4630 Y39.0071 Z0.0400 F5142.9 ; Width: 0.350mm
G1 X86.4430 Y38.9874 Z0.0400 F5142.9 ; Width: 0.350mm
G1 X86.3830 Y38.9870 Z0.0400 F5142.9 ; Width: 0.350mm
G1 X86.3630 Y38.9673 Z0.0400 F5142.9 ; Width: 0.350mm
G1 X86.2830 Y38.9670 Z0.0400 F5142.9 ; Width: 0.350mm
G1 X86.2630 Y38.9474 Z0.0400 F5142.9 ; Width: 0.350mm
G1 X84.2230 Y38.9474 Z0.0400 F1764.7 ; Width: 1.020mm
G1 X84.2030 Y38.9670 Z0.0400 F5142.9 ; Width: 0.350mm
G1 X84.1230 Y38.9673 Z0.0400 F5142.9 ; Width: 0.350mm
G1 X84.1030 Y38.9870 Z0.0400 F5142.9 ; Width: 0.350mm
G1 X84.0430 Y38.9874 Z0.0400 F5142.9 ; Width: 0.350mm
G1 X84.0230 Y39.0071 Z0.0400 F5142.9 ; Width: 0.350mm
G1 X84.0030 Y39.0072 Z0.0400 F5142.9 ; Width: 0.350mm
G1 X83.9830 Y39.0270 Z0.0400 F5142.9 ; Width: 0.350mm
G1 X83.9430 Y39.0273 Z0.0400 F5142.9 ; Width: 0.350mm
G1 X83.9230 Y39.0471 Z0.0400 F5142.9 ; Width: 0.350mm
G1 X83.9030 Y39.0473 Z0.0400 F5142.9 ; Width: 0.350mm
G1 X83.8830 Y39.0671 Z0.0400 F5142.9 ; Width: 0.350mm
G1 X83.8630 Y39.0673 Z0.0400 F5142.9 ; Width: 0.350mm
G1 X83.8430 Y39.0871 Z0.0400 F5142.9 ; Width: 0.350mm
G1 X83.8230 Y39.0873 Z0.0400 F5142.9 ; Width: 0.350mm
G1 X83.7830 Y39.1271 Z0.0400 F5142.9 ; Width: 0.350mm
G1 X83.7630 Y39.1273 Z0.0400 F5142.9 ; Width: 0.350mm
G1 X83.7030 Y39.1870 Z0.0400 F5142.9 ; Width: 0.350mm
G1 X83.6830 Y39.1873 Z0.0400 F5142.9 ; Width: 0.350mm
G1 X83.6630 Y39.2072 Z0.0400 F5142.9 ; Width: 0.350mm
G1 X83.6430 Y39.2075 Z0.0400 F5142.9 ; Width: 0.350mm
G1 X83.6230 Y39.2275 Z0.0400 F5142.9 ; Width: 0.350mm
G1 X83.5430 Y39.2284 Z0.0400 F5142.9 ; Width: 0.350mm
G1 X83.5230 Y39.2484 Z0.0400 F5142.9 ; Width: 0.350mm
G1 X83.5030 Y39.2484 Z0.0400 F5142.9 ; Width: 0.350mm
G1 X83.4830 Y39.2284 Z0.0400 F5142.9 ; Width: 0.350mm
G1 X83.4030 Y39.2275 Z0.0400 F5142.9 ; Width: 0.350mm
G1 X83.3830 Y39.2075 Z0.0400 F5142.9 ; Width: 0.350mm
G1 X83.3630 Y39.2072 Z0.0400 F5142.9 ; Width: 0.350mm
G1 X83.3430 Y39.1873 Z0.0400 F5142.9 ; Width: 0.350mm
G1 X83.3230 Y39.1870 Z0.0400 F5142.9 ; Width: 0.350mm
G1 X83.2630 Y39.1273 Z0.0400 F5142.9 ; Width: 0.350mm
G1 X83.2430 Y39.1271 Z0.0400 F5142.9 ; Width: 0.350mm
G1 X83.2030 Y39.0873 Z0.0400 F5142.9 ; Width: 0.350mm
G1 X83.1830 Y39.0871 Z0.0400 F5142.9 ; Width: 0.350mm
G1 X83.1630 Y39.0673 Z0.0400 F5142.9 ; Width: 0.350mm
G1 X83.1430 Y39.0671 Z0.0400 F5142.9 ; Width: 0.350mm
G1 X83.1230 Y39.0473 Z0.0400 F5142.9 ; Width: 0.350mm
G1 X83.1030 Y39.0471 Z0.0400 F5142.9 ; Width: 0.350mm
G1 X83.0830 Y39.0273 Z0.0400 F5142.9 ; Width: 0.350mm
G1 X83.0430 Y39.0270 Z0.0400 F5142.9 ; Width: 0.350mm
G1 X83.0230 Y39.0072 Z0.0400 F5142.9 ; Width: 0.350mm
G1 X83.0030 Y39.0071 Z0.0400 F5142.9 ; Width: 0.350mm
G1 X82.9830 Y38.9874 Z0.0400 F5142.9 ; Width: 0.350mm
G1 X82.9230 Y38.9870 Z0.0400 F5142.9 ; Width: 0.350mm
G1 X82.9030 Y38.9673 Z0.0400 F5142.9 ; Width: 0.350mm
G1 X82.8230 Y38.9670 Z0.0400 F5142.9 ; Width: 0.350mm
G1 X82.8030 Y38.9474 Z0.0400 F5142.9 ; Width: 0.350mm
M118 P0 S"70" ; Sync timer
G1 X80.5230 Y38.9474 Z0.0400 F1578.9 ; Width: 1.140mm
G1 X80.5030 Y38.9670 Z0.0400 F5142.9 ; Width: 0.350mm
G1 X80.4230 Y38.9673 Z0.0400 F5142.9 ; Width: 0.350mm
G1 X80.4030 Y38.9870 Z0.0400 F5142.9 ; Width: 0.350mm
G1 X80.3430 Y38.9874 Z0.0400 F5142.9 ; Width: 0.350mm
G1 X80.3230 Y39.0071 Z0.0400 F5142.9 ; Width: 0.350mm
G1 X80.3030 Y39.0072 Z0.0400 F5142.9 ; Width: 0.350mm
G1 X80.2830 Y39.0270 Z0.0400 F5142.9 ; Width: 0.350mm
G1 X80.2430 Y39.0273 Z0.0400 F5142.9 ; Width: 0.350mm
G1 X80.2230 Y39.0471 Z0.0400 F5142.9 ; Width: 0.350mm
G1 X80.2030 Y39.0473 Z0.0400 F5142.9 ; Width: 0.350mm
G1 X80.1830 Y39.0671 Z0.0400 F5142.9 ; Width: 0.350mm
G1 X80.1630 Y39.0673 Z0.0400 F5142.9 ; Width: 0.350mm
G1 X80.1430 Y39.0871 Z0.0400 F5142.9 ; Width: 0.350mm
G1 X80.1230 Y39.0873 Z0.0400 F5142.9 ; Width: 0.350mm
G1 X80.0830 Y39.1271 Z0.0400 F5142.9 ; Width: 0.350mm
G1 X80.0630 Y39.1273 Z0.0400 F5142.9 ; Width: 0.350mm
G1 X80.0030 Y39.1870 Z0.0400 F5142.9 ; Width: 0.350mm
G1 X79.9830 Y39.1873 Z0.0400 F5142.9 ; Width: 0.350mm
G1 X79.8033 Y39.3670 Z0.0400 F5142.9 ; Width: 0.350mm
G1 X79.8030 Y39.3870 Z0.0400 F5142.9 ; Width: 0.350mm
G1 X79.6630 Y39.5278 Z0.0400 F5142.9 ; Width: 0.350mm
G1 X79.6430 Y39.5281 Z0.0400 F5142.9 ; Width: 0.350mm
G1 X79.6230 Y39.5482 Z0.0400 F5142.9 ; Width: 0.350mm
G1 X79.5430 Y39.5493 Z0.0400 F5142.9 ; Width: 0.350mm
G1 X79.5230 Y39.5695 Z0.0400 F5142.9 ; Width: 0.350mm
G1 X79.5030 Y39.5695 Z0.0400 F5142.9 ; Width: 0.350mm
G1 X79.4830 Y39.5493 Z0.0400 F5142.9 ; Width: 0.350mm
G1 X79.4030 Y39.5482 Z0.0400 F5142.9 ; Width: 0.350mm
G1 X79.3830 Y39.5281 Z0.0400 F5142.9 ; Width: 0.350mm
G1 X79.3630 Y39.5278 Z0.0400 F5142.9 ; Width: 0.350mm
G1 X79.2230 Y39.3870 Z0.0400 F5142.9 ; Width: 0.350mm
G1 X79.2227 Y39.3670 Z0.0400 F5142.9 ; Width: 0.350mm
G1 X79.0630 Y39.2073 Z0.0400 F5142.9 ; Width: 0.350mm
G1 X79.0430 Y39.2070 Z0.0400 F5142.9 ; Width: 0.350mm
G1 X78.9830 Y39.1473 Z0.0400 F5142.9 ; Width: 0.350mm
G1 X78.9630 Y39.1471 Z0.0400 F5142.9 ; Width: 0.350mm
G1 X78.9230 Y39.1073 Z0.0400 F5142.9 ; Width: 0.350mm
G1 X78.9030 Y39.1071 Z0.0400 F5142.9 ; Width: 0.350mm
G1 X78.8830 Y39.0873 Z0.0400 F5142.9 ; Width: 0.350mm
G1 X78.8630 Y39.0871 Z0.0400 F5142.9 ; Width: 0.350mm
G1 X78.8430 Y39.0673 Z0.0400 F5142.9 ; Width: 0.350mm
G1 X78.8230 Y39.0671 Z0.0400 F5142.9 ; Width: 0.350mm
G1 X78.8030 Y39.0473 Z0.0400 F5142.9 ; Width: 0.350mm
G1 X78.7830 Y39.0471 Z0.0400 F5142.9 ; Width: 0.350mm
G1 X78.7630 Y39.0273 Z0.0400 F5142.9 ; Width: 0.350mm
G1 X78.7230 Y39.0270 Z0.0400 F5142.9 ; Width: 0.350mm
G1 X78.7030 Y39.0072 Z0.0400 F5142.9 ; Width: 0.350mm
G1 X78.6830 Y39.0071 Z0.0400 F5142.9 ; Width: 0.350mm
G1 X78.6630 Y38.9874 Z0.0400 F5142.9 ; Width: 0.350mm
G1 X78.6030 Y38.9870 Z0.0400 F5142.9 ; Width: 0.350mm
G1 X78.5830 Y38.9673 Z0.0400 F5142.9 ; Width: 0.350mm
G1 X78.5030 Y38.9670 Z0.0400 F5142.9 ; Width: 0.350mm
G1 X78.4830 Y38.9474 Z0.0400 F5142.9 ; Width: 0.350mm
G1 X76.2230 Y38.9474 Z0.0400 F1592.9 ; Width: 1.130mm
G1 X76.2030 Y38.9670 Z0.0400 F5142.9 ; Width: 0.350mm
G1 X76.1230 Y38.9673 Z0.0400 F5142.9 ; Width: 0.350mm
G1 X76.1030 Y38.9870 Z0.0400 F5142.9 ; Width: 0.350mm
G1 X76.0430 Y38.9874 Z0.0400 F5142.9 ; Width: 0.350mm
G1 X76.0230 Y39.0071 Z0.0400 F5142.9 ; Width: 0.350mm
G1 X76.0030 Y39.0072 Z0.0400 F5142.9 ; Width: 0.350mm
G1 X75.9830 Y39.0270 Z0.0400 F5142.9 ; Width: 0.350mm
G1 X75.9430 Y39.0273 Z0.0400 F5142.9 ; Width: 0.350mm
G1 X75.9230 Y39.0471 Z0.0400 F5142.9 ; Width: 0.350mm
G1 X75.9030 Y39.0473 Z0.0400 F5142.9 ; Width: 0.350mm
G1 X75.8830 Y39.0671 Z0.0400 F5142.9 ; Width: 0.350mm
G1 X75.8630 Y39.0673 Z0.0400 F5142.9 ; Width: 0.350mm
G1 X75.8430 Y39.0871 Z0.0400 F5142.9 ; Width: 0.350mm
G1 X75.8230 Y39.0873 Z0.0400 F5142.9 ; Width: 0.350mm
G1 X75.8030 Y39.1071 Z0.0400 F5142.9 ; Width: 0.350mm
G1 X75.7830 Y39.1073 Z0.0400 F5142.9 ; Width: 0.350mm
G1 X75.7430 Y39.1471 Z0.0400 F5142.9 ; Width: 0.350mm
G1 X75.7230 Y39.1473 Z0.0400 F5142.9 ; Width: 0.350mm
G1 X75.6630 Y39.2070 Z0.0400 F5142.9 ; Width: 0.350mm
G1 X75.6430 Y39.2073 Z0.0400 F5142.9 ; Width: 0.350mm
G1 X75.4833 Y39.3670 Z0.0400 F5142.9 ; Width: 0.350mm
G1 X75.4830 Y39.3870 Z0.0400 F5142.9 ; Width: 0.350mm
G1 X75.4233 Y39.4470 Z0.0400 F5142.9 ; Width: 0.350mm
G1 X75.4231 Y39.4670 Z0.0400 F5142.9 ; Width: 0.350mm
G1 X75.3833 Y39.5070 Z0.0400 F5142.9 ; Width: 0.350mm
G1 X75.3831 Y39.5270 Z0.0400 F5142.9 ; Width: 0.350mm
G1 X75.3633 Y39.5470 Z0.0400 F5142.9 ; Width: 0.350mm
G1 X75.3631 Y39.5670 Z0.0400 F5142.9 ; Width: 0.350mm
G1 X75.3433 Y39.5870 Z0.0400 F5142.9 ; Width: 0.350mm
G1 X75.3431 Y39.6070 Z0.0400 F5142.9 ; Width: 0.350mm
G1 X75.3233 Y39.6270 Z0.0400 F5142.9 ; Width: 0.350mm
G1 X75.3231 Y39.6470 Z0.0400 F5142.9 ; Width: 0.350mm
G1 X75.3033 Y39.6670 Z0.0400 F5142.9 ; Width: 0.350mm
G1 X75.3030 Y39.7070 Z0.0400 F5142.9 ; Width: 0.350mm
G1 X75.2832 Y39.7270 Z0.0400 F5142.9 ; Width: 0.350mm
G1 X75.2831 Y39.7470 Z0.0400 F5142.9 ; Width: 0.350mm
G1 X75.2634 Y39.7670 Z0.0400 F5142.9 ; Width: 0.350mm
G1 X75.2630 Y39.8270 Z0.0400 F5142.9 ; Width: 0.350mm
G1 X75.2433 Y39.8470 Z0.0400 F5142.9 ; Width: 0.350mm
G1 X75.2430 Y39.9270 Z0.0400 F5142.9 ; Width: 0.350mm
G1 X75.2234 Y39.9470 Z0.0400 F5142.9 ; Width: 0.350mm
G1 X75.2234 Y43.8120 Z0.0400 F2847.2 ; Width: 0.632mm
G1 X75.2234 Y47.6770 Z0.0400 F1720.2 ; Width: 1.046mm
G1 X75.2234 Y51.5420 Z0.0400 F1159.3 ; Width: 1.553mm
M118 P0 S"71" ; Sync timer
G1 X75.2234 Y55.4070 Z0.0400 F935.4 ; Width: 1.924mm
G1 X75.2430 Y55.4270 Z0.0400 F5142.9 ; Width: 0.350mm
G1 X75.2433 Y55.5070 Z0.0400 F5142.9 ; Width: 0.350mm
G1 X75.2630 Y55.5270 Z0.0400 F5142.9 ; Width: 0.350mm
G1 X75.2634 Y55.5870 Z0.0400 F5142.9 ; Width: 0.350mm
G1 X75.2831 Y55.6070 Z0.0400 F5142.9 ; Width: 0.350mm
G1 X75.2832 Y55.6270 Z0.0400 F5142.9 ; Width: 0.350mm
G1 X75.3030 Y55.6470 Z0.0400 F5142.9 ; Width: 0.350mm
G1 X75.3033 Y55.6870 Z0.0400 F5142.9 ; Width: 0.350mm
G1 X75.3231 Y55.7070 Z0.0400 F5142.9 ; Width: 0.350mm
G1 X75.3233 Y55.7270 Z0.0400 F5142.9 ; Width: 0.350mm
G1 X75.3431 Y55.7470 Z0.0400 F5142.9 ; Width: 0.350mm
G1 X75.3433 Y55.7670 Z0.0400 F5142.9 ; Width: 0.350mm
G1 X75.3631 Y55.7870 Z0.0400 F5142.9 ; Width: 0.350mm
G1 X75.3633 Y55.8070 Z0.0400 F5142.9 ; Width: 0.350mm
G1 X75.3831 Y55.8270 Z0.0400 F5142.9 ; Width: 0.350mm
G1 X75.3833 Y55.8470 Z0.0400 F5142.9 ; Width: 0.350mm
G1 X75.4231 Y55.8870 Z0.0400 F5142.9 ; Width: 0.350mm
G1 X75.4233 Y55.9070 Z0.0400 F5142.9 ; Width: 0.350mm
G1 X75.4830 Y55.9670 Z0.0400 F5142.9 ; Width: 0.350mm
G1 X75.4833 Y55.9870 Z0.0400 F5142.9 ; Width: 0.350mm
G1 X75.6630 Y56.1667 Z0.0400 F5142.9 ; Width: 0.350mm
G1 X75.6830 Y56.1670 Z0.0400 F5142.9 ; Width: 0.350mm
G1 X75.7430 Y56.2267 Z0.0400 F5142.9 ; Width: 0.350mm
G1 X75.7630 Y56.2269 Z0.0400 F5142.9 ; Width: 0.350mm
G1 X75.8030 Y56.2667 Z0.0400 F5142.9 ; Width: 0.350mm
G1 X75.8230 Y56.2669 Z0.0400 F5142.9 ; Width: 0.350mm
G1 X75.8430 Y56.2867 Z0.0400 F5142.9 ; Width: 0.350mm
G1 X75.8630 Y56.2869 Z0.0400 F5142.9 ; Width: 0.350mm
G1 X75.8830 Y56.3067 Z0.0400 F5142.9 ; Width: 0.350mm
G1 X75.9030 Y56.3069 Z0.0400 F5142.9 ; Width: 0.350mm
G1 X75.9230 Y56.3267 Z0.0400 F5142.9 ; Width: 0.350mm
G1 X75.9630 Y56.3270 Z0.0400 F5142.9 ; Width: 0.350mm
G1 X75.9830 Y56.3468 Z0.0400 F5142.9 ; Width: 0.350mm
G1 X76.0030 Y56.3469 Z0.0400 F5142.9 ; Width: 0.350mm
G1 X76.0230 Y56.3666 Z0.0400 F5142.9 ; Width: 0.350mm
G1 X76.0830 Y56.3670 Z0.0400 F5142.9 ; Width: 0.350mm
G1 X76.1030 Y56.3867 Z0.0400 F5142.9 ; Width: 0.350mm
G1 X76.1830 Y56.3870 Z0.0400 F5142.9 ; Width: 0.350mm
G1 X76.2030 Y56.4066 Z0.0400 F5142.9 ; Width: 0.350mm
G1 X78.5230 Y56.4066 Z0.0400 F1551.7 ; Width: 1.160mm
G1 X78.5430 Y56.3870 Z0.0400 F5142.9 ; Width: 0.350mm
G1 X78.6230 Y56.3867 Z0.0400 F5142.9 ; Width: 0.350mm
G1 X78.6430 Y56.3670 Z0.0400 F5142.9 ; Width: 0.350mm
G1 X78.7030 Y56.3666 Z0.0400 F5142.9 ; Width: 0.350mm
G1 X78.7230 Y56.3469 Z0.0400 F5142.9 ; Width: 0.350mm
G1 X78.7430 Y56.3468 Z0.0400 F5142.9 ; Width: 0.350mm
G1 X78.7630 Y56.3270 Z0.0400 F5142.9 ; Width: 0.350mm
G1 X78.8030 Y56.3267 Z0.0400 F5142.9 ; Width: 0.350mm
G1 X78.8230 Y56.3069 Z0.0400 F5142.9 ; Width: 0.350mm
G1 X78.8430 Y56.3067 Z0.0400 F5142.9 ; Width: 0.350mm
G1 X78.8630 Y56.2869 Z0.0400 F5142.9 ; Width: 0.350mm
G1 X78.8830 Y56.2867 Z0.0400 F5142.9 ; Width: 0.350mm
G1 X78.9030 Y56.2669 Z0.0400 F5142.9 ; Width: 0.350mm
G1 X78.9230 Y56.2667 Z0.0400 F5142.9 ; Width: 0.350mm
G1 X78.9630 Y56.2269 Z0.0400 F5142.9 ; Width: 0.350mm
G1 X78.9830 Y56.2267 Z0.0400 F5142.9 ; Width: 0.350mm
G1 X79.0430 Y56.1670 Z0.0400 F5142.9 ; Width: 0.350mm
G1 X79.0630 Y56.1667 Z0.0400 F5142.9 ; Width: 0.350mm
G1 X79.2227 Y56.0070 Z0.0400 F5142.9 ; Width: 0.350mm
G1 X79.2230 Y55.9870 Z0.0400 F5142.9 ; Width: 0.350mm
G1 X79.3630 Y55.8462 Z0.0400 F5142.9 ; Width: 0.350mm
G1 X79.3830 Y55.8459 Z0.0400 F5142.9 ; Width: 0.350mm
G1 X79.4030 Y55.8258 Z0.0400 F5142.9 ; Width: 0.350mm
G1 X79.4830 Y55.8247 Z0.0400 F5142.9 ; Width: 0.350mm
G1 X79.5030 Y55.8045 Z0.0400 F5142.9 ; Width: 0.350mm
G1 X79.5230 Y55.8045 Z0.0400 F5142.9 ; Width: 0.350mm
G1 X79.5430 Y55.8246 Z0.0400 F5142.9 ; Width: 0.350mm
G1 X79.6230 Y55.8258 Z0.0400 F5142.9 ; Width: 0.350mm
G1 X79.6430 Y55.8459 Z0.0400 F5142.9 ; Width: 0.350mm
G1 X79.6630 Y55.8462 Z0.0400 F5142.9 ; Width: 0.350mm
G1 X79.8030 Y55.9870 Z0.0400 F5142.9 ; Width: 0.350mm
G1 X79.8033 Y56.0070 Z0.0400 F5142.9 ; Width: 0.350mm
G1 X79.9630 Y56.1667 Z0.0400 F5142.9 ; Width: 0.350mm
G1 X79.9830 Y56.1670 Z0.0400 F5142.9 ; Width: 0.350mm
G1 X80.0430 Y56.2267 Z0.0400 F5142.9 ; Width: 0.350mm
G1 X80.0630 Y56.2269 Z0.0400 F5142.9 ; Width: 0.350mm
G1 X80.1030 Y56.2667 Z0.0400 F5142.9 ; Width: 0.350mm
G1 X80.1230 Y56.2669 Z0.0400 F5142.9 ; Width: 0.350mm
G1 X80.1430 Y56.2867 Z0.0400 F5142.9 ; Width: 0.350mm
G1 X80.1630 Y56.2869 Z0.0400 F5142.9 ; Width: 0.350mm
G1 X80.1830 Y56.3067 Z0.0400 F5142.9 ; Width: 0.350mm
G1 X80.2030 Y56.3069 Z0.0400 F5142.9 ; Width: 0.350mm
G1 X80.2230 Y56.3267 Z0.0400 F5142.9 ; Width: 0.350mm
G1 X80.2630 Y56.3270 Z0.0400 F5142.9 ; Width: 0.350mm
G1 X80.2830 Y56.3468 Z0.0400 F5142.9 ; Width: 0.350mm
G1 X80.3030 Y56.3469 Z0.0400 F5142.9 ; Width: 0.350mm
G1 X80.3230 Y56.3666 Z0.0400 F5142.9 ; Width: 0.350mm
G1 X80.3830 Y56.3670 Z0.0400 F5142.9 ; Width: 0.350mm
G1 X80.4030 Y56.3867 Z0.0400 F5142.9 ; Width: 0.350mm
G1 X80.4830 Y56.3870 Z0.0400 F5142.9 ; Width: 0.350mm
G1 X80.5030 Y56.4066 Z0.0400 F5142.9 ; Width: 0.350mm
G1 X82.8230 Y56.4066 Z0.0400 F1551.7 ; Width: 1.160mm
G1 X82.8430 Y56.3870 Z0.0400 F5142.9 ; Width: 0.350mm
G1 X82.9230 Y56.3867 Z0.0400 F5142.9 ; Width: 0.350mm
G1 X82.9430 Y56.3670 Z0.0400 F5142.9 ; Width: 0.350mm
G1 X83.0030 Y56.3666 Z0.0400 F5142.9 ; Width: 0.350mm
G1 X83.0230 Y56.3469 Z0.0400 F5142.9 ; Width: 0.350mm
G1 X83.0430 Y56.3468 Z0.0400 F5142.9 ; Width: 0.350mm
G1 X83.0630 Y56.3270 Z0.0400 F5142.9 ; Width: 0.350mm
G1 X83.1030 Y56.3267 Z0.0400 F5142.9 ; Width: 0.350mm
G1 X83.1230 Y56.3069 Z0.0400 F5142.9 ; Width: 0.350mm
G1 X83.1430 Y56.3067 Z0.0400 F5142.9 ; Width: 0.350mm
G1 X83.1630 Y56.2869 Z0.0400 F5142.9 ; Width: 0.350mm
G1 X83.1830 Y56.2867 Z0.0400 F5142.9 ; Width: 0.350mm
G1 X83.2030 Y56.2669 Z0.0400 F5142.9 ; Width: 0.350mm
G1 X83.2230 Y56.2667 Z0.0400 F5142.9 ; Width: 0.350mm
G1 X83.2630 Y56.2269 Z0.0400 F5142.9 ; Width: 0.350mm
G1 X83.2830 Y56.2267 Z0.0400 F5142.9 ; Width: 0.350mm
G1 X83.3430 Y56.1670 Z0.0400 F5142.9 ; Width: 0.350mm
G1 X83.3630 Y56.1667 Z0.0400 F5142.9 ; Width: 0.350mm
G1 X83.3830 Y56.1468 Z0.0400 F5142.9 ; Width: 0.350mm
G1 X83.4630 Y56.1458 Z0.0400 F5142.9 ; Width: 0.350mm
G1 X83.4830 Y56.1258 Z0.0400 F5142.9 ; Width: 0.350mm
G1 X83.5030 Y56.1256 Z0.0400 F5142.9 ; Width: 0.350mm
G1 X83.5430 Y56.1258 Z0.0400 F5142.9 ; Width: 0.350mm
G1 X83.5630 Y56.1458 Z0.0400 F5142.9 ; Width: 0.350mm
G1 X83.6430 Y56.1468 Z0.0400 F5142.9 ; Width: 0.350mm
G1 X83.6630 Y56.1667 Z0.0400 F5142.9 ; Width: 0.350mm
G1 X83.6830 Y56.1670 Z0.0400 F5142.9 ; Width: 0.350mm
G1 X83.7430 Y56.2267 Z0.0400 F5142.9 ; Width: 0.350mm
G1 X83.7630 Y56.2269 Z0.0400 F5142.9 ; Width: 0.350mm
G1 X83.8030 Y56.2667 Z0.0400 F5142.9 ; Width: 0.350mm
G1 X83.8230 Y56.2669 Z0.0400 F5142.9 ; Width: 0.350mm
G1 X83.8430 Y56.2867 Z0.0400 F5142.9 ; Width: 0.350mm
G1 X83.8630 Y56.2869 Z0.0400 F5142.9 ; Width: 0.350mm
G1 X83.8830 Y56.3067 Z0.0400 F5142.9 ; Width: 0.350mm
G1 X83.9030 Y56.3069 Z0.0400 F5142.9 ; Width: 0.350mm
G1 X83.9230 Y56.3267 Z0.0400 F5142.9 ; Width: 0.350mm
G1 X83.9630 Y56.3270 Z0.0400 F5142.9 ; Width: 0.350mm
G1 X83.9830 Y56.3468 Z0.0400 F5142.9 ; Width: 0.350mm
G1 X84.0030 Y56.3469 Z0.0400 F5142.9 ; Width: 0.350mm
G1 X84.0230 Y56.3666 Z0.0400 F5142.9 ; Width: 0.350mm
G1 X84.0830 Y56.3670 Z0.0400 F5142.9 ; Width: 0.350mm
G1 X84.1030 Y56.3867 Z0.0400 F5142.9 ; Width: 0.350mm
G1 X84.1830 Y56.3870 Z0.0400 F5142.9 ; Width: 0.350mm
G1 X84.2030 Y56.4066 Z0.0400 F5142.9 ; Width: 0.350mm
G1 X87.2430 Y56.4066 Z0.0400 F1184.2 ; Width: 1.520mm
G1 X87.2630 Y56.3870 Z0.0400 F5142.9 ; Width: 0.350mm
G1 X87.3430 Y56.3867 Z0.0400 F5142.9 ; Width: 0.350mm
G1 X87.3630 Y56.3670 Z0.0400 F5142.9 ; Width: 0.350mm
G1 X87.4230 Y56.3666 Z0.0400 F5142.9 ; Width: 0.350mm
G1 X87.4430 Y56.3469 Z0.0400 F5142.9 ; Width: 0.350mm
G1 X87.4630 Y56.3468 Z0.0400 F5142.9 ; Width: 0.350mm
G1 X87.4830 Y56.3270 Z0.0400 F5142.9 ; Width: 0.350mm
G1 X87.5230 Y56.3267 Z0.0400 F5142.9 ; Width: 0.350mm
G1 X87.5430 Y56.3069 Z0.0400 F5142.9 ; Width: 0.350mm
G1 X87.5630 Y56.3067 Z0.0400 F5142.9 ; Width: 0.350mm
G1 X87.5830 Y56.2869 Z0.0400 F5142.9 ; Width: 0.350mm
G1 X87.6030 Y56.2867 Z0.0400 F5142.9 ; Width: 0.350mm
G1 X87.6230 Y56.2669 Z0.0400 F5142.9 ; Width: 0.350mm
G1 X87.6430 Y56.2667 Z0.0400 F5142.9 ; Width: 0.350mm
G1 X87.6830 Y56.2269 Z0.0400 F5142.9 ; Width: 0.350mm
G1 X87.7030 Y56.2267 Z0.0400 F5142.9 ; Width: 0.350mm
G1 X87.7630 Y56.1670 Z0.0400 F5142.9 ; Width: 0.350mm
G1 X87.7830 Y56.1667 Z0.0400 F5142.9 ; Width: 0.350mm
G1 X87.9427 Y56.0070 Z0.0400 F5142.9 ; Width: 0.350mm
G1 X87.9430 Y55.9870 Z0.0400 F5142.9 ; Width: 0.350mm
G1 X88.0027 Y55.9270 Z0.0400 F5142.9 ; Width: 0.350mm
G1 X88.0029 Y55.9070 Z0.0400 F5142.9 ; Width: 0.350mm
G1 X88.0427 Y55.8670 Z0.0400 F5142.9 ; Width: 0.350mm
G1 X88.0429 Y55.8470 Z0.0400 F5142.9 ; Width: 0.350mm
G1 X88.0627 Y55.8270 Z0.0400 F5142.9 ; Width: 0.350mm
G1 X88.0629 Y55.8070 Z0.0400 F5142.9 ; Width: 0.350mm
G1 X88.0827 Y55.7870 Z0.0400 F5142.9 ; Width: 0.350mm
G1 X88.0829 Y55.7670 Z0.0400 F5142.9 ; Width: 0.350mm
G1 X88.1027 Y55.7470 Z0.0400 F5142.9 ; Width: 0.350mm
G1 X88.1029 Y55.7270 Z0.0400 F5142.9 ; Width: 0.350mm
G1 X88.1227 Y55.7070 Z0.0400 F5142.9 ; Width: 0.350mm
G1 X88.1230 Y55.6670 Z0.0400 F5142.9 ; Width: 0.350mm
G1 X88.1428 Y55.6470 Z0.0400 F5142.9 ; Width: 0.350mm
G1 X88.1429 Y55.6270 Z0.0400 F5142.9 ; Width: 0.350mm
G1 X88.1626 Y55.6070 Z0.0400 F5142.9 ; Width: 0.350mm
G1 X88.1630 Y55.5470 Z0.0400 F5142.9 ; Width: 0.350mm
G1 X88.1827 Y55.5270 Z0.0400 F5142.9 ; Width: 0.350mm
G1 X88.1829 Y55.4870 Z0.0400 F5142.9 ; Width: 0.350mm
G1 X88.2026 Y55.4670 Z0.0400 F5142.9 ; Width: 0.350mm
G1 X88.2030 Y55.4070 Z0.0400 F5142.9 ; Width: 0.350mm
G1 X88.2227 Y55.3870 Z0.0400 F5142.9 ; Width: 0.350mm
G1 X88.2230 Y55.3070 Z0.0400 F5142.9 ; Width: 0.350mm
G1 X88.2426 Y55.2870 Z0.0400 F5142.9 ; Width: 0.350mm
G1 X88.2430 Y55.1670 Z0.0400 F5142.9 ; Width: 0.350mm
G1 X88.2627 Y55.1470 Z0.0400 F5142.9 ; Width: 0.350mm
G1 X88.2630 Y55.0670 Z0.0400 F5142.9 ; Width: 0.350mm
G1 X88.2826 Y55.0470 Z0.0400 F5142.9 ; Width: 0.350mm
G1 X88.2830 Y54.9070 Z0.0400 F5142.9 ; Width: 0.350mm
G1 X88.3027 Y54.8870 Z0.0400 F5142.9 ; Width: 0.350mm
G1 X88.3030 Y54.8070 Z0.0400 F5142.9 ; Width: 0.350mm
G1 X88.3226 Y54.7870 Z0.0400 F5142.9 ; Width: 0.350mm
G1 X88.3230 Y54.6670 Z0.0400 F5142.9 ; Width: 0.350mm
G1 X88.3427 Y54.6470 Z0.0400 F5142.9 ; Width: 0.350mm
G1 X88.3430 Y54.5670 Z0.0400 F5142.9 ; Width: 0.350mm
G1 X88.3626 Y54.5470 Z0.0400 F5142.9 ; Width: 0.350mm
G1 X88.3630 Y54.4270 Z0.0400 F5142.9 ; Width: 0.350mm
G1 X88.3827 Y54.4070 Z0.0400 F5142.9 ; Width: 0.350mm
G1 X88.3828 Y54.3670 Z0.0400 F5142.9 ; Width: 0.350mm
G1 X88.4025 Y54.3470 Z0.0400 F5142.9 ; Width: 0.350mm
G1 X88.4026 Y54.3070 Z0.0400 F5142.9 ; Width: 0.350mm
G1 X88.5030 Y54.2051 Z0.0400 F5142.9 ; Width: 0.350mm
G1 X88.5230 Y54.2048 Z0.0400 F5142.9 ; Width: 0.350mm
G1 X88.5430 Y54.1846 Z0.0400 F5142.9 ; Width: 0.350mm
G1 X88.6230 Y54.1835 Z0.0400 F5142.9 ; Width: 0.350mm
G1 X88.6430 Y54.1634 Z0.0400 F5142.9 ; Width: 0.350mm
G1 X88.6630 Y54.1836 Z0.0400 F5142.9 ; Width: 0.350mm
G1 X88.7430 Y54.1847 Z0.0400 F5142.9 ; Width: 0.350mm
G1 X88.7630 Y54.2050 Z0.0400 F5142.9 ; Width: 0.350mm
G1 X88.7830 Y54.2053 Z0.0400 F5142.9 ; Width: 0.350mm
G1 X88.8833 Y54.3070 Z0.0400 F5142.9 ; Width: 0.350mm
G1 X88.8834 Y54.3470 Z0.0400 F5142.9 ; Width: 0.350mm
G1 X88.9030 Y54.3670 Z0.0400 F5142.9 ; Width: 0.350mm
G1 X88.9033 Y54.4470 Z0.0400 F5142.9 ; Width: 0.350mm
G1 X88.9230 Y54.4670 Z0.0400 F5142.9 ; Width: 0.350mm
G1 X88.9234 Y54.5870 Z0.0400 F5142.9 ; Width: 0.350mm
G1 X88.9430 Y54.6070 Z0.0400 F5142.9 ; Width: 0.350mm
G1 X88.9433 Y54.6870 Z0.0400 F5142.9 ; Width: 0.350mm
G1 X88.9630 Y54.7070 Z0.0400 F5142.9 ; Width: 0.350mm
G1 X88.9634 Y54.8270 Z0.0400 F5142.9 ; Width: 0.350mm
G1 X88.9830 Y54.8470 Z0.0400 F5142.9 ; Width: 0.350mm
G1 X88.9833 Y54.9270 Z0.0400 F5142.9 ; Width: 0.350mm
G1 X89.0030 Y54.9470 Z0.0400 F5142.9 ; Width: 0.350mm
G1 X89.0034 Y55.0470 Z0.0400 F5142.9 ; Width: 0.350mm
G1 X89.0230 Y55.0670 Z0.0400 F5142.9 ; Width: 0.350mm
G1 X89.0233 Y55.1470 Z0.0400 F5142.9 ; Width: 0.350mm
G1 X89.0430 Y55.1670 Z0.0400 F5142.9 ; Width: 0.350mm
G1 X89.0434 Y55.3070 Z0.0400 F5142.9 ; Width: 0.350mm
G1 X89.0630 Y55.3270 Z0.0400 F5142.9 ; Width: 0.350mm
G1 X89.0633 Y55.4070 Z0.0400 F5142.9 ; Width: 0.350mm
G1 X89.0830 Y55.4270 Z0.0400 F5142.9 ; Width: 0.350mm
G1 X89.0834 Y55.4870 Z0.0400 F5142.9 ; Width: 0.350mm
G1 X89.1031 Y55.5070 Z0.0400 F5142.9 ; Width: 0.350mm
G1 X89.1034 Y55.5470 Z0.0400 F5142.9 ; Width: 0.350mm
G1 X89.1231 Y55.5670 Z0.0400 F5142.9 ; Width: 0.350mm
G1 X89.1232 Y55.5870 Z0.0400 F5142.9 ; Width: 0.350mm
G1 X89.1430 Y55.6070 Z0.0400 F5142.9 ; Width: 0.350mm
G1 X89.1433 Y55.6470 Z0.0400 F5142.9 ; Width: 0.350mm
G1 X89.1631 Y55.6670 Z0.0400 F5142.9 ; Width: 0.350mm
G1 X89.1632 Y55.6870 Z0.0400 F5142.9 ; Width: 0.350mm
G1 X89.1830 Y55.7070 Z0.0400 F5142.9 ; Width: 0.350mm
G1 X89.1833 Y55.7470 Z0.0400 F5142.9 ; Width: 0.350mm
G1 X89.2031 Y55.7670 Z0.0400 F5142.9 ; Width: 0.350mm
G1 X89.2033 Y55.7870 Z0.0400 F5142.9 ; Width: 0.350mm
G1 X89.2231 Y55.8070 Z0.0400 F5142.9 ; Width: 0.350mm
G1 X89.2233 Y55.8270 Z0.0400 F5142.9 ; Width: 0.350mm
G1 X89.2431 Y55.8470 Z0.0400 F5142.9 ; Width: 0.350mm
G1 X89.2433 Y55.8670 Z0.0400 F5142.9 ; Width: 0.350mm
G1 X89.2831 Y55.9070 Z0.0400 F5142.9 ; Width: 0.350mm
G1 X89.2833 Y55.9270 Z0.0400 F5142.9 ; Width: 0.350mm
G1 X89.3430 Y55.9870 Z0.0400 F5142.9 ; Width: 0.350mm
G1 X89.3433 Y56.0070 Z0.0400 F5142.9 ; Width: 0.350mm
G1 X89.5030 Y56.1667 Z0.0400 F5142.9 ; Width: 0.350mm
G1 X89.5230 Y56.1670 Z0.0400 F5142.9 ; Width: 0.350mm
G1 X89.5830 Y56.2267 Z0.0400 F5142.9 ; Width: 0.350mm
G1 X89.6030 Y56.2269 Z0.0400 F5142.9 ; Width: 0.350mm
G1 X89.6430 Y56.2667 Z0.0400 F5142.9 ; Width: 0.350mm
G1 X89.6630 Y56.2669 Z0.0400 F5142.9 ; Width: 0.350mm
G1 X89.6830 Y56.2867 Z0.0400 F5142.9 ; Width: 0.350mm
G1 X89.7030 Y56.2869 Z0.0400 F5142.9 ; Width: 0.350mm
G1 X89.7230 Y56.3067 Z0.0400 F5142.9 ; Width: 0.350mm
G1 X89.7430 Y56.3069 Z0.0400 F5142.9 ; Width: 0.350mm
G1 X89.7630 Y56.3267 Z0.0400 F5142.9 ; Width: 0.350mm
G1 X89.8030 Y56.3270 Z0.0400 F5142.9 ; Width: 0.350mm
G1 X89.8230 Y56.3468 Z0.0400 F5142.9 ; Width: 0.350mm
G1 X89.8430 Y56.3469 Z0.0400 F5142.9 ; Width: 0.350mm
G1 X89.8630 Y56.3666 Z0.0400 F5142.9 ; Width: 0.350mm
G1 X89.9230 Y56.3670 Z0.0400 F5142.9 ; Width: 0.350mm
G1 X89.9430 Y56.3867 Z0.0400 F5142.9 ; Width: 0.350mm
G1 X90.0230 Y56.3870 Z0.0400 F5142.9 ; Width: 0.350mm
G1 X90.0430 Y56.4066 Z0.0400 F5142.9 ; Width: 0.350mm
G1 X90.1830 Y56.4068 Z0.0400 F5142.9 ; Width: 0.350mm
M118 P0 S"72" ; Sync timer
G1 X93.0630 Y56.4066 Z0.0400 F1250.0 ; Width: 1.440mm
G1 X93.0830 Y56.3870 Z0.0400 F5142.9 ; Width: 0.350mm
G1 X93.1630 Y56.3867 Z0.0400 F5142.9 ; Width: 0.350mm
G1 X93.1830 Y56.3670 Z0.0400 F5142.9 ; Width: 0.350mm
G1 X93.2430 Y56.3666 Z0.0400 F5142.9 ; Width: 0.350mm
G1 X93.2630 Y56.3469 Z0.0400 F5142.9 ; Width: 0.350mm
G1 X93.2830 Y56.3468 Z0.0400 F5142.9 ; Width: 0.350mm
G1 X93.3030 Y56.3270 Z0.0400 F5142.9 ; Width: 0.350mm
G1 X93.3430 Y56.3267 Z0.0400 F5142.9 ; Width: 0.350mm
G1 X93.3630 Y56.3069 Z0.0400 F5142.9 ; Width: 0.350mm
G1 X93.3830 Y56.3067 Z0.0400 F5142.9 ; Width: 0.350mm
G1 X93.4030 Y56.2869 Z0.0400 F5142.9 ; Width: 0.350mm
G1 X93.4230 Y56.2867 Z0.0400 F5142.9 ; Width: 0.350mm
G1 X93.4430 Y56.2669 Z0.0400 F5142.9 ; Width: 0.350mm
G1 X93.4630 Y56.2667 Z0.0400 F5142.9 ; Width: 0.350mm
G1 X93.5030 Y56.2269 Z0.0400 F5142.9 ; Width: 0.350mm
G1 X93.5230 Y56.2267 Z0.0400 F5142.9 ; Width: 0.350mm
G1 X93.5830 Y56.1670 Z0.0400 F5142.9 ; Width: 0.350mm
G1 X93.6030 Y56.1667 Z0.0400 F5142.9 ; Width: 0.350mm
G1 X93.7827 Y55.9870 Z0.0400 F5142.9 ; Width: 0.350mm
G1 X93.7830 Y55.9670 Z0.0400 F5142.9 ; Width: 0.350mm
G1 X93.8427 Y55.9070 Z0.0400 F5142.9 ; Width: 0.350mm
G1 X93.8429 Y55.8870 Z0.0400 F5142.9 ; Width: 0.350mm
G1 X93.8827 Y55.8470 Z0.0400 F5142.9 ; Width: 0.350mm
G1 X93.8829 Y55.8270 Z0.0400 F5142.9 ; Width: 0.350mm
G1 X93.9027 Y55.8070 Z0.0400 F5142.9 ; Width: 0.350mm
G1 X93.9029 Y55.7870 Z0.0400 F5142.9 ; Width: 0.350mm
G1 X93.9227 Y55.7670 Z0.0400 F5142.9 ; Width: 0.350mm
G1 X93.9229 Y55.7470 Z0.0400 F5142.9 ; Width: 0.350mm
G1 X93.9427 Y55.7270 Z0.0400 F5142.9 ; Width: 0.350mm
G1 X93.9430 Y55.6870 Z0.0400 F5142.9 ; Width: 0.350mm
G1 X93.9628 Y55.6670 Z0.0400 F5142.9 ; Width: 0.350mm
G1 X93.9629 Y55.6470 Z0.0400 F5142.9 ; Width: 0.350mm
G1 X93.9826 Y55.6270 Z0.0400 F5142.9 ; Width: 0.350mm
G1 X93.9830 Y55.5670 Z0.0400 F5142.9 ; Width: 0.350mm
G1 X94.0027 Y55.5470 Z0.0400 F5142.9 ; Width: 0.350mm
G1 X94.0030 Y55.4670 Z0.0400 F5142.9 ; Width: 0.350mm
G1 X94.0226 Y55.4470 Z0.0400 F5142.9 ; Width: 0.350mm
G1 X94.0228 Y55.3870 Z0.0400 F5142.9 ; Width: 0.350mm
G1 X94.0424 Y55.3670 Z0.0400 F5142.9 ; Width: 0.350mm
G1 X94.0424 Y55.3270 Z0.0400 F5142.9 ; Width: 0.350mm
G1 X94.1430 Y55.2248 Z0.0400 F5142.9 ; Width: 0.350mm
G1 X94.1630 Y55.2245 Z0.0400 F5142.9 ; Width: 0.350mm
G1 X94.1830 Y55.2042 Z0.0400 F5142.9 ; Width: 0.350mm
G1 X94.2630 Y55.2047 Z0.0400 F5142.9 ; Width: 0.350mm
G1 X94.2830 Y55.1851 Z0.0400 F5142.9 ; Width: 0.350mm
G1 X94.3030 Y55.2052 Z0.0400 F5142.9 ; Width: 0.350mm
G1 X94.3830 Y55.2062 Z0.0400 F5142.9 ; Width: 0.350mm
G1 X94.4030 Y55.2262 Z0.0400 F5142.9 ; Width: 0.350mm
G1 X94.4230 Y55.2265 Z0.0400 F5142.9 ; Width: 0.350mm
G1 X94.9630 Y55.7667 Z0.0400 F4713.2 ; Width: 0.382mm
G1 X94.9830 Y55.7670 Z0.0400 F5142.9 ; Width: 0.350mm
G1 X95.0430 Y55.8267 Z0.0400 F5142.9 ; Width: 0.350mm
G1 X95.0630 Y55.8270 Z0.0400 F5142.9 ; Width: 0.350mm
G1 X95.1230 Y55.8867 Z0.0400 F5142.9 ; Width: 0.350mm
G1 X95.1430 Y55.8869 Z0.0400 F5142.9 ; Width: 0.350mm
G1 X95.1830 Y55.9267 Z0.0400 F5142.9 ; Width: 0.350mm
G1 X95.2030 Y55.9270 Z0.0400 F5142.9 ; Width: 0.350mm
G1 X95.2630 Y55.9867 Z0.0400 F5142.9 ; Width: 0.350mm
G1 X95.2830 Y55.9869 Z0.0400 F5142.9 ; Width: 0.350mm
G1 X95.3230 Y56.0267 Z0.0400 F5142.9 ; Width: 0.350mm
G1 X95.3430 Y56.0269 Z0.0400 F5142.9 ; Width: 0.350mm
G1 X95.3830 Y56.0667 Z0.0400 F5142.9 ; Width: 0.350mm
G1 X95.4030 Y56.0669 Z0.0400 F5142.9 ; Width: 0.350mm
G1 X95.4230 Y56.0867 Z0.0400 F5142.9 ; Width: 0.350mm
G1 X95.4430 Y56.0869 Z0.0400 F5142.9 ; Width: 0.350mm
G1 X95.4830 Y56.1267 Z0.0400 F5142.9 ; Width: 0.350mm
G1 X95.5030 Y56.1269 Z0.0400 F5142.9 ; Width: 0.350mm
G1 X95.5230 Y56.1467 Z0.0400 F5142.9 ; Width: 0.350mm
G1 X95.5430 Y56.1469 Z0.0400 F5142.9 ; Width: 0.350mm
G1 X95.5630 Y56.1667 Z0.0400 F5142.9 ; Width: 0.350mm
G1 X95.5830 Y56.1669 Z0.0400 F5142.9 ; Width: 0.350mm
G1 X95.6030 Y56.1867 Z0.0400 F5142.9 ; Width: 0.350mm
G1 X95.6230 Y56.1869 Z0.0400 F5142.9 ; Width: 0.350mm
G1 X95.6430 Y56.2067 Z0.0400 F5142.9 ; Width: 0.350mm
G1 X95.6630 Y56.2069 Z0.0400 F5142.9 ; Width: 0.350mm
G1 X95.6830 Y56.2267 Z0.0400 F5142.9 ; Width: 0.350mm
G1 X95.7030 Y56.2269 Z0.0400 F5142.9 ; Width: 0.350mm
G1 X95.7230 Y56.2467 Z0.0400 F5142.9 ; Width: 0.350mm
G1 X95.7430 Y56.2469 Z0.0400 F5142.9 ; Width: 0.350mm
G1 X95.7630 Y56.2667 Z0.0400 F5142.9 ; Width: 0.350mm
G1 X95.7830 Y56.2669 Z0.0400 F5142.9 ; Width: 0.350mm
G1 X95.8030 Y56.2867 Z0.0400 F5142.9 ; Width: 0.350mm
G1 X95.8230 Y56.2869 Z0.0400 F5142.9 ; Width: 0.350mm
G1 X95.8430 Y56.3067 Z0.0400 F5142.9 ; Width: 0.350mm
G1 X95.8630 Y56.3069 Z0.0400 F5142.9 ; Width: 0.350mm
G1 X95.8830 Y56.3267 Z0.0400 F5142.9 ; Width: 0.350mm
G1 X95.9230 Y56.3270 Z0.0400 F5142.9 ; Width: 0.350mm
G1 X95.9430 Y56.3468 Z0.0400 F5142.9 ; Width: 0.350mm
G1 X95.9630 Y56.3469 Z0.0400 F5142.9 ; Width: 0.350mm
G1 X95.9830 Y56.3666 Z0.0400 F5142.9 ; Width: 0.350mm
G1 X96.0230 Y56.3669 Z0.0400 F5142.9 ; Width: 0.350mm
G1 X96.0430 Y56.3867 Z0.0400 F5142.9 ; Width: 0.350mm
G1 X96.0830 Y56.3870 Z0.0400 F5142.9 ; Width: 0.350mm
G1 X96.1030 Y56.4068 Z0.0400 F5142.9 ; Width: 0.350mm
G1 X96.1230 Y56.4069 Z0.0400 F5142.9 ; Width: 0.350mm
G1 X96.1430 Y56.4266 Z0.0400 F5142.9 ; Width: 0.350mm
G1 X96.2030 Y56.4270 Z0.0400 F5142.9 ; Width: 0.350mm
G1 X96.2230 Y56.4467 Z0.0400 F5142.9 ; Width: 0.350mm
G1 X96.2630 Y56.4469 Z0.0400 F5142.9 ; Width: 0.350mm
G1 X96.2830 Y56.4666 Z0.0400 F5142.9 ; Width: 0.350mm
G1 X96.3230 Y56.4669 Z0.0400 F5142.9 ; Width: 0.350mm
G1 X96.3430 Y56.4866 Z0.0400 F5142.9 ; Width: 0.350mm
G1 X96.4030 Y56.4870 Z0.0400 F5142.9 ; Width: 0.350mm
G1 X96.4230 Y56.5067 Z0.0400 F5142.9 ; Width: 0.350mm
G1 X96.4830 Y56.5069 Z0.0400 F5142.9 ; Width: 0.350mm
G1 X96.5030 Y56.5266 Z0.0400 F5142.9 ; Width: 0.350mm
G1 X96.5630 Y56.5270 Z0.0400 F5142.9 ; Width: 0.350mm
G1 X96.5830 Y56.5467 Z0.0400 F5142.9 ; Width: 0.350mm
G1 X96.6630 Y56.5470 Z0.0400 F5142.9 ; Width: 0.350mm
G1 X96.6830 Y56.5666 Z0.0400 F5142.9 ; Width: 0.350mm
G1 X96.8230 Y56.5670 Z0.0400 F5142.9 ; Width: 0.350mm
G1 X96.8430 Y56.5867 Z0.0400 F5142.9 ; Width: 0.350mm
G1 X96.9230 Y56.5870 Z0.0400 F5142.9 ; Width: 0.350mm
G1 X96.9430 Y56.6066 Z0.0400 F5142.9 ; Width: 0.350mm
G1 X98.0230 Y56.6066 Z0.0400 F3333.3 ; Width: 0.540mm
G1 X98.0430 Y56.5870 Z0.0400 F5142.9 ; Width: 0.350mm
G0 Z1.0400 F6000.0 ; Z-hop up
G0 X97.9828 Y55.8870 F6000.0 ; Travel to new path
G0 Z0.0400 F6000.0 ; Z-hop down
G1 X98.0630 Y55.8854 Z0.0400 F5142.9 ; Width: 0.350mm
G1 X98.0830 Y55.8664 Z0.0400 F5142.9 ; Width: 0.350mm
G1 X98.2430 Y55.8660 Z0.0400 F5142.9 ; Width: 0.350mm
G1 X98.2630 Y55.8468 Z0.0400 F5142.9 ; Width: 0.350mm
G1 X98.3030 Y55.8460 Z0.0400 F5142.9 ; Width: 0.350mm
G1 X98.3230 Y55.8268 Z0.0400 F5142.9 ; Width: 0.350mm
G1 X98.4030 Y55.8260 Z0.0400 F5142.9 ; Width: 0.350mm
G1 X98.4230 Y55.8068 Z0.0400 F5142.9 ; Width: 0.350mm
G1 X98.4630 Y55.8060 Z0.0400 F5142.9 ; Width: 0.350mm
G1 X98.4830 Y55.7868 Z0.0400 F5142.9 ; Width: 0.350mm
G1 X98.5230 Y55.7860 Z0.0400 F5142.9 ; Width: 0.350mm
G1 X98.5430 Y55.7666 Z0.0400 F5142.9 ; Width: 0.350mm
G1 X98.5830 Y55.7660 Z0.0400 F5142.9 ; Width: 0.350mm
G1 X98.6030 Y55.7468 Z0.0400 F5142.9 ; Width: 0.350mm
G1 X98.6430 Y55.7460 Z0.0400 F5142.9 ; Width: 0.350mm
G1 X98.6630 Y55.7266 Z0.0400 F5142.9 ; Width: 0.350mm
G1 X98.6830 Y55.7261 Z0.0400 F5142.9 ; Width: 0.350mm
G1 X98.7030 Y55.7068 Z0.0400 F5142.9 ; Width: 0.350mm
G1 X98.7430 Y55.7060 Z0.0400 F5142.9 ; Width: 0.350mm
G1 X98.7630 Y55.6868 Z0.0400 F5142.9 ; Width: 0.350mm
G1 X98.8030 Y55.6860 Z0.0400 F5142.9 ; Width: 0.350mm
G1 X98.8230 Y55.6666 Z0.0400 F5142.9 ; Width: 0.350mm
G1 X98.8430 Y55.6661 Z0.0400 F5142.9 ; Width: 0.350mm
G1 X98.8630 Y55.6468 Z0.0400 F5142.9 ; Width: 0.350mm
G1 X98.9030 Y55.6460 Z0.0400 F5142.9 ; Width: 0.350mm
G1 X98.9230 Y55.6266 Z0.0400 F5142.9 ; Width: 0.350mm
G1 X98.9430 Y55.6261 Z0.0400 F5142.9 ; Width: 0.350mm
G1 X98.9630 Y55.6064 Z0.0400 F5142.9 ; Width: 0.350mm
G1 X98.9830 Y55.6058 Z0.0400 F5142.9 ; Width: 0.350mm
G1 X99.0030 Y55.5864 Z0.0400 F5142.9 ; Width: 0.350mm
G1 X99.0230 Y55.5860 Z0.0400 F5142.9 ; Width: 0.350mm
G1 X99.0430 Y55.5666 Z0.0400 F5142.9 ; Width: 0.350mm
G1 X99.0630 Y55.5661 Z0.0400 F5142.9 ; Width: 0.350mm
G1 X99.0830 Y55.5464 Z0.0400 F5142.9 ; Width: 0.350mm
G1 X99.1030 Y55.5460 Z0.0400 F5142.9 ; Width: 0.350mm
G1 X99.1230 Y55.5266 Z0.0400 F5142.9 ; Width: 0.350mm
G1 X99.1430 Y55.5261 Z0.0400 F5142.9 ; Width: 0.350mm
G1 X99.2030 Y55.4668 Z0.0400 F5142.9 ; Width: 0.350mm
G1 X99.2230 Y55.4661 Z0.0400 F5142.9 ; Width: 0.350mm
G1 X99.2630 Y55.4267 Z0.0400 F5142.9 ; Width: 0.350mm
G1 X99.2830 Y55.4261 Z0.0400 F5142.9 ; Width: 0.350mm
G1 X99.3230 Y55.3867 Z0.0400 F5142.9 ; Width: 0.350mm
G1 X99.3430 Y55.3861 Z0.0400 F5142.9 ; Width: 0.350mm
G1 X99.3630 Y55.3666 Z0.0400 F5142.9 ; Width: 0.350mm
G1 X99.3830 Y55.3661 Z0.0400 F5142.9 ; Width: 0.350mm
G1 X99.4430 Y55.3068 Z0.0400 F5142.9 ; Width: 0.350mm
G1 X99.4630 Y55.3061 Z0.0400 F5142.9 ; Width: 0.350mm
G1 X99.6430 Y55.1268 Z0.0400 F5142.9 ; Width: 0.350mm
G1 X99.6630 Y55.1261 Z0.0400 F5142.9 ; Width: 0.350mm
G1 X99.8221 Y54.9670 Z0.0400 F5142.9 ; Width: 0.350mm
G1 X99.8228 Y54.9470 Z0.0400 F5142.9 ; Width: 0.350mm
G1 X99.9421 Y54.8270 Z0.0400 F5142.9 ; Width: 0.350mm
G1 X99.9428 Y54.8070 Z0.0400 F5142.9 ; Width: 0.350mm
G1 X100.0421 Y54.7070 Z0.0400 F5142.9 ; Width: 0.350mm
G1 X100.0427 Y54.6870 Z0.0400 F5142.9 ; Width: 0.350mm
G1 X100.0821 Y54.6470 Z0.0400 F5142.9 ; Width: 0.350mm
G1 X100.0828 Y54.6270 Z0.0400 F5142.9 ; Width: 0.350mm
G1 X100.1621 Y54.5470 Z0.0400 F5142.9 ; Width: 0.350mm
G1 X100.1626 Y54.5270 Z0.0400 F5142.9 ; Width: 0.350mm
G1 X100.1821 Y54.5070 Z0.0400 F5142.9 ; Width: 0.350mm
G1 X100.1826 Y54.4870 Z0.0400 F5142.9 ; Width: 0.350mm
G1 X100.2020 Y54.4670 Z0.0400 F5142.9 ; Width: 0.350mm
G1 X100.2028 Y54.4470 Z0.0400 F5142.9 ; Width: 0.350mm
G1 X100.2621 Y54.3870 Z0.0400 F5142.9 ; Width: 0.350mm
G1 X100.2627 Y54.3670 Z0.0400 F5142.9 ; Width: 0.350mm
G1 X100.3021 Y54.3270 Z0.0400 F5142.9 ; Width: 0.350mm
G1 X100.3026 Y54.3070 Z0.0400 F5142.9 ; Width: 0.350mm
G1 X100.3220 Y54.2870 Z0.0400 F5142.9 ; Width: 0.350mm
G1 X100.3228 Y54.2470 Z0.0400 F5142.9 ; Width: 0.350mm
G1 X100.3621 Y54.2070 Z0.0400 F5142.9 ; Width: 0.350mm
G1 X100.3626 Y54.1870 Z0.0400 F5142.9 ; Width: 0.350mm
G1 X100.3821 Y54.1670 Z0.0400 F5142.9 ; Width: 0.350mm
G1 X100.3826 Y54.1470 Z0.0400 F5142.9 ; Width: 0.350mm
G1 X100.4020 Y54.1270 Z0.0400 F5142.9 ; Width: 0.350mm
G1 X100.4024 Y54.1070 Z0.0400 F5142.9 ; Width: 0.350mm
G1 X100.4221 Y54.0870 Z0.0400 F5142.9 ; Width: 0.350mm
G1 X100.4226 Y54.0670 Z0.0400 F5142.9 ; Width: 0.350mm
G1 X100.4420 Y54.0470 Z0.0400 F5142.9 ; Width: 0.350mm
G1 X100.4424 Y54.0270 Z0.0400 F5142.9 ; Width: 0.350mm
G1 X100.4621 Y54.0070 Z0.0400 F5142.9 ; Width: 0.350mm
G1 X100.4626 Y53.9870 Z0.0400 F5142.9 ; Width: 0.350mm
G1 X100.4820 Y53.9670 Z0.0400 F5142.9 ; Width: 0.350mm
G1 X100.4824 Y53.9470 Z0.0400 F5142.9 ; Width: 0.350mm
G1 X100.5021 Y53.9270 Z0.0400 F5142.9 ; Width: 0.350mm
G1 X100.5026 Y53.9070 Z0.0400 F5142.9 ; Width: 0.350mm
G1 X100.5220 Y53.8870 Z0.0400 F5142.9 ; Width: 0.350mm
G1 X100.5228 Y53.8470 Z0.0400 F5142.9 ; Width: 0.350mm
G1 X100.5421 Y53.8270 Z0.0400 F5142.9 ; Width: 0.350mm
G1 X100.5426 Y53.8070 Z0.0400 F5142.9 ; Width: 0.350mm
G1 X100.5620 Y53.7870 Z0.0400 F5142.9 ; Width: 0.350mm
G1 X100.5628 Y53.7470 Z0.0400 F5142.9 ; Width: 0.350mm
G1 X100.5820 Y53.7270 Z0.0400 F5142.9 ; Width: 0.350mm
G1 X100.5826 Y53.6870 Z0.0400 F5142.9 ; Width: 0.350mm
G1 X100.6021 Y53.6670 Z0.0400 F5142.9 ; Width: 0.350mm
G1 X100.6026 Y53.6470 Z0.0400 F5142.9 ; Width: 0.350mm
G1 X100.6220 Y53.6270 Z0.0400 F5142.9 ; Width: 0.350mm
G1 X100.6228 Y53.5870 Z0.0400 F5142.9 ; Width: 0.350mm
G1 X100.6420 Y53.5670 Z0.0400 F5142.9 ; Width: 0.350mm
G1 X100.6428 Y53.5070 Z0.0400 F5142.9 ; Width: 0.350mm
G1 X100.6620 Y53.4870 Z0.0400 F5142.9 ; Width: 0.350mm
G1 X100.6626 Y53.4470 Z0.0400 F5142.9 ; Width: 0.350mm
G1 X100.6820 Y53.4270 Z0.0400 F5142.9 ; Width: 0.350mm
G1 X100.6828 Y53.3870 Z0.0400 F5142.9 ; Width: 0.350mm
G1 X100.7020 Y53.3670 Z0.0400 F5142.9 ; Width: 0.350mm
G1 X100.7028 Y53.2870 Z0.0400 F5142.9 ; Width: 0.350mm
G1 X100.7220 Y53.2670 Z0.0400 F5142.9 ; Width: 0.350mm
G1 X100.7228 Y53.2270 Z0.0400 F5142.9 ; Width: 0.350mm
G1 X100.7420 Y53.2070 Z0.0400 F5142.9 ; Width: 0.350mm
G1 X100.7428 Y53.1670 Z0.0400 F5142.9 ; Width: 0.350mm
G1 X100.7620 Y53.1470 Z0.0400 F5142.9 ; Width: 0.350mm
G1 X100.7628 Y53.0470 Z0.0400 F5142.9 ; Width: 0.350mm
G1 X100.7820 Y53.0270 Z0.0400 F5142.9 ; Width: 0.350mm
G1 X100.7828 Y52.9470 Z0.0400 F5142.9 ; Width: 0.350mm
G1 X100.8020 Y52.9270 Z0.0400 F5142.9 ; Width: 0.350mm
G1 X100.8028 Y52.8670 Z0.0400 F5142.9 ; Width: 0.350mm
G1 X100.8220 Y52.8470 Z0.0400 F5142.9 ; Width: 0.350mm
G1 X100.8228 Y52.7870 Z0.0400 F5142.9 ; Width: 0.350mm
G1 X100.8420 Y52.7670 Z0.0400 F5142.9 ; Width: 0.350mm
G1 X100.8428 Y52.6270 Z0.0400 F5142.9 ; Width: 0.350mm
G1 X100.8620 Y52.6070 Z0.0400 F5142.9 ; Width: 0.350mm
G1 X100.8628 Y52.5470 Z0.0400 F5142.9 ; Width: 0.350mm
G1 X100.8820 Y52.5270 Z0.0400 F5142.9 ; Width: 0.350mm
G1 X100.8828 Y52.2870 Z0.0400 F5142.9 ; Width: 0.350mm
G1 X100.9020 Y52.2670 Z0.0400 F5142.9 ; Width: 0.350mm
G1 X100.9028 Y52.1670 Z0.0400 F5142.9 ; Width: 0.350mm
G1 X100.9220 Y52.1470 Z0.0400 F5142.9 ; Width: 0.350mm
G1 X100.9228 Y51.8470 Z0.0400 F5142.9 ; Width: 0.350mm
G1 X100.9420 Y51.8270 Z0.0400 F5142.9 ; Width: 0.350mm
G1 X100.9428 Y51.6070 Z0.0400 F5142.9 ; Width: 0.350mm
G1 X100.9620 Y51.5870 Z0.0400 F5142.9 ; Width: 0.350mm
G1 X100.9620 Y50.1670 Z0.0400 F2535.2 ; Width: 0.710mm
G1 X100.9428 Y50.1470 Z0.0400 F5142.9 ; Width: 0.350mm
G1 X100.9420 Y50.1070 Z0.0400 F5142.9 ; Width: 0.350mm
G1 X100.9226 Y50.0870 Z0.0400 F5142.9 ; Width: 0.350mm
G1 X100.9221 Y50.0670 Z0.0400 F5142.9 ; Width: 0.350mm
G1 X100.9026 Y50.0470 Z0.0400 F5142.9 ; Width: 0.350mm
G1 X100.9021 Y50.0270 Z0.0400 F5142.9 ; Width: 0.350mm
G1 X100.7230 Y49.8479 Z0.0400 F5142.9 ; Width: 0.350mm
G1 X100.7030 Y49.8474 Z0.0400 F5142.9 ; Width: 0.350mm
G1 X100.6830 Y49.8280 Z0.0400 F5142.9 ; Width: 0.350mm
G1 X100.6430 Y49.8272 Z0.0400 F5142.9 ; Width: 0.350mm
G1 X100.6230 Y49.8080 Z0.0400 F5142.9 ; Width: 0.350mm
G1 X99.2230 Y49.8076 Z0.0400 F2571.4 ; Width: 0.700mm
G1 X99.2030 Y49.8072 Z0.0400 F5142.9 ; Width: 0.350mm
G1 X99.1830 Y49.7880 Z0.0400 F5142.9 ; Width: 0.350mm
G1 X98.5030 Y49.7880 Z0.0400 F5142.9 ; Width: 0.350mm
G1 X98.4830 Y49.8072 Z0.0400 F5142.9 ; Width: 0.350mm
G1 X98.4430 Y49.8080 Z0.0400 F5142.9 ; Width: 0.350mm
G1 X98.4230 Y49.8272 Z0.0400 F5142.9 ; Width: 0.350mm
G1 X98.3830 Y49.8280 Z0.0400 F5142.9 ; Width: 0.350mm
G1 X98.3630 Y49.8474 Z0.0400 F5142.9 ; Width: 0.350mm
G1 X98.3430 Y49.8479 Z0.0400 F5142.9 ; Width: 0.350mm
G1 X98.1839 Y50.0070 Z0.0400 F5142.9 ; Width: 0.350mm
G1 X98.1834 Y50.0270 Z0.0400 F5142.9 ; Width: 0.350mm
G1 X98.1639 Y50.0470 Z0.0400 F5142.9 ; Width: 0.350mm
G1 X98.1634 Y50.0670 Z0.0400 F5142.9 ; Width: 0.350mm
G1 X98.1440 Y50.0870 Z0.0400 F5142.9 ; Width: 0.350mm
G1 X98.1432 Y50.1270 Z0.0400 F5142.9 ; Width: 0.350mm
G1 X98.1240 Y50.1470 Z0.0400 F5142.9 ; Width: 0.350mm
G1 X98.1232 Y50.1870 Z0.0400 F5142.9 ; Width: 0.350mm
G1 X98.1040 Y50.2070 Z0.0400 F5142.9 ; Width: 0.350mm
G1 X98.1040 Y50.6070 Z0.0400 F5142.9 ; Width: 0.350mm
G1 X98.1232 Y50.6270 Z0.0400 F5142.9 ; Width: 0.350mm
G1 X98.1236 Y51.1070 Z0.0400 F5142.9 ; Width: 0.350mm
G1 X98.1232 Y51.1270 Z0.0400 F5142.9 ; Width: 0.350mm
G1 X98.1040 Y51.1470 Z0.0400 F5142.9 ; Width: 0.350mm
G1 X98.1032 Y51.7470 Z0.0400 F5142.9 ; Width: 0.350mm
G1 X98.0840 Y51.7670 Z0.0400 F5142.9 ; Width: 0.350mm
G1 X98.0832 Y51.9070 Z0.0400 F5142.9 ; Width: 0.350mm
G1 X98.0640 Y51.9270 Z0.0400 F5142.9 ; Width: 0.350mm
G1 X98.0632 Y52.0270 Z0.0400 F5142.9 ; Width: 0.350mm
G1 X98.0440 Y52.0470 Z0.0400 F5142.9 ; Width: 0.350mm
G1 X98.0432 Y52.1670 Z0.0400 F5142.9 ; Width: 0.350mm
G1 X98.0240 Y52.1870 Z0.0400 F5142.9 ; Width: 0.350mm
G1 X98.0232 Y52.2670 Z0.0400 F5142.9 ; Width: 0.350mm
G1 X98.0040 Y52.2870 Z0.0400 F5142.9 ; Width: 0.350mm
G1 X98.0032 Y52.3670 Z0.0400 F5142.9 ; Width: 0.350mm
G1 X97.9840 Y52.3870 Z0.0400 F5142.9 ; Width: 0.350mm
G1 X97.9832 Y52.4270 Z0.0400 F5142.9 ; Width: 0.350mm
G1 X97.9640 Y52.4470 Z0.0400 F5142.9 ; Width: 0.350mm
G1 X97.9632 Y52.4870 Z0.0400 F5142.9 ; Width: 0.350mm
G1 X97.9440 Y52.5070 Z0.0400 F5142.9 ; Width: 0.350mm
G1 X97.9432 Y52.5470 Z0.0400 F5142.9 ; Width: 0.350mm
G1 X97.9239 Y52.5670 Z0.0400 F5142.9 ; Width: 0.350mm
G1 X97.9234 Y52.5870 Z0.0400 F5142.9 ; Width: 0.350mm
G1 X97.9039 Y52.6070 Z0.0400 F5142.9 ; Width: 0.350mm
G1 X97.9033 Y52.6270 Z0.0400 F5142.9 ; Width: 0.350mm
G1 X97.8639 Y52.6670 Z0.0400 F5142.9 ; Width: 0.350mm
G1 X97.8634 Y52.6870 Z0.0400 F5142.9 ; Width: 0.350mm
G1 X97.7430 Y52.8074 Z0.0400 F5142.9 ; Width: 0.350mm
G1 X97.7230 Y52.8079 Z0.0400 F5142.9 ; Width: 0.350mm
G1 X97.7030 Y52.8272 Z0.0400 F5142.9 ; Width: 0.350mm
G1 X97.6630 Y52.8280 Z0.0400 F5142.9 ; Width: 0.350mm
G1 X97.6430 Y52.8472 Z0.0400 F5142.9 ; Width: 0.350mm
G1 X97.5630 Y52.8486 Z0.0400 F5142.9 ; Width: 0.350mm
G1 X97.5430 Y52.8676 Z0.0400 F5142.9 ; Width: 0.350mm
G1 X97.4230 Y52.8676 Z0.0400 F5142.9 ; Width: 0.350mm
G1 X97.4030 Y52.8486 Z0.0400 F5142.9 ; Width: 0.350mm
G1 X97.3230 Y52.8472 Z0.0400 F5142.9 ; Width: 0.350mm
G1 X97.3030 Y52.8280 Z0.0400 F5142.9 ; Width: 0.350mm
G1 X97.2630 Y52.8272 Z0.0400 F5142.9 ; Width: 0.350mm
G1 X97.2430 Y52.8079 Z0.0400 F5142.9 ; Width: 0.350mm
G1 X97.2230 Y52.8073 Z0.0400 F5142.9 ; Width: 0.350mm
G1 X97.1028 Y52.6870 Z0.0400 F5142.9 ; Width: 0.350mm
G1 X97.1021 Y52.6670 Z0.0400 F5142.9 ; Width: 0.350mm
G1 X97.0627 Y52.6270 Z0.0400 F5142.9 ; Width: 0.350mm
G1 X97.0621 Y52.6070 Z0.0400 F5142.9 ; Width: 0.350mm
G1 X97.0426 Y52.5870 Z0.0400 F5142.9 ; Width: 0.350mm
G1 X97.0421 Y52.5670 Z0.0400 F5142.9 ; Width: 0.350mm
G1 X97.0226 Y52.5470 Z0.0400 F5142.9 ; Width: 0.350mm
G1 X97.0221 Y52.5270 Z0.0400 F5142.9 ; Width: 0.350mm
G1 X97.0026 Y52.5070 Z0.0400 F5142.9 ; Width: 0.350mm
G1 X97.0020 Y52.4670 Z0.0400 F5142.9 ; Width: 0.350mm
G1 X96.9828 Y52.4470 Z0.0400 F5142.9 ; Width: 0.350mm
G1 X96.9820 Y52.4070 Z0.0400 F5142.9 ; Width: 0.350mm
G1 X96.9628 Y52.3870 Z0.0400 F5142.9 ; Width: 0.350mm
G1 X96.9620 Y52.2870 Z0.0400 F5142.9 ; Width: 0.350mm
G1 X96.9428 Y52.2670 Z0.0400 F5142.9 ; Width: 0.350mm
G1 X96.9420 Y52.2270 Z0.0400 F5142.9 ; Width: 0.350mm
G1 X96.9228 Y52.2070 Z0.0400 F5142.9 ; Width: 0.350mm
G1 X96.9220 Y52.1270 Z0.0400 F5142.9 ; Width: 0.350mm
G1 X96.9028 Y52.1070 Z0.0400 F5142.9 ; Width: 0.350mm
G1 X96.9020 Y51.9470 Z0.0400 F5142.9 ; Width: 0.350mm
G1 X96.8828 Y51.9270 Z0.0400 F5142.9 ; Width: 0.350mm
G1 X96.8820 Y51.6270 Z0.0400 F5142.9 ; Width: 0.350mm
G1 X96.8628 Y51.6070 Z0.0400 F5142.9 ; Width: 0.350mm
G1 X96.8620 Y50.9870 Z0.0400 F5142.9 ; Width: 0.350mm
G1 X96.8428 Y50.9670 Z0.0400 F5142.9 ; Width: 0.350mm
G1 X96.8424 Y50.9470 Z0.0400 F5142.9 ; Width: 0.350mm
G1 X96.8424 Y47.5070 Z0.0400 F2544.3 ; Width: 0.707mm
G1 X96.8424 Y44.0670 Z0.0400 F2911.6 ; Width: 0.618mm
G1 X96.8428 Y44.0470 Z0.0400 F5142.9 ; Width: 0.350mm
G1 X96.8620 Y44.0270 Z0.0400 F5142.9 ; Width: 0.350mm
G1 X96.8628 Y43.7070 Z0.0400 F5142.9 ; Width: 0.350mm
G1 X96.8820 Y43.6870 Z0.0400 F5142.9 ; Width: 0.350mm
G1 X96.8828 Y43.4270 Z0.0400 F5142.9 ; Width: 0.350mm
G1 X96.9020 Y43.4070 Z0.0400 F5142.9 ; Width: 0.350mm
G1 X96.9028 Y43.2670 Z0.0400 F5142.9 ; Width: 0.350mm
G1 X96.9220 Y43.2470 Z0.0400 F5142.9 ; Width: 0.350mm
G1 X96.9228 Y43.1670 Z0.0400 F5142.9 ; Width: 0.350mm
G1 X96.9420 Y43.1470 Z0.0400 F5142.9 ; Width: 0.350mm
G1 X96.9428 Y43.1070 Z0.0400 F5142.9 ; Width: 0.350mm
G1 X96.9620 Y43.0870 Z0.0400 F5142.9 ; Width: 0.350mm
G1 X96.9628 Y43.0070 Z0.0400 F5142.9 ; Width: 0.350mm
G1 X96.9820 Y42.9870 Z0.0400 F5142.9 ; Width: 0.350mm
G1 X96.9828 Y42.9470 Z0.0400 F5142.9 ; Width: 0.350mm
G1 X97.0020 Y42.9270 Z0.0400 F5142.9 ; Width: 0.350mm
G1 X97.0024 Y42.8870 Z0.0400 F5142.9 ; Width: 0.350mm
G1 X97.0217 Y42.8670 Z0.0400 F5142.9 ; Width: 0.350mm
G1 X97.0226 Y42.8270 Z0.0400 F5142.9 ; Width: 0.350mm
G1 X97.0421 Y42.8070 Z0.0400 F5142.9 ; Width: 0.350mm
G1 X97.0426 Y42.7870 Z0.0400 F5142.9 ; Width: 0.350mm
G1 X97.0620 Y42.7670 Z0.0400 F5142.9 ; Width: 0.350mm
G1 X97.0624 Y42.7470 Z0.0400 F5142.9 ; Width: 0.350mm
G1 X97.0821 Y42.7270 Z0.0400 F5142.9 ; Width: 0.350mm
G1 X97.0828 Y42.7070 Z0.0400 F5142.9 ; Width: 0.350mm
G1 X97.2430 Y42.5466 Z0.0400 F5142.9 ; Width: 0.350mm
G1 X97.2630 Y42.5461 Z0.0400 F5142.9 ; Width: 0.350mm
G1 X97.2830 Y42.5266 Z0.0400 F5142.9 ; Width: 0.350mm
G1 X97.3030 Y42.5261 Z0.0400 F5142.9 ; Width: 0.350mm
G1 X97.3230 Y42.5066 Z0.0400 F5142.9 ; Width: 0.350mm
G1 X97.4030 Y42.5054 Z0.0400 F5142.9 ; Width: 0.350mm
G1 X97.4230 Y42.4864 Z0.0400 F5142.9 ; Width: 0.350mm
G1 X97.5830 Y42.4864 Z0.0400 F5142.9 ; Width: 0.350mm
G1 X97.6030 Y42.5054 Z0.0400 F5142.9 ; Width: 0.350mm
G1 X97.6830 Y42.5066 Z0.0400 F5142.9 ; Width: 0.350mm
G1 X97.7030 Y42.5261 Z0.0400 F5142.9 ; Width: 0.350mm
G1 X97.7230 Y42.5266 Z0.0400 F5142.9 ; Width: 0.350mm
G1 X97.7430 Y42.5460 Z0.0400 F5142.9 ; Width: 0.350mm
G1 X97.7630 Y42.5464 Z0.0400 F5142.9 ; Width: 0.350mm
G1 X97.8634 Y42.6470 Z0.0400 F5142.9 ; Width: 0.350mm
G1 X97.8639 Y42.6670 Z0.0400 F5142.9 ; Width: 0.350mm
G1 X97.8834 Y42.6870 Z0.0400 F5142.9 ; Width: 0.350mm
G1 X97.8839 Y42.7070 Z0.0400 F5142.9 ; Width: 0.350mm
G1 X97.9036 Y42.7270 Z0.0400 F5142.9 ; Width: 0.350mm
G1 X97.9040 Y42.7470 Z0.0400 F5142.9 ; Width: 0.350mm
G1 X97.9234 Y42.7670 Z0.0400 F5142.9 ; Width: 0.350mm
G1 X97.9239 Y42.7870 Z0.0400 F5142.9 ; Width: 0.350mm
G1 X97.9432 Y42.8070 Z0.0400 F5142.9 ; Width: 0.350mm
G1 X97.9440 Y42.8470 Z0.0400 F5142.9 ; Width: 0.350mm
G1 X97.9632 Y42.8670 Z0.0400 F5142.9 ; Width: 0.350mm
G1 X97.9640 Y42.9070 Z0.0400 F5142.9 ; Width: 0.350mm
G1 X97.9832 Y42.9270 Z0.0400 F5142.9 ; Width: 0.350mm
G1 X97.9840 Y42.9670 Z0.0400 F5142.9 ; Width: 0.350mm
G1 X98.0032 Y42.9870 Z0.0400 F5142.9 ; Width: 0.350mm
G1 X98.0040 Y43.0670 Z0.0400 F5142.9 ; Width: 0.350mm
G1 X98.0232 Y43.0870 Z0.0400 F5142.9 ; Width: 0.350mm
G1 X98.0240 Y43.1470 Z0.0400 F5142.9 ; Width: 0.350mm
G1 X98.0432 Y43.1670 Z0.0400 F5142.9 ; Width: 0.350mm
G1 X98.0440 Y43.3070 Z0.0400 F5142.9 ; Width: 0.350mm
G1 X98.0632 Y43.3270 Z0.0400 F5142.9 ; Width: 0.350mm
G1 X98.0640 Y43.4270 Z0.0400 F5142.9 ; Width: 0.350mm
G1 X98.0832 Y43.4470 Z0.0400 F5142.9 ; Width: 0.350mm
G1 X98.0840 Y43.6270 Z0.0400 F5142.9 ; Width: 0.350mm
G1 X98.1032 Y43.6470 Z0.0400 F5142.9 ; Width: 0.350mm
G1 X98.1040 Y44.0270 Z0.0400 F5142.9 ; Width: 0.350mm
G1 X98.1232 Y44.0470 Z0.0400 F5142.9 ; Width: 0.350mm
G1 X98.1236 Y44.0670 Z0.0400 F5142.9 ; Width: 0.350mm
G1 X98.1232 Y44.4870 Z0.0400 F5142.9 ; Width: 0.350mm
G1 X98.1040 Y44.5070 Z0.0400 F5142.9 ; Width: 0.350mm
G1 X98.1038 Y45.4470 Z0.0400 F3829.8 ; Width: 0.470mm
G1 X98.1040 Y45.4670 Z0.0400 F5142.9 ; Width: 0.350mm
G1 X98.1232 Y45.4870 Z0.0400 F5142.9 ; Width: 0.350mm
G1 X98.1240 Y45.7670 Z0.0400 F5142.9 ; Width: 0.350mm
G1 X98.1432 Y45.7870 Z0.0400 F5142.9 ; Width: 0.350mm
G1 X98.1440 Y45.8270 Z0.0400 F5142.9 ; Width: 0.350mm
G1 X98.1634 Y45.8470 Z0.0400 F5142.9 ; Width: 0.350mm
G1 X98.1639 Y45.8670 Z0.0400 F5142.9 ; Width: 0.350mm
G1 X98.2630 Y45.9668 Z0.0400 F5142.9 ; Width: 0.350mm
G1 X98.3430 Y46.0461 Z0.0400 F5142.9 ; Width: 0.350mm
G1 X98.3630 Y46.0466 Z0.0400 F5142.9 ; Width: 0.350mm
G1 X98.3830 Y46.0660 Z0.0400 F5142.9 ; Width: 0.350mm
G1 X98.4230 Y46.0668 Z0.0400 F5142.9 ; Width: 0.350mm
G1 X98.4430 Y46.0860 Z0.0400 F5142.9 ; Width: 0.350mm
M118 P0 S"73" ; Sync timer
G1 X100.6230 Y46.0860 Z0.0400 F2064.8 ; Width: 0.872mm
G1 X100.6430 Y46.0668 Z0.0400 F5142.9 ; Width: 0.350mm
G1 X100.6830 Y46.0660 Z0.0400 F5142.9 ; Width: 0.350mm
G1 X100.7030 Y46.0466 Z0.0400 F5142.9 ; Width: 0.350mm
G1 X100.7230 Y46.0461 Z0.0400 F5142.9 ; Width: 0.350mm
G1 X100.9021 Y45.8670 Z0.0400 F5142.9 ; Width: 0.350mm
G1 X100.9026 Y45.8470 Z0.0400 F5142.9 ; Width: 0.350mm
G1 X100.9221 Y45.8270 Z0.0400 F5142.9 ; Width: 0.350mm
G1 X100.9226 Y45.8070 Z0.0400 F5142.9 ; Width: 0.350mm
G1 X100.9420 Y45.7870 Z0.0400 F5142.9 ; Width: 0.350mm
G1 X100.9428 Y45.7470 Z0.0400 F5142.9 ; Width: 0.350mm
G1 X100.9620 Y45.7270 Z0.0400 F5142.9 ; Width: 0.350mm
G1 X100.9620 Y43.7870 Z0.0400 F2042.0 ; Width: 0.882mm
G1 X100.9428 Y43.7670 Z0.0400 F5142.9 ; Width: 0.350mm
G1 X100.9420 Y43.5870 Z0.0400 F5142.9 ; Width: 0.350mm
G1 X100.9228 Y43.5670 Z0.0400 F5142.9 ; Width: 0.350mm
G1 X100.9220 Y43.2070 Z0.0400 F5142.9 ; Width: 0.350mm
G1 X100.9028 Y43.1870 Z0.0400 F5142.9 ; Width: 0.350mm
G1 X100.9020 Y43.0870 Z0.0400 F5142.9 ; Width: 0.350mm
G1 X100.8828 Y43.0670 Z0.0400 F5142.9 ; Width: 0.350mm
G1 X100.8820 Y42.8470 Z0.0400 F5142.9 ; Width: 0.350mm
G1 X100.8628 Y42.8270 Z0.0400 F5142.9 ; Width: 0.350mm
G1 X100.8620 Y42.7670 Z0.0400 F5142.9 ; Width: 0.350mm
G1 X100.8428 Y42.7470 Z0.0400 F5142.9 ; Width: 0.350mm
G1 X100.8420 Y42.6070 Z0.0400 F5142.9 ; Width: 0.350mm
G1 X100.8228 Y42.5870 Z0.0400 F5142.9 ; Width: 0.350mm
G1 X100.8220 Y42.5270 Z0.0400 F5142.9 ; Width: 0.350mm
G1 X100.8028 Y42.5070 Z0.0400 F5142.9 ; Width: 0.350mm
G1 X100.8020 Y42.4470 Z0.0400 F5142.9 ; Width: 0.350mm
G1 X100.7828 Y42.4270 Z0.0400 F5142.9 ; Width: 0.350mm
G1 X100.7820 Y42.3270 Z0.0400 F5142.9 ; Width: 0.350mm
G1 X100.7628 Y42.3070 Z0.0400 F5142.9 ; Width: 0.350mm
G1 X100.7620 Y42.2070 Z0.0400 F5142.9 ; Width: 0.350mm
G1 X100.7428 Y42.1870 Z0.0400 F5142.9 ; Width: 0.350mm
G1 X100.7420 Y42.1470 Z0.0400 F5142.9 ; Width: 0.350mm
G1 X100.7228 Y42.1270 Z0.0400 F5142.9 ; Width: 0.350mm
G1 X100.7220 Y42.0870 Z0.0400 F5142.9 ; Width: 0.350mm
G1 X100.7028 Y42.0670 Z0.0400 F5142.9 ; Width: 0.350mm
G1 X100.7020 Y42.0070 Z0.0400 F5142.9 ; Width: 0.350mm
G1 X100.6828 Y41.9870 Z0.0400 F5142.9 ; Width: 0.350mm
G1 X100.6820 Y41.9470 Z0.0400 F5142.9 ; Width: 0.350mm
G1 X100.6626 Y41.9270 Z0.0400 F5142.9 ; Width: 0.350mm
G1 X100.6620 Y41.8870 Z0.0400 F5142.9 ; Width: 0.350mm
G1 X100.6428 Y41.8670 Z0.0400 F5142.9 ; Width: 0.350mm
G1 X100.6420 Y41.8070 Z0.0400 F5142.9 ; Width: 0.350mm
G1 X100.6228 Y41.7870 Z0.0400 F5142.9 ; Width: 0.350mm
G1 X100.6220 Y41.7470 Z0.0400 F5142.9 ; Width: 0.350mm
G1 X100.6028 Y41.7270 Z0.0400 F5142.9 ; Width: 0.350mm
G1 X100.6020 Y41.6870 Z0.0400 F5142.9 ; Width: 0.350mm
G1 X100.5826 Y41.6670 Z0.0400 F5142.9 ; Width: 0.350mm
G1 X100.5821 Y41.6470 Z0.0400 F5142.9 ; Width: 0.350mm
G1 X100.5628 Y41.6270 Z0.0400 F5142.9 ; Width: 0.350mm
G1 X100.5620 Y41.5870 Z0.0400 F5142.9 ; Width: 0.350mm
G1 X100.5426 Y41.5670 Z0.0400 F5142.9 ; Width: 0.350mm
G1 X100.5421 Y41.5470 Z0.0400 F5142.9 ; Width: 0.350mm
G1 X100.5228 Y41.5270 Z0.0400 F5142.9 ; Width: 0.350mm
G1 X100.5220 Y41.4870 Z0.0400 F5142.9 ; Width: 0.350mm
G1 X100.5026 Y41.4670 Z0.0400 F5142.9 ; Width: 0.350mm
G1 X100.5021 Y41.4470 Z0.0400 F5142.9 ; Width: 0.350mm
G1 X100.4828 Y41.4270 Z0.0400 F5142.9 ; Width: 0.350mm
G1 X100.4820 Y41.3870 Z0.0400 F5142.9 ; Width: 0.350mm
G1 X100.4626 Y41.3670 Z0.0400 F5142.9 ; Width: 0.350mm
G1 X100.4621 Y41.3470 Z0.0400 F5142.9 ; Width: 0.350mm
G1 X100.4424 Y41.3270 Z0.0400 F5142.9 ; Width: 0.350mm
G1 X100.4420 Y41.3070 Z0.0400 F5142.9 ; Width: 0.350mm
G1 X100.4226 Y41.2870 Z0.0400 F5142.9 ; Width: 0.350mm
G1 X100.4221 Y41.2670 Z0.0400 F5142.9 ; Width: 0.350mm
G1 X100.4026 Y41.2470 Z0.0400 F5142.9 ; Width: 0.350mm
G1 X100.4021 Y41.2270 Z0.0400 F5142.9 ; Width: 0.350mm
G1 X100.3826 Y41.2070 Z0.0400 F5142.9 ; Width: 0.350mm
G1 X100.3821 Y41.1870 Z0.0400 F5142.9 ; Width: 0.350mm
G1 X100.3624 Y41.1670 Z0.0400 F5142.9 ; Width: 0.350mm
G1 X100.3620 Y41.1470 Z0.0400 F5142.9 ; Width: 0.350mm
G1 X100.3426 Y41.1270 Z0.0400 F5142.9 ; Width: 0.350mm
G1 X100.3421 Y41.1070 Z0.0400 F5142.9 ; Width: 0.350mm
G1 X100.3224 Y41.0870 Z0.0400 F5142.9 ; Width: 0.350mm
G1 X100.3220 Y41.0670 Z0.0400 F5142.9 ; Width: 0.350mm
G1 X100.3026 Y41.0470 Z0.0400 F5142.9 ; Width: 0.350mm
G1 X100.3021 Y41.0270 Z0.0400 F5142.9 ; Width: 0.350mm
G1 X100.2627 Y40.9870 Z0.0400 F5142.9 ; Width: 0.350mm
G1 X100.2621 Y40.9670 Z0.0400 F5142.9 ; Width: 0.350mm
G1 X100.2227 Y40.9270 Z0.0400 F5142.9 ; Width: 0.350mm
G1 X100.2221 Y40.9070 Z0.0400 F5142.9 ; Width: 0.350mm
G1 X100.2026 Y40.8870 Z0.0400 F5142.9 ; Width: 0.350mm
G1 X100.2021 Y40.8670 Z0.0400 F5142.9 ; Width: 0.350mm
G1 X100.1826 Y40.8470 Z0.0400 F5142.9 ; Width: 0.350mm
G1 X100.1821 Y40.8270 Z0.0400 F5142.9 ; Width: 0.350mm
G1 X100.1028 Y40.7470 Z0.0400 F5142.9 ; Width: 0.350mm
G1 X100.1021 Y40.7270 Z0.0400 F5142.9 ; Width: 0.350mm
G1 X100.0627 Y40.6870 Z0.0400 F5142.9 ; Width: 0.350mm
G1 X100.0621 Y40.6670 Z0.0400 F5142.9 ; Width: 0.350mm
G1 X100.0028 Y40.6070 Z0.0400 F5142.9 ; Width: 0.350mm
G1 X100.0021 Y40.5870 Z0.0400 F5142.9 ; Width: 0.350mm
G1 X99.9428 Y40.5270 Z0.0400 F5142.9 ; Width: 0.350mm
G1 X99.9421 Y40.5070 Z0.0400 F5142.9 ; Width: 0.350mm
G1 X99.5430 Y40.1079 Z0.0400 F5142.9 ; Width: 0.350mm
G1 X99.5230 Y40.1072 Z0.0400 F5142.9 ; Width: 0.350mm
G1 X99.4030 Y39.9879 Z0.0400 F5142.9 ; Width: 0.350mm
G1 X99.3830 Y39.9873 Z0.0400 F5142.9 ; Width: 0.350mm
G1 X99.3430 Y39.9479 Z0.0400 F5142.9 ; Width: 0.350mm
G1 X99.3230 Y39.9472 Z0.0400 F5142.9 ; Width: 0.350mm
G1 X99.2630 Y39.8879 Z0.0400 F5142.9 ; Width: 0.350mm
G1 X99.2430 Y39.8873 Z0.0400 F5142.9 ; Width: 0.350mm
G1 X99.2030 Y39.8479 Z0.0400 F5142.9 ; Width: 0.350mm
G1 X99.1830 Y39.8474 Z0.0400 F5142.9 ; Width: 0.350mm
G1 X99.1630 Y39.8280 Z0.0400 F5142.9 ; Width: 0.350mm
G1 X99.1430 Y39.8276 Z0.0400 F5142.9 ; Width: 0.350mm
G1 X99.1230 Y39.8079 Z0.0400 F5142.9 ; Width: 0.350mm
G1 X99.1030 Y39.8074 Z0.0400 F5142.9 ; Width: 0.350mm
G1 X99.0830 Y39.7879 Z0.0400 F5142.9 ; Width: 0.350mm
G1 X99.0630 Y39.7873 Z0.0400 F5142.9 ; Width: 0.350mm
G1 X99.0230 Y39.7479 Z0.0400 F5142.9 ; Width: 0.350mm
G1 X99.0030 Y39.7474 Z0.0400 F5142.9 ; Width: 0.350mm
G1 X98.9830 Y39.7280 Z0.0400 F5142.9 ; Width: 0.350mm
G1 X98.9430 Y39.7272 Z0.0400 F5142.9 ; Width: 0.350mm
G1 X98.9230 Y39.7079 Z0.0400 F5142.9 ; Width: 0.350mm
G1 X98.9030 Y39.7074 Z0.0400 F5142.9 ; Width: 0.350mm
G1 X98.8830 Y39.6879 Z0.0400 F5142.9 ; Width: 0.350mm
G1 X98.8630 Y39.6874 Z0.0400 F5142.9 ; Width: 0.350mm
G1 X98.8430 Y39.6680 Z0.0400 F5142.9 ; Width: 0.350mm
G1 X98.8230 Y39.6676 Z0.0400 F5142.9 ; Width: 0.350mm
G1 X98.8030 Y39.6479 Z0.0400 F5142.9 ; Width: 0.350mm
G1 X98.7830 Y39.6474 Z0.0400 F5142.9 ; Width: 0.350mm
G1 X98.7630 Y39.6280 Z0.0400 F5142.9 ; Width: 0.350mm
G1 X98.7230 Y39.6272 Z0.0400 F5142.9 ; Width: 0.350mm
G1 X98.7030 Y39.6080 Z0.0400 F5142.9 ; Width: 0.350mm
G1 X98.6630 Y39.6074 Z0.0400 F5142.9 ; Width: 0.350mm
G1 X98.6430 Y39.5880 Z0.0400 F5142.9 ; Width: 0.350mm
G1 X98.6030 Y39.5872 Z0.0400 F5142.9 ; Width: 0.350mm
G1 X98.5830 Y39.5680 Z0.0400 F5142.9 ; Width: 0.350mm
G1 X98.5230 Y39.5672 Z0.0400 F5142.9 ; Width: 0.350mm
G1 X98.5030 Y39.5480 Z0.0400 F5142.9 ; Width: 0.350mm
G1 X98.4430 Y39.5472 Z0.0400 F5142.9 ; Width: 0.350mm
G1 X98.4230 Y39.5280 Z0.0400 F5142.9 ; Width: 0.350mm
G1 X98.3830 Y39.5272 Z0.0400 F5142.9 ; Width: 0.350mm
G1 X98.3630 Y39.5080 Z0.0400 F5142.9 ; Width: 0.350mm
G1 X98.2830 Y39.5076 Z0.0400 F5142.9 ; Width: 0.350mm
G1 X98.2630 Y39.4886 Z0.0400 F5142.9 ; Width: 0.350mm
G1 X98.1830 Y39.4872 Z0.0400 F5142.9 ; Width: 0.350mm
G1 X98.1630 Y39.4680 Z0.0400 F5142.9 ; Width: 0.350mm
G1 X98.0230 Y39.4672 Z0.0400 F5142.9 ; Width: 0.350mm
G1 X98.0030 Y39.4480 Z0.0400 F5142.9 ; Width: 0.350mm
G1 X97.7830 Y39.4472 Z0.0400 F5142.9 ; Width: 0.350mm
G1 X97.7630 Y39.4280 Z0.0400 F5142.9 ; Width: 0.350mm
G1 X97.2430 Y39.4280 Z0.0400 F5142.9 ; Width: 0.350mm
G1 X97.2230 Y39.4472 Z0.0400 F5142.9 ; Width: 0.350mm
G1 X97.0030 Y39.4480 Z0.0400 F5142.9 ; Width: 0.350mm
G1 X96.9830 Y39.4672 Z0.0400 F5142.9 ; Width: 0.350mm
G1 X96.8430 Y39.4680 Z0.0400 F5142.9 ; Width: 0.350mm
G1 X96.8230 Y39.4872 Z0.0400 F5142.9 ; Width: 0.350mm
G1 X96.7430 Y39.4886 Z0.0400 F5142.9 ; Width: 0.350mm
G1 X96.7230 Y39.5076 Z0.0400 F5142.9 ; Width: 0.350mm
G1 X96.6430 Y39.5080 Z0.0400 F5142.9 ; Width: 0.350mm
G1 X96.6230 Y39.5272 Z0.0400 F5142.9 ; Width: 0.350mm
G1 X96.5830 Y39.5280 Z0.0400 F5142.9 ; Width: 0.350mm
G1 X96.5630 Y39.5472 Z0.0400 F5142.9 ; Width: 0.350mm
G1 X96.5030 Y39.5480 Z0.0400 F5142.9 ; Width: 0.350mm
G1 X96.4830 Y39.5672 Z0.0400 F5142.9 ; Width: 0.350mm
G1 X96.4230 Y39.5680 Z0.0400 F5142.9 ; Width: 0.350mm
G1 X96.4030 Y39.5872 Z0.0400 F5142.9 ; Width: 0.350mm
G1 X96.3630 Y39.5880 Z0.0400 F5142.9 ; Width: 0.350mm
G1 X96.3430 Y39.6074 Z0.0400 F5142.9 ; Width: 0.350mm
G1 X96.3030 Y39.6080 Z0.0400 F5142.9 ; Width: 0.350mm
G1 X96.2830 Y39.6272 Z0.0400 F5142.9 ; Width: 0.350mm
G1 X96.2430 Y39.6280 Z0.0400 F5142.9 ; Width: 0.350mm
G1 X96.2230 Y39.6474 Z0.0400 F5142.9 ; Width: 0.350mm
G1 X96.2030 Y39.6479 Z0.0400 F5142.9 ; Width: 0.350mm
G1 X96.1830 Y39.6676 Z0.0400 F5142.9 ; Width: 0.350mm
G1 X96.1630 Y39.6680 Z0.0400 F5142.9 ; Width: 0.350mm
G1 X96.1430 Y39.6874 Z0.0400 F5142.9 ; Width: 0.350mm
G1 X96.1230 Y39.6879 Z0.0400 F5142.9 ; Width: 0.350mm
G1 X96.1030 Y39.7072 Z0.0400 F5142.9 ; Width: 0.350mm
G1 X96.0630 Y39.7080 Z0.0400 F5142.9 ; Width: 0.350mm
G1 X96.0430 Y39.7274 Z0.0400 F5142.9 ; Width: 0.350mm
G1 X96.0230 Y39.7279 Z0.0400 F5142.9 ; Width: 0.350mm
G1 X96.0030 Y39.7474 Z0.0400 F5142.9 ; Width: 0.350mm
G1 X95.9830 Y39.7479 Z0.0400 F5142.9 ; Width: 0.350mm
G1 X95.9630 Y39.7674 Z0.0400 F5142.9 ; Width: 0.350mm
G1 X95.9430 Y39.7679 Z0.0400 F5142.9 ; Width: 0.350mm
G1 X95.9030 Y39.8073 Z0.0400 F5142.9 ; Width: 0.350mm
G1 X95.8830 Y39.8079 Z0.0400 F5142.9 ; Width: 0.350mm
G1 X95.8630 Y39.8276 Z0.0400 F5142.9 ; Width: 0.350mm
G1 X95.8430 Y39.8280 Z0.0400 F5142.9 ; Width: 0.350mm
G1 X95.8230 Y39.8474 Z0.0400 F5142.9 ; Width: 0.350mm
G1 X95.8030 Y39.8479 Z0.0400 F5142.9 ; Width: 0.350mm
G1 X95.7630 Y39.8873 Z0.0400 F5142.9 ; Width: 0.350mm
G1 X95.7430 Y39.8879 Z0.0400 F5142.9 ; Width: 0.350mm
G1 X95.7230 Y39.9074 Z0.0400 F5142.9 ; Width: 0.350mm
G1 X95.7030 Y39.9079 Z0.0400 F5142.9 ; Width: 0.350mm
G1 X95.6630 Y39.9473 Z0.0400 F5142.9 ; Width: 0.350mm
G1 X95.6430 Y39.9479 Z0.0400 F5142.9 ; Width: 0.350mm
G1 X95.5630 Y40.0272 Z0.0400 F5142.9 ; Width: 0.350mm
G1 X95.5430 Y40.0279 Z0.0400 F5142.9 ; Width: 0.350mm
G1 X95.4430 Y40.1272 Z0.0400 F5142.9 ; Width: 0.350mm
G1 X95.4230 Y40.1279 Z0.0400 F5142.9 ; Width: 0.350mm
G1 X95.0639 Y40.4870 Z0.0400 F5142.9 ; Width: 0.350mm
G1 X95.0632 Y40.5070 Z0.0400 F5142.9 ; Width: 0.350mm
G1 X94.9639 Y40.6070 Z0.0400 F5142.9 ; Width: 0.350mm
G1 X94.9632 Y40.6270 Z0.0400 F5142.9 ; Width: 0.350mm
G1 X94.8639 Y40.7270 Z0.0400 F5142.9 ; Width: 0.350mm
G1 X94.8633 Y40.7470 Z0.0400 F5142.9 ; Width: 0.350mm
G1 X94.8239 Y40.7870 Z0.0400 F5142.9 ; Width: 0.350mm
G1 X94.8232 Y40.8070 Z0.0400 F5142.9 ; Width: 0.350mm
G1 X94.7639 Y40.8670 Z0.0400 F5142.9 ; Width: 0.350mm
G1 X94.7634 Y40.8870 Z0.0400 F5142.9 ; Width: 0.350mm
G1 X94.7439 Y40.9070 Z0.0400 F5142.9 ; Width: 0.350mm
G1 X94.7433 Y40.9270 Z0.0400 F5142.9 ; Width: 0.350mm
G1 X94.7039 Y40.9670 Z0.0400 F5142.9 ; Width: 0.350mm
G1 X94.7033 Y40.9870 Z0.0400 F5142.9 ; Width: 0.350mm
G1 X94.6639 Y41.0270 Z0.0400 F5142.9 ; Width: 0.350mm
G1 X94.6634 Y41.0470 Z0.0400 F5142.9 ; Width: 0.350mm
G1 X94.6439 Y41.0670 Z0.0400 F5142.9 ; Width: 0.350mm
G1 X94.6434 Y41.0870 Z0.0400 F5142.9 ; Width: 0.350mm
G1 X94.6239 Y41.1070 Z0.0400 F5142.9 ; Width: 0.350mm
G1 X94.6234 Y41.1270 Z0.0400 F5142.9 ; Width: 0.350mm
G1 X94.6040 Y41.1470 Z0.0400 F5142.9 ; Width: 0.350mm
G1 X94.6036 Y41.1670 Z0.0400 F5142.9 ; Width: 0.350mm
G1 X94.5839 Y41.1870 Z0.0400 F5142.9 ; Width: 0.350mm
G1 X94.5834 Y41.2070 Z0.0400 F5142.9 ; Width: 0.350mm
G1 X94.5640 Y41.2270 Z0.0400 F5142.9 ; Width: 0.350mm
G1 X94.5636 Y41.2470 Z0.0400 F5142.9 ; Width: 0.350mm
G1 X94.5439 Y41.2670 Z0.0400 F5142.9 ; Width: 0.350mm
G1 X94.5434 Y41.2870 Z0.0400 F5142.9 ; Width: 0.350mm
G1 X94.5239 Y41.3070 Z0.0400 F5142.9 ; Width: 0.350mm
G1 X94.5234 Y41.3270 Z0.0400 F5142.9 ; Width: 0.350mm
G1 X94.5039 Y41.3470 Z0.0400 F5142.9 ; Width: 0.350mm
G1 X94.5034 Y41.3670 Z0.0400 F5142.9 ; Width: 0.350mm
G1 X94.4840 Y41.3870 Z0.0400 F5142.9 ; Width: 0.350mm
G1 X94.4832 Y41.4270 Z0.0400 F5142.9 ; Width: 0.350mm
G1 X94.4639 Y41.4470 Z0.0400 F5142.9 ; Width: 0.350mm
G1 X94.4634 Y41.4670 Z0.0400 F5142.9 ; Width: 0.350mm
G1 X94.4440 Y41.4870 Z0.0400 F5142.9 ; Width: 0.350mm
G1 X94.4432 Y41.5270 Z0.0400 F5142.9 ; Width: 0.350mm
G1 X94.4239 Y41.5470 Z0.0400 F5142.9 ; Width: 0.350mm
G1 X94.4234 Y41.5670 Z0.0400 F5142.9 ; Width: 0.350mm
G1 X94.4040 Y41.5870 Z0.0400 F5142.9 ; Width: 0.350mm
G1 X94.4032 Y41.6270 Z0.0400 F5142.9 ; Width: 0.350mm
G1 X94.3839 Y41.6470 Z0.0400 F5142.9 ; Width: 0.350mm
G1 X94.3834 Y41.6670 Z0.0400 F5142.9 ; Width: 0.350mm
G1 X94.3640 Y41.6870 Z0.0400 F5142.9 ; Width: 0.350mm
G1 X94.3632 Y41.7270 Z0.0400 F5142.9 ; Width: 0.350mm
G1 X94.3439 Y41.7470 Z0.0400 F5142.9 ; Width: 0.350mm
G1 X94.3434 Y41.7670 Z0.0400 F5142.9 ; Width: 0.350mm
G1 X94.3240 Y41.7870 Z0.0400 F5142.9 ; Width: 0.350mm
G1 X94.3232 Y41.8270 Z0.0400 F5142.9 ; Width: 0.350mm
G1 X94.3040 Y41.8470 Z0.0400 F5142.9 ; Width: 0.350mm
G1 X94.3032 Y41.9070 Z0.0400 F5142.9 ; Width: 0.350mm
G1 X94.2840 Y41.9270 Z0.0400 F5142.9 ; Width: 0.350mm
G1 X94.2832 Y41.9670 Z0.0400 F5142.9 ; Width: 0.350mm
G1 X94.2640 Y41.9870 Z0.0400 F5142.9 ; Width: 0.350mm
G1 X94.2632 Y42.0270 Z0.0400 F5142.9 ; Width: 0.350mm
G1 X94.2440 Y42.0470 Z0.0400 F5142.9 ; Width: 0.350mm
G1 X94.2432 Y42.1070 Z0.0400 F5142.9 ; Width: 0.350mm
G1 X94.2240 Y42.1270 Z0.0400 F5142.9 ; Width: 0.350mm
G1 X94.2232 Y42.1870 Z0.0400 F5142.9 ; Width: 0.350mm
G1 X94.2040 Y42.2070 Z0.0400 F5142.9 ; Width: 0.350mm
G1 X94.2032 Y42.2470 Z0.0400 F5142.9 ; Width: 0.350mm
G1 X94.1840 Y42.2670 Z0.0400 F5142.9 ; Width: 0.350mm
G1 X94.1832 Y42.3270 Z0.0400 F5142.9 ; Width: 0.350mm
G1 X94.1640 Y42.3470 Z0.0400 F5142.9 ; Width: 0.350mm
G1 X94.1632 Y42.4270 Z0.0400 F5142.9 ; Width: 0.350mm
G1 X94.1440 Y42.4470 Z0.0400 F5142.9 ; Width: 0.350mm
G1 X94.1432 Y42.5270 Z0.0400 F5142.9 ; Width: 0.350mm
G1 X94.1240 Y42.5470 Z0.0400 F5142.9 ; Width: 0.350mm
G1 X94.1232 Y42.6470 Z0.0400 F5142.9 ; Width: 0.350mm
G1 X94.1040 Y42.6670 Z0.0400 F5142.9 ; Width: 0.350mm
G1 X94.1032 Y42.7670 Z0.0400 F5142.9 ; Width: 0.350mm
G1 X94.0840 Y42.7870 Z0.0400 F5142.9 ; Width: 0.350mm
G1 X94.0832 Y42.9070 Z0.0400 F5142.9 ; Width: 0.350mm
G1 X94.0640 Y42.9270 Z0.0400 F5142.9 ; Width: 0.350mm
G1 X94.0632 Y43.0270 Z0.0400 F5142.9 ; Width: 0.350mm
G1 X94.0440 Y43.0470 Z0.0400 F5142.9 ; Width: 0.350mm
G1 X94.0432 Y43.3070 Z0.0400 F5142.9 ; Width: 0.350mm
G1 X94.0240 Y43.3270 Z0.0400 F5142.9 ; Width: 0.350mm
G1 X94.0232 Y43.5470 Z0.0400 F5142.9 ; Width: 0.350mm
G1 X94.0040 Y43.5670 Z0.0400 F5142.9 ; Width: 0.350mm
G1 X94.0040 Y47.6370 Z0.0400 F1213.2 ; Width: 1.484mm
G1 X94.0040 Y51.7070 Z0.0400 F1200.1 ; Width: 1.500mm
G1 X94.0232 Y51.7270 Z0.0400 F5142.9 ; Width: 0.350mm
G1 X94.0240 Y51.9470 Z0.0400 F5142.9 ; Width: 0.350mm
G1 X94.0432 Y51.9670 Z0.0400 F5142.9 ; Width: 0.350mm
G1 X94.0440 Y52.2670 Z0.0400 F5142.9 ; Width: 0.350mm
G1 X94.0632 Y52.2870 Z0.0400 F5142.9 ; Width: 0.350mm
G1 X94.0640 Y52.3870 Z0.0400 F5142.9 ; Width: 0.350mm
G1 X94.0832 Y52.4070 Z0.0400 F5142.9 ; Width: 0.350mm
G1 X94.0840 Y52.5470 Z0.0400 F5142.9 ; Width: 0.350mm
G1 X94.1032 Y52.5670 Z0.0400 F5142.9 ; Width: 0.350mm
G1 X94.1040 Y52.6670 Z0.0400 F5142.9 ; Width: 0.350mm
G1 X94.1232 Y52.6870 Z0.0400 F5142.9 ; Width: 0.350mm
G1 X94.1240 Y52.8070 Z0.0400 F5142.9 ; Width: 0.350mm
G1 X94.1432 Y52.8270 Z0.0400 F5142.9 ; Width: 0.350mm
G1 X94.1440 Y52.9070 Z0.0400 F5142.9 ; Width: 0.350mm
G1 X94.1632 Y52.9270 Z0.0400 F5142.9 ; Width: 0.350mm
G1 X94.1640 Y53.0270 Z0.0400 F5142.9 ; Width: 0.350mm
G1 X94.1832 Y53.0470 Z0.0400 F5142.9 ; Width: 0.350mm
G1 X94.1840 Y53.1070 Z0.0400 F5142.9 ; Width: 0.350mm
G1 X94.2032 Y53.1270 Z0.0400 F5142.9 ; Width: 0.350mm
G1 X94.2040 Y53.1670 Z0.0400 F5142.9 ; Width: 0.350mm
G1 X94.2232 Y53.1870 Z0.0400 F5142.9 ; Width: 0.350mm
G1 X94.2240 Y53.2670 Z0.0400 F5142.9 ; Width: 0.350mm
G1 X94.2432 Y53.2870 Z0.0400 F5142.9 ; Width: 0.350mm
G1 X94.2440 Y53.3270 Z0.0400 F5142.9 ; Width: 0.350mm
G1 X94.2632 Y53.3470 Z0.0400 F5142.9 ; Width: 0.350mm
G1 X94.2640 Y53.4070 Z0.0400 F5142.9 ; Width: 0.350mm
G1 X94.2832 Y53.4270 Z0.0400 F5142.9 ; Width: 0.350mm
G1 X94.2840 Y53.4670 Z0.0400 F5142.9 ; Width: 0.350mm
G1 X94.3032 Y53.4870 Z0.0400 F5142.9 ; Width: 0.350mm
G1 X94.3040 Y53.5270 Z0.0400 F5142.9 ; Width: 0.350mm
G1 X94.3232 Y53.5470 Z0.0400 F5142.9 ; Width: 0.350mm
G1 X94.3240 Y53.5870 Z0.0400 F5142.9 ; Width: 0.350mm
G1 X94.3434 Y53.6070 Z0.0400 F5142.9 ; Width: 0.350mm
G1 X94.3440 Y53.6470 Z0.0400 F5142.9 ; Width: 0.350mm
G1 X94.3632 Y53.6670 Z0.0400 F5142.9 ; Width: 0.350mm
G1 X94.3640 Y53.7070 Z0.0400 F5142.9 ; Width: 0.350mm
G1 X94.3832 Y53.7270 Z0.0400 F5142.9 ; Width: 0.350mm
G1 X94.3840 Y53.7670 Z0.0400 F5142.9 ; Width: 0.350mm
G1 X94.4032 Y53.7870 Z0.0400 F5142.9 ; Width: 0.350mm
G1 X94.4040 Y53.8270 Z0.0400 F5142.9 ; Width: 0.350mm
G1 X94.4234 Y53.8470 Z0.0400 F5142.9 ; Width: 0.350mm
G1 X94.4239 Y53.8670 Z0.0400 F5142.9 ; Width: 0.350mm
G1 X94.4434 Y53.8870 Z0.0400 F5142.9 ; Width: 0.350mm
G1 X94.4439 Y53.9070 Z0.0400 F5142.9 ; Width: 0.350mm
G1 X94.4634 Y53.9270 Z0.0400 F5142.9 ; Width: 0.350mm
G1 X94.4639 Y53.9470 Z0.0400 F5142.9 ; Width: 0.350mm
G1 X94.4834 Y53.9670 Z0.0400 F5142.9 ; Width: 0.350mm
G1 X94.4839 Y53.9870 Z0.0400 F5142.9 ; Width: 0.350mm
G1 X94.5034 Y54.0070 Z0.0400 F5142.9 ; Width: 0.350mm
G1 X94.5039 Y54.0270 Z0.0400 F5142.9 ; Width: 0.350mm
G1 X94.5232 Y54.0470 Z0.0400 F5142.9 ; Width: 0.350mm
G1 X94.5240 Y54.0870 Z0.0400 F5142.9 ; Width: 0.350mm
G1 X94.5434 Y54.1070 Z0.0400 F5142.9 ; Width: 0.350mm
G1 X94.5439 Y54.1270 Z0.0400 F5142.9 ; Width: 0.350mm
G1 X94.5833 Y54.1670 Z0.0400 F5142.9 ; Width: 0.350mm
G1 X94.5839 Y54.1870 Z0.0400 F5142.9 ; Width: 0.350mm
G1 X94.6036 Y54.2070 Z0.0400 F5142.9 ; Width: 0.350mm
G1 X94.6040 Y54.2270 Z0.0400 F5142.9 ; Width: 0.350mm
G1 X94.6234 Y54.2470 Z0.0400 F5142.9 ; Width: 0.350mm
G1 X94.6239 Y54.2670 Z0.0400 F5142.9 ; Width: 0.350mm
G1 X94.6434 Y54.2870 Z0.0400 F5142.9 ; Width: 0.350mm
G1 X94.6439 Y54.3070 Z0.0400 F5142.9 ; Width: 0.350mm
G1 X94.7032 Y54.3670 Z0.0400 F5142.9 ; Width: 0.350mm
G1 X94.7039 Y54.3870 Z0.0400 F5142.9 ; Width: 0.350mm
G1 X94.7234 Y54.4070 Z0.0400 F5142.9 ; Width: 0.350mm
G1 X94.7239 Y54.4270 Z0.0400 F5142.9 ; Width: 0.350mm
G1 X94.7434 Y54.4470 Z0.0400 F5142.9 ; Width: 0.350mm
G1 X94.7439 Y54.4670 Z0.0400 F5142.9 ; Width: 0.350mm
G1 X94.7833 Y54.5070 Z0.0400 F5142.9 ; Width: 0.350mm
G1 X94.7839 Y54.5270 Z0.0400 F5142.9 ; Width: 0.350mm
G1 X94.8233 Y54.5670 Z0.0400 F5142.9 ; Width: 0.350mm
G1 X94.8239 Y54.5870 Z0.0400 F5142.9 ; Width: 0.350mm
G1 X94.9032 Y54.6670 Z0.0400 F5142.9 ; Width: 0.350mm
G1 X94.9039 Y54.6870 Z0.0400 F5142.9 ; Width: 0.350mm
G1 X95.0032 Y54.7870 Z0.0400 F5142.9 ; Width: 0.350mm
G1 X95.0039 Y54.8070 Z0.0400 F5142.9 ; Width: 0.350mm
G1 X95.4630 Y55.2661 Z0.0400 F5142.9 ; Width: 0.350mm
G1 X95.4830 Y55.2668 Z0.0400 F5142.9 ; Width: 0.350mm
G1 X95.5430 Y55.3261 Z0.0400 F5142.9 ; Width: 0.350mm
G1 X95.5630 Y55.3267 Z0.0400 F5142.9 ; Width: 0.350mm
G1 X95.6030 Y55.3661 Z0.0400 F5142.9 ; Width: 0.350mm
G1 X95.6230 Y55.3668 Z0.0400 F5142.9 ; Width: 0.350mm
G1 X95.6830 Y55.4261 Z0.0400 F5142.9 ; Width: 0.350mm
G1 X95.7030 Y55.4267 Z0.0400 F5142.9 ; Width: 0.350mm
G1 X95.7430 Y55.4661 Z0.0400 F5142.9 ; Width: 0.350mm
G1 X95.7630 Y55.4666 Z0.0400 F5142.9 ; Width: 0.350mm
G1 X95.7830 Y55.4861 Z0.0400 F5142.9 ; Width: 0.350mm
G1 X95.8030 Y55.4867 Z0.0400 F5142.9 ; Width: 0.350mm
G1 X95.8430 Y55.5261 Z0.0400 F5142.9 ; Width: 0.350mm
G1 X95.8630 Y55.5266 Z0.0400 F5142.9 ; Width: 0.350mm
G1 X95.8830 Y55.5460 Z0.0400 F5142.9 ; Width: 0.350mm
G1 X95.9030 Y55.5464 Z0.0400 F5142.9 ; Width: 0.350mm
G1 X95.9230 Y55.5661 Z0.0400 F5142.9 ; Width: 0.350mm
G1 X95.9430 Y55.5666 Z0.0400 F5142.9 ; Width: 0.350mm
G1 X95.9630 Y55.5860 Z0.0400 F5142.9 ; Width: 0.350mm
G1 X95.9830 Y55.5864 Z0.0400 F5142.9 ; Width: 0.350mm
G1 X96.0030 Y55.6061 Z0.0400 F5142.9 ; Width: 0.350mm
G1 X96.0230 Y55.6066 Z0.0400 F5142.9 ; Width: 0.350mm
G1 X96.0430 Y55.6261 Z0.0400 F5142.9 ; Width: 0.350mm
G1 X96.0630 Y55.6266 Z0.0400 F5142.9 ; Width: 0.350mm
G1 X96.0830 Y55.6460 Z0.0400 F5142.9 ; Width: 0.350mm
G1 X96.1030 Y55.6464 Z0.0400 F5142.9 ; Width: 0.350mm
G1 X96.1230 Y55.6661 Z0.0400 F5142.9 ; Width: 0.350mm
G1 X96.1430 Y55.6666 Z0.0400 F5142.9 ; Width: 0.350mm
G1 X96.1630 Y55.6860 Z0.0400 F5142.9 ; Width: 0.350mm
G1 X96.2030 Y55.6868 Z0.0400 F5142.9 ; Width: 0.350mm
G1 X96.2230 Y55.7060 Z0.0400 F5142.9 ; Width: 0.350mm
G1 X96.2630 Y55.7066 Z0.0400 F5142.9 ; Width: 0.350mm
G1 X96.2830 Y55.7261 Z0.0400 F5142.9 ; Width: 0.350mm
G1 X96.3030 Y55.7266 Z0.0400 F5142.9 ; Width: 0.350mm
G1 X96.3230 Y55.7460 Z0.0400 F5142.9 ; Width: 0.350mm
G1 X96.3630 Y55.7468 Z0.0400 F5142.9 ; Width: 0.350mm
G1 X96.3830 Y55.7660 Z0.0400 F5142.9 ; Width: 0.350mm
G1 X96.4430 Y55.7666 Z0.0400 F5142.9 ; Width: 0.350mm
G1 X96.4630 Y55.7860 Z0.0400 F5142.9 ; Width: 0.350mm
G1 X96.5030 Y55.7868 Z0.0400 F5142.9 ; Width: 0.350mm
G1 X96.5230 Y55.8060 Z0.0400 F5142.9 ; Width: 0.350mm
G1 X96.5630 Y55.8068 Z0.0400 F5142.9 ; Width: 0.350mm
G1 X96.5830 Y55.8260 Z0.0400 F5142.9 ; Width: 0.350mm
G1 X96.6630 Y55.8268 Z0.0400 F5142.9 ; Width: 0.350mm
G1 X96.6830 Y55.8460 Z0.0400 F5142.9 ; Width: 0.350mm
G1 X96.7230 Y55.8468 Z0.0400 F5142.9 ; Width: 0.350mm
G1 X96.7430 Y55.8660 Z0.0400 F5142.9 ; Width: 0.350mm
G1 X96.8830 Y55.8664 Z0.0400 F5142.9 ; Width: 0.350mm
G1 X96.9030 Y55.8854 Z0.0400 F5142.9 ; Width: 0.350mm
G1 X96.9830 Y55.8868 Z0.0400 F5142.9 ; Width: 0.350mm
G1 X97.0030 Y55.9060 Z0.0400 F5142.9 ; Width: 0.350mm
M118 P0 S"74" ; Sync timer
G1 X97.9630 Y55.9060 Z0.0400 F3750.0 ; Width: 0.480mm
G1 X97.9828 Y55.8870 Z0.0400 F5142.9 ; Width: 0.350mm
G0 Z1.0400 F6000.0 ; Z-hop up
G0 X97.9828 Y55.8870 F6000.0 ; Travel to new path
G0 Z0.0400 F6000.0 ; Z-hop down
G1 X98.0630 Y55.8854 Z0.0400 F5142.9 ; Width: 0.350mm
G1 X98.0830 Y55.8664 Z0.0400 F5142.9 ; Width: 0.350mm
G1 X98.2430 Y55.8660 Z0.0400 F5142.9 ; Width: 0.350mm
G1 X98.2630 Y55.8468 Z0.0400 F5142.9 ; Width: 0.350mm
G1 X98.3030 Y55.8460 Z0.0400 F5142.9 ; Width: 0.350mm
G1 X98.3230 Y55.8268 Z0.0400 F5142.9 ; Width: 0.350mm
G1 X98.4030 Y55.8260 Z0.0400 F5142.9 ; Width: 0.350mm
G1 X98.4230 Y55.8068 Z0.0400 F5142.9 ; Width: 0.350mm
G1 X98.4630 Y55.8060 Z0.0400 F5142.9 ; Width: 0.350mm
G1 X98.4830 Y55.7868 Z0.0400 F5142.9 ; Width: 0.350mm
G1 X98.5230 Y55.7860 Z0.0400 F5142.9 ; Width: 0.350mm
G1 X98.5430 Y55.7666 Z0.0400 F5142.9 ; Width: 0.350mm
G1 X98.5830 Y55.7660 Z0.0400 F5142.9 ; Width: 0.350mm
G1 X98.6030 Y55.7468 Z0.0400 F5142.9 ; Width: 0.350mm
G1 X98.6430 Y55.7460 Z0.0400 F5142.9 ; Width: 0.350mm
G1 X98.6630 Y55.7266 Z0.0400 F5142.9 ; Width: 0.350mm
G1 X98.6830 Y55.7261 Z0.0400 F5142.9 ; Width: 0.350mm
G1 X98.7030 Y55.7068 Z0.0400 F5142.9 ; Width: 0.350mm
G1 X98.7430 Y55.7060 Z0.0400 F5142.9 ; Width: 0.350mm
G1 X98.7630 Y55.6868 Z0.0400 F5142.9 ; Width: 0.350mm
G1 X98.8030 Y55.6860 Z0.0400 F5142.9 ; Width: 0.350mm
G1 X98.8230 Y55.6666 Z0.0400 F5142.9 ; Width: 0.350mm
G1 X98.8430 Y55.6661 Z0.0400 F5142.9 ; Width: 0.350mm
G1 X98.8630 Y55.6468 Z0.0400 F5142.9 ; Width: 0.350mm
G1 X98.9030 Y55.6460 Z0.0400 F5142.9 ; Width: 0.350mm
G1 X98.9230 Y55.6266 Z0.0400 F5142.9 ; Width: 0.350mm
G1 X98.9430 Y55.6261 Z0.0400 F5142.9 ; Width: 0.350mm
G1 X98.9630 Y55.6064 Z0.0400 F5142.9 ; Width: 0.350mm
G1 X98.9830 Y55.6058 Z0.0400 F5142.9 ; Width: 0.350mm
G1 X99.0030 Y55.5864 Z0.0400 F5142.9 ; Width: 0.350mm
G1 X99.0230 Y55.5860 Z0.0400 F5142.9 ; Width: 0.350mm
G1 X99.0430 Y55.5666 Z0.0400 F5142.9 ; Width: 0.350mm
G1 X99.0630 Y55.5661 Z0.0400 F5142.9 ; Width: 0.350mm
G1 X99.0830 Y55.5464 Z0.0400 F5142.9 ; Width: 0.350mm
G1 X99.1030 Y55.5460 Z0.0400 F5142.9 ; Width: 0.350mm
G1 X99.1230 Y55.5266 Z0.0400 F5142.9 ; Width: 0.350mm
G1 X99.1430 Y55.5261 Z0.0400 F5142.9 ; Width: 0.350mm
G1 X99.2030 Y55.4668 Z0.0400 F5142.9 ; Width: 0.350mm
G1 X99.2230 Y55.4661 Z0.0400 F5142.9 ; Width: 0.350mm
G1 X99.2630 Y55.4267 Z0.0400 F5142.9 ; Width: 0.350mm
G1 X99.2830 Y55.4261 Z0.0400 F5142.9 ; Width: 0.350mm
G1 X99.3230 Y55.3867 Z0.0400 F5142.9 ; Width: 0.350mm
G1 X99.3430 Y55.3861 Z0.0400 F5142.9 ; Width: 0.350mm
G1 X99.3630 Y55.3666 Z0.0400 F5142.9 ; Width: 0.350mm
G1 X99.3830 Y55.3661 Z0.0400 F5142.9 ; Width: 0.350mm
G1 X99.4430 Y55.3068 Z0.0400 F5142.9 ; Width: 0.350mm
G1 X99.4630 Y55.3061 Z0.0400 F5142.9 ; Width: 0.350mm
G1 X99.6430 Y55.1268 Z0.0400 F5142.9 ; Width: 0.350mm
G1 X99.6630 Y55.1261 Z0.0400 F5142.9 ; Width: 0.350mm
G1 X99.8221 Y54.9670 Z0.0400 F5142.9 ; Width: 0.350mm
G1 X99.8228 Y54.9470 Z0.0400 F5142.9 ; Width: 0.350mm
G1 X99.9421 Y54.8270 Z0.0400 F5142.9 ; Width: 0.350mm
G1 X99.9428 Y54.8070 Z0.0400 F5142.9 ; Width: 0.350mm
G1 X100.0421 Y54.7070 Z0.0400 F5142.9 ; Width: 0.350mm
G1 X100.0427 Y54.6870 Z0.0400 F5142.9 ; Width: 0.350mm
G1 X100.0821 Y54.6470 Z0.0400 F5142.9 ; Width: 0.350mm
G1 X100.0828 Y54.6270 Z0.0400 F5142.9 ; Width: 0.350mm
G1 X100.1621 Y54.5470 Z0.0400 F5142.9 ; Width: 0.350mm
G1 X100.1626 Y54.5270 Z0.0400 F5142.9 ; Width: 0.350mm
G1 X100.1821 Y54.5070 Z0.0400 F5142.9 ; Width: 0.350mm
G1 X100.1826 Y54.4870 Z0.0400 F5142.9 ; Width: 0.350mm
G1 X100.2020 Y54.4670 Z0.0400 F5142.9 ; Width: 0.350mm
G1 X100.2028 Y54.4470 Z0.0400 F5142.9 ; Width: 0.350mm
G1 X100.2621 Y54.3870 Z0.0400 F5142.9 ; Width: 0.350mm
G1 X100.2627 Y54.3670 Z0.0400 F5142.9 ; Width: 0.350mm
G1 X100.3021 Y54.3270 Z0.0400 F5142.9 ; Width: 0.350mm
G1 X100.3026 Y54.3070 Z0.0400 F5142.9 ; Width: 0.350mm
G1 X100.3220 Y54.2870 Z0.0400 F5142.9 ; Width: 0.350mm
G1 X100.3228 Y54.2470 Z0.0400 F5142.9 ; Width: 0.350mm
G1 X100.3621 Y54.2070 Z0.0400 F5142.9 ; Width: 0.350mm
G1 X100.3626 Y54.1870 Z0.0400 F5142.9 ; Width: 0.350mm
G1 X100.3821 Y54.1670 Z0.0400 F5142.9 ; Width: 0.350mm
G1 X100.3826 Y54.1470 Z0.0400 F5142.9 ; Width: 0.350mm
G1 X100.4020 Y54.1270 Z0.0400 F5142.9 ; Width: 0.350mm
G1 X100.4024 Y54.1070 Z0.0400 F5142.9 ; Width: 0.350mm
G1 X100.4221 Y54.0870 Z0.0400 F5142.9 ; Width: 0.350mm
G1 X100.4226 Y54.0670 Z0.0400 F5142.9 ; Width: 0.350mm
G1 X100.4420 Y54.0470 Z0.0400 F5142.9 ; Width: 0.350mm
G1 X100.4424 Y54.0270 Z0.0400 F5142.9 ; Width: 0.350mm
G1 X100.4621 Y54.0070 Z0.0400 F5142.9 ; Width: 0.350mm
G1 X100.4626 Y53.9870 Z0.0400 F5142.9 ; Width: 0.350mm
G1 X100.4820 Y53.9670 Z0.0400 F5142.9 ; Width: 0.350mm
G1 X100.4824 Y53.9470 Z0.0400 F5142.9 ; Width: 0.350mm
G1 X100.5021 Y53.9270 Z0.0400 F5142.9 ; Width: 0.350mm
G1 X100.5026 Y53.9070 Z0.0400 F5142.9 ; Width: 0.350mm
G1 X100.5220 Y53.8870 Z0.0400 F5142.9 ; Width: 0.350mm
G1 X100.5228 Y53.8470 Z0.0400 F5142.9 ; Width: 0.350mm
G1 X100.5421 Y53.8270 Z0.0400 F5142.9 ; Width: 0.350mm
G1 X100.5426 Y53.8070 Z0.0400 F5142.9 ; Width: 0.350mm
G1 X100.5620 Y53.7870 Z0.0400 F5142.9 ; Width: 0.350mm
G1 X100.5628 Y53.7470 Z0.0400 F5142.9 ; Width: 0.350mm
G1 X100.5820 Y53.7270 Z0.0400 F5142.9 ; Width: 0.350mm
G1 X100.5826 Y53.6870 Z0.0400 F5142.9 ; Width: 0.350mm
G1 X100.6021 Y53.6670 Z0.0400 F5142.9 ; Width: 0.350mm
G1 X100.6026 Y53.6470 Z0.0400 F5142.9 ; Width: 0.350mm
G1 X100.6220 Y53.6270 Z0.0400 F5142.9 ; Width: 0.350mm
G1 X100.6228 Y53.5870 Z0.0400 F5142.9 ; Width: 0.350mm
G1 X100.6420 Y53.5670 Z0.0400 F5142.9 ; Width: 0.350mm
G1 X100.6428 Y53.5070 Z0.0400 F5142.9 ; Width: 0.350mm
G1 X100.6620 Y53.4870 Z0.0400 F5142.9 ; Width: 0.350mm
G1 X100.6626 Y53.4470 Z0.0400 F5142.9 ; Width: 0.350mm
G1 X100.6820 Y53.4270 Z0.0400 F5142.9 ; Width: 0.350mm
G1 X100.6828 Y53.3870 Z0.0400 F5142.9 ; Width: 0.350mm
G1 X100.7020 Y53.3670 Z0.0400 F5142.9 ; Width: 0.350mm
G1 X100.7028 Y53.2870 Z0.0400 F5142.9 ; Width: 0.350mm
G1 X100.7220 Y53.2670 Z0.0400 F5142.9 ; Width: 0.350mm
G1 X100.7228 Y53.2270 Z0.0400 F5142.9 ; Width: 0.350mm
G1 X100.7420 Y53.2070 Z0.0400 F5142.9 ; Width: 0.350mm
G1 X100.7428 Y53.1670 Z0.0400 F5142.9 ; Width: 0.350mm
G1 X100.7620 Y53.1470 Z0.0400 F5142.9 ; Width: 0.350mm
G1 X100.7628 Y53.0470 Z0.0400 F5142.9 ; Width: 0.350mm
G1 X100.7820 Y53.0270 Z0.0400 F5142.9 ; Width: 0.350mm
G1 X100.7828 Y52.9470 Z0.0400 F5142.9 ; Width: 0.350mm
G1 X100.8020 Y52.9270 Z0.0400 F5142.9 ; Width: 0.350mm
G1 X100.8028 Y52.8670 Z0.0400 F5142.9 ; Width: 0.350mm
G1 X100.8220 Y52.8470 Z0.0400 F5142.9 ; Width: 0.350mm
G1 X100.8228 Y52.7870 Z0.0400 F5142.9 ; Width: 0.350mm
G1 X100.8420 Y52.7670 Z0.0400 F5142.9 ; Width: 0.350mm
G1 X100.8428 Y52.6270 Z0.0400 F5142.9 ; Width: 0.350mm
G1 X100.8620 Y52.6070 Z0.0400 F5142.9 ; Width: 0.350mm
G1 X100.8628 Y52.5470 Z0.0400 F5142.9 ; Width: 0.350mm
G1 X100.8820 Y52.5270 Z0.0400 F5142.9 ; Width: 0.350mm
G1 X100.8828 Y52.2870 Z0.0400 F5142.9 ; Width: 0.350mm
G1 X100.9020 Y52.2670 Z0.0400 F5142.9 ; Width: 0.350mm
G1 X100.9028 Y52.1670 Z0.0400 F5142.9 ; Width: 0.350mm
G1 X100.9220 Y52.1470 Z0.0400 F5142.9 ; Width: 0.350mm
G1 X100.9228 Y51.8470 Z0.0400 F5142.9 ; Width: 0.350mm
G1 X100.9420 Y51.8270 Z0.0400 F5142.9 ; Width: 0.350mm
G1 X100.9428 Y51.6070 Z0.0400 F5142.9 ; Width: 0.350mm
G1 X100.9620 Y51.5870 Z0.0400 F5142.9 ; Width: 0.350mm
G1 X100.9620 Y50.1670 Z0.0400 F2535.2 ; Width: 0.710mm
G1 X100.9428 Y50.1470 Z0.0400 F5142.9 ; Width: 0.350mm
G1 X100.9420 Y50.1070 Z0.0400 F5142.9 ; Width: 0.350mm
G1 X100.9226 Y50.0870 Z0.0400 F5142.9 ; Width: 0.350mm
G1 X100.9221 Y50.0670 Z0.0400 F5142.9 ; Width: 0.350mm
G1 X100.9026 Y50.0470 Z0.0400 F5142.9 ; Width: 0.350mm
G1 X100.9021 Y50.0270 Z0.0400 F5142.9 ; Width: 0.350mm
G1 X100.7230 Y49.8479 Z0.0400 F5142.9 ; Width: 0.350mm
G1 X100.7030 Y49.8474 Z0.0400 F5142.9 ; Width: 0.350mm
G1 X100.6830 Y49.8280 Z0.0400 F5142.9 ; Width: 0.350mm
G1 X100.6430 Y49.8272 Z0.0400 F5142.9 ; Width: 0.350mm
G1 X100.6230 Y49.8080 Z0.0400 F5142.9 ; Width: 0.350mm
G1 X99.2230 Y49.8076 Z0.0400 F2571.4 ; Width: 0.700mm
G1 X99.2030 Y49.8072 Z0.0400 F5142.9 ; Width: 0.350mm
G1 X99.1830 Y49.7880 Z0.0400 F5142.9 ; Width: 0.350mm
G1 X98.5030 Y49.7880 Z0.0400 F5142.9 ; Width: 0.350mm
G1 X98.4830 Y49.8072 Z0.0400 F5142.9 ; Width: 0.350mm
G1 X98.4430 Y49.8080 Z0.0400 F5142.9 ; Width: 0.350mm
G1 X98.4230 Y49.8272 Z0.0400 F5142.9 ; Width: 0.350mm
G1 X98.3830 Y49.8280 Z0.0400 F5142.9 ; Width: 0.350mm
G1 X98.3630 Y49.8474 Z0.0400 F5142.9 ; Width: 0.350mm
G1 X98.3430 Y49.8479 Z0.0400 F5142.9 ; Width: 0.350mm
G1 X98.1839 Y50.0070 Z0.0400 F5142.9 ; Width: 0.350mm
G1 X98.1834 Y50.0270 Z0.0400 F5142.9 ; Width: 0.350mm
G1 X98.1639 Y50.0470 Z0.0400 F5142.9 ; Width: 0.350mm
G1 X98.1634 Y50.0670 Z0.0400 F5142.9 ; Width: 0.350mm
G1 X98.1440 Y50.0870 Z0.0400 F5142.9 ; Width: 0.350mm
G1 X98.1432 Y50.1270 Z0.0400 F5142.9 ; Width: 0.350mm
G1 X98.1240 Y50.1470 Z0.0400 F5142.9 ; Width: 0.350mm
G1 X98.1232 Y50.1870 Z0.0400 F5142.9 ; Width: 0.350mm
G1 X98.1040 Y50.2070 Z0.0400 F5142.9 ; Width: 0.350mm
G1 X98.1040 Y50.6070 Z0.0400 F5142.9 ; Width: 0.350mm
G1 X98.1232 Y50.6270 Z0.0400 F5142.9 ; Width: 0.350mm
G1 X98.1236 Y51.1070 Z0.0400 F5142.9 ; Width: 0.350mm
G1 X98.1232 Y51.1270 Z0.0400 F5142.9 ; Width: 0.350mm
G1 X98.1040 Y51.1470 Z0.0400 F5142.9 ; Width: 0.350mm
G1 X98.1032 Y51.7470 Z0.0400 F5142.9 ; Width: 0.350mm
G1 X98.0840 Y51.7670 Z0.0400 F5142.9 ; Width: 0.350mm
G1 X98.0832 Y51.9070 Z0.0400 F5142.9 ; Width: 0.350mm
G1 X98.0640 Y51.9270 Z0.0400 F5142.9 ; Width: 0.350mm
G1 X98.0632 Y52.0270 Z0.0400 F5142.9 ; Width: 0.350mm
G1 X98.0440 Y52.0470 Z0.0400 F5142.9 ; Width: 0.350mm
G1 X98.0432 Y52.1670 Z0.0400 F5142.9 ; Width: 0.350mm
G1 X98.0240 Y52.1870 Z0.0400 F5142.9 ; Width: 0.350mm
G1 X98.0232 Y52.2670 Z0.0400 F5142.9 ; Width: 0.350mm
G1 X98.0040 Y52.2870 Z0.0400 F5142.9 ; Width: 0.350mm
G1 X98.0032 Y52.3670 Z0.0400 F5142.9 ; Width: 0.350mm
G1 X97.9840 Y52.3870 Z0.0400 F5142.9 ; Width: 0.350mm
G1 X97.9832 Y52.4270 Z0.0400 F5142.9 ; Width: 0.350mm
G1 X97.9640 Y52.4470 Z0.0400 F5142.9 ; Width: 0.350mm
G1 X97.9632 Y52.4870 Z0.0400 F5142.9 ; Width: 0.350mm
G1 X97.9440 Y52.5070 Z0.0400 F5142.9 ; Width: 0.350mm
G1 X97.9432 Y52.5470 Z0.0400 F5142.9 ; Width: 0.350mm
G1 X97.9239 Y52.5670 Z0.0400 F5142.9 ; Width: 0.350mm
G1 X97.9234 Y52.5870 Z0.0400 F5142.9 ; Width: 0.350mm
G1 X97.9039 Y52.6070 Z0.0400 F5142.9 ; Width: 0.350mm
G1 X97.9033 Y52.6270 Z0.0400 F5142.9 ; Width: 0.350mm
G1 X97.8639 Y52.6670 Z0.0400 F5142.9 ; Width: 0.350mm
G1 X97.8634 Y52.6870 Z0.0400 F5142.9 ; Width: 0.350mm
G1 X97.7430 Y52.8074 Z0.0400 F5142.9 ; Width: 0.350mm
G1 X97.7230 Y52.8079 Z0.0400 F5142.9 ; Width: 0.350mm
G1 X97.7030 Y52.8272 Z0.0400 F5142.9 ; Width: 0.350mm
G1 X97.6630 Y52.8280 Z0.0400 F5142.9 ; Width: 0.350mm
G1 X97.6430 Y52.8472 Z0.0400 F5142.9 ; Width: 0.350mm
G1 X97.5630 Y52.8486 Z0.0400 F5142.9 ; Width: 0.350mm
G1 X97.5430 Y52.8676 Z0.0400 F5142.9 ; Width: 0.350mm
G1 X97.4230 Y52.8676 Z0.0400 F5142.9 ; Width: 0.350mm
G1 X97.4030 Y52.8486 Z0.0400 F5142.9 ; Width: 0.350mm
G1 X97.3230 Y52.8472 Z0.0400 F5142.9 ; Width: 0.350mm
G1 X97.3030 Y52.8280 Z0.0400 F5142.9 ; Width: 0.350mm
G1 X97.2630 Y52.8272 Z0.0400 F5142.9 ; Width: 0.350mm
G1 X97.2430 Y52.8079 Z0.0400 F5142.9 ; Width: 0.350mm
G1 X97.2230 Y52.8073 Z0.0400 F5142.9 ; Width: 0.350mm
G1 X97.1028 Y52.6870 Z0.0400 F5142.9 ; Width: 0.350mm
G1 X97.1021 Y52.6670 Z0.0400 F5142.9 ; Width: 0.350mm
G1 X97.0627 Y52.6270 Z0.0400 F5142.9 ; Width: 0.350mm
G1 X97.0621 Y52.6070 Z0.0400 F5142.9 ; Width: 0.350mm
G1 X97.0426 Y52.5870 Z0.0400 F5142.9 ; Width: 0.350mm
G1 X97.0421 Y52.5670 Z0.0400 F5142.9 ; Width: 0.350mm
G1 X97.0226 Y52.5470 Z0.0400 F5142.9 ; Width: 0.350mm
G1 X97.0221 Y52.5270 Z0.0400 F5142.9 ; Width: 0.350mm
G1 X97.0026 Y52.5070 Z0.0400 F5142.9 ; Width: 0.350mm
G1 X97.0020 Y52.4670 Z0.0400 F5142.9 ; Width: 0.350mm
G1 X96.9828 Y52.4470 Z0.0400 F5142.9 ; Width: 0.350mm
G1 X96.9820 Y52.4070 Z0.0400 F5142.9 ; Width: 0.350mm
G1 X96.9628 Y52.3870 Z0.0400 F5142.9 ; Width: 0.350mm
G1 X96.9620 Y52.2870 Z0.0400 F5142.9 ; Width: 0.350mm
G1 X96.9428 Y52.2670 Z0.0400 F5142.9 ; Width: 0.350mm
G1 X96.9420 Y52.2270 Z0.0400 F5142.9 ; Width: 0.350mm
G1 X96.9228 Y52.2070 Z0.0400 F5142.9 ; Width: 0.350mm
G1 X96.9220 Y52.1270 Z0.0400 F5142.9 ; Width: 0.350mm
G1 X96.9028 Y52.1070 Z0.0400 F5142.9 ; Width: 0.350mm
G1 X96.9020 Y51.9470 Z0.0400 F5142.9 ; Width: 0.350mm
G1 X96.8828 Y51.9270 Z0.0400 F5142.9 ; Width: 0.350mm
G1 X96.8820 Y51.6270 Z0.0400 F5142.9 ; Width: 0.350mm
G1 X96.8628 Y51.6070 Z0.0400 F5142.9 ; Width: 0.350mm
G1 X96.8620 Y50.9870 Z0.0400 F5142.9 ; Width: 0.350mm
G1 X96.8428 Y50.9670 Z0.0400 F5142.9 ; Width: 0.350mm
G1 X96.8424 Y50.9470 Z0.0400 F5142.9 ; Width: 0.350mm
G1 X96.8424 Y47.5070 Z0.0400 F2544.3 ; Width: 0.707mm
G1 X96.8424 Y44.0670 Z0.0400 F2911.6 ; Width: 0.618mm
G1 X96.8428 Y44.0470 Z0.0400 F5142.9 ; Width: 0.350mm
G1 X96.8620 Y44.0270 Z0.0400 F5142.9 ; Width: 0.350mm
G1 X96.8628 Y43.7070 Z0.0400 F5142.9 ; Width: 0.350mm
G1 X96.8820 Y43.6870 Z0.0400 F5142.9 ; Width: 0.350mm
G1 X96.8828 Y43.4270 Z0.0400 F5142.9 ; Width: 0.350mm
G1 X96.9020 Y43.4070 Z0.0400 F5142.9 ; Width: 0.350mm
G1 X96.9028 Y43.2670 Z0.0400 F5142.9 ; Width: 0.350mm
G1 X96.9220 Y43.2470 Z0.0400 F5142.9 ; Width: 0.350mm
G1 X96.9228 Y43.1670 Z0.0400 F5142.9 ; Width: 0.350mm
G1 X96.9420 Y43.1470 Z0.0400 F5142.9 ; Width: 0.350mm
G1 X96.9428 Y43.1070 Z0.0400 F5142.9 ; Width: 0.350mm
G1 X96.9620 Y43.0870 Z0.0400 F5142.9 ; Width: 0.350mm
G1 X96.9628 Y43.0070 Z0.0400 F5142.9 ; Width: 0.350mm
G1 X96.9820 Y42.9870 Z0.0400 F5142.9 ; Width: 0.350mm
G1 X96.9828 Y42.9470 Z0.0400 F5142.9 ; Width: 0.350mm
G1 X97.0020 Y42.9270 Z0.0400 F5142.9 ; Width: 0.350mm
G1 X97.0024 Y42.8870 Z0.0400 F5142.9 ; Width: 0.350mm
G1 X97.0217 Y42.8670 Z0.0400 F5142.9 ; Width: 0.350mm
G1 X97.0226 Y42.8270 Z0.0400 F5142.9 ; Width: 0.350mm
G1 X97.0421 Y42.8070 Z0.0400 F5142.9 ; Width: 0.350mm
G1 X97.0426 Y42.7870 Z0.0400 F5142.9 ; Width: 0.350mm
G1 X97.0620 Y42.7670 Z0.0400 F5142.9 ; Width: 0.350mm
G1 X97.0624 Y42.7470 Z0.0400 F5142.9 ; Width: 0.350mm
G1 X97.0821 Y42.7270 Z0.0400 F5142.9 ; Width: 0.350mm
G1 X97.0828 Y42.7070 Z0.0400 F5142.9 ; Width: 0.350mm
G1 X97.2430 Y42.5466 Z0.0400 F5142.9 ; Width: 0.350mm
G1 X97.2630 Y42.5461 Z0.0400 F5142.9 ; Width: 0.350mm
G1 X97.2830 Y42.5266 Z0.0400 F5142.9 ; Width: 0.350mm
G1 X97.3030 Y42.5261 Z0.0400 F5142.9 ; Width: 0.350mm
G1 X97.3230 Y42.5066 Z0.0400 F5142.9 ; Width: 0.350mm
G1 X97.4030 Y42.5054 Z0.0400 F5142.9 ; Width: 0.350mm
G1 X97.4230 Y42.4864 Z0.0400 F5142.9 ; Width: 0.350mm
G1 X97.5830 Y42.4864 Z0.0400 F5142.9 ; Width: 0.350mm
G1 X97.6030 Y42.5054 Z0.0400 F5142.9 ; Width: 0.350mm
G1 X97.6830 Y42.5066 Z0.0400 F5142.9 ; Width: 0.350mm
G1 X97.7030 Y42.5261 Z0.0400 F5142.9 ; Width: 0.350mm
G1 X97.7230 Y42.5266 Z0.0400 F5142.9 ; Width: 0.350mm
G1 X97.7430 Y42.5460 Z0.0400 F5142.9 ; Width: 0.350mm
G1 X97.7630 Y42.5464 Z0.0400 F5142.9 ; Width: 0.350mm
G1 X97.8634 Y42.6470 Z0.0400 F5142.9 ; Width: 0.350mm
G1 X97.8639 Y42.6670 Z0.0400 F5142.9 ; Width: 0.350mm
G1 X97.8834 Y42.6870 Z0.0400 F5142.9 ; Width: 0.350mm
G1 X97.8839 Y42.7070 Z0.0400 F5142.9 ; Width: 0.350mm
G1 X97.9036 Y42.7270 Z0.0400 F5142.9 ; Width: 0.350mm
G1 X97.9040 Y42.7470 Z0.0400 F5142.9 ; Width: 0.350mm
G1 X97.9234 Y42.7670 Z0.0400 F5142.9 ; Width: 0.350mm
G1 X97.9239 Y42.7870 Z0.0400 F5142.9 ; Width: 0.350mm
G1 X97.9432 Y42.8070 Z0.0400 F5142.9 ; Width: 0.350mm
G1 X97.9440 Y42.8470 Z0.0400 F5142.9 ; Width: 0.350mm
G1 X97.9632 Y42.8670 Z0.0400 F5142.9 ; Width: 0.350mm
G1 X97.9640 Y42.9070 Z0.0400 F5142.9 ; Width: 0.350mm
G1 X97.9832 Y42.9270 Z0.0400 F5142.9 ; Width: 0.350mm
G1 X97.9840 Y42.9670 Z0.0400 F5142.9 ; Width: 0.350mm
G1 X98.0032 Y42.9870 Z0.0400 F5142.9 ; Width: 0.350mm
G1 X98.0040 Y43.0670 Z0.0400 F5142.9 ; Width: 0.350mm
G1 X98.0232 Y43.0870 Z0.0400 F5142.9 ; Width: 0.350mm
G1 X98.0240 Y43.1470 Z0.0400 F5142.9 ; Width: 0.350mm
G1 X98.0432 Y43.1670 Z0.0400 F5142.9 ; Width: 0.350mm
G1 X98.0440 Y43.3070 Z0.0400 F5142.9 ; Width: 0.350mm
G1 X98.0632 Y43.3270 Z0.0400 F5142.9 ; Width: 0.350mm
G1 X98.0640 Y43.4270 Z0.0400 F5142.9 ; Width: 0.350mm
G1 X98.0832 Y43.4470 Z0.0400 F5142.9 ; Width: 0.350mm
G1 X98.0840 Y43.6270 Z0.0400 F5142.9 ; Width: 0.350mm
G1 X98.1032 Y43.6470 Z0.0400 F5142.9 ; Width: 0.350mm
G1 X98.1040 Y44.0270 Z0.0400 F5142.9 ; Width: 0.350mm
G1 X98.1232 Y44.0470 Z0.0400 F5142.9 ; Width: 0.350mm
G1 X98.1236 Y44.0670 Z0.0400 F5142.9 ; Width: 0.350mm
G1 X98.1232 Y44.4870 Z0.0400 F5142.9 ; Width: 0.350mm
G1 X98.1040 Y44.5070 Z0.0400 F5142.9 ; Width: 0.350mm
G1 X98.1038 Y45.4470 Z0.0400 F3829.8 ; Width: 0.470mm
G1 X98.1040 Y45.4670 Z0.0400 F5142.9 ; Width: 0.350mm
G1 X98.1232 Y45.4870 Z0.0400 F5142.9 ; Width: 0.350mm
G1 X98.1240 Y45.7670 Z0.0400 F5142.9 ; Width: 0.350mm
G1 X98.1432 Y45.7870 Z0.0400 F5142.9 ; Width: 0.350mm
G1 X98.1440 Y45.8270 Z0.0400 F5142.9 ; Width: 0.350mm
G1 X98.1634 Y45.8470 Z0.0400 F5142.9 ; Width: 0.350mm
G1 X98.1639 Y45.8670 Z0.0400 F5142.9 ; Width: 0.350mm
G1 X98.2630 Y45.9668 Z0.0400 F5142.9 ; Width: 0.350mm
G1 X98.3430 Y46.0461 Z0.0400 F5142.9 ; Width: 0.350mm
G1 X98.3630 Y46.0466 Z0.0400 F5142.9 ; Width: 0.350mm
G1 X98.3830 Y46.0660 Z0.0400 F5142.9 ; Width: 0.350mm
G1 X98.4230 Y46.0668 Z0.0400 F5142.9 ; Width: 0.350mm
G1 X98.4430 Y46.0860 Z0.0400 F5142.9 ; Width: 0.350mm
G1 X100.6230 Y46.0860 Z0.0400 F2064.8 ; Width: 0.872mm
G1 X100.6430 Y46.0668 Z0.0400 F5142.9 ; Width: 0.350mm
G1 X100.6830 Y46.0660 Z0.0400 F5142.9 ; Width: 0.350mm
G1 X100.7030 Y46.0466 Z0.0400 F5142.9 ; Width: 0.350mm
G1 X100.7230 Y46.0461 Z0.0400 F5142.9 ; Width: 0.350mm
G1 X100.9021 Y45.8670 Z0.0400 F5142.9 ; Width: 0.350mm
G1 X100.9026 Y45.8470 Z0.0400 F5142.9 ; Width: 0.350mm
G1 X100.9221 Y45.8270 Z0.0400 F5142.9 ; Width: 0.350mm
G1 X100.9226 Y45.8070 Z0.0400 F5142.9 ; Width: 0.350mm
G1 X100.9420 Y45.7870 Z0.0400 F5142.9 ; Width: 0.350mm
G1 X100.9428 Y45.7470 Z0.0400 F5142.9 ; Width: 0.350mm
G1 X100.9620 Y45.7270 Z0.0400 F5142.9 ; Width: 0.350mm
G1 X100.9620 Y43.7870 Z0.0400 F2042.0 ; Width: 0.882mm
G1 X100.9428 Y43.7670 Z0.0400 F5142.9 ; Width: 0.350mm
G1 X100.9420 Y43.5870 Z0.0400 F5142.9 ; Width: 0.350mm
G1 X100.9228 Y43.5670 Z0.0400 F5142.9 ; Width: 0.350mm
G1 X100.9220 Y43.2070 Z0.0400 F5142.9 ; Width: 0.350mm
G1 X100.9028 Y43.1870 Z0.0400 F5142.9 ; Width: 0.350mm
G1 X100.9020 Y43.0870 Z0.0400 F5142.9 ; Width: 0.350mm
G1 X100.8828 Y43.0670 Z0.0400 F5142.9 ; Width: 0.350mm
G1 X100.8820 Y42.8470 Z0.0400 F5142.9 ; Width: 0.350mm
G1 X100.8628 Y42.8270 Z0.0400 F5142.9 ; Width: 0.350mm
G1 X100.8620 Y42.7670 Z0.0400 F5142.9 ; Width: 0.350mm
G1 X100.8428 Y42.7470 Z0.0400 F5142.9 ; Width: 0.350mm
G1 X100.8420 Y42.6070 Z0.0400 F5142.9 ; Width: 0.350mm
G1 X100.8228 Y42.5870 Z0.0400 F5142.9 ; Width: 0.350mm
G1 X100.8220 Y42.5270 Z0.0400 F5142.9 ; Width: 0.350mm
G1 X100.8028 Y42.5070 Z0.0400 F5142.9 ; Width: 0.350mm
G1 X100.8020 Y42.4470 Z0.0400 F5142.9 ; Width: 0.350mm
G1 X100.7828 Y42.4270 Z0.0400 F5142.9 ; Width: 0.350mm
G1 X100.7820 Y42.3270 Z0.0400 F5142.9 ; Width: 0.350mm
G1 X100.7628 Y42.3070 Z0.0400 F5142.9 ; Width: 0.350mm
G1 X100.7620 Y42.2070 Z0.0400 F5142.9 ; Width: 0.350mm
G1 X100.7428 Y42.1870 Z0.0400 F5142.9 ; Width: 0.350mm
G1 X100.7420 Y42.1470 Z0.0400 F5142.9 ; Width: 0.350mm
G1 X100.7228 Y42.1270 Z0.0400 F5142.9 ; Width: 0.350mm
G1 X100.7220 Y42.0870 Z0.0400 F5142.9 ; Width: 0.350mm
G1 X100.7028 Y42.0670 Z0.0400 F5142.9 ; Width: 0.350mm
G1 X100.7020 Y42.0070 Z0.0400 F5142.9 ; Width: 0.350mm
G1 X100.6828 Y41.9870 Z0.0400 F5142.9 ; Width: 0.350mm
G1 X100.6820 Y41.9470 Z0.0400 F5142.9 ; Width: 0.350mm
G1 X100.6626 Y41.9270 Z0.0400 F5142.9 ; Width: 0.350mm
G1 X100.6620 Y41.8870 Z0.0400 F5142.9 ; Width: 0.350mm
G1 X100.6428 Y41.8670 Z0.0400 F5142.9 ; Width: 0.350mm
G1 X100.6420 Y41.8070 Z0.0400 F5142.9 ; Width: 0.350mm
G1 X100.6228 Y41.7870 Z0.0400 F5142.9 ; Width: 0.350mm
G1 X100.6220 Y41.7470 Z0.0400 F5142.9 ; Width: 0.350mm
G1 X100.6028 Y41.7270 Z0.0400 F5142.9 ; Width: 0.350mm
G1 X100.6020 Y41.6870 Z0.0400 F5142.9 ; Width: 0.350mm
G1 X100.5826 Y41.6670 Z0.0400 F5142.9 ; Width: 0.350mm
G1 X100.5821 Y41.6470 Z0.0400 F5142.9 ; Width: 0.350mm
G1 X100.5628 Y41.6270 Z0.0400 F5142.9 ; Width: 0.350mm
G1 X100.5620 Y41.5870 Z0.0400 F5142.9 ; Width: 0.350mm
G1 X100.5426 Y41.5670 Z0.0400 F5142.9 ; Width: 0.350mm
G1 X100.5421 Y41.5470 Z0.0400 F5142.9 ; Width: 0.350mm
G1 X100.5228 Y41.5270 Z0.0400 F5142.9 ; Width: 0.350mm
G1 X100.5220 Y41.4870 Z0.0400 F5142.9 ; Width: 0.350mm
G1 X100.5026 Y41.4670 Z0.0400 F5142.9 ; Width: 0.350mm
G1 X100.5021 Y41.4470 Z0.0400 F5142.9 ; Width: 0.350mm
G1 X100.4828 Y41.4270 Z0.0400 F5142.9 ; Width: 0.350mm
G1 X100.4820 Y41.3870 Z0.0400 F5142.9 ; Width: 0.350mm
G1 X100.4626 Y41.3670 Z0.0400 F5142.9 ; Width: 0.350mm
G1 X100.4621 Y41.3470 Z0.0400 F5142.9 ; Width: 0.350mm
G1 X100.4424 Y41.3270 Z0.0400 F5142.9 ; Width: 0.350mm
G1 X100.4420 Y41.3070 Z0.0400 F5142.9 ; Width: 0.350mm
G1 X100.4226 Y41.2870 Z0.0400 F5142.9 ; Width: 0.350mm
G1 X100.4221 Y41.2670 Z0.0400 F5142.9 ; Width: 0.350mm
G1 X100.4026 Y41.2470 Z0.0400 F5142.9 ; Width: 0.350mm
G1 X100.4021 Y41.2270 Z0.0400 F5142.9 ; Width: 0.350mm
G1 X100.3826 Y41.2070 Z0.0400 F5142.9 ; Width: 0.350mm
G1 X100.3821 Y41.1870 Z0.0400 F5142.9 ; Width: 0.350mm
G1 X100.3624 Y41.1670 Z0.0400 F5142.9 ; Width: 0.350mm
G1 X100.3620 Y41.1470 Z0.0400 F5142.9 ; Width: 0.350mm
G1 X100.3426 Y41.1270 Z0.0400 F5142.9 ; Width: 0.350mm
G1 X100.3421 Y41.1070 Z0.0400 F5142.9 ; Width: 0.350mm
G1 X100.3224 Y41.0870 Z0.0400 F5142.9 ; Width: 0.350mm
G1 X100.3220 Y41.0670 Z0.0400 F5142.9 ; Width: 0.350mm
G1 X100.3026 Y41.0470 Z0.0400 F5142.9 ; Width: 0.350mm
G1 X100.3021 Y41.0270 Z0.0400 F5142.9 ; Width: 0.350mm
G1 X100.2627 Y40.9870 Z0.0400 F5142.9 ; Width: 0.350mm
G1 X100.2621 Y40.9670 Z0.0400 F5142.9 ; Width: 0.350mm
G1 X100.2227 Y40.9270 Z0.0400 F5142.9 ; Width: 0.350mm
G1 X100.2221 Y40.9070 Z0.0400 F5142.9 ; Width: 0.350mm
G1 X100.2026 Y40.8870 Z0.0400 F5142.9 ; Width: 0.350mm
G1 X100.2021 Y40.8670 Z0.0400 F5142.9 ; Width: 0.350mm
G1 X100.1826 Y40.8470 Z0.0400 F5142.9 ; Width: 0.350mm
G1 X100.1821 Y40.8270 Z0.0400 F5142.9 ; Width: 0.350mm
G1 X100.1028 Y40.7470 Z0.0400 F5142.9 ; Width: 0.350mm
G1 X100.1021 Y40.7270 Z0.0400 F5142.9 ; Width: 0.350mm
G1 X100.0627 Y40.6870 Z0.0400 F5142.9 ; Width: 0.350mm
G1 X100.0621 Y40.6670 Z0.0400 F5142.9 ; Width: 0.350mm
G1 X100.0028 Y40.6070 Z0.0400 F5142.9 ; Width: 0.350mm
G1 X100.0021 Y40.5870 Z0.0400 F5142.9 ; Width: 0.350mm
G1 X99.9428 Y40.5270 Z0.0400 F5142.9 ; Width: 0.350mm
G1 X99.9421 Y40.5070 Z0.0400 F5142.9 ; Width: 0.350mm
G1 X99.5430 Y40.1079 Z0.0400 F5142.9 ; Width: 0.350mm
G1 X99.5230 Y40.1072 Z0.0400 F5142.9 ; Width: 0.350mm
G1 X99.4030 Y39.9879 Z0.0400 F5142.9 ; Width: 0.350mm
G1 X99.3830 Y39.9873 Z0.0400 F5142.9 ; Width: 0.350mm
G1 X99.3430 Y39.9479 Z0.0400 F5142.9 ; Width: 0.350mm
G1 X99.3230 Y39.9472 Z0.0400 F5142.9 ; Width: 0.350mm
G1 X99.2630 Y39.8879 Z0.0400 F5142.9 ; Width: 0.350mm
G1 X99.2430 Y39.8873 Z0.0400 F5142.9 ; Width: 0.350mm
G1 X99.2030 Y39.8479 Z0.0400 F5142.9 ; Width: 0.350mm
G1 X99.1830 Y39.8474 Z0.0400 F5142.9 ; Width: 0.350mm
G1 X99.1630 Y39.8280 Z0.0400 F5142.9 ; Width: 0.350mm
G1 X99.1430 Y39.8276 Z0.0400 F5142.9 ; Width: 0.350mm
G1 X99.1230 Y39.8079 Z0.0400 F5142.9 ; Width: 0.350mm
G1 X99.1030 Y39.8074 Z0.0400 F5142.9 ; Width: 0.350mm
G1 X99.0830 Y39.7879 Z0.0400 F5142.9 ; Width: 0.350mm
G1 X99.0630 Y39.7873 Z0.0400 F5142.9 ; Width: 0.350mm
G1 X99.0230 Y39.7479 Z0.0400 F5142.9 ; Width: 0.350mm
G1 X99.0030 Y39.7474 Z0.0400 F5142.9 ; Width: 0.350mm
G1 X98.9830 Y39.7280 Z0.0400 F5142.9 ; Width: 0.350mm
G1 X98.9430 Y39.7272 Z0.0400 F5142.9 ; Width: 0.350mm
G1 X98.9230 Y39.7079 Z0.0400 F5142.9 ; Width: 0.350mm
G1 X98.9030 Y39.7074 Z0.0400 F5142.9 ; Width: 0.350mm
G1 X98.8830 Y39.6879 Z0.0400 F5142.9 ; Width: 0.350mm
G1 X98.8630 Y39.6874 Z0.0400 F5142.9 ; Width: 0.350mm
G1 X98.8430 Y39.6680 Z0.0400 F5142.9 ; Width: 0.350mm
G1 X98.8230 Y39.6676 Z0.0400 F5142.9 ; Width: 0.350mm
G1 X98.8030 Y39.6479 Z0.0400 F5142.9 ; Width: 0.350mm
G1 X98.7830 Y39.6474 Z0.0400 F5142.9 ; Width: 0.350mm
G1 X98.7630 Y39.6280 Z0.0400 F5142.9 ; Width: 0.350mm
G1 X98.7230 Y39.6272 Z0.0400 F5142.9 ; Width: 0.350mm
G1 X98.7030 Y39.6080 Z0.0400 F5142.9 ; Width: 0.350mm
G1 X98.6630 Y39.6074 Z0.0400 F5142.9 ; Width: 0.350mm
G1 X98.6430 Y39.5880 Z0.0400 F5142.9 ; Width: 0.350mm
G1 X98.6030 Y39.5872 Z0.0400 F5142.9 ; Width: 0.350mm
G1 X98.5830 Y39.5680 Z0.0400 F5142.9 ; Width: 0.350mm
G1 X98.5230 Y39.5672 Z0.0400 F5142.9 ; Width: 0.350mm
G1 X98.5030 Y39.5480 Z0.0400 F5142.9 ; Width: 0.350mm
G1 X98.4430 Y39.5472 Z0.0400 F5142.9 ; Width: 0.350mm
G1 X98.4230 Y39.5280 Z0.0400 F5142.9 ; Width: 0.350mm
G1 X98.3830 Y39.5272 Z0.0400 F5142.9 ; Width: 0.350mm
G1 X98.3630 Y39.5080 Z0.0400 F5142.9 ; Width: 0.350mm
G1 X98.2830 Y39.5076 Z0.0400 F5142.9 ; Width: 0.350mm
G1 X98.2630 Y39.4886 Z0.0400 F5142.9 ; Width: 0.350mm
G1 X98.1830 Y39.4872 Z0.0400 F5142.9 ; Width: 0.350mm
G1 X98.1630 Y39.4680 Z0.0400 F5142.9 ; Width: 0.350mm
G1 X98.0230 Y39.4672 Z0.0400 F5142.9 ; Width: 0.350mm
G1 X98.0030 Y39.4480 Z0.0400 F5142.9 ; Width: 0.350mm
G1 X97.7830 Y39.4472 Z0.0400 F5142.9 ; Width: 0.350mm
G1 X97.7630 Y39.4280 Z0.0400 F5142.9 ; Width: 0.350mm
G1 X97.2430 Y39.4280 Z0.0400 F5142.9 ; Width: 0.350mm
G1 X97.2230 Y39.4472 Z0.0400 F5142.9 ; Width: 0.350mm
G1 X97.0030 Y39.4480 Z0.0400 F5142.9 ; Width: 0.350mm
G1 X96.9830 Y39.4672 Z0.0400 F5142.9 ; Width: 0.350mm
G1 X96.8430 Y39.4680 Z0.0400 F5142.9 ; Width: 0.350mm
G1 X96.8230 Y39.4872 Z0.0400 F5142.9 ; Width: 0.350mm
G1 X96.7430 Y39.4886 Z0.0400 F5142.9 ; Width: 0.350mm
G1 X96.7230 Y39.5076 Z0.0400 F5142.9 ; Width: 0.350mm
G1 X96.6430 Y39.5080 Z0.0400 F5142.9 ; Width: 0.350mm
G1 X96.6230 Y39.5272 Z0.0400 F5142.9 ; Width: 0.350mm
G1 X96.5830 Y39.5280 Z0.0400 F5142.9 ; Width: 0.350mm
G1 X96.5630 Y39.5472 Z0.0400 F5142.9 ; Width: 0.350mm
G1 X96.5030 Y39.5480 Z0.0400 F5142.9 ; Width: 0.350mm
G1 X96.4830 Y39.5672 Z0.0400 F5142.9 ; Width: 0.350mm
G1 X96.4230 Y39.5680 Z0.0400 F5142.9 ; Width: 0.350mm
G1 X96.4030 Y39.5872 Z0.0400 F5142.9 ; Width: 0.350mm
G1 X96.3630 Y39.5880 Z0.0400 F5142.9 ; Width: 0.350mm
M118 P0 S"75" ; Sync timer
G1 X96.3430 Y39.6074 Z0.0400 F5142.9 ; Width: 0.350mm
G1 X96.3030 Y39.6080 Z0.0400 F5142.9 ; Width: 0.350mm
G1 X96.2830 Y39.6272 Z0.0400 F5142.9 ; Width: 0.350mm
G1 X96.2430 Y39.6280 Z0.0400 F5142.9 ; Width: 0.350mm
G1 X96.2230 Y39.6474 Z0.0400 F5142.9 ; Width: 0.350mm
G1 X96.2030 Y39.6479 Z0.0400 F5142.9 ; Width: 0.350mm
G1 X96.1830 Y39.6676 Z0.0400 F5142.9 ; Width: 0.350mm
G1 X96.1630 Y39.6680 Z0.0400 F5142.9 ; Width: 0.350mm
G1 X96.1430 Y39.6874 Z0.0400 F5142.9 ; Width: 0.350mm
G1 X96.1230 Y39.6879 Z0.0400 F5142.9 ; Width: 0.350mm
G1 X96.1030 Y39.7072 Z0.0400 F5142.9 ; Width: 0.350mm
G1 X96.0630 Y39.7080 Z0.0400 F5142.9 ; Width: 0.350mm
G1 X96.0430 Y39.7274 Z0.0400 F5142.9 ; Width: 0.350mm
G1 X96.0230 Y39.7279 Z0.0400 F5142.9 ; Width: 0.350mm
G1 X96.0030 Y39.7474 Z0.0400 F5142.9 ; Width: 0.350mm
G1 X95.9830 Y39.7479 Z0.0400 F5142.9 ; Width: 0.350mm
G1 X95.9630 Y39.7674 Z0.0400 F5142.9 ; Width: 0.350mm
G1 X95.9430 Y39.7679 Z0.0400 F5142.9 ; Width: 0.350mm
G1 X95.9030 Y39.8073 Z0.0400 F5142.9 ; Width: 0.350mm
G1 X95.8830 Y39.8079 Z0.0400 F5142.9 ; Width: 0.350mm
G1 X95.8630 Y39.8276 Z0.0400 F5142.9 ; Width: 0.350mm
G1 X95.8430 Y39.8280 Z0.0400 F5142.9 ; Width: 0.350mm
G1 X95.8230 Y39.8474 Z0.0400 F5142.9 ; Width: 0.350mm
G1 X95.8030 Y39.8479 Z0.0400 F5142.9 ; Width: 0.350mm
G1 X95.7630 Y39.8873 Z0.0400 F5142.9 ; Width: 0.350mm
G1 X95.7430 Y39.8879 Z0.0400 F5142.9 ; Width: 0.350mm
G1 X95.7230 Y39.9074 Z0.0400 F5142.9 ; Width: 0.350mm
G1 X95.7030 Y39.9079 Z0.0400 F5142.9 ; Width: 0.350mm
G1 X95.6630 Y39.9473 Z0.0400 F5142.9 ; Width: 0.350mm
G1 X95.6430 Y39.9479 Z0.0400 F5142.9 ; Width: 0.350mm
G1 X95.5630 Y40.0272 Z0.0400 F5142.9 ; Width: 0.350mm
G1 X95.5430 Y40.0279 Z0.0400 F5142.9 ; Width: 0.350mm
G1 X95.4430 Y40.1272 Z0.0400 F5142.9 ; Width: 0.350mm
G1 X95.4230 Y40.1279 Z0.0400 F5142.9 ; Width: 0.350mm
G1 X95.0639 Y40.4870 Z0.0400 F5142.9 ; Width: 0.350mm
G1 X95.0632 Y40.5070 Z0.0400 F5142.9 ; Width: 0.350mm
G1 X94.9639 Y40.6070 Z0.0400 F5142.9 ; Width: 0.350mm
G1 X94.9632 Y40.6270 Z0.0400 F5142.9 ; Width: 0.350mm
G1 X94.8639 Y40.7270 Z0.0400 F5142.9 ; Width: 0.350mm
G1 X94.8633 Y40.7470 Z0.0400 F5142.9 ; Width: 0.350mm
G1 X94.8239 Y40.7870 Z0.0400 F5142.9 ; Width: 0.350mm
G1 X94.8232 Y40.8070 Z0.0400 F5142.9 ; Width: 0.350mm
G1 X94.7639 Y40.8670 Z0.0400 F5142.9 ; Width: 0.350mm
G1 X94.7634 Y40.8870 Z0.0400 F5142.9 ; Width: 0.350mm
G1 X94.7439 Y40.9070 Z0.0400 F5142.9 ; Width: 0.350mm
G1 X94.7433 Y40.9270 Z0.0400 F5142.9 ; Width: 0.350mm
G1 X94.7039 Y40.9670 Z0.0400 F5142.9 ; Width: 0.350mm
G1 X94.7033 Y40.9870 Z0.0400 F5142.9 ; Width: 0.350mm
G1 X94.6639 Y41.0270 Z0.0400 F5142.9 ; Width: 0.350mm
G1 X94.6634 Y41.0470 Z0.0400 F5142.9 ; Width: 0.350mm
G1 X94.6439 Y41.0670 Z0.0400 F5142.9 ; Width: 0.350mm
G1 X94.6434 Y41.0870 Z0.0400 F5142.9 ; Width: 0.350mm
G1 X94.6239 Y41.1070 Z0.0400 F5142.9 ; Width: 0.350mm
G1 X94.6234 Y41.1270 Z0.0400 F5142.9 ; Width: 0.350mm
G1 X94.6040 Y41.1470 Z0.0400 F5142.9 ; Width: 0.350mm
G1 X94.6036 Y41.1670 Z0.0400 F5142.9 ; Width: 0.350mm
G1 X94.5839 Y41.1870 Z0.0400 F5142.9 ; Width: 0.350mm
G1 X94.5834 Y41.2070 Z0.0400 F5142.9 ; Width: 0.350mm
G1 X94.5640 Y41.2270 Z0.0400 F5142.9 ; Width: 0.350mm
G1 X94.5636 Y41.2470 Z0.0400 F5142.9 ; Width: 0.350mm
G1 X94.5439 Y41.2670 Z0.0400 F5142.9 ; Width: 0.350mm
G1 X94.5434 Y41.2870 Z0.0400 F5142.9 ; Width: 0.350mm
G1 X94.5239 Y41.3070 Z0.0400 F5142.9 ; Width: 0.350mm
G1 X94.5234 Y41.3270 Z0.0400 F5142.9 ; Width: 0.350mm
G1 X94.5039 Y41.3470 Z0.0400 F5142.9 ; Width: 0.350mm
G1 X94.5034 Y41.3670 Z0.0400 F5142.9 ; Width: 0.350mm
G1 X94.4840 Y41.3870 Z0.0400 F5142.9 ; Width: 0.350mm
G1 X94.4832 Y41.4270 Z0.0400 F5142.9 ; Width: 0.350mm
G1 X94.4639 Y41.4470 Z0.0400 F5142.9 ; Width: 0.350mm
G1 X94.4634 Y41.4670 Z0.0400 F5142.9 ; Width: 0.350mm
G1 X94.4440 Y41.4870 Z0.0400 F5142.9 ; Width: 0.350mm
G1 X94.4432 Y41.5270 Z0.0400 F5142.9 ; Width: 0.350mm
G1 X94.4239 Y41.5470 Z0.0400 F5142.9 ; Width: 0.350mm
G1 X94.4234 Y41.5670 Z0.0400 F5142.9 ; Width: 0.350mm
G1 X94.4040 Y41.5870 Z0.0400 F5142.9 ; Width: 0.350mm
G1 X94.4032 Y41.6270 Z0.0400 F5142.9 ; Width: 0.350mm
G1 X94.3839 Y41.6470 Z0.0400 F5142.9 ; Width: 0.350mm
G1 X94.3834 Y41.6670 Z0.0400 F5142.9 ; Width: 0.350mm
G1 X94.3640 Y41.6870 Z0.0400 F5142.9 ; Width: 0.350mm
G1 X94.3632 Y41.7270 Z0.0400 F5142.9 ; Width: 0.350mm
G1 X94.3439 Y41.7470 Z0.0400 F5142.9 ; Width: 0.350mm
G1 X94.3434 Y41.7670 Z0.0400 F5142.9 ; Width: 0.350mm
G1 X94.3240 Y41.7870 Z0.0400 F5142.9 ; Width: 0.350mm
G1 X94.3232 Y41.8270 Z0.0400 F5142.9 ; Width: 0.350mm
G1 X94.3040 Y41.8470 Z0.0400 F5142.9 ; Width: 0.350mm
G1 X94.3032 Y41.9070 Z0.0400 F5142.9 ; Width: 0.350mm
G1 X94.2840 Y41.9270 Z0.0400 F5142.9 ; Width: 0.350mm
G1 X94.2832 Y41.9670 Z0.0400 F5142.9 ; Width: 0.350mm
G1 X94.2640 Y41.9870 Z0.0400 F5142.9 ; Width: 0.350mm
G1 X94.2632 Y42.0270 Z0.0400 F5142.9 ; Width: 0.350mm
G1 X94.2440 Y42.0470 Z0.0400 F5142.9 ; Width: 0.350mm
G1 X94.2432 Y42.1070 Z0.0400 F5142.9 ; Width: 0.350mm
G1 X94.2240 Y42.1270 Z0.0400 F5142.9 ; Width: 0.350mm
G1 X94.2232 Y42.1870 Z0.0400 F5142.9 ; Width: 0.350mm
G1 X94.2040 Y42.2070 Z0.0400 F5142.9 ; Width: 0.350mm
G1 X94.2032 Y42.2470 Z0.0400 F5142.9 ; Width: 0.350mm
G1 X94.1840 Y42.2670 Z0.0400 F5142.9 ; Width: 0.350mm
G1 X94.1832 Y42.3270 Z0.0400 F5142.9 ; Width: 0.350mm
G1 X94.1640 Y42.3470 Z0.0400 F5142.9 ; Width: 0.350mm
G1 X94.1632 Y42.4270 Z0.0400 F5142.9 ; Width: 0.350mm
G1 X94.1440 Y42.4470 Z0.0400 F5142.9 ; Width: 0.350mm
G1 X94.1432 Y42.5270 Z0.0400 F5142.9 ; Width: 0.350mm
G1 X94.1240 Y42.5470 Z0.0400 F5142.9 ; Width: 0.350mm
G1 X94.1232 Y42.6470 Z0.0400 F5142.9 ; Width: 0.350mm
G1 X94.1040 Y42.6670 Z0.0400 F5142.9 ; Width: 0.350mm
G1 X94.1032 Y42.7670 Z0.0400 F5142.9 ; Width: 0.350mm
G1 X94.0840 Y42.7870 Z0.0400 F5142.9 ; Width: 0.350mm
G1 X94.0832 Y42.9070 Z0.0400 F5142.9 ; Width: 0.350mm
G1 X94.0640 Y42.9270 Z0.0400 F5142.9 ; Width: 0.350mm
G1 X94.0632 Y43.0270 Z0.0400 F5142.9 ; Width: 0.350mm
G1 X94.0440 Y43.0470 Z0.0400 F5142.9 ; Width: 0.350mm
G1 X94.0432 Y43.3070 Z0.0400 F5142.9 ; Width: 0.350mm
G1 X94.0240 Y43.3270 Z0.0400 F5142.9 ; Width: 0.350mm
G1 X94.0232 Y43.5470 Z0.0400 F5142.9 ; Width: 0.350mm
G1 X94.0040 Y43.5670 Z0.0400 F5142.9 ; Width: 0.350mm
G1 X94.0040 Y47.6370 Z0.0400 F1213.2 ; Width: 1.484mm
G1 X94.0040 Y51.7070 Z0.0400 F1200.1 ; Width: 1.500mm
G1 X94.0232 Y51.7270 Z0.0400 F5142.9 ; Width: 0.350mm
G1 X94.0240 Y51.9470 Z0.0400 F5142.9 ; Width: 0.350mm
G1 X94.0432 Y51.9670 Z0.0400 F5142.9 ; Width: 0.350mm
G1 X94.0440 Y52.2670 Z0.0400 F5142.9 ; Width: 0.350mm
G1 X94.0632 Y52.2870 Z0.0400 F5142.9 ; Width: 0.350mm
G1 X94.0640 Y52.3870 Z0.0400 F5142.9 ; Width: 0.350mm
G1 X94.0832 Y52.4070 Z0.0400 F5142.9 ; Width: 0.350mm
G1 X94.0840 Y52.5470 Z0.0400 F5142.9 ; Width: 0.350mm
G1 X94.1032 Y52.5670 Z0.0400 F5142.9 ; Width: 0.350mm
G1 X94.1040 Y52.6670 Z0.0400 F5142.9 ; Width: 0.350mm
G1 X94.1232 Y52.6870 Z0.0400 F5142.9 ; Width: 0.350mm
G1 X94.1240 Y52.8070 Z0.0400 F5142.9 ; Width: 0.350mm
G1 X94.1432 Y52.8270 Z0.0400 F5142.9 ; Width: 0.350mm
G1 X94.1440 Y52.9070 Z0.0400 F5142.9 ; Width: 0.350mm
G1 X94.1632 Y52.9270 Z0.0400 F5142.9 ; Width: 0.350mm
G1 X94.1640 Y53.0270 Z0.0400 F5142.9 ; Width: 0.350mm
G1 X94.1832 Y53.0470 Z0.0400 F5142.9 ; Width: 0.350mm
G1 X94.1840 Y53.1070 Z0.0400 F5142.9 ; Width: 0.350mm
G1 X94.2032 Y53.1270 Z0.0400 F5142.9 ; Width: 0.350mm
G1 X94.2040 Y53.1670 Z0.0400 F5142.9 ; Width: 0.350mm
G1 X94.2232 Y53.1870 Z0.0400 F5142.9 ; Width: 0.350mm
G1 X94.2240 Y53.2670 Z0.0400 F5142.9 ; Width: 0.350mm
G1 X94.2432 Y53.2870 Z0.0400 F5142.9 ; Width: 0.350mm
G1 X94.2440 Y53.3270 Z0.0400 F5142.9 ; Width: 0.350mm
G1 X94.2632 Y53.3470 Z0.0400 F5142.9 ; Width: 0.350mm
G1 X94.2640 Y53.4070 Z0.0400 F5142.9 ; Width: 0.350mm
G1 X94.2832 Y53.4270 Z0.0400 F5142.9 ; Width: 0.350mm
G1 X94.2840 Y53.4670 Z0.0400 F5142.9 ; Width: 0.350mm
G1 X94.3032 Y53.4870 Z0.0400 F5142.9 ; Width: 0.350mm
G1 X94.3040 Y53.5270 Z0.0400 F5142.9 ; Width: 0.350mm
G1 X94.3232 Y53.5470 Z0.0400 F5142.9 ; Width: 0.350mm
G1 X94.3240 Y53.5870 Z0.0400 F5142.9 ; Width: 0.350mm
G1 X94.3434 Y53.6070 Z0.0400 F5142.9 ; Width: 0.350mm
G1 X94.3440 Y53.6470 Z0.0400 F5142.9 ; Width: 0.350mm
G1 X94.3632 Y53.6670 Z0.0400 F5142.9 ; Width: 0.350mm
G1 X94.3640 Y53.7070 Z0.0400 F5142.9 ; Width: 0.350mm
G1 X94.3832 Y53.7270 Z0.0400 F5142.9 ; Width: 0.350mm
G1 X94.3840 Y53.7670 Z0.0400 F5142.9 ; Width: 0.350mm
G1 X94.4032 Y53.7870 Z0.0400 F5142.9 ; Width: 0.350mm
G1 X94.4040 Y53.8270 Z0.0400 F5142.9 ; Width: 0.350mm
G1 X94.4234 Y53.8470 Z0.0400 F5142.9 ; Width: 0.350mm
G1 X94.4239 Y53.8670 Z0.0400 F5142.9 ; Width: 0.350mm
G1 X94.4434 Y53.8870 Z0.0400 F5142.9 ; Width: 0.350mm
G1 X94.4439 Y53.9070 Z0.0400 F5142.9 ; Width: 0.350mm
G1 X94.4634 Y53.9270 Z0.0400 F5142.9 ; Width: 0.350mm
G1 X94.4639 Y53.9470 Z0.0400 F5142.9 ; Width: 0.350mm
G1 X94.4834 Y53.9670 Z0.0400 F5142.9 ; Width: 0.350mm
G1 X94.4839 Y53.9870 Z0.0400 F5142.9 ; Width: 0.350mm
G1 X94.5034 Y54.0070 Z0.0400 F5142.9 ; Width: 0.350mm
G1 X94.5039 Y54.0270 Z0.0400 F5142.9 ; Width: 0.350mm
G1 X94.5232 Y54.0470 Z0.0400 F5142.9 ; Width: 0.350mm
G1 X94.5240 Y54.0870 Z0.0400 F5142.9 ; Width: 0.350mm
G1 X94.5434 Y54.1070 Z0.0400 F5142.9 ; Width: 0.350mm
G1 X94.5439 Y54.1270 Z0.0400 F5142.9 ; Width: 0.350mm
G1 X94.5833 Y54.1670 Z0.0400 F5142.9 ; Width: 0.350mm
G1 X94.5839 Y54.1870 Z0.0400 F5142.9 ; Width: 0.350mm
G1 X94.6036 Y54.2070 Z0.0400 F5142.9 ; Width: 0.350mm
G1 X94.6040 Y54.2270 Z0.0400 F5142.9 ; Width: 0.350mm
G1 X94.6234 Y54.2470 Z0.0400 F5142.9 ; Width: 0.350mm
G1 X94.6239 Y54.2670 Z0.0400 F5142.9 ; Width: 0.350mm
G1 X94.6434 Y54.2870 Z0.0400 F5142.9 ; Width: 0.350mm
G1 X94.6439 Y54.3070 Z0.0400 F5142.9 ; Width: 0.350mm
G1 X94.7032 Y54.3670 Z0.0400 F5142.9 ; Width: 0.350mm
G1 X94.7039 Y54.3870 Z0.0400 F5142.9 ; Width: 0.350mm
G1 X94.7234 Y54.4070 Z0.0400 F5142.9 ; Width: 0.350mm
G1 X94.7239 Y54.4270 Z0.0400 F5142.9 ; Width: 0.350mm
G1 X94.7434 Y54.4470 Z0.0400 F5142.9 ; Width: 0.350mm
G1 X94.7439 Y54.4670 Z0.0400 F5142.9 ; Width: 0.350mm
G1 X94.7833 Y54.5070 Z0.0400 F5142.9 ; Width: 0.350mm
G1 X94.7839 Y54.5270 Z0.0400 F5142.9 ; Width: 0.350mm
G1 X94.8233 Y54.5670 Z0.0400 F5142.9 ; Width: 0.350mm
G1 X94.8239 Y54.5870 Z0.0400 F5142.9 ; Width: 0.350mm
G1 X94.9032 Y54.6670 Z0.0400 F5142.9 ; Width: 0.350mm
G1 X94.9039 Y54.6870 Z0.0400 F5142.9 ; Width: 0.350mm
G1 X95.0032 Y54.7870 Z0.0400 F5142.9 ; Width: 0.350mm
G1 X95.0039 Y54.8070 Z0.0400 F5142.9 ; Width: 0.350mm
G1 X95.4630 Y55.2661 Z0.0400 F5142.9 ; Width: 0.350mm
G1 X95.4830 Y55.2668 Z0.0400 F5142.9 ; Width: 0.350mm
G1 X95.5430 Y55.3261 Z0.0400 F5142.9 ; Width: 0.350mm
G1 X95.5630 Y55.3267 Z0.0400 F5142.9 ; Width: 0.350mm
G1 X95.6030 Y55.3661 Z0.0400 F5142.9 ; Width: 0.350mm
G1 X95.6230 Y55.3668 Z0.0400 F5142.9 ; Width: 0.350mm
G1 X95.6830 Y55.4261 Z0.0400 F5142.9 ; Width: 0.350mm
G1 X95.7030 Y55.4267 Z0.0400 F5142.9 ; Width: 0.350mm
G1 X95.7430 Y55.4661 Z0.0400 F5142.9 ; Width: 0.350mm
G1 X95.7630 Y55.4666 Z0.0400 F5142.9 ; Width: 0.350mm
G1 X95.7830 Y55.4861 Z0.0400 F5142.9 ; Width: 0.350mm
G1 X95.8030 Y55.4867 Z0.0400 F5142.9 ; Width: 0.350mm
G1 X95.8430 Y55.5261 Z0.0400 F5142.9 ; Width: 0.350mm
G1 X95.8630 Y55.5266 Z0.0400 F5142.9 ; Width: 0.350mm
G1 X95.8830 Y55.5460 Z0.0400 F5142.9 ; Width: 0.350mm
G1 X95.9030 Y55.5464 Z0.0400 F5142.9 ; Width: 0.350mm
G1 X95.9230 Y55.5661 Z0.0400 F5142.9 ; Width: 0.350mm
G1 X95.9430 Y55.5666 Z0.0400 F5142.9 ; Width: 0.350mm
G1 X95.9630 Y55.5860 Z0.0400 F5142.9 ; Width: 0.350mm
G1 X95.9830 Y55.5864 Z0.0400 F5142.9 ; Width: 0.350mm
G1 X96.0030 Y55.6061 Z0.0400 F5142.9 ; Width: 0.350mm
G1 X96.0230 Y55.6066 Z0.0400 F5142.9 ; Width: 0.350mm
G1 X96.0430 Y55.6261 Z0.0400 F5142.9 ; Width: 0.350mm
G1 X96.0630 Y55.6266 Z0.0400 F5142.9 ; Width: 0.350mm
G1 X96.0830 Y55.6460 Z0.0400 F5142.9 ; Width: 0.350mm
G1 X96.1030 Y55.6464 Z0.0400 F5142.9 ; Width: 0.350mm
G1 X96.1230 Y55.6661 Z0.0400 F5142.9 ; Width: 0.350mm
G1 X96.1430 Y55.6666 Z0.0400 F5142.9 ; Width: 0.350mm
G1 X96.1630 Y55.6860 Z0.0400 F5142.9 ; Width: 0.350mm
G1 X96.2030 Y55.6868 Z0.0400 F5142.9 ; Width: 0.350mm
G1 X96.2230 Y55.7060 Z0.0400 F5142.9 ; Width: 0.350mm
G1 X96.2630 Y55.7066 Z0.0400 F5142.9 ; Width: 0.350mm
G1 X96.2830 Y55.7261 Z0.0400 F5142.9 ; Width: 0.350mm
G1 X96.3030 Y55.7266 Z0.0400 F5142.9 ; Width: 0.350mm
G1 X96.3230 Y55.7460 Z0.0400 F5142.9 ; Width: 0.350mm
G1 X96.3630 Y55.7468 Z0.0400 F5142.9 ; Width: 0.350mm
G1 X96.3830 Y55.7660 Z0.0400 F5142.9 ; Width: 0.350mm
G1 X96.4430 Y55.7666 Z0.0400 F5142.9 ; Width: 0.350mm
G1 X96.4630 Y55.7860 Z0.0400 F5142.9 ; Width: 0.350mm
G1 X96.5030 Y55.7868 Z0.0400 F5142.9 ; Width: 0.350mm
G1 X96.5230 Y55.8060 Z0.0400 F5142.9 ; Width: 0.350mm
G1 X96.5630 Y55.8068 Z0.0400 F5142.9 ; Width: 0.350mm
G1 X96.5830 Y55.8260 Z0.0400 F5142.9 ; Width: 0.350mm
G1 X96.6630 Y55.8268 Z0.0400 F5142.9 ; Width: 0.350mm
G1 X96.6830 Y55.8460 Z0.0400 F5142.9 ; Width: 0.350mm
G1 X96.7230 Y55.8468 Z0.0400 F5142.9 ; Width: 0.350mm
G1 X96.7430 Y55.8660 Z0.0400 F5142.9 ; Width: 0.350mm
G1 X96.8830 Y55.8664 Z0.0400 F5142.9 ; Width: 0.350mm
G1 X96.9030 Y55.8854 Z0.0400 F5142.9 ; Width: 0.350mm
G1 X96.9830 Y55.8868 Z0.0400 F5142.9 ; Width: 0.350mm
G1 X97.0030 Y55.9060 Z0.0400 F5142.9 ; Width: 0.350mm
G1 X97.9630 Y55.9060 Z0.0400 F3750.0 ; Width: 0.480mm
G1 X97.9828 Y55.8870 Z0.0400 F5142.9 ; Width: 0.350mm
G0 Z1.0400 F6000.0 ; Z-hop up
G0 X97.4630 Y52.0870 F6000.0 ; Travel to new path
G0 Z0.0400 F6000.0 ; Z-hop down
G1 X97.4630 Y49.9470 Z0.0400 F2991.2 ; Width: 0.602mm
G1 X97.4630 Y49.9270 Z0.0400 F2678.6 ; Width: 0.672mm
G1 X97.3830 Y49.7870 Z0.0400 F2926.4 ; Width: 0.615mm
G1 X97.4830 Y49.9270 Z0.0400 F2947.9 ; Width: 0.611mm
G1 X97.5630 Y49.8670 Z0.0400 F2928.6 ; Width: 0.615mm
G0 Z1.0400 F6000.0 ; Z-hop up
G0 X97.5630 Y45.9870 F6000.0 ; Travel to new path
G0 Z0.0400 F6000.0 ; Z-hop down
M118 P0 S"76" ; Sync timer (Travel)
G1 X97.4830 Y45.9470 Z0.0400 F2841.7 ; Width: 0.633mm
G1 X97.4630 Y45.9470 Z0.0400 F2664.9 ; Width: 0.675mm
G1 X97.4430 Y45.9470 Z0.0400 F2628.0 ; Width: 0.685mm
G1 X97.4430 Y45.9670 Z0.0400 F2649.4 ; Width: 0.679mm
G1 X97.3830 Y46.0870 Z0.0400 F2863.6 ; Width: 0.629mm
G1 X97.4630 Y45.9270 Z0.0400 F2803.9 ; Width: 0.642mm
G1 X97.4830 Y43.2670 Z0.0400 F2824.0 ; Width: 0.637mm
G0 Z1.0400 F6000.0 ; Z-hop up
G0 X90.9230 Y44.2670 F6000.0 ; Travel to new path
G0 Z0.0400 F6000.0 ; Z-hop down
G1 X90.8030 Y44.5070 Z0.0400 F3513.9 ; Width: 0.512mm
G1 X90.5630 Y44.7670 Z0.0400 F5142.9 ; Width: 0.350mm
G0 Z1.0400 F6000.0 ; Z-hop up
G0 X90.0430 Y44.3270 F6000.0 ; Travel to new path
G0 Z0.0400 F6000.0 ; Z-hop down
G1 X90.2630 Y44.5870 Z0.0400 F3501.9 ; Width: 0.514mm
G1 X90.5430 Y44.7870 Z0.0400 F5142.9 ; Width: 0.350mm
G1 X90.5430 Y44.8070 Z0.0400 F5142.9 ; Width: 0.350mm
G1 X90.9230 Y49.7870 Z0.0400 F2365.5 ; Width: 0.761mm
G0 Z1.0400 F6000.0 ; Z-hop up
G0 X88.9830 Y49.4470 F6000.0 ; Travel to new path
G0 Z0.0400 F6000.0 ; Z-hop down
G1 X88.6230 Y49.1270 Z0.0400 F2517.0 ; Width: 0.715mm
G1 X88.6030 Y49.1270 Z0.0400 F2112.2 ; Width: 0.852mm
G1 X88.2430 Y49.4870 Z0.0400 F2566.8 ; Width: 0.701mm
G1 X88.6230 Y49.1070 Z0.0400 F2542.0 ; Width: 0.708mm
G1 X88.6230 Y47.2270 Z0.0400 F2535.3 ; Width: 0.710mm
G0 Z1.0400 F6000.0 ; Z-hop up
G0 X86.6630 Y44.9270 F6000.0 ; Travel to new path
G0 Z0.0400 F6000.0 ; Z-hop down
G1 X86.3030 Y49.8670 Z0.0400 F2283.6 ; Width: 0.788mm
G0 Z1.0400 F6000.0 ; Z-hop up
G0 X88.6230 Y51.9470 F6000.0 ; Travel to new path
G0 Z0.0400 F6000.0 ; Z-hop down
M118 P0 S"77" ; Sync timer
G1 X88.6230 Y53.3670 Z0.0400 F2780.8 ; Width: 0.647mm
G1 X88.6030 Y53.3870 Z0.0400 F5142.9 ; Width: 0.350mm
G1 X88.3430 Y53.6270 Z0.0400 F5142.9 ; Width: 0.350mm
G0 Z1.0400 F6000.0 ; Z-hop up
G0 X88.6430 Y53.3870 F6000.0 ; Travel to new path
G0 Z0.0400 F6000.0 ; Z-hop down
G1 X88.8430 Y53.5670 Z0.0400 F5142.9 ; Width: 0.350mm
G0 Z1.0400 F6000.0 ; Z-hop up
G0 X93.0228 Y55.6870 F6000.0 ; Travel to new path
G0 Z0.0400 F6000.0 ; Z-hop down
G1 X93.0630 Y55.6860 Z0.0400 F5142.9 ; Width: 0.350mm
G1 X93.0830 Y55.6666 Z0.0400 F5142.9 ; Width: 0.350mm
G1 X93.1030 Y55.6661 Z0.0400 F5142.9 ; Width: 0.350mm
G1 X93.2230 Y55.5468 Z0.0400 F5142.9 ; Width: 0.350mm
G1 X93.2821 Y55.4870 Z0.0400 F5142.9 ; Width: 0.350mm
G1 X93.2826 Y55.4670 Z0.0400 F5142.9 ; Width: 0.350mm
G1 X93.3020 Y55.4470 Z0.0400 F5142.9 ; Width: 0.350mm
G1 X93.3028 Y55.4070 Z0.0400 F5142.9 ; Width: 0.350mm
G1 X93.3220 Y55.3870 Z0.0400 F5142.9 ; Width: 0.350mm
G1 X93.3221 Y51.5520 Z0.0400 F2494.6 ; Width: 0.722mm
G1 X93.3222 Y47.7170 Z0.0400 F2078.5 ; Width: 0.866mm
G1 X93.3223 Y43.8820 Z0.0400 F1991.2 ; Width: 0.904mm
G1 X93.3224 Y40.0470 Z0.0400 F2405.4 ; Width: 0.748mm
G1 X93.3220 Y39.9870 Z0.0400 F5142.9 ; Width: 0.350mm
G1 X93.3028 Y39.9670 Z0.0400 F5142.9 ; Width: 0.350mm
G1 X93.3020 Y39.9270 Z0.0400 F5142.9 ; Width: 0.350mm
G1 X93.2826 Y39.9070 Z0.0400 F5142.9 ; Width: 0.350mm
G1 X93.2821 Y39.8870 Z0.0400 F5142.9 ; Width: 0.350mm
G1 X93.0830 Y39.6879 Z0.0400 F5142.9 ; Width: 0.350mm
G1 X93.0630 Y39.6874 Z0.0400 F5142.9 ; Width: 0.350mm
G1 X93.0430 Y39.6680 Z0.0400 F5142.9 ; Width: 0.350mm
G1 X93.0030 Y39.6672 Z0.0400 F5142.9 ; Width: 0.350mm
G1 X92.9830 Y39.6480 Z0.0400 F5142.9 ; Width: 0.350mm
G1 X92.9030 Y39.6476 Z0.0400 F5142.9 ; Width: 0.350mm
G1 X91.0430 Y39.6480 Z0.0400 F2129.8 ; Width: 0.845mm
G1 X91.0230 Y39.6672 Z0.0400 F5142.9 ; Width: 0.350mm
G1 X90.9830 Y39.6680 Z0.0400 F5142.9 ; Width: 0.350mm
G1 X90.9630 Y39.6874 Z0.0400 F5142.9 ; Width: 0.350mm
G1 X90.9430 Y39.6879 Z0.0400 F5142.9 ; Width: 0.350mm
G1 X90.7439 Y39.8870 Z0.0400 F5142.9 ; Width: 0.350mm
G1 X90.7434 Y39.9070 Z0.0400 F5142.9 ; Width: 0.350mm
G1 X90.7240 Y39.9270 Z0.0400 F5142.9 ; Width: 0.350mm
G1 X90.7232 Y39.9670 Z0.0400 F5142.9 ; Width: 0.350mm
G1 X90.7040 Y39.9870 Z0.0400 F5142.9 ; Width: 0.350mm
M118 P0 S"78" ; Sync timer
G1 X90.7036 Y43.6670 Z0.0400 F2275.7 ; Width: 0.791mm
G1 X90.6846 Y43.6870 Z0.0400 F5142.9 ; Width: 0.350mm
G1 X90.6846 Y43.7270 Z0.0400 F5142.9 ; Width: 0.350mm
G1 X90.5830 Y43.8324 Z0.0400 F5142.9 ; Width: 0.350mm
G1 X90.5630 Y43.8330 Z0.0400 F5142.9 ; Width: 0.350mm
G1 X90.5430 Y43.8535 Z0.0400 F5142.9 ; Width: 0.350mm
G1 X90.4630 Y43.8553 Z0.0400 F5142.9 ; Width: 0.350mm
G1 X90.4430 Y43.8749 Z0.0400 F5142.9 ; Width: 0.350mm
G1 X90.4230 Y43.8545 Z0.0400 F5142.9 ; Width: 0.350mm
G1 X90.3430 Y43.8524 Z0.0400 F5142.9 ; Width: 0.350mm
G1 X90.3230 Y43.8318 Z0.0400 F5142.9 ; Width: 0.350mm
G1 X90.3030 Y43.8312 Z0.0400 F5142.9 ; Width: 0.350mm
G1 X90.2023 Y43.7270 Z0.0400 F5142.9 ; Width: 0.350mm
G1 X90.2020 Y43.6870 Z0.0400 F5142.9 ; Width: 0.350mm
G1 X90.1828 Y43.6670 Z0.0400 F5142.9 ; Width: 0.350mm
G1 X90.1820 Y43.5270 Z0.0400 F5142.9 ; Width: 0.350mm
G1 X90.1628 Y43.5070 Z0.0400 F5142.9 ; Width: 0.350mm
G1 X90.1620 Y43.4270 Z0.0400 F5142.9 ; Width: 0.350mm
G1 X90.1428 Y43.4070 Z0.0400 F5142.9 ; Width: 0.350mm
G1 X90.1420 Y43.2870 Z0.0400 F5142.9 ; Width: 0.350mm
G1 X90.1228 Y43.2670 Z0.0400 F5142.9 ; Width: 0.350mm
G1 X90.1220 Y43.2070 Z0.0400 F5142.9 ; Width: 0.350mm
G1 X90.1028 Y43.1870 Z0.0400 F5142.9 ; Width: 0.350mm
G1 X90.1020 Y43.0270 Z0.0400 F5142.9 ; Width: 0.350mm
G1 X90.0828 Y43.0070 Z0.0400 F5142.9 ; Width: 0.350mm
G1 X90.0820 Y42.9470 Z0.0400 F5142.9 ; Width: 0.350mm
G1 X90.0628 Y42.9270 Z0.0400 F5142.9 ; Width: 0.350mm
G1 X90.0620 Y42.7870 Z0.0400 F5142.9 ; Width: 0.350mm
G1 X90.0428 Y42.7670 Z0.0400 F5142.9 ; Width: 0.350mm
G1 X90.0420 Y42.7070 Z0.0400 F5142.9 ; Width: 0.350mm
G1 X90.0228 Y42.6870 Z0.0400 F5142.9 ; Width: 0.350mm
G1 X90.0220 Y42.5470 Z0.0400 F5142.9 ; Width: 0.350mm
G1 X90.0028 Y42.5270 Z0.0400 F5142.9 ; Width: 0.350mm
G1 X90.0020 Y42.4470 Z0.0400 F5142.9 ; Width: 0.350mm
G1 X89.9828 Y42.4270 Z0.0400 F5142.9 ; Width: 0.350mm
G1 X89.9820 Y42.2670 Z0.0400 F5142.9 ; Width: 0.350mm
G1 X89.9628 Y42.2470 Z0.0400 F5142.9 ; Width: 0.350mm
G1 X89.9620 Y42.1870 Z0.0400 F5142.9 ; Width: 0.350mm
G1 X89.9428 Y42.1670 Z0.0400 F5142.9 ; Width: 0.350mm
G1 X89.9420 Y42.0670 Z0.0400 F5142.9 ; Width: 0.350mm
G1 X89.9228 Y42.0470 Z0.0400 F5142.9 ; Width: 0.350mm
G1 X89.9220 Y41.9470 Z0.0400 F5142.9 ; Width: 0.350mm
G1 X89.9028 Y41.9270 Z0.0400 F5142.9 ; Width: 0.350mm
G1 X89.9020 Y41.8270 Z0.0400 F5142.9 ; Width: 0.350mm
G1 X89.8828 Y41.8070 Z0.0400 F5142.9 ; Width: 0.350mm
G1 X89.8820 Y41.7070 Z0.0400 F5142.9 ; Width: 0.350mm
G1 X89.8628 Y41.6870 Z0.0400 F5142.9 ; Width: 0.350mm
G1 X89.8620 Y41.5470 Z0.0400 F5142.9 ; Width: 0.350mm
G1 X89.8428 Y41.5270 Z0.0400 F5142.9 ; Width: 0.350mm
G1 X89.8420 Y41.4470 Z0.0400 F5142.9 ; Width: 0.350mm
G1 X89.8228 Y41.4270 Z0.0400 F5142.9 ; Width: 0.350mm
G1 X89.8220 Y41.3870 Z0.0400 F5142.9 ; Width: 0.350mm
G1 X89.8026 Y41.3670 Z0.0400 F5142.9 ; Width: 0.350mm
G1 X89.8020 Y41.2070 Z0.0400 F5142.9 ; Width: 0.350mm
G1 X89.7828 Y41.1870 Z0.0400 F5142.9 ; Width: 0.350mm
G1 X89.7820 Y41.1270 Z0.0400 F5142.9 ; Width: 0.350mm
G1 X89.7628 Y41.1070 Z0.0400 F5142.9 ; Width: 0.350mm
G1 X89.7620 Y40.9470 Z0.0400 F5142.9 ; Width: 0.350mm
G1 X89.7428 Y40.9270 Z0.0400 F5142.9 ; Width: 0.350mm
G1 X89.7420 Y40.8470 Z0.0400 F5142.9 ; Width: 0.350mm
G1 X89.7228 Y40.8270 Z0.0400 F5142.9 ; Width: 0.350mm
G1 X89.7220 Y40.7070 Z0.0400 F5142.9 ; Width: 0.350mm
G1 X89.7028 Y40.6870 Z0.0400 F5142.9 ; Width: 0.350mm
G1 X89.7020 Y40.6470 Z0.0400 F5142.9 ; Width: 0.350mm
G1 X89.6826 Y40.6270 Z0.0400 F5142.9 ; Width: 0.350mm
G1 X89.6820 Y40.4470 Z0.0400 F5142.9 ; Width: 0.350mm
G1 X89.6628 Y40.4270 Z0.0400 F5142.9 ; Width: 0.350mm
G1 X89.6620 Y40.3870 Z0.0400 F5142.9 ; Width: 0.350mm
G1 X89.6428 Y40.3670 Z0.0400 F5142.9 ; Width: 0.350mm
G1 X89.6420 Y40.2070 Z0.0400 F5142.9 ; Width: 0.350mm
G1 X89.6228 Y40.1870 Z0.0400 F5142.9 ; Width: 0.350mm
G1 X89.6220 Y40.1270 Z0.0400 F5142.9 ; Width: 0.350mm
G1 X89.6028 Y40.1070 Z0.0400 F5142.9 ; Width: 0.350mm
G1 X89.6020 Y39.9870 Z0.0400 F5142.9 ; Width: 0.350mm
G1 X89.5828 Y39.9670 Z0.0400 F5142.9 ; Width: 0.350mm
G1 X89.5820 Y39.9270 Z0.0400 F5142.9 ; Width: 0.350mm
G1 X89.5626 Y39.9070 Z0.0400 F5142.9 ; Width: 0.350mm
G1 X89.5621 Y39.8870 Z0.0400 F5142.9 ; Width: 0.350mm
G1 X89.3630 Y39.6879 Z0.0400 F5142.9 ; Width: 0.350mm
G1 X89.3430 Y39.6874 Z0.0400 F5142.9 ; Width: 0.350mm
G1 X89.3230 Y39.6680 Z0.0400 F5142.9 ; Width: 0.350mm
G1 X89.2830 Y39.6672 Z0.0400 F5142.9 ; Width: 0.350mm
G1 X89.2630 Y39.6480 Z0.0400 F5142.9 ; Width: 0.350mm
G1 X88.0230 Y39.6480 Z0.0400 F2903.2 ; Width: 0.620mm
G1 X88.0030 Y39.6672 Z0.0400 F5142.9 ; Width: 0.350mm
G1 X87.9630 Y39.6680 Z0.0400 F5142.9 ; Width: 0.350mm
G1 X87.9430 Y39.6874 Z0.0400 F5142.9 ; Width: 0.350mm
G1 X87.9230 Y39.6879 Z0.0400 F5142.9 ; Width: 0.350mm
G1 X87.7239 Y39.8870 Z0.0400 F5142.9 ; Width: 0.350mm
G1 X87.7234 Y39.9070 Z0.0400 F5142.9 ; Width: 0.350mm
G1 X87.7040 Y39.9270 Z0.0400 F5142.9 ; Width: 0.350mm
G1 X87.7032 Y39.9670 Z0.0400 F5142.9 ; Width: 0.350mm
G1 X87.6840 Y39.9870 Z0.0400 F5142.9 ; Width: 0.350mm
G1 X87.6834 Y40.0670 Z0.0400 F5142.9 ; Width: 0.350mm
G1 X87.6640 Y40.0870 Z0.0400 F5142.9 ; Width: 0.350mm
G1 X87.6632 Y40.1270 Z0.0400 F5142.9 ; Width: 0.350mm
G1 X87.6440 Y40.1470 Z0.0400 F5142.9 ; Width: 0.350mm
G1 X87.6434 Y40.3070 Z0.0400 F5142.9 ; Width: 0.350mm
G1 X87.6240 Y40.3270 Z0.0400 F5142.9 ; Width: 0.350mm
G1 X87.6232 Y40.3670 Z0.0400 F5142.9 ; Width: 0.350mm
G1 X87.6040 Y40.3870 Z0.0400 F5142.9 ; Width: 0.350mm
G1 X87.6032 Y40.5270 Z0.0400 F5142.9 ; Width: 0.350mm
G1 X87.5840 Y40.5470 Z0.0400 F5142.9 ; Width: 0.350mm
G1 X87.5832 Y40.6070 Z0.0400 F5142.9 ; Width: 0.350mm
G1 X87.5640 Y40.6270 Z0.0400 F5142.9 ; Width: 0.350mm
G1 X87.5634 Y40.7870 Z0.0400 F5142.9 ; Width: 0.350mm
G1 X87.5440 Y40.8070 Z0.0400 F5142.9 ; Width: 0.350mm
G1 X87.5432 Y40.8470 Z0.0400 F5142.9 ; Width: 0.350mm
G1 X87.5240 Y40.8670 Z0.0400 F5142.9 ; Width: 0.350mm
G1 X87.5232 Y41.0270 Z0.0400 F5142.9 ; Width: 0.350mm
G1 X87.5040 Y41.0470 Z0.0400 F5142.9 ; Width: 0.350mm
G1 X87.5032 Y41.1070 Z0.0400 F5142.9 ; Width: 0.350mm
G1 X87.4840 Y41.1270 Z0.0400 F5142.9 ; Width: 0.350mm
G1 X87.4832 Y41.2870 Z0.0400 F5142.9 ; Width: 0.350mm
G1 X87.4640 Y41.3070 Z0.0400 F5142.9 ; Width: 0.350mm
G1 X87.4632 Y41.3470 Z0.0400 F5142.9 ; Width: 0.350mm
G1 X87.4440 Y41.3670 Z0.0400 F5142.9 ; Width: 0.350mm
G1 X87.4434 Y41.5270 Z0.0400 F5142.9 ; Width: 0.350mm
G1 X87.4240 Y41.5470 Z0.0400 F5142.9 ; Width: 0.350mm
G1 X87.4232 Y41.5870 Z0.0400 F5142.9 ; Width: 0.350mm
G1 X87.4040 Y41.6070 Z0.0400 F5142.9 ; Width: 0.350mm
G1 X87.4032 Y41.7270 Z0.0400 F5142.9 ; Width: 0.350mm
G1 X87.3840 Y41.7470 Z0.0400 F5142.9 ; Width: 0.350mm
G1 X87.3832 Y41.8270 Z0.0400 F5142.9 ; Width: 0.350mm
G1 X87.3640 Y41.8470 Z0.0400 F5142.9 ; Width: 0.350mm
G1 X87.3632 Y41.9670 Z0.0400 F5142.9 ; Width: 0.350mm
G1 X87.3440 Y41.9870 Z0.0400 F5142.9 ; Width: 0.350mm
G1 X87.3432 Y42.0870 Z0.0400 F5142.9 ; Width: 0.350mm
G1 X87.3240 Y42.1070 Z0.0400 F5142.9 ; Width: 0.350mm
G1 X87.3234 Y42.2470 Z0.0400 F5142.9 ; Width: 0.350mm
G1 X87.3040 Y42.2670 Z0.0400 F5142.9 ; Width: 0.350mm
G1 X87.3032 Y42.3070 Z0.0400 F5142.9 ; Width: 0.350mm
G1 X87.2840 Y42.3270 Z0.0400 F5142.9 ; Width: 0.350mm
G1 X87.2832 Y42.3870 Z0.0400 F5142.9 ; Width: 0.350mm
G1 X87.2640 Y42.4070 Z0.0400 F5142.9 ; Width: 0.350mm
G1 X87.2632 Y42.5670 Z0.0400 F5142.9 ; Width: 0.350mm
G1 X87.2440 Y42.5870 Z0.0400 F5142.9 ; Width: 0.350mm
G1 X87.2432 Y42.6670 Z0.0400 F5142.9 ; Width: 0.350mm
G1 X87.2240 Y42.6870 Z0.0400 F5142.9 ; Width: 0.350mm
G1 X87.2232 Y42.8070 Z0.0400 F5142.9 ; Width: 0.350mm
G1 X87.2040 Y42.8270 Z0.0400 F5142.9 ; Width: 0.350mm
G1 X87.2032 Y42.9470 Z0.0400 F5142.9 ; Width: 0.350mm
G1 X87.1840 Y42.9670 Z0.0400 F5142.9 ; Width: 0.350mm
G1 X87.1832 Y43.0470 Z0.0400 F5142.9 ; Width: 0.350mm
G1 X87.1640 Y43.0670 Z0.0400 F5142.9 ; Width: 0.350mm
G1 X87.1632 Y43.1270 Z0.0400 F5142.9 ; Width: 0.350mm
G1 X87.1440 Y43.1470 Z0.0400 F5142.9 ; Width: 0.350mm
G1 X87.1432 Y43.3070 Z0.0400 F5142.9 ; Width: 0.350mm
G1 X87.1240 Y43.3270 Z0.0400 F5142.9 ; Width: 0.350mm
G1 X87.1232 Y43.3870 Z0.0400 F5142.9 ; Width: 0.350mm
G1 X87.1040 Y43.4070 Z0.0400 F5142.9 ; Width: 0.350mm
G1 X87.1032 Y43.5470 Z0.0400 F5142.9 ; Width: 0.350mm
G1 X87.0840 Y43.5670 Z0.0400 F5142.9 ; Width: 0.350mm
G1 X87.0832 Y43.6270 Z0.0400 F5142.9 ; Width: 0.350mm
G1 X87.0640 Y43.6470 Z0.0400 F5142.9 ; Width: 0.350mm
G1 X87.0632 Y43.7870 Z0.0400 F5142.9 ; Width: 0.350mm
G1 X87.0440 Y43.8070 Z0.0400 F5142.9 ; Width: 0.350mm
G1 X87.0436 Y43.8470 Z0.0400 F5142.9 ; Width: 0.350mm
G1 X86.9430 Y43.9511 Z0.0400 F5142.9 ; Width: 0.350mm
G1 X86.9230 Y43.9518 Z0.0400 F5142.9 ; Width: 0.350mm
G1 X86.9030 Y43.9724 Z0.0400 F5142.9 ; Width: 0.350mm
G1 X86.8230 Y43.9745 Z0.0400 F5142.9 ; Width: 0.350mm
G1 X86.8030 Y43.9949 Z0.0400 F5142.9 ; Width: 0.350mm
G1 X86.7830 Y43.9753 Z0.0400 F5142.9 ; Width: 0.350mm
G1 X86.7030 Y43.9735 Z0.0400 F5142.9 ; Width: 0.350mm
G1 X86.6830 Y43.9530 Z0.0400 F5142.9 ; Width: 0.350mm
G1 X86.6630 Y43.9524 Z0.0400 F5142.9 ; Width: 0.350mm
G1 X86.5614 Y43.8470 Z0.0400 F5142.9 ; Width: 0.350mm
G1 X86.5614 Y43.8070 Z0.0400 F5142.9 ; Width: 0.350mm
G1 X86.5424 Y43.7870 Z0.0400 F5142.9 ; Width: 0.350mm
G1 X86.5420 Y39.9870 Z0.0400 F2227.7 ; Width: 0.808mm
G1 X86.5228 Y39.9670 Z0.0400 F5142.9 ; Width: 0.350mm
G1 X86.5220 Y39.9270 Z0.0400 F5142.9 ; Width: 0.350mm
G1 X86.5026 Y39.9070 Z0.0400 F5142.9 ; Width: 0.350mm
G1 X86.5021 Y39.8870 Z0.0400 F5142.9 ; Width: 0.350mm
G1 X86.3030 Y39.6879 Z0.0400 F5142.9 ; Width: 0.350mm
G1 X86.2830 Y39.6874 Z0.0400 F5142.9 ; Width: 0.350mm
G1 X86.2630 Y39.6680 Z0.0400 F5142.9 ; Width: 0.350mm
G1 X86.2230 Y39.6672 Z0.0400 F5142.9 ; Width: 0.350mm
G1 X86.2030 Y39.6480 Z0.0400 F5142.9 ; Width: 0.350mm
G1 X84.2830 Y39.6480 Z0.0400 F2110.5 ; Width: 0.853mm
G1 X84.2630 Y39.6672 Z0.0400 F5142.9 ; Width: 0.350mm
G1 X84.2230 Y39.6680 Z0.0400 F5142.9 ; Width: 0.350mm
G1 X84.2030 Y39.6874 Z0.0400 F5142.9 ; Width: 0.350mm
G1 X84.1830 Y39.6879 Z0.0400 F5142.9 ; Width: 0.350mm
G1 X83.9839 Y39.8870 Z0.0400 F5142.9 ; Width: 0.350mm
G1 X83.9834 Y39.9070 Z0.0400 F5142.9 ; Width: 0.350mm
G1 X83.9640 Y39.9270 Z0.0400 F5142.9 ; Width: 0.350mm
G1 X83.9632 Y39.9670 Z0.0400 F5142.9 ; Width: 0.350mm
G1 X83.9440 Y39.9870 Z0.0400 F5142.9 ; Width: 0.350mm
G1 X83.9439 Y43.8220 Z0.0400 F1222.2 ; Width: 1.473mm
G1 X83.9438 Y47.6570 Z0.0400 F2016.1 ; Width: 0.893mm
M118 P0 S"79" ; Sync timer
G1 X83.9437 Y51.4920 Z0.0400 F1974.8 ; Width: 0.911mm
G1 X83.9436 Y55.3270 Z0.0400 F1194.7 ; Width: 1.507mm
G1 X83.9440 Y55.3870 Z0.0400 F5142.9 ; Width: 0.350mm
G1 X83.9632 Y55.4070 Z0.0400 F5142.9 ; Width: 0.350mm
G1 X83.9640 Y55.4470 Z0.0400 F5142.9 ; Width: 0.350mm
G1 X83.9834 Y55.4670 Z0.0400 F5142.9 ; Width: 0.350mm
G1 X83.9839 Y55.4870 Z0.0400 F5142.9 ; Width: 0.350mm
G1 X84.1630 Y55.6661 Z0.0400 F5142.9 ; Width: 0.350mm
G1 X84.1830 Y55.6666 Z0.0400 F5142.9 ; Width: 0.350mm
G1 X84.2030 Y55.6860 Z0.0400 F5142.9 ; Width: 0.350mm
G1 X84.2430 Y55.6868 Z0.0400 F5142.9 ; Width: 0.350mm
G1 X84.2630 Y55.7060 Z0.0400 F5142.9 ; Width: 0.350mm
G1 X84.3030 Y55.7063 Z0.0400 F5142.9 ; Width: 0.350mm
G1 X87.1830 Y55.7060 Z0.0400 F1631.2 ; Width: 1.103mm
G1 X87.2030 Y55.6868 Z0.0400 F5142.9 ; Width: 0.350mm
G1 X87.2430 Y55.6860 Z0.0400 F5142.9 ; Width: 0.350mm
G1 X87.2630 Y55.6666 Z0.0400 F5142.9 ; Width: 0.350mm
G1 X87.2830 Y55.6661 Z0.0400 F5142.9 ; Width: 0.350mm
G1 X87.4421 Y55.5070 Z0.0400 F5142.9 ; Width: 0.350mm
G1 X87.4426 Y55.4870 Z0.0400 F5142.9 ; Width: 0.350mm
G1 X87.4621 Y55.4670 Z0.0400 F5142.9 ; Width: 0.350mm
G1 X87.4626 Y55.4470 Z0.0400 F5142.9 ; Width: 0.350mm
G1 X87.4820 Y55.4270 Z0.0400 F5142.9 ; Width: 0.350mm
G1 X87.4828 Y55.3870 Z0.0400 F5142.9 ; Width: 0.350mm
G1 X87.5020 Y55.3670 Z0.0400 F5142.9 ; Width: 0.350mm
G1 X87.5026 Y55.3070 Z0.0400 F5142.9 ; Width: 0.350mm
G1 X87.5220 Y55.2870 Z0.0400 F5142.9 ; Width: 0.350mm
G1 X87.5228 Y55.2470 Z0.0400 F5142.9 ; Width: 0.350mm
G1 X87.5420 Y55.2270 Z0.0400 F5142.9 ; Width: 0.350mm
G1 X87.5428 Y55.0670 Z0.0400 F5142.9 ; Width: 0.350mm
G1 X87.5620 Y55.0470 Z0.0400 F5142.9 ; Width: 0.350mm
G1 X87.5628 Y55.0070 Z0.0400 F5142.9 ; Width: 0.350mm
G1 X87.5820 Y54.9870 Z0.0400 F5142.9 ; Width: 0.350mm
G1 X87.5828 Y54.8270 Z0.0400 F5142.9 ; Width: 0.350mm
G1 X87.6020 Y54.8070 Z0.0400 F5142.9 ; Width: 0.350mm
G1 X87.6028 Y54.7470 Z0.0400 F5142.9 ; Width: 0.350mm
G1 X87.6220 Y54.7270 Z0.0400 F5142.9 ; Width: 0.350mm
G1 X87.6226 Y54.5670 Z0.0400 F5142.9 ; Width: 0.350mm
G1 X87.6420 Y54.5470 Z0.0400 F5142.9 ; Width: 0.350mm
G1 X87.6428 Y54.5070 Z0.0400 F5142.9 ; Width: 0.350mm
G1 X87.6620 Y54.4870 Z0.0400 F5142.9 ; Width: 0.350mm
G1 X87.6628 Y54.3470 Z0.0400 F5142.9 ; Width: 0.350mm
G1 X87.6820 Y54.3270 Z0.0400 F5142.9 ; Width: 0.350mm
G1 X87.6828 Y54.2670 Z0.0400 F5142.9 ; Width: 0.350mm
G1 X87.7020 Y54.2470 Z0.0400 F5142.9 ; Width: 0.350mm
G1 X87.7028 Y54.0870 Z0.0400 F5142.9 ; Width: 0.350mm
G1 X87.7220 Y54.0670 Z0.0400 F5142.9 ; Width: 0.350mm
G1 X87.7228 Y54.0070 Z0.0400 F5142.9 ; Width: 0.350mm
G1 X87.7420 Y53.9870 Z0.0400 F5142.9 ; Width: 0.350mm
G1 X87.7426 Y53.8270 Z0.0400 F5142.9 ; Width: 0.350mm
G1 X87.7620 Y53.8070 Z0.0400 F5142.9 ; Width: 0.350mm
G1 X87.7628 Y53.7670 Z0.0400 F5142.9 ; Width: 0.350mm
G1 X87.7820 Y53.7470 Z0.0400 F5142.9 ; Width: 0.350mm
G1 X87.7828 Y53.6470 Z0.0400 F5142.9 ; Width: 0.350mm
G1 X87.8020 Y53.6270 Z0.0400 F5142.9 ; Width: 0.350mm
G1 X87.8028 Y53.5270 Z0.0400 F5142.9 ; Width: 0.350mm
G1 X87.8220 Y53.5070 Z0.0400 F5142.9 ; Width: 0.350mm
G1 X87.8228 Y53.3670 Z0.0400 F5142.9 ; Width: 0.350mm
G1 X87.8420 Y53.3470 Z0.0400 F5142.9 ; Width: 0.350mm
G1 X87.8428 Y53.2870 Z0.0400 F5142.9 ; Width: 0.350mm
G1 X87.8620 Y53.2670 Z0.0400 F5142.9 ; Width: 0.350mm
G1 X87.8628 Y53.1070 Z0.0400 F5142.9 ; Width: 0.350mm
G1 X87.8820 Y53.0870 Z0.0400 F5142.9 ; Width: 0.350mm
G1 X87.8828 Y53.0470 Z0.0400 F5142.9 ; Width: 0.350mm
G1 X87.9020 Y53.0270 Z0.0400 F5142.9 ; Width: 0.350mm
G1 X87.9028 Y52.9470 Z0.0400 F5142.9 ; Width: 0.350mm
G1 X87.9220 Y52.9270 Z0.0400 F5142.9 ; Width: 0.350mm
G1 X87.9228 Y52.8070 Z0.0400 F5142.9 ; Width: 0.350mm
G1 X87.9420 Y52.7870 Z0.0400 F5142.9 ; Width: 0.350mm
G1 X87.9428 Y52.6670 Z0.0400 F5142.9 ; Width: 0.350mm
G1 X87.9620 Y52.6470 Z0.0400 F5142.9 ; Width: 0.350mm
G1 X87.9628 Y52.5870 Z0.0400 F5142.9 ; Width: 0.350mm
G1 X87.9820 Y52.5670 Z0.0400 F5142.9 ; Width: 0.350mm
G1 X87.9828 Y52.4670 Z0.0400 F5142.9 ; Width: 0.350mm
G1 X88.0020 Y52.4470 Z0.0400 F5142.9 ; Width: 0.350mm
G1 X88.0028 Y52.3470 Z0.0400 F5142.9 ; Width: 0.350mm
G1 X88.0220 Y52.3270 Z0.0400 F5142.9 ; Width: 0.350mm
G1 X88.0228 Y52.2670 Z0.0400 F5142.9 ; Width: 0.350mm
G1 X88.0420 Y52.2470 Z0.0400 F5142.9 ; Width: 0.350mm
G1 X88.0428 Y52.1070 Z0.0400 F5142.9 ; Width: 0.350mm
G1 X88.0620 Y52.0870 Z0.0400 F5142.9 ; Width: 0.350mm
G1 X88.0628 Y52.0270 Z0.0400 F5142.9 ; Width: 0.350mm
G1 X88.0820 Y52.0070 Z0.0400 F5142.9 ; Width: 0.350mm
G1 X88.0828 Y51.8670 Z0.0400 F5142.9 ; Width: 0.350mm
G1 X88.1020 Y51.8470 Z0.0400 F5142.9 ; Width: 0.350mm
G1 X88.1028 Y51.7870 Z0.0400 F5142.9 ; Width: 0.350mm
G1 X88.1220 Y51.7670 Z0.0400 F5142.9 ; Width: 0.350mm
G1 X88.1228 Y51.6470 Z0.0400 F5142.9 ; Width: 0.350mm
G1 X88.1420 Y51.6270 Z0.0400 F5142.9 ; Width: 0.350mm
G1 X88.1428 Y51.5670 Z0.0400 F5142.9 ; Width: 0.350mm
G1 X88.1620 Y51.5470 Z0.0400 F5142.9 ; Width: 0.350mm
G1 X88.1628 Y51.3870 Z0.0400 F5142.9 ; Width: 0.350mm
G1 X88.1820 Y51.3670 Z0.0400 F5142.9 ; Width: 0.350mm
G1 X88.1828 Y51.3270 Z0.0400 F5142.9 ; Width: 0.350mm
G1 X88.2020 Y51.3070 Z0.0400 F5142.9 ; Width: 0.350mm
G1 X88.2028 Y51.1870 Z0.0400 F5142.9 ; Width: 0.350mm
G1 X88.2220 Y51.1670 Z0.0400 F5142.9 ; Width: 0.350mm
G1 X88.2228 Y51.0870 Z0.0400 F5142.9 ; Width: 0.350mm
G1 X88.2420 Y51.0670 Z0.0400 F5142.9 ; Width: 0.350mm
G1 X88.2428 Y50.9270 Z0.0400 F5142.9 ; Width: 0.350mm
G1 X88.2620 Y50.9070 Z0.0400 F5142.9 ; Width: 0.350mm
G1 X88.2628 Y50.8470 Z0.0400 F5142.9 ; Width: 0.350mm
G1 X88.2820 Y50.8270 Z0.0400 F5142.9 ; Width: 0.350mm
G1 X88.2828 Y50.6670 Z0.0400 F5142.9 ; Width: 0.350mm
G1 X88.3020 Y50.6470 Z0.0400 F5142.9 ; Width: 0.350mm
G1 X88.3028 Y50.6070 Z0.0400 F5142.9 ; Width: 0.350mm
G1 X88.3220 Y50.5870 Z0.0400 F5142.9 ; Width: 0.350mm
G1 X88.3228 Y50.4670 Z0.0400 F5142.9 ; Width: 0.350mm
G1 X88.3420 Y50.4470 Z0.0400 F5142.9 ; Width: 0.350mm
G1 X88.3428 Y50.3670 Z0.0400 F5142.9 ; Width: 0.350mm
G1 X88.3620 Y50.3470 Z0.0400 F5142.9 ; Width: 0.350mm
G1 X88.3628 Y50.1870 Z0.0400 F5142.9 ; Width: 0.350mm
G1 X88.3820 Y50.1670 Z0.0400 F5142.9 ; Width: 0.350mm
G1 X88.3823 Y50.1270 Z0.0400 F5142.9 ; Width: 0.350mm
G1 X88.4830 Y50.0228 Z0.0400 F5142.9 ; Width: 0.350mm
G1 X88.5030 Y50.0222 Z0.0400 F5142.9 ; Width: 0.350mm
G1 X88.5230 Y50.0016 Z0.0400 F5142.9 ; Width: 0.350mm
G1 X88.6030 Y49.9995 Z0.0400 F5142.9 ; Width: 0.350mm
G1 X88.6230 Y49.9791 Z0.0400 F5142.9 ; Width: 0.350mm
G1 X88.6430 Y49.9992 Z0.0400 F5142.9 ; Width: 0.350mm
G1 X88.7230 Y50.0011 Z0.0400 F5142.9 ; Width: 0.350mm
G1 X88.7430 Y50.0216 Z0.0400 F5142.9 ; Width: 0.350mm
G1 X88.7630 Y50.0222 Z0.0400 F5142.9 ; Width: 0.350mm
G1 X88.8646 Y50.1270 Z0.0400 F5142.9 ; Width: 0.350mm
G1 X88.8646 Y50.1470 Z0.0400 F5142.9 ; Width: 0.350mm
G1 X88.8837 Y50.1670 Z0.0400 F5142.9 ; Width: 0.350mm
G1 X88.8840 Y50.2070 Z0.0400 F5142.9 ; Width: 0.350mm
G1 X88.9032 Y50.2270 Z0.0400 F5142.9 ; Width: 0.350mm
G1 X88.9040 Y50.2870 Z0.0400 F5142.9 ; Width: 0.350mm
G1 X88.9232 Y50.3070 Z0.0400 F5142.9 ; Width: 0.350mm
G1 X88.9240 Y50.4470 Z0.0400 F5142.9 ; Width: 0.350mm
G1 X88.9432 Y50.4670 Z0.0400 F5142.9 ; Width: 0.350mm
G1 X88.9440 Y50.5070 Z0.0400 F5142.9 ; Width: 0.350mm
G1 X88.9634 Y50.5270 Z0.0400 F5142.9 ; Width: 0.350mm
G1 X88.9640 Y50.6870 Z0.0400 F5142.9 ; Width: 0.350mm
G1 X88.9832 Y50.7070 Z0.0400 F5142.9 ; Width: 0.350mm
G1 X88.9840 Y50.7470 Z0.0400 F5142.9 ; Width: 0.350mm
G1 X89.0032 Y50.7670 Z0.0400 F5142.9 ; Width: 0.350mm
G1 X89.0040 Y50.8870 Z0.0400 F5142.9 ; Width: 0.350mm
G1 X89.0232 Y50.9070 Z0.0400 F5142.9 ; Width: 0.350mm
G1 X89.0240 Y50.9670 Z0.0400 F5142.9 ; Width: 0.350mm
G1 X89.0432 Y50.9870 Z0.0400 F5142.9 ; Width: 0.350mm
G1 X89.0440 Y51.1270 Z0.0400 F5142.9 ; Width: 0.350mm
G1 X89.0632 Y51.1470 Z0.0400 F5142.9 ; Width: 0.350mm
G1 X89.0640 Y51.2070 Z0.0400 F5142.9 ; Width: 0.350mm
G1 X89.0832 Y51.2270 Z0.0400 F5142.9 ; Width: 0.350mm
G1 X89.0840 Y51.3870 Z0.0400 F5142.9 ; Width: 0.350mm
G1 X89.1032 Y51.4070 Z0.0400 F5142.9 ; Width: 0.350mm
G1 X89.1040 Y51.4470 Z0.0400 F5142.9 ; Width: 0.350mm
G1 X89.1232 Y51.4670 Z0.0400 F5142.9 ; Width: 0.350mm
G1 X89.1240 Y51.5670 Z0.0400 F5142.9 ; Width: 0.350mm
G1 X89.1432 Y51.5870 Z0.0400 F5142.9 ; Width: 0.350mm
G1 X89.1440 Y51.6670 Z0.0400 F5142.9 ; Width: 0.350mm
G1 X89.1632 Y51.6870 Z0.0400 F5142.9 ; Width: 0.350mm
G1 X89.1640 Y51.8070 Z0.0400 F5142.9 ; Width: 0.350mm
G1 X89.1832 Y51.8270 Z0.0400 F5142.9 ; Width: 0.350mm
G1 X89.1840 Y51.9070 Z0.0400 F5142.9 ; Width: 0.350mm
G1 X89.2032 Y51.9270 Z0.0400 F5142.9 ; Width: 0.350mm
G1 X89.2040 Y52.0870 Z0.0400 F5142.9 ; Width: 0.350mm
G1 X89.2232 Y52.1070 Z0.0400 F5142.9 ; Width: 0.350mm
G1 X89.2240 Y52.1670 Z0.0400 F5142.9 ; Width: 0.350mm
G1 X89.2432 Y52.1870 Z0.0400 F5142.9 ; Width: 0.350mm
G1 X89.2440 Y52.2270 Z0.0400 F5142.9 ; Width: 0.350mm
G1 X89.2634 Y52.2470 Z0.0400 F5142.9 ; Width: 0.350mm
G1 X89.2640 Y52.3870 Z0.0400 F5142.9 ; Width: 0.350mm
G1 X89.2832 Y52.4070 Z0.0400 F5142.9 ; Width: 0.350mm
G1 X89.2840 Y52.4870 Z0.0400 F5142.9 ; Width: 0.350mm
G1 X89.3032 Y52.5070 Z0.0400 F5142.9 ; Width: 0.350mm
G1 X89.3040 Y52.6270 Z0.0400 F5142.9 ; Width: 0.350mm
G1 X89.3232 Y52.6470 Z0.0400 F5142.9 ; Width: 0.350mm
G1 X89.3240 Y52.7270 Z0.0400 F5142.9 ; Width: 0.350mm
G1 X89.3432 Y52.7470 Z0.0400 F5142.9 ; Width: 0.350mm
G1 X89.3440 Y52.8470 Z0.0400 F5142.9 ; Width: 0.350mm
G1 X89.3632 Y52.8670 Z0.0400 F5142.9 ; Width: 0.350mm
G1 X89.3640 Y52.9070 Z0.0400 F5142.9 ; Width: 0.350mm
G1 X89.3834 Y52.9270 Z0.0400 F5142.9 ; Width: 0.350mm
G1 X89.3840 Y53.0870 Z0.0400 F5142.9 ; Width: 0.350mm
G1 X89.4032 Y53.1070 Z0.0400 F5142.9 ; Width: 0.350mm
G1 X89.4040 Y53.1470 Z0.0400 F5142.9 ; Width: 0.350mm
G1 X89.4232 Y53.1670 Z0.0400 F5142.9 ; Width: 0.350mm
G1 X89.4240 Y53.3270 Z0.0400 F5142.9 ; Width: 0.350mm
G1 X89.4432 Y53.3470 Z0.0400 F5142.9 ; Width: 0.350mm
G1 X89.4440 Y53.3870 Z0.0400 F5142.9 ; Width: 0.350mm
G1 X89.4632 Y53.4070 Z0.0400 F5142.9 ; Width: 0.350mm
G1 X89.4640 Y53.5670 Z0.0400 F5142.9 ; Width: 0.350mm
G1 X89.4832 Y53.5870 Z0.0400 F5142.9 ; Width: 0.350mm
G1 X89.4840 Y53.6270 Z0.0400 F5142.9 ; Width: 0.350mm
G1 X89.5034 Y53.6470 Z0.0400 F5142.9 ; Width: 0.350mm
G1 X89.5040 Y53.8070 Z0.0400 F5142.9 ; Width: 0.350mm
G1 X89.5232 Y53.8270 Z0.0400 F5142.9 ; Width: 0.350mm
G1 X89.5240 Y53.8670 Z0.0400 F5142.9 ; Width: 0.350mm
G1 X89.5434 Y53.8870 Z0.0400 F5142.9 ; Width: 0.350mm
G1 X89.5440 Y54.0270 Z0.0400 F5142.9 ; Width: 0.350mm
G1 X89.5632 Y54.0470 Z0.0400 F5142.9 ; Width: 0.350mm
G1 X89.5640 Y54.0870 Z0.0400 F5142.9 ; Width: 0.350mm
G1 X89.5832 Y54.1070 Z0.0400 F5142.9 ; Width: 0.350mm
G1 X89.5840 Y54.2870 Z0.0400 F5142.9 ; Width: 0.350mm
G1 X89.6032 Y54.3070 Z0.0400 F5142.9 ; Width: 0.350mm
G1 X89.6040 Y54.3470 Z0.0400 F5142.9 ; Width: 0.350mm
G1 X89.6232 Y54.3670 Z0.0400 F5142.9 ; Width: 0.350mm
G1 X89.6240 Y54.5270 Z0.0400 F5142.9 ; Width: 0.350mm
G1 X89.6432 Y54.5470 Z0.0400 F5142.9 ; Width: 0.350mm
G1 X89.6440 Y54.6070 Z0.0400 F5142.9 ; Width: 0.350mm
G1 X89.6632 Y54.6270 Z0.0400 F5142.9 ; Width: 0.350mm
G1 X89.6640 Y54.7670 Z0.0400 F5142.9 ; Width: 0.350mm
G1 X89.6832 Y54.7870 Z0.0400 F5142.9 ; Width: 0.350mm
G1 X89.6840 Y54.8270 Z0.0400 F5142.9 ; Width: 0.350mm
G1 X89.7032 Y54.8470 Z0.0400 F5142.9 ; Width: 0.350mm
G1 X89.7040 Y54.9870 Z0.0400 F5142.9 ; Width: 0.350mm
G1 X89.7232 Y55.0070 Z0.0400 F5142.9 ; Width: 0.350mm
G1 X89.7240 Y55.0470 Z0.0400 F5142.9 ; Width: 0.350mm
G1 X89.7432 Y55.0670 Z0.0400 F5142.9 ; Width: 0.350mm
G1 X89.7440 Y55.2470 Z0.0400 F5142.9 ; Width: 0.350mm
G1 X89.7632 Y55.2670 Z0.0400 F5142.9 ; Width: 0.350mm
G1 X89.7640 Y55.3070 Z0.0400 F5142.9 ; Width: 0.350mm
G1 X89.7832 Y55.3270 Z0.0400 F5142.9 ; Width: 0.350mm
G1 X89.7840 Y55.3670 Z0.0400 F5142.9 ; Width: 0.350mm
G1 X89.8034 Y55.3870 Z0.0400 F5142.9 ; Width: 0.350mm
G1 X89.8039 Y55.4070 Z0.0400 F5142.9 ; Width: 0.350mm
G1 X89.8232 Y55.4270 Z0.0400 F5142.9 ; Width: 0.350mm
G1 X89.8240 Y55.4670 Z0.0400 F5142.9 ; Width: 0.350mm
G1 X89.8434 Y55.4870 Z0.0400 F5142.9 ; Width: 0.350mm
G1 X89.8439 Y55.5070 Z0.0400 F5142.9 ; Width: 0.350mm
G1 X90.0030 Y55.6661 Z0.0400 F5142.9 ; Width: 0.350mm
G1 X90.0230 Y55.6666 Z0.0400 F5142.9 ; Width: 0.350mm
G1 X90.0430 Y55.6860 Z0.0400 F5142.9 ; Width: 0.350mm
G1 X90.0830 Y55.6868 Z0.0400 F5142.9 ; Width: 0.350mm
G1 X90.1030 Y55.7060 Z0.0400 F5142.9 ; Width: 0.350mm
G1 X92.9630 Y55.7063 Z0.0400 F1621.3 ; Width: 1.110mm
G1 X93.0030 Y55.7060 Z0.0400 F5142.9 ; Width: 0.350mm
G1 X93.0228 Y55.6870 Z0.0400 F5142.9 ; Width: 0.350mm
G0 Z1.0400 F6000.0 ; Z-hop up
G0 X93.0228 Y55.6870 F6000.0 ; Travel to new path
G0 Z0.0400 F6000.0 ; Z-hop down
G1 X93.0630 Y55.6860 Z0.0400 F5142.9 ; Width: 0.350mm
G1 X93.0830 Y55.6666 Z0.0400 F5142.9 ; Width: 0.350mm
G1 X93.1030 Y55.6661 Z0.0400 F5142.9 ; Width: 0.350mm
G1 X93.2230 Y55.5468 Z0.0400 F5142.9 ; Width: 0.350mm
G1 X93.2821 Y55.4870 Z0.0400 F5142.9 ; Width: 0.350mm
G1 X93.2826 Y55.4670 Z0.0400 F5142.9 ; Width: 0.350mm
G1 X93.3020 Y55.4470 Z0.0400 F5142.9 ; Width: 0.350mm
G1 X93.3028 Y55.4070 Z0.0400 F5142.9 ; Width: 0.350mm
G1 X93.3220 Y55.3870 Z0.0400 F5142.9 ; Width: 0.350mm
M118 P0 S"80" ; Sync timer
G1 X93.3221 Y51.5520 Z0.0400 F2494.6 ; Width: 0.722mm
G1 X93.3222 Y47.7170 Z0.0400 F2078.5 ; Width: 0.866mm
G1 X93.3223 Y43.8820 Z0.0400 F1991.2 ; Width: 0.904mm
G1 X93.3224 Y40.0470 Z0.0400 F2405.4 ; Width: 0.748mm
G1 X93.3220 Y39.9870 Z0.0400 F5142.9 ; Width: 0.350mm
G1 X93.3028 Y39.9670 Z0.0400 F5142.9 ; Width: 0.350mm
G1 X93.3020 Y39.9270 Z0.0400 F5142.9 ; Width: 0.350mm
G1 X93.2826 Y39.9070 Z0.0400 F5142.9 ; Width: 0.350mm
G1 X93.2821 Y39.8870 Z0.0400 F5142.9 ; Width: 0.350mm
G1 X93.0830 Y39.6879 Z0.0400 F5142.9 ; Width: 0.350mm
G1 X93.0630 Y39.6874 Z0.0400 F5142.9 ; Width: 0.350mm
G1 X93.0430 Y39.6680 Z0.0400 F5142.9 ; Width: 0.350mm
G1 X93.0030 Y39.6672 Z0.0400 F5142.9 ; Width: 0.350mm
G1 X92.9830 Y39.6480 Z0.0400 F5142.9 ; Width: 0.350mm
G1 X92.9030 Y39.6476 Z0.0400 F5142.9 ; Width: 0.350mm
G1 X91.0430 Y39.6480 Z0.0400 F2129.8 ; Width: 0.845mm
G1 X91.0230 Y39.6672 Z0.0400 F5142.9 ; Width: 0.350mm
G1 X90.9830 Y39.6680 Z0.0400 F5142.9 ; Width: 0.350mm
G1 X90.9630 Y39.6874 Z0.0400 F5142.9 ; Width: 0.350mm
G1 X90.9430 Y39.6879 Z0.0400 F5142.9 ; Width: 0.350mm
G1 X90.7439 Y39.8870 Z0.0400 F5142.9 ; Width: 0.350mm
G1 X90.7434 Y39.9070 Z0.0400 F5142.9 ; Width: 0.350mm
G1 X90.7240 Y39.9270 Z0.0400 F5142.9 ; Width: 0.350mm
G1 X90.7232 Y39.9670 Z0.0400 F5142.9 ; Width: 0.350mm
G1 X90.7040 Y39.9870 Z0.0400 F5142.9 ; Width: 0.350mm
G1 X90.7036 Y43.6670 Z0.0400 F2275.7 ; Width: 0.791mm
G1 X90.6846 Y43.6870 Z0.0400 F5142.9 ; Width: 0.350mm
G1 X90.6846 Y43.7270 Z0.0400 F5142.9 ; Width: 0.350mm
G1 X90.5830 Y43.8324 Z0.0400 F5142.9 ; Width: 0.350mm
G1 X90.5630 Y43.8330 Z0.0400 F5142.9 ; Width: 0.350mm
G1 X90.5430 Y43.8535 Z0.0400 F5142.9 ; Width: 0.350mm
G1 X90.4630 Y43.8553 Z0.0400 F5142.9 ; Width: 0.350mm
G1 X90.4430 Y43.8749 Z0.0400 F5142.9 ; Width: 0.350mm
G1 X90.4230 Y43.8545 Z0.0400 F5142.9 ; Width: 0.350mm
G1 X90.3430 Y43.8524 Z0.0400 F5142.9 ; Width: 0.350mm
G1 X90.3230 Y43.8318 Z0.0400 F5142.9 ; Width: 0.350mm
G1 X90.3030 Y43.8312 Z0.0400 F5142.9 ; Width: 0.350mm
G1 X90.2023 Y43.7270 Z0.0400 F5142.9 ; Width: 0.350mm
G1 X90.2020 Y43.6870 Z0.0400 F5142.9 ; Width: 0.350mm
G1 X90.1828 Y43.6670 Z0.0400 F5142.9 ; Width: 0.350mm
G1 X90.1820 Y43.5270 Z0.0400 F5142.9 ; Width: 0.350mm
G1 X90.1628 Y43.5070 Z0.0400 F5142.9 ; Width: 0.350mm
G1 X90.1620 Y43.4270 Z0.0400 F5142.9 ; Width: 0.350mm
G1 X90.1428 Y43.4070 Z0.0400 F5142.9 ; Width: 0.350mm
G1 X90.1420 Y43.2870 Z0.0400 F5142.9 ; Width: 0.350mm
G1 X90.1228 Y43.2670 Z0.0400 F5142.9 ; Width: 0.350mm
G1 X90.1220 Y43.2070 Z0.0400 F5142.9 ; Width: 0.350mm
G1 X90.1028 Y43.1870 Z0.0400 F5142.9 ; Width: 0.350mm
G1 X90.1020 Y43.0270 Z0.0400 F5142.9 ; Width: 0.350mm
G1 X90.0828 Y43.0070 Z0.0400 F5142.9 ; Width: 0.350mm
G1 X90.0820 Y42.9470 Z0.0400 F5142.9 ; Width: 0.350mm
G1 X90.0628 Y42.9270 Z0.0400 F5142.9 ; Width: 0.350mm
G1 X90.0620 Y42.7870 Z0.0400 F5142.9 ; Width: 0.350mm
G1 X90.0428 Y42.7670 Z0.0400 F5142.9 ; Width: 0.350mm
G1 X90.0420 Y42.7070 Z0.0400 F5142.9 ; Width: 0.350mm
G1 X90.0228 Y42.6870 Z0.0400 F5142.9 ; Width: 0.350mm
G1 X90.0220 Y42.5470 Z0.0400 F5142.9 ; Width: 0.350mm
G1 X90.0028 Y42.5270 Z0.0400 F5142.9 ; Width: 0.350mm
G1 X90.0020 Y42.4470 Z0.0400 F5142.9 ; Width: 0.350mm
G1 X89.9828 Y42.4270 Z0.0400 F5142.9 ; Width: 0.350mm
G1 X89.9820 Y42.2670 Z0.0400 F5142.9 ; Width: 0.350mm
G1 X89.9628 Y42.2470 Z0.0400 F5142.9 ; Width: 0.350mm
G1 X89.9620 Y42.1870 Z0.0400 F5142.9 ; Width: 0.350mm
G1 X89.9428 Y42.1670 Z0.0400 F5142.9 ; Width: 0.350mm
G1 X89.9420 Y42.0670 Z0.0400 F5142.9 ; Width: 0.350mm
G1 X89.9228 Y42.0470 Z0.0400 F5142.9 ; Width: 0.350mm
G1 X89.9220 Y41.9470 Z0.0400 F5142.9 ; Width: 0.350mm
G1 X89.9028 Y41.9270 Z0.0400 F5142.9 ; Width: 0.350mm
G1 X89.9020 Y41.8270 Z0.0400 F5142.9 ; Width: 0.350mm
G1 X89.8828 Y41.8070 Z0.0400 F5142.9 ; Width: 0.350mm
G1 X89.8820 Y41.7070 Z0.0400 F5142.9 ; Width: 0.350mm
G1 X89.8628 Y41.6870 Z0.0400 F5142.9 ; Width: 0.350mm
G1 X89.8620 Y41.5470 Z0.0400 F5142.9 ; Width: 0.350mm
G1 X89.8428 Y41.5270 Z0.0400 F5142.9 ; Width: 0.350mm
G1 X89.8420 Y41.4470 Z0.0400 F5142.9 ; Width: 0.350mm
G1 X89.8228 Y41.4270 Z0.0400 F5142.9 ; Width: 0.350mm
G1 X89.8220 Y41.3870 Z0.0400 F5142.9 ; Width: 0.350mm
G1 X89.8026 Y41.3670 Z0.0400 F5142.9 ; Width: 0.350mm
G1 X89.8020 Y41.2070 Z0.0400 F5142.9 ; Width: 0.350mm
G1 X89.7828 Y41.1870 Z0.0400 F5142.9 ; Width: 0.350mm
G1 X89.7820 Y41.1270 Z0.0400 F5142.9 ; Width: 0.350mm
G1 X89.7628 Y41.1070 Z0.0400 F5142.9 ; Width: 0.350mm
G1 X89.7620 Y40.9470 Z0.0400 F5142.9 ; Width: 0.350mm
G1 X89.7428 Y40.9270 Z0.0400 F5142.9 ; Width: 0.350mm
G1 X89.7420 Y40.8470 Z0.0400 F5142.9 ; Width: 0.350mm
G1 X89.7228 Y40.8270 Z0.0400 F5142.9 ; Width: 0.350mm
G1 X89.7220 Y40.7070 Z0.0400 F5142.9 ; Width: 0.350mm
G1 X89.7028 Y40.6870 Z0.0400 F5142.9 ; Width: 0.350mm
G1 X89.7020 Y40.6470 Z0.0400 F5142.9 ; Width: 0.350mm
G1 X89.6826 Y40.6270 Z0.0400 F5142.9 ; Width: 0.350mm
G1 X89.6820 Y40.4470 Z0.0400 F5142.9 ; Width: 0.350mm
G1 X89.6628 Y40.4270 Z0.0400 F5142.9 ; Width: 0.350mm
G1 X89.6620 Y40.3870 Z0.0400 F5142.9 ; Width: 0.350mm
G1 X89.6428 Y40.3670 Z0.0400 F5142.9 ; Width: 0.350mm
G1 X89.6420 Y40.2070 Z0.0400 F5142.9 ; Width: 0.350mm
G1 X89.6228 Y40.1870 Z0.0400 F5142.9 ; Width: 0.350mm
G1 X89.6220 Y40.1270 Z0.0400 F5142.9 ; Width: 0.350mm
G1 X89.6028 Y40.1070 Z0.0400 F5142.9 ; Width: 0.350mm
G1 X89.6020 Y39.9870 Z0.0400 F5142.9 ; Width: 0.350mm
G1 X89.5828 Y39.9670 Z0.0400 F5142.9 ; Width: 0.350mm
G1 X89.5820 Y39.9270 Z0.0400 F5142.9 ; Width: 0.350mm
G1 X89.5626 Y39.9070 Z0.0400 F5142.9 ; Width: 0.350mm
G1 X89.5621 Y39.8870 Z0.0400 F5142.9 ; Width: 0.350mm
G1 X89.3630 Y39.6879 Z0.0400 F5142.9 ; Width: 0.350mm
G1 X89.3430 Y39.6874 Z0.0400 F5142.9 ; Width: 0.350mm
G1 X89.3230 Y39.6680 Z0.0400 F5142.9 ; Width: 0.350mm
G1 X89.2830 Y39.6672 Z0.0400 F5142.9 ; Width: 0.350mm
G1 X89.2630 Y39.6480 Z0.0400 F5142.9 ; Width: 0.350mm
G1 X88.0230 Y39.6480 Z0.0400 F2903.2 ; Width: 0.620mm
G1 X88.0030 Y39.6672 Z0.0400 F5142.9 ; Width: 0.350mm
G1 X87.9630 Y39.6680 Z0.0400 F5142.9 ; Width: 0.350mm
G1 X87.9430 Y39.6874 Z0.0400 F5142.9 ; Width: 0.350mm
G1 X87.9230 Y39.6879 Z0.0400 F5142.9 ; Width: 0.350mm
G1 X87.7239 Y39.8870 Z0.0400 F5142.9 ; Width: 0.350mm
G1 X87.7234 Y39.9070 Z0.0400 F5142.9 ; Width: 0.350mm
G1 X87.7040 Y39.9270 Z0.0400 F5142.9 ; Width: 0.350mm
G1 X87.7032 Y39.9670 Z0.0400 F5142.9 ; Width: 0.350mm
G1 X87.6840 Y39.9870 Z0.0400 F5142.9 ; Width: 0.350mm
G1 X87.6834 Y40.0670 Z0.0400 F5142.9 ; Width: 0.350mm
G1 X87.6640 Y40.0870 Z0.0400 F5142.9 ; Width: 0.350mm
G1 X87.6632 Y40.1270 Z0.0400 F5142.9 ; Width: 0.350mm
G1 X87.6440 Y40.1470 Z0.0400 F5142.9 ; Width: 0.350mm
G1 X87.6434 Y40.3070 Z0.0400 F5142.9 ; Width: 0.350mm
G1 X87.6240 Y40.3270 Z0.0400 F5142.9 ; Width: 0.350mm
G1 X87.6232 Y40.3670 Z0.0400 F5142.9 ; Width: 0.350mm
G1 X87.6040 Y40.3870 Z0.0400 F5142.9 ; Width: 0.350mm
G1 X87.6032 Y40.5270 Z0.0400 F5142.9 ; Width: 0.350mm
G1 X87.5840 Y40.5470 Z0.0400 F5142.9 ; Width: 0.350mm
G1 X87.5832 Y40.6070 Z0.0400 F5142.9 ; Width: 0.350mm
G1 X87.5640 Y40.6270 Z0.0400 F5142.9 ; Width: 0.350mm
G1 X87.5634 Y40.7870 Z0.0400 F5142.9 ; Width: 0.350mm
G1 X87.5440 Y40.8070 Z0.0400 F5142.9 ; Width: 0.350mm
G1 X87.5432 Y40.8470 Z0.0400 F5142.9 ; Width: 0.350mm
G1 X87.5240 Y40.8670 Z0.0400 F5142.9 ; Width: 0.350mm
G1 X87.5232 Y41.0270 Z0.0400 F5142.9 ; Width: 0.350mm
G1 X87.5040 Y41.0470 Z0.0400 F5142.9 ; Width: 0.350mm
G1 X87.5032 Y41.1070 Z0.0400 F5142.9 ; Width: 0.350mm
G1 X87.4840 Y41.1270 Z0.0400 F5142.9 ; Width: 0.350mm
G1 X87.4832 Y41.2870 Z0.0400 F5142.9 ; Width: 0.350mm
G1 X87.4640 Y41.3070 Z0.0400 F5142.9 ; Width: 0.350mm
G1 X87.4632 Y41.3470 Z0.0400 F5142.9 ; Width: 0.350mm
G1 X87.4440 Y41.3670 Z0.0400 F5142.9 ; Width: 0.350mm
G1 X87.4434 Y41.5270 Z0.0400 F5142.9 ; Width: 0.350mm
G1 X87.4240 Y41.5470 Z0.0400 F5142.9 ; Width: 0.350mm
G1 X87.4232 Y41.5870 Z0.0400 F5142.9 ; Width: 0.350mm
G1 X87.4040 Y41.6070 Z0.0400 F5142.9 ; Width: 0.350mm
G1 X87.4032 Y41.7270 Z0.0400 F5142.9 ; Width: 0.350mm
G1 X87.3840 Y41.7470 Z0.0400 F5142.9 ; Width: 0.350mm
G1 X87.3832 Y41.8270 Z0.0400 F5142.9 ; Width: 0.350mm
G1 X87.3640 Y41.8470 Z0.0400 F5142.9 ; Width: 0.350mm
G1 X87.3632 Y41.9670 Z0.0400 F5142.9 ; Width: 0.350mm
G1 X87.3440 Y41.9870 Z0.0400 F5142.9 ; Width: 0.350mm
G1 X87.3432 Y42.0870 Z0.0400 F5142.9 ; Width: 0.350mm
G1 X87.3240 Y42.1070 Z0.0400 F5142.9 ; Width: 0.350mm
G1 X87.3234 Y42.2470 Z0.0400 F5142.9 ; Width: 0.350mm
G1 X87.3040 Y42.2670 Z0.0400 F5142.9 ; Width: 0.350mm
G1 X87.3032 Y42.3070 Z0.0400 F5142.9 ; Width: 0.350mm
G1 X87.2840 Y42.3270 Z0.0400 F5142.9 ; Width: 0.350mm
G1 X87.2832 Y42.3870 Z0.0400 F5142.9 ; Width: 0.350mm
G1 X87.2640 Y42.4070 Z0.0400 F5142.9 ; Width: 0.350mm
G1 X87.2632 Y42.5670 Z0.0400 F5142.9 ; Width: 0.350mm
G1 X87.2440 Y42.5870 Z0.0400 F5142.9 ; Width: 0.350mm
G1 X87.2432 Y42.6670 Z0.0400 F5142.9 ; Width: 0.350mm
G1 X87.2240 Y42.6870 Z0.0400 F5142.9 ; Width: 0.350mm
G1 X87.2232 Y42.8070 Z0.0400 F5142.9 ; Width: 0.350mm
G1 X87.2040 Y42.8270 Z0.0400 F5142.9 ; Width: 0.350mm
G1 X87.2032 Y42.9470 Z0.0400 F5142.9 ; Width: 0.350mm
G1 X87.1840 Y42.9670 Z0.0400 F5142.9 ; Width: 0.350mm
G1 X87.1832 Y43.0470 Z0.0400 F5142.9 ; Width: 0.350mm
G1 X87.1640 Y43.0670 Z0.0400 F5142.9 ; Width: 0.350mm
G1 X87.1632 Y43.1270 Z0.0400 F5142.9 ; Width: 0.350mm
G1 X87.1440 Y43.1470 Z0.0400 F5142.9 ; Width: 0.350mm
G1 X87.1432 Y43.3070 Z0.0400 F5142.9 ; Width: 0.350mm
G1 X87.1240 Y43.3270 Z0.0400 F5142.9 ; Width: 0.350mm
G1 X87.1232 Y43.3870 Z0.0400 F5142.9 ; Width: 0.350mm
G1 X87.1040 Y43.4070 Z0.0400 F5142.9 ; Width: 0.350mm
G1 X87.1032 Y43.5470 Z0.0400 F5142.9 ; Width: 0.350mm
G1 X87.0840 Y43.5670 Z0.0400 F5142.9 ; Width: 0.350mm
G1 X87.0832 Y43.6270 Z0.0400 F5142.9 ; Width: 0.350mm
G1 X87.0640 Y43.6470 Z0.0400 F5142.9 ; Width: 0.350mm
G1 X87.0632 Y43.7870 Z0.0400 F5142.9 ; Width: 0.350mm
G1 X87.0440 Y43.8070 Z0.0400 F5142.9 ; Width: 0.350mm
G1 X87.0436 Y43.8470 Z0.0400 F5142.9 ; Width: 0.350mm
G1 X86.9430 Y43.9511 Z0.0400 F5142.9 ; Width: 0.350mm
G1 X86.9230 Y43.9518 Z0.0400 F5142.9 ; Width: 0.350mm
G1 X86.9030 Y43.9724 Z0.0400 F5142.9 ; Width: 0.350mm
G1 X86.8230 Y43.9745 Z0.0400 F5142.9 ; Width: 0.350mm
G1 X86.8030 Y43.9949 Z0.0400 F5142.9 ; Width: 0.350mm
G1 X86.7830 Y43.9753 Z0.0400 F5142.9 ; Width: 0.350mm
G1 X86.7030 Y43.9735 Z0.0400 F5142.9 ; Width: 0.350mm
G1 X86.6830 Y43.9530 Z0.0400 F5142.9 ; Width: 0.350mm
G1 X86.6630 Y43.9524 Z0.0400 F5142.9 ; Width: 0.350mm
G1 X86.5614 Y43.8470 Z0.0400 F5142.9 ; Width: 0.350mm
G1 X86.5614 Y43.8070 Z0.0400 F5142.9 ; Width: 0.350mm
G1 X86.5424 Y43.7870 Z0.0400 F5142.9 ; Width: 0.350mm
M118 P0 S"81" ; Sync timer
G1 X86.5420 Y39.9870 Z0.0400 F2227.7 ; Width: 0.808mm
G1 X86.5228 Y39.9670 Z0.0400 F5142.9 ; Width: 0.350mm
G1 X86.5220 Y39.9270 Z0.0400 F5142.9 ; Width: 0.350mm
G1 X86.5026 Y39.9070 Z0.0400 F5142.9 ; Width: 0.350mm
G1 X86.5021 Y39.8870 Z0.0400 F5142.9 ; Width: 0.350mm
G1 X86.3030 Y39.6879 Z0.0400 F5142.9 ; Width: 0.350mm
G1 X86.2830 Y39.6874 Z0.0400 F5142.9 ; Width: 0.350mm
G1 X86.2630 Y39.6680 Z0.0400 F5142.9 ; Width: 0.350mm
G1 X86.2230 Y39.6672 Z0.0400 F5142.9 ; Width: 0.350mm
G1 X86.2030 Y39.6480 Z0.0400 F5142.9 ; Width: 0.350mm
G1 X84.2830 Y39.6480 Z0.0400 F2110.5 ; Width: 0.853mm
G1 X84.2630 Y39.6672 Z0.0400 F5142.9 ; Width: 0.350mm
G1 X84.2230 Y39.6680 Z0.0400 F5142.9 ; Width: 0.350mm
G1 X84.2030 Y39.6874 Z0.0400 F5142.9 ; Width: 0.350mm
G1 X84.1830 Y39.6879 Z0.0400 F5142.9 ; Width: 0.350mm
G1 X83.9839 Y39.8870 Z0.0400 F5142.9 ; Width: 0.350mm
G1 X83.9834 Y39.9070 Z0.0400 F5142.9 ; Width: 0.350mm
G1 X83.9640 Y39.9270 Z0.0400 F5142.9 ; Width: 0.350mm
G1 X83.9632 Y39.9670 Z0.0400 F5142.9 ; Width: 0.350mm
G1 X83.9440 Y39.9870 Z0.0400 F5142.9 ; Width: 0.350mm
G1 X83.9439 Y43.8220 Z0.0400 F1222.2 ; Width: 1.473mm
G1 X83.9438 Y47.6570 Z0.0400 F2016.1 ; Width: 0.893mm
G1 X83.9437 Y51.4920 Z0.0400 F1974.8 ; Width: 0.911mm
M118 P0 S"82" ; Sync timer
G1 X83.9436 Y55.3270 Z0.0400 F1194.7 ; Width: 1.507mm
G1 X83.9440 Y55.3870 Z0.0400 F5142.9 ; Width: 0.350mm
G1 X83.9632 Y55.4070 Z0.0400 F5142.9 ; Width: 0.350mm
G1 X83.9640 Y55.4470 Z0.0400 F5142.9 ; Width: 0.350mm
G1 X83.9834 Y55.4670 Z0.0400 F5142.9 ; Width: 0.350mm
G1 X83.9839 Y55.4870 Z0.0400 F5142.9 ; Width: 0.350mm
G1 X84.1630 Y55.6661 Z0.0400 F5142.9 ; Width: 0.350mm
G1 X84.1830 Y55.6666 Z0.0400 F5142.9 ; Width: 0.350mm
G1 X84.2030 Y55.6860 Z0.0400 F5142.9 ; Width: 0.350mm
G1 X84.2430 Y55.6868 Z0.0400 F5142.9 ; Width: 0.350mm
G1 X84.2630 Y55.7060 Z0.0400 F5142.9 ; Width: 0.350mm
G1 X84.3030 Y55.7063 Z0.0400 F5142.9 ; Width: 0.350mm
G1 X87.1830 Y55.7060 Z0.0400 F1631.2 ; Width: 1.103mm
G1 X87.2030 Y55.6868 Z0.0400 F5142.9 ; Width: 0.350mm
G1 X87.2430 Y55.6860 Z0.0400 F5142.9 ; Width: 0.350mm
G1 X87.2630 Y55.6666 Z0.0400 F5142.9 ; Width: 0.350mm
G1 X87.2830 Y55.6661 Z0.0400 F5142.9 ; Width: 0.350mm
G1 X87.4421 Y55.5070 Z0.0400 F5142.9 ; Width: 0.350mm
G1 X87.4426 Y55.4870 Z0.0400 F5142.9 ; Width: 0.350mm
G1 X87.4621 Y55.4670 Z0.0400 F5142.9 ; Width: 0.350mm
G1 X87.4626 Y55.4470 Z0.0400 F5142.9 ; Width: 0.350mm
G1 X87.4820 Y55.4270 Z0.0400 F5142.9 ; Width: 0.350mm
G1 X87.4828 Y55.3870 Z0.0400 F5142.9 ; Width: 0.350mm
G1 X87.5020 Y55.3670 Z0.0400 F5142.9 ; Width: 0.350mm
G1 X87.5026 Y55.3070 Z0.0400 F5142.9 ; Width: 0.350mm
G1 X87.5220 Y55.2870 Z0.0400 F5142.9 ; Width: 0.350mm
G1 X87.5228 Y55.2470 Z0.0400 F5142.9 ; Width: 0.350mm
G1 X87.5420 Y55.2270 Z0.0400 F5142.9 ; Width: 0.350mm
G1 X87.5428 Y55.0670 Z0.0400 F5142.9 ; Width: 0.350mm
G1 X87.5620 Y55.0470 Z0.0400 F5142.9 ; Width: 0.350mm
G1 X87.5628 Y55.0070 Z0.0400 F5142.9 ; Width: 0.350mm
G1 X87.5820 Y54.9870 Z0.0400 F5142.9 ; Width: 0.350mm
G1 X87.5828 Y54.8270 Z0.0400 F5142.9 ; Width: 0.350mm
G1 X87.6020 Y54.8070 Z0.0400 F5142.9 ; Width: 0.350mm
G1 X87.6028 Y54.7470 Z0.0400 F5142.9 ; Width: 0.350mm
G1 X87.6220 Y54.7270 Z0.0400 F5142.9 ; Width: 0.350mm
G1 X87.6226 Y54.5670 Z0.0400 F5142.9 ; Width: 0.350mm
G1 X87.6420 Y54.5470 Z0.0400 F5142.9 ; Width: 0.350mm
G1 X87.6428 Y54.5070 Z0.0400 F5142.9 ; Width: 0.350mm
G1 X87.6620 Y54.4870 Z0.0400 F5142.9 ; Width: 0.350mm
G1 X87.6628 Y54.3470 Z0.0400 F5142.9 ; Width: 0.350mm
G1 X87.6820 Y54.3270 Z0.0400 F5142.9 ; Width: 0.350mm
G1 X87.6828 Y54.2670 Z0.0400 F5142.9 ; Width: 0.350mm
G1 X87.7020 Y54.2470 Z0.0400 F5142.9 ; Width: 0.350mm
G1 X87.7028 Y54.0870 Z0.0400 F5142.9 ; Width: 0.350mm
G1 X87.7220 Y54.0670 Z0.0400 F5142.9 ; Width: 0.350mm
G1 X87.7228 Y54.0070 Z0.0400 F5142.9 ; Width: 0.350mm
G1 X87.7420 Y53.9870 Z0.0400 F5142.9 ; Width: 0.350mm
G1 X87.7426 Y53.8270 Z0.0400 F5142.9 ; Width: 0.350mm
G1 X87.7620 Y53.8070 Z0.0400 F5142.9 ; Width: 0.350mm
G1 X87.7628 Y53.7670 Z0.0400 F5142.9 ; Width: 0.350mm
G1 X87.7820 Y53.7470 Z0.0400 F5142.9 ; Width: 0.350mm
G1 X87.7828 Y53.6470 Z0.0400 F5142.9 ; Width: 0.350mm
G1 X87.8020 Y53.6270 Z0.0400 F5142.9 ; Width: 0.350mm
G1 X87.8028 Y53.5270 Z0.0400 F5142.9 ; Width: 0.350mm
G1 X87.8220 Y53.5070 Z0.0400 F5142.9 ; Width: 0.350mm
G1 X87.8228 Y53.3670 Z0.0400 F5142.9 ; Width: 0.350mm
G1 X87.8420 Y53.3470 Z0.0400 F5142.9 ; Width: 0.350mm
G1 X87.8428 Y53.2870 Z0.0400 F5142.9 ; Width: 0.350mm
G1 X87.8620 Y53.2670 Z0.0400 F5142.9 ; Width: 0.350mm
G1 X87.8628 Y53.1070 Z0.0400 F5142.9 ; Width: 0.350mm
G1 X87.8820 Y53.0870 Z0.0400 F5142.9 ; Width: 0.350mm
G1 X87.8828 Y53.0470 Z0.0400 F5142.9 ; Width: 0.350mm
G1 X87.9020 Y53.0270 Z0.0400 F5142.9 ; Width: 0.350mm
G1 X87.9028 Y52.9470 Z0.0400 F5142.9 ; Width: 0.350mm
G1 X87.9220 Y52.9270 Z0.0400 F5142.9 ; Width: 0.350mm
G1 X87.9228 Y52.8070 Z0.0400 F5142.9 ; Width: 0.350mm
G1 X87.9420 Y52.7870 Z0.0400 F5142.9 ; Width: 0.350mm
G1 X87.9428 Y52.6670 Z0.0400 F5142.9 ; Width: 0.350mm
G1 X87.9620 Y52.6470 Z0.0400 F5142.9 ; Width: 0.350mm
G1 X87.9628 Y52.5870 Z0.0400 F5142.9 ; Width: 0.350mm
G1 X87.9820 Y52.5670 Z0.0400 F5142.9 ; Width: 0.350mm
G1 X87.9828 Y52.4670 Z0.0400 F5142.9 ; Width: 0.350mm
G1 X88.0020 Y52.4470 Z0.0400 F5142.9 ; Width: 0.350mm
G1 X88.0028 Y52.3470 Z0.0400 F5142.9 ; Width: 0.350mm
G1 X88.0220 Y52.3270 Z0.0400 F5142.9 ; Width: 0.350mm
G1 X88.0228 Y52.2670 Z0.0400 F5142.9 ; Width: 0.350mm
G1 X88.0420 Y52.2470 Z0.0400 F5142.9 ; Width: 0.350mm
G1 X88.0428 Y52.1070 Z0.0400 F5142.9 ; Width: 0.350mm
G1 X88.0620 Y52.0870 Z0.0400 F5142.9 ; Width: 0.350mm
G1 X88.0628 Y52.0270 Z0.0400 F5142.9 ; Width: 0.350mm
G1 X88.0820 Y52.0070 Z0.0400 F5142.9 ; Width: 0.350mm
G1 X88.0828 Y51.8670 Z0.0400 F5142.9 ; Width: 0.350mm
G1 X88.1020 Y51.8470 Z0.0400 F5142.9 ; Width: 0.350mm
G1 X88.1028 Y51.7870 Z0.0400 F5142.9 ; Width: 0.350mm
G1 X88.1220 Y51.7670 Z0.0400 F5142.9 ; Width: 0.350mm
G1 X88.1228 Y51.6470 Z0.0400 F5142.9 ; Width: 0.350mm
G1 X88.1420 Y51.6270 Z0.0400 F5142.9 ; Width: 0.350mm
G1 X88.1428 Y51.5670 Z0.0400 F5142.9 ; Width: 0.350mm
G1 X88.1620 Y51.5470 Z0.0400 F5142.9 ; Width: 0.350mm
G1 X88.1628 Y51.3870 Z0.0400 F5142.9 ; Width: 0.350mm
G1 X88.1820 Y51.3670 Z0.0400 F5142.9 ; Width: 0.350mm
G1 X88.1828 Y51.3270 Z0.0400 F5142.9 ; Width: 0.350mm
G1 X88.2020 Y51.3070 Z0.0400 F5142.9 ; Width: 0.350mm
G1 X88.2028 Y51.1870 Z0.0400 F5142.9 ; Width: 0.350mm
G1 X88.2220 Y51.1670 Z0.0400 F5142.9 ; Width: 0.350mm
G1 X88.2228 Y51.0870 Z0.0400 F5142.9 ; Width: 0.350mm
G1 X88.2420 Y51.0670 Z0.0400 F5142.9 ; Width: 0.350mm
G1 X88.2428 Y50.9270 Z0.0400 F5142.9 ; Width: 0.350mm
G1 X88.2620 Y50.9070 Z0.0400 F5142.9 ; Width: 0.350mm
G1 X88.2628 Y50.8470 Z0.0400 F5142.9 ; Width: 0.350mm
G1 X88.2820 Y50.8270 Z0.0400 F5142.9 ; Width: 0.350mm
G1 X88.2828 Y50.6670 Z0.0400 F5142.9 ; Width: 0.350mm
G1 X88.3020 Y50.6470 Z0.0400 F5142.9 ; Width: 0.350mm
G1 X88.3028 Y50.6070 Z0.0400 F5142.9 ; Width: 0.350mm
G1 X88.3220 Y50.5870 Z0.0400 F5142.9 ; Width: 0.350mm
G1 X88.3228 Y50.4670 Z0.0400 F5142.9 ; Width: 0.350mm
G1 X88.3420 Y50.4470 Z0.0400 F5142.9 ; Width: 0.350mm
G1 X88.3428 Y50.3670 Z0.0400 F5142.9 ; Width: 0.350mm
G1 X88.3620 Y50.3470 Z0.0400 F5142.9 ; Width: 0.350mm
G1 X88.3628 Y50.1870 Z0.0400 F5142.9 ; Width: 0.350mm
G1 X88.3820 Y50.1670 Z0.0400 F5142.9 ; Width: 0.350mm
G1 X88.3823 Y50.1270 Z0.0400 F5142.9 ; Width: 0.350mm
G1 X88.4830 Y50.0228 Z0.0400 F5142.9 ; Width: 0.350mm
G1 X88.5030 Y50.0222 Z0.0400 F5142.9 ; Width: 0.350mm
G1 X88.5230 Y50.0016 Z0.0400 F5142.9 ; Width: 0.350mm
G1 X88.6030 Y49.9995 Z0.0400 F5142.9 ; Width: 0.350mm
G1 X88.6230 Y49.9791 Z0.0400 F5142.9 ; Width: 0.350mm
G1 X88.6430 Y49.9992 Z0.0400 F5142.9 ; Width: 0.350mm
G1 X88.7230 Y50.0011 Z0.0400 F5142.9 ; Width: 0.350mm
G1 X88.7430 Y50.0216 Z0.0400 F5142.9 ; Width: 0.350mm
G1 X88.7630 Y50.0222 Z0.0400 F5142.9 ; Width: 0.350mm
G1 X88.8646 Y50.1270 Z0.0400 F5142.9 ; Width: 0.350mm
G1 X88.8646 Y50.1470 Z0.0400 F5142.9 ; Width: 0.350mm
G1 X88.8837 Y50.1670 Z0.0400 F5142.9 ; Width: 0.350mm
G1 X88.8840 Y50.2070 Z0.0400 F5142.9 ; Width: 0.350mm
G1 X88.9032 Y50.2270 Z0.0400 F5142.9 ; Width: 0.350mm
G1 X88.9040 Y50.2870 Z0.0400 F5142.9 ; Width: 0.350mm
G1 X88.9232 Y50.3070 Z0.0400 F5142.9 ; Width: 0.350mm
G1 X88.9240 Y50.4470 Z0.0400 F5142.9 ; Width: 0.350mm
G1 X88.9432 Y50.4670 Z0.0400 F5142.9 ; Width: 0.350mm
G1 X88.9440 Y50.5070 Z0.0400 F5142.9 ; Width: 0.350mm
G1 X88.9634 Y50.5270 Z0.0400 F5142.9 ; Width: 0.350mm
G1 X88.9640 Y50.6870 Z0.0400 F5142.9 ; Width: 0.350mm
G1 X88.9832 Y50.7070 Z0.0400 F5142.9 ; Width: 0.350mm
G1 X88.9840 Y50.7470 Z0.0400 F5142.9 ; Width: 0.350mm
G1 X89.0032 Y50.7670 Z0.0400 F5142.9 ; Width: 0.350mm
G1 X89.0040 Y50.8870 Z0.0400 F5142.9 ; Width: 0.350mm
G1 X89.0232 Y50.9070 Z0.0400 F5142.9 ; Width: 0.350mm
G1 X89.0240 Y50.9670 Z0.0400 F5142.9 ; Width: 0.350mm
G1 X89.0432 Y50.9870 Z0.0400 F5142.9 ; Width: 0.350mm
G1 X89.0440 Y51.1270 Z0.0400 F5142.9 ; Width: 0.350mm
G1 X89.0632 Y51.1470 Z0.0400 F5142.9 ; Width: 0.350mm
G1 X89.0640 Y51.2070 Z0.0400 F5142.9 ; Width: 0.350mm
G1 X89.0832 Y51.2270 Z0.0400 F5142.9 ; Width: 0.350mm
G1 X89.0840 Y51.3870 Z0.0400 F5142.9 ; Width: 0.350mm
G1 X89.1032 Y51.4070 Z0.0400 F5142.9 ; Width: 0.350mm
G1 X89.1040 Y51.4470 Z0.0400 F5142.9 ; Width: 0.350mm
G1 X89.1232 Y51.4670 Z0.0400 F5142.9 ; Width: 0.350mm
G1 X89.1240 Y51.5670 Z0.0400 F5142.9 ; Width: 0.350mm
G1 X89.1432 Y51.5870 Z0.0400 F5142.9 ; Width: 0.350mm
G1 X89.1440 Y51.6670 Z0.0400 F5142.9 ; Width: 0.350mm
G1 X89.1632 Y51.6870 Z0.0400 F5142.9 ; Width: 0.350mm
G1 X89.1640 Y51.8070 Z0.0400 F5142.9 ; Width: 0.350mm
G1 X89.1832 Y51.8270 Z0.0400 F5142.9 ; Width: 0.350mm
G1 X89.1840 Y51.9070 Z0.0400 F5142.9 ; Width: 0.350mm
G1 X89.2032 Y51.9270 Z0.0400 F5142.9 ; Width: 0.350mm
G1 X89.2040 Y52.0870 Z0.0400 F5142.9 ; Width: 0.350mm
G1 X89.2232 Y52.1070 Z0.0400 F5142.9 ; Width: 0.350mm
G1 X89.2240 Y52.1670 Z0.0400 F5142.9 ; Width: 0.350mm
G1 X89.2432 Y52.1870 Z0.0400 F5142.9 ; Width: 0.350mm
G1 X89.2440 Y52.2270 Z0.0400 F5142.9 ; Width: 0.350mm
G1 X89.2634 Y52.2470 Z0.0400 F5142.9 ; Width: 0.350mm
G1 X89.2640 Y52.3870 Z0.0400 F5142.9 ; Width: 0.350mm
G1 X89.2832 Y52.4070 Z0.0400 F5142.9 ; Width: 0.350mm
G1 X89.2840 Y52.4870 Z0.0400 F5142.9 ; Width: 0.350mm
G1 X89.3032 Y52.5070 Z0.0400 F5142.9 ; Width: 0.350mm
G1 X89.3040 Y52.6270 Z0.0400 F5142.9 ; Width: 0.350mm
G1 X89.3232 Y52.6470 Z0.0400 F5142.9 ; Width: 0.350mm
G1 X89.3240 Y52.7270 Z0.0400 F5142.9 ; Width: 0.350mm
G1 X89.3432 Y52.7470 Z0.0400 F5142.9 ; Width: 0.350mm
G1 X89.3440 Y52.8470 Z0.0400 F5142.9 ; Width: 0.350mm
G1 X89.3632 Y52.8670 Z0.0400 F5142.9 ; Width: 0.350mm
G1 X89.3640 Y52.9070 Z0.0400 F5142.9 ; Width: 0.350mm
G1 X89.3834 Y52.9270 Z0.0400 F5142.9 ; Width: 0.350mm
G1 X89.3840 Y53.0870 Z0.0400 F5142.9 ; Width: 0.350mm
G1 X89.4032 Y53.1070 Z0.0400 F5142.9 ; Width: 0.350mm
G1 X89.4040 Y53.1470 Z0.0400 F5142.9 ; Width: 0.350mm
G1 X89.4232 Y53.1670 Z0.0400 F5142.9 ; Width: 0.350mm
G1 X89.4240 Y53.3270 Z0.0400 F5142.9 ; Width: 0.350mm
G1 X89.4432 Y53.3470 Z0.0400 F5142.9 ; Width: 0.350mm
G1 X89.4440 Y53.3870 Z0.0400 F5142.9 ; Width: 0.350mm
G1 X89.4632 Y53.4070 Z0.0400 F5142.9 ; Width: 0.350mm
G1 X89.4640 Y53.5670 Z0.0400 F5142.9 ; Width: 0.350mm
G1 X89.4832 Y53.5870 Z0.0400 F5142.9 ; Width: 0.350mm
G1 X89.4840 Y53.6270 Z0.0400 F5142.9 ; Width: 0.350mm
G1 X89.5034 Y53.6470 Z0.0400 F5142.9 ; Width: 0.350mm
G1 X89.5040 Y53.8070 Z0.0400 F5142.9 ; Width: 0.350mm
G1 X89.5232 Y53.8270 Z0.0400 F5142.9 ; Width: 0.350mm
G1 X89.5240 Y53.8670 Z0.0400 F5142.9 ; Width: 0.350mm
G1 X89.5434 Y53.8870 Z0.0400 F5142.9 ; Width: 0.350mm
G1 X89.5440 Y54.0270 Z0.0400 F5142.9 ; Width: 0.350mm
G1 X89.5632 Y54.0470 Z0.0400 F5142.9 ; Width: 0.350mm
G1 X89.5640 Y54.0870 Z0.0400 F5142.9 ; Width: 0.350mm
G1 X89.5832 Y54.1070 Z0.0400 F5142.9 ; Width: 0.350mm
G1 X89.5840 Y54.2870 Z0.0400 F5142.9 ; Width: 0.350mm
G1 X89.6032 Y54.3070 Z0.0400 F5142.9 ; Width: 0.350mm
G1 X89.6040 Y54.3470 Z0.0400 F5142.9 ; Width: 0.350mm
G1 X89.6232 Y54.3670 Z0.0400 F5142.9 ; Width: 0.350mm
G1 X89.6240 Y54.5270 Z0.0400 F5142.9 ; Width: 0.350mm
G1 X89.6432 Y54.5470 Z0.0400 F5142.9 ; Width: 0.350mm
G1 X89.6440 Y54.6070 Z0.0400 F5142.9 ; Width: 0.350mm
G1 X89.6632 Y54.6270 Z0.0400 F5142.9 ; Width: 0.350mm
G1 X89.6640 Y54.7670 Z0.0400 F5142.9 ; Width: 0.350mm
G1 X89.6832 Y54.7870 Z0.0400 F5142.9 ; Width: 0.350mm
G1 X89.6840 Y54.8270 Z0.0400 F5142.9 ; Width: 0.350mm
G1 X89.7032 Y54.8470 Z0.0400 F5142.9 ; Width: 0.350mm
G1 X89.7040 Y54.9870 Z0.0400 F5142.9 ; Width: 0.350mm
G1 X89.7232 Y55.0070 Z0.0400 F5142.9 ; Width: 0.350mm
G1 X89.7240 Y55.0470 Z0.0400 F5142.9 ; Width: 0.350mm
G1 X89.7432 Y55.0670 Z0.0400 F5142.9 ; Width: 0.350mm
G1 X89.7440 Y55.2470 Z0.0400 F5142.9 ; Width: 0.350mm
G1 X89.7632 Y55.2670 Z0.0400 F5142.9 ; Width: 0.350mm
G1 X89.7640 Y55.3070 Z0.0400 F5142.9 ; Width: 0.350mm
G1 X89.7832 Y55.3270 Z0.0400 F5142.9 ; Width: 0.350mm
G1 X89.7840 Y55.3670 Z0.0400 F5142.9 ; Width: 0.350mm
G1 X89.8034 Y55.3870 Z0.0400 F5142.9 ; Width: 0.350mm
G1 X89.8039 Y55.4070 Z0.0400 F5142.9 ; Width: 0.350mm
G1 X89.8232 Y55.4270 Z0.0400 F5142.9 ; Width: 0.350mm
G1 X89.8240 Y55.4670 Z0.0400 F5142.9 ; Width: 0.350mm
G1 X89.8434 Y55.4870 Z0.0400 F5142.9 ; Width: 0.350mm
G1 X89.8439 Y55.5070 Z0.0400 F5142.9 ; Width: 0.350mm
G1 X90.0030 Y55.6661 Z0.0400 F5142.9 ; Width: 0.350mm
G1 X90.0230 Y55.6666 Z0.0400 F5142.9 ; Width: 0.350mm
G1 X90.0430 Y55.6860 Z0.0400 F5142.9 ; Width: 0.350mm
G1 X90.0830 Y55.6868 Z0.0400 F5142.9 ; Width: 0.350mm
G1 X90.1030 Y55.7060 Z0.0400 F5142.9 ; Width: 0.350mm
G1 X92.9630 Y55.7063 Z0.0400 F1621.3 ; Width: 1.110mm
G1 X93.0030 Y55.7060 Z0.0400 F5142.9 ; Width: 0.350mm
G1 X93.0228 Y55.6870 Z0.0400 F5142.9 ; Width: 0.350mm
G0 Z1.0400 F6000.0 ; Z-hop up
G0 X93.8630 Y54.7070 F6000.0 ; Travel to new path
G0 Z0.0400 F6000.0 ; Z-hop down
G1 X93.9430 Y54.5470 Z0.0400 F2805.7 ; Width: 0.642mm
G1 X94.1830 Y54.6270 Z0.0400 F2862.7 ; Width: 0.629mm
G1 X93.9830 Y54.5470 Z0.0400 F2878.8 ; Width: 0.625mm
G1 X93.9630 Y54.5270 Z0.0400 F2573.3 ; Width: 0.699mm
G1 X93.8630 Y53.9470 Z0.0400 F2891.1 ; Width: 0.623mm
G0 Z1.0400 F6000.0 ; Z-hop up
G0 X82.7828 Y55.6870 F6000.0 ; Travel to new path
G0 Z0.0400 F6000.0 ; Z-hop down
G1 X82.8230 Y55.6860 Z0.0400 F5142.9 ; Width: 0.350mm
G1 X82.8430 Y55.6666 Z0.0400 F5142.9 ; Width: 0.350mm
G1 X82.8630 Y55.6661 Z0.0400 F5142.9 ; Width: 0.350mm
G1 X83.0221 Y55.5070 Z0.0400 F5142.9 ; Width: 0.350mm
G1 X83.0226 Y55.4870 Z0.0400 F5142.9 ; Width: 0.350mm
G1 X83.0421 Y55.4670 Z0.0400 F5142.9 ; Width: 0.350mm
G1 X83.0426 Y55.4470 Z0.0400 F5142.9 ; Width: 0.350mm
G1 X83.0620 Y55.4270 Z0.0400 F5142.9 ; Width: 0.350mm
G1 X83.0628 Y55.3870 Z0.0400 F5142.9 ; Width: 0.350mm
G1 X83.0820 Y55.3670 Z0.0400 F5142.9 ; Width: 0.350mm
M118 P0 S"83" ; Sync timer
G1 X83.0821 Y51.5420 Z0.0400 F1225.7 ; Width: 1.469mm
G1 X83.0822 Y47.7170 Z0.0400 F2031.2 ; Width: 0.886mm
G1 X83.0823 Y43.8920 Z0.0400 F1948.5 ; Width: 0.924mm
G1 X83.0824 Y40.0670 Z0.0400 F1171.5 ; Width: 1.536mm
G1 X83.0820 Y39.9870 Z0.0400 F5142.9 ; Width: 0.350mm
G1 X83.0628 Y39.9670 Z0.0400 F5142.9 ; Width: 0.350mm
G1 X83.0620 Y39.9270 Z0.0400 F5142.9 ; Width: 0.350mm
G1 X83.0426 Y39.9070 Z0.0400 F5142.9 ; Width: 0.350mm
G1 X83.0421 Y39.8870 Z0.0400 F5142.9 ; Width: 0.350mm
G1 X82.8430 Y39.6879 Z0.0400 F5142.9 ; Width: 0.350mm
G1 X82.8230 Y39.6874 Z0.0400 F5142.9 ; Width: 0.350mm
G1 X82.8030 Y39.6680 Z0.0400 F5142.9 ; Width: 0.350mm
G1 X82.7630 Y39.6672 Z0.0400 F5142.9 ; Width: 0.350mm
G1 X82.7430 Y39.6480 Z0.0400 F5142.9 ; Width: 0.350mm
G1 X80.5830 Y39.6480 Z0.0400 F2013.2 ; Width: 0.894mm
G1 X80.5630 Y39.6672 Z0.0400 F5142.9 ; Width: 0.350mm
G1 X80.5230 Y39.6680 Z0.0400 F5142.9 ; Width: 0.350mm
G1 X80.5030 Y39.6874 Z0.0400 F5142.9 ; Width: 0.350mm
G1 X80.4830 Y39.6879 Z0.0400 F5142.9 ; Width: 0.350mm
G1 X80.3039 Y39.8670 Z0.0400 F5142.9 ; Width: 0.350mm
G1 X80.3034 Y39.8870 Z0.0400 F5142.9 ; Width: 0.350mm
G1 X80.2839 Y39.9070 Z0.0400 F5142.9 ; Width: 0.350mm
G1 X80.2834 Y39.9270 Z0.0400 F5142.9 ; Width: 0.350mm
G1 X80.2640 Y39.9470 Z0.0400 F5142.9 ; Width: 0.350mm
G1 X80.2632 Y39.9870 Z0.0400 F5142.9 ; Width: 0.350mm
G1 X80.2440 Y40.0070 Z0.0400 F5142.9 ; Width: 0.350mm
G1 X80.2438 Y40.0270 Z0.0400 F5142.9 ; Width: 0.350mm
M118 P0 S"84" ; Sync timer
G1 X80.2437 Y43.1470 Z0.0400 F1493.4 ; Width: 1.205mm
G1 X80.2436 Y46.2670 Z0.0400 F1493.3 ; Width: 1.205mm
G1 X80.2246 Y46.2870 Z0.0400 F5142.9 ; Width: 0.350mm
G1 X80.2246 Y46.3270 Z0.0400 F5142.9 ; Width: 0.350mm
G1 X80.1230 Y46.4295 Z0.0400 F5142.9 ; Width: 0.350mm
G1 X80.1030 Y46.4295 Z0.0400 F5142.9 ; Width: 0.350mm
G1 X80.0830 Y46.4486 Z0.0400 F5142.9 ; Width: 0.350mm
G1 X80.0030 Y46.4486 Z0.0400 F5142.9 ; Width: 0.350mm
G1 X79.9830 Y46.4676 Z0.0400 F5142.9 ; Width: 0.350mm
G1 X79.0430 Y46.4676 Z0.0400 F3829.8 ; Width: 0.470mm
G1 X79.0230 Y46.4486 Z0.0400 F5142.9 ; Width: 0.350mm
G1 X78.9430 Y46.4486 Z0.0400 F5142.9 ; Width: 0.350mm
G1 X78.9230 Y46.4295 Z0.0400 F5142.9 ; Width: 0.350mm
G1 X78.9030 Y46.4295 Z0.0400 F5142.9 ; Width: 0.350mm
G1 X78.8014 Y46.3270 Z0.0400 F5142.9 ; Width: 0.350mm
G1 X78.8014 Y46.2870 Z0.0400 F5142.9 ; Width: 0.350mm
G1 X78.7824 Y46.2670 Z0.0400 F5142.9 ; Width: 0.350mm
G1 X78.7824 Y43.1670 Z0.0400 F1477.5 ; Width: 1.218mm
G1 X78.7824 Y40.0670 Z0.0400 F1450.2 ; Width: 1.241mm
G1 X78.7820 Y40.0070 Z0.0400 F5142.9 ; Width: 0.350mm
G1 X78.7628 Y39.9870 Z0.0400 F5142.9 ; Width: 0.350mm
G1 X78.7620 Y39.9470 Z0.0400 F5142.9 ; Width: 0.350mm
G1 X78.7426 Y39.9270 Z0.0400 F5142.9 ; Width: 0.350mm
G1 X78.7421 Y39.9070 Z0.0400 F5142.9 ; Width: 0.350mm
G1 X78.7226 Y39.8870 Z0.0400 F5142.9 ; Width: 0.350mm
G1 X78.7221 Y39.8670 Z0.0400 F5142.9 ; Width: 0.350mm
G1 X78.5630 Y39.7079 Z0.0400 F5142.9 ; Width: 0.350mm
G1 X78.5430 Y39.7074 Z0.0400 F5142.9 ; Width: 0.350mm
G1 X78.5230 Y39.6879 Z0.0400 F5142.9 ; Width: 0.350mm
G1 X78.5030 Y39.6874 Z0.0400 F5142.9 ; Width: 0.350mm
G1 X78.4830 Y39.6680 Z0.0400 F5142.9 ; Width: 0.350mm
G1 X78.4430 Y39.6672 Z0.0400 F5142.9 ; Width: 0.350mm
G1 X78.4230 Y39.6480 Z0.0400 F5142.9 ; Width: 0.350mm
G1 X76.3030 Y39.6478 Z0.0400 F2013.0 ; Width: 0.894mm
G1 X76.2830 Y39.6480 Z0.0400 F5142.9 ; Width: 0.350mm
G1 X76.2630 Y39.6672 Z0.0400 F5142.9 ; Width: 0.350mm
G1 X76.2230 Y39.6680 Z0.0400 F5142.9 ; Width: 0.350mm
G1 X76.2030 Y39.6874 Z0.0400 F5142.9 ; Width: 0.350mm
G1 X76.1830 Y39.6879 Z0.0400 F5142.9 ; Width: 0.350mm
G1 X76.1630 Y39.7074 Z0.0400 F5142.9 ; Width: 0.350mm
G1 X76.1430 Y39.7079 Z0.0400 F5142.9 ; Width: 0.350mm
G1 X75.9839 Y39.8670 Z0.0400 F5142.9 ; Width: 0.350mm
G1 X75.9834 Y39.8870 Z0.0400 F5142.9 ; Width: 0.350mm
G1 X75.9639 Y39.9070 Z0.0400 F5142.9 ; Width: 0.350mm
G1 X75.9634 Y39.9270 Z0.0400 F5142.9 ; Width: 0.350mm
G1 X75.9440 Y39.9470 Z0.0400 F5142.9 ; Width: 0.350mm
G1 X75.9432 Y39.9870 Z0.0400 F5142.9 ; Width: 0.350mm
G1 X75.9240 Y40.0070 Z0.0400 F5142.9 ; Width: 0.350mm
G1 X75.9239 Y43.8220 Z0.0400 F1359.6 ; Width: 1.324mm
M118 P0 S"85" ; Sync timer
G1 X75.9238 Y47.6370 Z0.0400 F2026.2 ; Width: 0.888mm
G1 X75.9237 Y51.4520 Z0.0400 F1943.2 ; Width: 0.926mm
G1 X75.9236 Y55.2670 Z0.0400 F1161.8 ; Width: 1.549mm
G1 X75.9240 Y55.3470 Z0.0400 F5142.9 ; Width: 0.350mm
G1 X75.9432 Y55.3670 Z0.0400 F5142.9 ; Width: 0.350mm
G1 X75.9440 Y55.4070 Z0.0400 F5142.9 ; Width: 0.350mm
G1 X75.9634 Y55.4270 Z0.0400 F5142.9 ; Width: 0.350mm
G1 X75.9639 Y55.4470 Z0.0400 F5142.9 ; Width: 0.350mm
G1 X75.9834 Y55.4670 Z0.0400 F5142.9 ; Width: 0.350mm
G1 X75.9839 Y55.4870 Z0.0400 F5142.9 ; Width: 0.350mm
G1 X76.1630 Y55.6661 Z0.0400 F5142.9 ; Width: 0.350mm
G1 X76.1830 Y55.6666 Z0.0400 F5142.9 ; Width: 0.350mm
G1 X76.2030 Y55.6860 Z0.0400 F5142.9 ; Width: 0.350mm
G1 X76.2430 Y55.6868 Z0.0400 F5142.9 ; Width: 0.350mm
G1 X76.2630 Y55.7060 Z0.0400 F5142.9 ; Width: 0.350mm
G1 X78.4630 Y55.7060 Z0.0400 F2013.2 ; Width: 0.894mm
G1 X78.4830 Y55.6868 Z0.0400 F5142.9 ; Width: 0.350mm
G1 X78.5230 Y55.6860 Z0.0400 F5142.9 ; Width: 0.350mm
G1 X78.5430 Y55.6666 Z0.0400 F5142.9 ; Width: 0.350mm
G1 X78.5630 Y55.6661 Z0.0400 F5142.9 ; Width: 0.350mm
G1 X78.7221 Y55.5070 Z0.0400 F5142.9 ; Width: 0.350mm
G1 X78.7226 Y55.4870 Z0.0400 F5142.9 ; Width: 0.350mm
G1 X78.7421 Y55.4670 Z0.0400 F5142.9 ; Width: 0.350mm
G1 X78.7426 Y55.4470 Z0.0400 F5142.9 ; Width: 0.350mm
G1 X78.7620 Y55.4270 Z0.0400 F5142.9 ; Width: 0.350mm
G1 X78.7628 Y55.3870 Z0.0400 F5142.9 ; Width: 0.350mm
G1 X78.7820 Y55.3670 Z0.0400 F5142.9 ; Width: 0.350mm
G1 X78.7822 Y52.5270 Z0.0400 F1653.3 ; Width: 1.089mm
G1 X78.7824 Y49.6870 Z0.0400 F1612.3 ; Width: 1.116mm
G1 X78.8014 Y49.6670 Z0.0400 F5142.9 ; Width: 0.350mm
G1 X78.8014 Y49.6270 Z0.0400 F5142.9 ; Width: 0.350mm
G1 X78.9030 Y49.5245 Z0.0400 F5142.9 ; Width: 0.350mm
G1 X78.9230 Y49.5245 Z0.0400 F5142.9 ; Width: 0.350mm
G1 X78.9430 Y49.5054 Z0.0400 F5142.9 ; Width: 0.350mm
G1 X79.0230 Y49.5054 Z0.0400 F5142.9 ; Width: 0.350mm
G1 X79.0430 Y49.4864 Z0.0400 F5142.9 ; Width: 0.350mm
M118 P0 S"86" ; Sync timer
G1 X79.9830 Y49.4864 Z0.0400 F3829.8 ; Width: 0.470mm
G1 X80.0030 Y49.5054 Z0.0400 F5142.9 ; Width: 0.350mm
G1 X80.0830 Y49.5054 Z0.0400 F5142.9 ; Width: 0.350mm
G1 X80.1030 Y49.5245 Z0.0400 F5142.9 ; Width: 0.350mm
G1 X80.1230 Y49.5245 Z0.0400 F5142.9 ; Width: 0.350mm
G1 X80.2246 Y49.6270 Z0.0400 F5142.9 ; Width: 0.350mm
G1 X80.2246 Y49.6670 Z0.0400 F5142.9 ; Width: 0.350mm
G1 X80.2436 Y49.6870 Z0.0400 F5142.9 ; Width: 0.350mm
G1 X80.2436 Y52.4970 Z0.0400 F1556.0 ; Width: 1.157mm
G1 X80.2437 Y55.3070 Z0.0400 F1627.8 ; Width: 1.106mm
G1 X80.2440 Y55.3470 Z0.0400 F5142.9 ; Width: 0.350mm
G1 X80.2632 Y55.3670 Z0.0400 F5142.9 ; Width: 0.350mm
G1 X80.2640 Y55.4070 Z0.0400 F5142.9 ; Width: 0.350mm
G1 X80.2832 Y55.4270 Z0.0400 F5142.9 ; Width: 0.350mm
G1 X80.2840 Y55.4670 Z0.0400 F5142.9 ; Width: 0.350mm
G1 X80.3034 Y55.4870 Z0.0400 F5142.9 ; Width: 0.350mm
G1 X80.3039 Y55.5070 Z0.0400 F5142.9 ; Width: 0.350mm
G1 X80.4630 Y55.6661 Z0.0400 F5142.9 ; Width: 0.350mm
G1 X80.4830 Y55.6666 Z0.0400 F5142.9 ; Width: 0.350mm
G1 X80.5030 Y55.6860 Z0.0400 F5142.9 ; Width: 0.350mm
G1 X80.5430 Y55.6868 Z0.0400 F5142.9 ; Width: 0.350mm
G1 X80.5630 Y55.7060 Z0.0400 F5142.9 ; Width: 0.350mm
G1 X82.7430 Y55.7062 Z0.0400 F2003.9 ; Width: 0.898mm
G1 X82.7630 Y55.7060 Z0.0400 F5142.9 ; Width: 0.350mm
G1 X82.7828 Y55.6870 Z0.0400 F5142.9 ; Width: 0.350mm
G0 Z1.0400 F6000.0 ; Z-hop up
G0 X82.7828 Y55.6870 F6000.0 ; Travel to new path
G0 Z0.0400 F6000.0 ; Z-hop down
G1 X82.8230 Y55.6860 Z0.0400 F5142.9 ; Width: 0.350mm
G1 X82.8430 Y55.6666 Z0.0400 F5142.9 ; Width: 0.350mm
G1 X82.8630 Y55.6661 Z0.0400 F5142.9 ; Width: 0.350mm
G1 X83.0221 Y55.5070 Z0.0400 F5142.9 ; Width: 0.350mm
G1 X83.0226 Y55.4870 Z0.0400 F5142.9 ; Width: 0.350mm
G1 X83.0421 Y55.4670 Z0.0400 F5142.9 ; Width: 0.350mm
G1 X83.0426 Y55.4470 Z0.0400 F5142.9 ; Width: 0.350mm
G1 X83.0620 Y55.4270 Z0.0400 F5142.9 ; Width: 0.350mm
G1 X83.0628 Y55.3870 Z0.0400 F5142.9 ; Width: 0.350mm
G1 X83.0820 Y55.3670 Z0.0400 F5142.9 ; Width: 0.350mm
G1 X83.0821 Y51.5420 Z0.0400 F1225.7 ; Width: 1.469mm
G1 X83.0822 Y47.7170 Z0.0400 F2031.2 ; Width: 0.886mm
M118 P0 S"87" ; Sync timer
G1 X83.0823 Y43.8920 Z0.0400 F1948.5 ; Width: 0.924mm
G1 X83.0824 Y40.0670 Z0.0400 F1171.5 ; Width: 1.536mm
G1 X83.0820 Y39.9870 Z0.0400 F5142.9 ; Width: 0.350mm
G1 X83.0628 Y39.9670 Z0.0400 F5142.9 ; Width: 0.350mm
G1 X83.0620 Y39.9270 Z0.0400 F5142.9 ; Width: 0.350mm
G1 X83.0426 Y39.9070 Z0.0400 F5142.9 ; Width: 0.350mm
G1 X83.0421 Y39.8870 Z0.0400 F5142.9 ; Width: 0.350mm
G1 X82.8430 Y39.6879 Z0.0400 F5142.9 ; Width: 0.350mm
G1 X82.8230 Y39.6874 Z0.0400 F5142.9 ; Width: 0.350mm
G1 X82.8030 Y39.6680 Z0.0400 F5142.9 ; Width: 0.350mm
G1 X82.7630 Y39.6672 Z0.0400 F5142.9 ; Width: 0.350mm
G1 X82.7430 Y39.6480 Z0.0400 F5142.9 ; Width: 0.350mm
G1 X80.5830 Y39.6480 Z0.0400 F2013.2 ; Width: 0.894mm
G1 X80.5630 Y39.6672 Z0.0400 F5142.9 ; Width: 0.350mm
G1 X80.5230 Y39.6680 Z0.0400 F5142.9 ; Width: 0.350mm
G1 X80.5030 Y39.6874 Z0.0400 F5142.9 ; Width: 0.350mm
G1 X80.4830 Y39.6879 Z0.0400 F5142.9 ; Width: 0.350mm
G1 X80.3039 Y39.8670 Z0.0400 F5142.9 ; Width: 0.350mm
G1 X80.3034 Y39.8870 Z0.0400 F5142.9 ; Width: 0.350mm
G1 X80.2839 Y39.9070 Z0.0400 F5142.9 ; Width: 0.350mm
G1 X80.2834 Y39.9270 Z0.0400 F5142.9 ; Width: 0.350mm
G1 X80.2640 Y39.9470 Z0.0400 F5142.9 ; Width: 0.350mm
G1 X80.2632 Y39.9870 Z0.0400 F5142.9 ; Width: 0.350mm
G1 X80.2440 Y40.0070 Z0.0400 F5142.9 ; Width: 0.350mm
G1 X80.2438 Y40.0270 Z0.0400 F5142.9 ; Width: 0.350mm
G1 X80.2437 Y43.1470 Z0.0400 F1493.4 ; Width: 1.205mm
G1 X80.2436 Y46.2670 Z0.0400 F1493.3 ; Width: 1.205mm
G1 X80.2246 Y46.2870 Z0.0400 F5142.9 ; Width: 0.350mm
G1 X80.2246 Y46.3270 Z0.0400 F5142.9 ; Width: 0.350mm
G1 X80.1230 Y46.4295 Z0.0400 F5142.9 ; Width: 0.350mm
G1 X80.1030 Y46.4295 Z0.0400 F5142.9 ; Width: 0.350mm
G1 X80.0830 Y46.4486 Z0.0400 F5142.9 ; Width: 0.350mm
G1 X80.0030 Y46.4486 Z0.0400 F5142.9 ; Width: 0.350mm
G1 X79.9830 Y46.4676 Z0.0400 F5142.9 ; Width: 0.350mm
G1 X79.0430 Y46.4676 Z0.0400 F3829.8 ; Width: 0.470mm
G1 X79.0230 Y46.4486 Z0.0400 F5142.9 ; Width: 0.350mm
G1 X78.9430 Y46.4486 Z0.0400 F5142.9 ; Width: 0.350mm
G1 X78.9230 Y46.4295 Z0.0400 F5142.9 ; Width: 0.350mm
G1 X78.9030 Y46.4295 Z0.0400 F5142.9 ; Width: 0.350mm
G1 X78.8014 Y46.3270 Z0.0400 F5142.9 ; Width: 0.350mm
G1 X78.8014 Y46.2870 Z0.0400 F5142.9 ; Width: 0.350mm
G1 X78.7824 Y46.2670 Z0.0400 F5142.9 ; Width: 0.350mm
M118 P0 S"88" ; Sync timer
G1 X78.7824 Y43.1670 Z0.0400 F1477.5 ; Width: 1.218mm
G1 X78.7824 Y40.0670 Z0.0400 F1450.2 ; Width: 1.241mm
G1 X78.7820 Y40.0070 Z0.0400 F5142.9 ; Width: 0.350mm
G1 X78.7628 Y39.9870 Z0.0400 F5142.9 ; Width: 0.350mm
G1 X78.7620 Y39.9470 Z0.0400 F5142.9 ; Width: 0.350mm
G1 X78.7426 Y39.9270 Z0.0400 F5142.9 ; Width: 0.350mm
G1 X78.7421 Y39.9070 Z0.0400 F5142.9 ; Width: 0.350mm
G1 X78.7226 Y39.8870 Z0.0400 F5142.9 ; Width: 0.350mm
G1 X78.7221 Y39.8670 Z0.0400 F5142.9 ; Width: 0.350mm
G1 X78.5630 Y39.7079 Z0.0400 F5142.9 ; Width: 0.350mm
G1 X78.5430 Y39.7074 Z0.0400 F5142.9 ; Width: 0.350mm
G1 X78.5230 Y39.6879 Z0.0400 F5142.9 ; Width: 0.350mm
G1 X78.5030 Y39.6874 Z0.0400 F5142.9 ; Width: 0.350mm
G1 X78.4830 Y39.6680 Z0.0400 F5142.9 ; Width: 0.350mm
G1 X78.4430 Y39.6672 Z0.0400 F5142.9 ; Width: 0.350mm
G1 X78.4230 Y39.6480 Z0.0400 F5142.9 ; Width: 0.350mm
G1 X76.3030 Y39.6478 Z0.0400 F2013.0 ; Width: 0.894mm
G1 X76.2830 Y39.6480 Z0.0400 F5142.9 ; Width: 0.350mm
G1 X76.2630 Y39.6672 Z0.0400 F5142.9 ; Width: 0.350mm
G1 X76.2230 Y39.6680 Z0.0400 F5142.9 ; Width: 0.350mm
G1 X76.2030 Y39.6874 Z0.0400 F5142.9 ; Width: 0.350mm
G1 X76.1830 Y39.6879 Z0.0400 F5142.9 ; Width: 0.350mm
G1 X76.1630 Y39.7074 Z0.0400 F5142.9 ; Width: 0.350mm
G1 X76.1430 Y39.7079 Z0.0400 F5142.9 ; Width: 0.350mm
G1 X75.9839 Y39.8670 Z0.0400 F5142.9 ; Width: 0.350mm
G1 X75.9834 Y39.8870 Z0.0400 F5142.9 ; Width: 0.350mm
G1 X75.9639 Y39.9070 Z0.0400 F5142.9 ; Width: 0.350mm
G1 X75.9634 Y39.9270 Z0.0400 F5142.9 ; Width: 0.350mm
G1 X75.9440 Y39.9470 Z0.0400 F5142.9 ; Width: 0.350mm
G1 X75.9432 Y39.9870 Z0.0400 F5142.9 ; Width: 0.350mm
G1 X75.9240 Y40.0070 Z0.0400 F5142.9 ; Width: 0.350mm
G1 X75.9239 Y43.8220 Z0.0400 F1359.6 ; Width: 1.324mm
G1 X75.9238 Y47.6370 Z0.0400 F2026.2 ; Width: 0.888mm
G1 X75.9237 Y51.4520 Z0.0400 F1943.2 ; Width: 0.926mm
M118 P0 S"89" ; Sync timer
G1 X75.9236 Y55.2670 Z0.0400 F1161.8 ; Width: 1.549mm
G1 X75.9240 Y55.3470 Z0.0400 F5142.9 ; Width: 0.350mm
G1 X75.9432 Y55.3670 Z0.0400 F5142.9 ; Width: 0.350mm
G1 X75.9440 Y55.4070 Z0.0400 F5142.9 ; Width: 0.350mm
G1 X75.9634 Y55.4270 Z0.0400 F5142.9 ; Width: 0.350mm
G1 X75.9639 Y55.4470 Z0.0400 F5142.9 ; Width: 0.350mm
G1 X75.9834 Y55.4670 Z0.0400 F5142.9 ; Width: 0.350mm
G1 X75.9839 Y55.4870 Z0.0400 F5142.9 ; Width: 0.350mm
G1 X76.1630 Y55.6661 Z0.0400 F5142.9 ; Width: 0.350mm
G1 X76.1830 Y55.6666 Z0.0400 F5142.9 ; Width: 0.350mm
G1 X76.2030 Y55.6860 Z0.0400 F5142.9 ; Width: 0.350mm
G1 X76.2430 Y55.6868 Z0.0400 F5142.9 ; Width: 0.350mm
G1 X76.2630 Y55.7060 Z0.0400 F5142.9 ; Width: 0.350mm
G1 X78.4630 Y55.7060 Z0.0400 F2013.2 ; Width: 0.894mm
G1 X78.4830 Y55.6868 Z0.0400 F5142.9 ; Width: 0.350mm
G1 X78.5230 Y55.6860 Z0.0400 F5142.9 ; Width: 0.350mm
G1 X78.5430 Y55.6666 Z0.0400 F5142.9 ; Width: 0.350mm
G1 X78.5630 Y55.6661 Z0.0400 F5142.9 ; Width: 0.350mm
G1 X78.7221 Y55.5070 Z0.0400 F5142.9 ; Width: 0.350mm
G1 X78.7226 Y55.4870 Z0.0400 F5142.9 ; Width: 0.350mm
G1 X78.7421 Y55.4670 Z0.0400 F5142.9 ; Width: 0.350mm
G1 X78.7426 Y55.4470 Z0.0400 F5142.9 ; Width: 0.350mm
G1 X78.7620 Y55.4270 Z0.0400 F5142.9 ; Width: 0.350mm
G1 X78.7628 Y55.3870 Z0.0400 F5142.9 ; Width: 0.350mm
G1 X78.7820 Y55.3670 Z0.0400 F5142.9 ; Width: 0.350mm
G1 X78.7822 Y52.5270 Z0.0400 F1653.3 ; Width: 1.089mm
G1 X78.7824 Y49.6870 Z0.0400 F1612.3 ; Width: 1.116mm
G1 X78.8014 Y49.6670 Z0.0400 F5142.9 ; Width: 0.350mm
G1 X78.8014 Y49.6270 Z0.0400 F5142.9 ; Width: 0.350mm
G1 X78.9030 Y49.5245 Z0.0400 F5142.9 ; Width: 0.350mm
G1 X78.9230 Y49.5245 Z0.0400 F5142.9 ; Width: 0.350mm
G1 X78.9430 Y49.5054 Z0.0400 F5142.9 ; Width: 0.350mm
G1 X79.0230 Y49.5054 Z0.0400 F5142.9 ; Width: 0.350mm
G1 X79.0430 Y49.4864 Z0.0400 F5142.9 ; Width: 0.350mm
G1 X79.9830 Y49.4864 Z0.0400 F3829.8 ; Width: 0.470mm
G1 X80.0030 Y49.5054 Z0.0400 F5142.9 ; Width: 0.350mm
G1 X80.0830 Y49.5054 Z0.0400 F5142.9 ; Width: 0.350mm
G1 X80.1030 Y49.5245 Z0.0400 F5142.9 ; Width: 0.350mm
G1 X80.1230 Y49.5245 Z0.0400 F5142.9 ; Width: 0.350mm
G1 X80.2246 Y49.6270 Z0.0400 F5142.9 ; Width: 0.350mm
G1 X80.2246 Y49.6670 Z0.0400 F5142.9 ; Width: 0.350mm
G1 X80.2436 Y49.6870 Z0.0400 F5142.9 ; Width: 0.350mm
G1 X80.2436 Y52.4970 Z0.0400 F1556.0 ; Width: 1.157mm
G1 X80.2437 Y55.3070 Z0.0400 F1627.8 ; Width: 1.106mm
G1 X80.2440 Y55.3470 Z0.0400 F5142.9 ; Width: 0.350mm
G1 X80.2632 Y55.3670 Z0.0400 F5142.9 ; Width: 0.350mm
G1 X80.2640 Y55.4070 Z0.0400 F5142.9 ; Width: 0.350mm
G1 X80.2832 Y55.4270 Z0.0400 F5142.9 ; Width: 0.350mm
G1 X80.2840 Y55.4670 Z0.0400 F5142.9 ; Width: 0.350mm
G1 X80.3034 Y55.4870 Z0.0400 F5142.9 ; Width: 0.350mm
G1 X80.3039 Y55.5070 Z0.0400 F5142.9 ; Width: 0.350mm
G1 X80.4630 Y55.6661 Z0.0400 F5142.9 ; Width: 0.350mm
G1 X80.4830 Y55.6666 Z0.0400 F5142.9 ; Width: 0.350mm
G1 X80.5030 Y55.6860 Z0.0400 F5142.9 ; Width: 0.350mm
G1 X80.5430 Y55.6868 Z0.0400 F5142.9 ; Width: 0.350mm
G1 X80.5630 Y55.7060 Z0.0400 F5142.9 ; Width: 0.350mm
M118 P0 S"90" ; Sync timer
G1 X82.7430 Y55.7062 Z0.0400 F2003.9 ; Width: 0.898mm
G1 X82.7630 Y55.7060 Z0.0400 F5142.9 ; Width: 0.350mm
G1 X82.7828 Y55.6870 Z0.0400 F5142.9 ; Width: 0.350mm
G0 Z1.0400 F6000.0 ; Z-hop up
G0 X86.3030 Y44.4070 F6000.0 ; Travel to new path
G0 Z0.0400 F6000.0 ; Z-hop down
G1 X86.4430 Y44.6670 Z0.0400 F3703.7 ; Width: 0.486mm
G1 X86.6630 Y44.9070 Z0.0400 F5142.9 ; Width: 0.350mm
G1 X86.6830 Y44.9070 Z0.0400 F5142.9 ; Width: 0.350mm
G1 X87.1430 Y44.5070 Z0.0400 F5142.9 ; Width: 0.350mm
G0 Z1.0400 F6000.0 ; Z-hop up
G0 X89.0630 Y45.4070 F6000.0 ; Travel to new path
G0 Z0.0400 F6000.0 ; Z-hop down
G1 X88.8830 Y45.2070 Z0.0400 F2797.1 ; Width: 0.644mm
G1 X88.6230 Y45.0270 Z0.0400 F2275.4 ; Width: 0.791mm
G1 X88.1630 Y45.4470 Z0.0400 F2617.9 ; Width: 0.688mm
G1 X88.3630 Y45.1870 Z0.0400 F2895.1 ; Width: 0.622mm
G1 X88.5830 Y45.0270 Z0.0400 F2269.0 ; Width: 0.793mm
G1 X88.6030 Y45.0070 Z0.0400 F2017.0 ; Width: 0.892mm
G1 X88.6230 Y42.5470 Z0.0400 F2511.5 ; Width: 0.717mm
G0 Z1.0400 F6000.0 ; Z-hop up
G0 X81.6630 Y41.0670 F6000.0 ; Travel to new path
G0 Z0.0400 F6000.0 ; Z-hop down
G1 X81.6530 Y44.0970 Z0.0400 F1321.2 ; Width: 1.362mm
G1 X81.6430 Y47.1270 Z0.0400 F2604.2 ; Width: 0.691mm
G1 X81.5630 Y47.6070 Z0.0400 F2788.1 ; Width: 0.646mm
G1 X81.4230 Y47.9670 Z0.0400 F5142.9 ; Width: 0.350mm
G1 X81.4030 Y47.9670 Z0.0400 F5142.9 ; Width: 0.350mm
G1 X80.5830 Y47.9670 Z0.0400 F4181.5 ; Width: 0.430mm
G1 X80.5630 Y47.9670 Z0.0400 F2524.6 ; Width: 0.713mm
G1 X80.5430 Y47.9670 Z0.0400 F2510.9 ; Width: 0.717mm
G1 X80.5230 Y47.9670 Z0.0400 F2495.4 ; Width: 0.721mm
G1 X80.2830 Y47.9670 Z0.0400 F2360.6 ; Width: 0.763mm
G1 X80.2630 Y47.9670 Z0.0400 F2188.7 ; Width: 0.822mm
M118 P0 S"91" ; Sync timer
G1 X77.8630 Y47.9670 Z0.0400 F1765.9 ; Width: 1.019mm
G1 X77.8430 Y47.9670 Z0.0400 F5142.9 ; Width: 0.350mm
G1 X77.5830 Y47.9670 Z0.0400 F5142.9 ; Width: 0.350mm
G1 X77.5630 Y47.9670 Z0.0400 F5142.9 ; Width: 0.350mm
G1 X77.4230 Y47.6070 Z0.0400 F5142.9 ; Width: 0.350mm
G1 X77.3430 Y47.2070 Z0.0400 F2964.0 ; Width: 0.607mm
G1 X77.3530 Y44.1370 Z0.0400 F2542.2 ; Width: 0.708mm
G1 X77.3630 Y41.0670 Z0.0400 F1334.4 ; Width: 1.349mm
G0 Z1.0400 F6000.0 ; Z-hop up
G0 X77.5630 Y47.9870 F6000.0 ; Travel to new path
G0 Z0.0400 F6000.0 ; Z-hop down
G1 X77.4230 Y48.3670 Z0.0400 F5142.9 ; Width: 0.350mm
G1 X77.3430 Y48.7670 Z0.0400 F2873.5 ; Width: 0.626mm
G1 X77.3330 Y51.5070 Z0.0400 F2867.2 ; Width: 0.628mm
G1 X77.3230 Y54.2470 Z0.0400 F1515.9 ; Width: 1.187mm
G0 Z1.0400 F6000.0 ; Z-hop up
G0 X81.6230 Y54.2470 F6000.0 ; Travel to new path
G0 Z0.0400 F6000.0 ; Z-hop down
G1 X81.6330 Y51.5470 Z0.0400 F1724.7 ; Width: 1.044mm
M118 P0 S"92" ; Sync timer
G1 X81.6430 Y48.8470 Z0.0400 F2682.2 ; Width: 0.671mm
G1 X81.5630 Y48.3670 Z0.0400 F2707.5 ; Width: 0.665mm
G1 X81.4230 Y47.9870 Z0.0400 F5142.9 ; Width: 0.350mm
G0 Z1.0400 F6000.0 ; Z-hop up
G0 X85.2830 Y52.2870 F6000.0 ; Travel to new path
G0 Z0.0400 F6000.0 ; Z-hop down
G1 X85.2830 Y52.4070 Z0.0400 F3082.7 ; Width: 0.584mm
G0 Z1.0400 F6000.0 ; Z-hop up
G0 X85.9430 Y54.1872 F6000.0 ; Travel to new path
G0 Z0.0400 F6000.0 ; Z-hop down
G1 X85.7030 Y54.1872 Z0.0400 F5142.9 ; Width: 0.350mm
G1 X85.6830 Y54.1676 Z0.0400 F5142.9 ; Width: 0.350mm
G1 X85.6030 Y54.1676 Z0.0400 F5142.9 ; Width: 0.350mm
G1 X85.5830 Y54.1479 Z0.0400 F5142.9 ; Width: 0.350mm
G1 X85.5630 Y54.1479 Z0.0400 F5142.9 ; Width: 0.350mm
G1 X85.4624 Y54.0470 Z0.0400 F5142.9 ; Width: 0.350mm
G1 X85.4624 Y54.0070 Z0.0400 F5142.9 ; Width: 0.350mm
G1 X85.4428 Y53.9870 Z0.0400 F5142.9 ; Width: 0.350mm
G1 X85.4428 Y53.0870 Z0.0400 F4000.0 ; Width: 0.450mm
G1 X85.4624 Y53.0670 Z0.0400 F5142.9 ; Width: 0.350mm
G1 X85.4624 Y53.0270 Z0.0400 F5142.9 ; Width: 0.350mm
G1 X85.5630 Y52.9249 Z0.0400 F5142.9 ; Width: 0.350mm
G1 X85.5830 Y52.9250 Z0.0400 F5142.9 ; Width: 0.350mm
G1 X85.6030 Y52.9055 Z0.0400 F5142.9 ; Width: 0.350mm
G1 X85.6830 Y52.9061 Z0.0400 F5142.9 ; Width: 0.350mm
G1 X85.7030 Y52.8865 Z0.0400 F5142.9 ; Width: 0.350mm
G1 X85.7230 Y52.9064 Z0.0400 F5142.9 ; Width: 0.350mm
G1 X85.8030 Y52.9069 Z0.0400 F5142.9 ; Width: 0.350mm
G1 X85.8230 Y52.9266 Z0.0400 F5142.9 ; Width: 0.350mm
G1 X85.8830 Y52.9270 Z0.0400 F5142.9 ; Width: 0.350mm
G1 X85.9030 Y52.9467 Z0.0400 F5142.9 ; Width: 0.350mm
G1 X85.9830 Y52.9470 Z0.0400 F5142.9 ; Width: 0.350mm
G1 X86.0030 Y52.9666 Z0.0400 F5142.9 ; Width: 0.350mm
G1 X86.0830 Y52.9668 Z0.0400 F5142.9 ; Width: 0.350mm
G1 X86.1030 Y52.9864 Z0.0400 F5142.9 ; Width: 0.350mm
G1 X86.1430 Y52.9864 Z0.0400 F5142.9 ; Width: 0.350mm
G1 X86.1630 Y53.0061 Z0.0400 F5142.9 ; Width: 0.350mm
G1 X86.1830 Y53.0061 Z0.0400 F5142.9 ; Width: 0.350mm
G1 X86.2843 Y53.1070 Z0.0400 F5142.9 ; Width: 0.350mm
G1 X86.2842 Y53.1470 Z0.0400 F5142.9 ; Width: 0.350mm
G1 X86.3038 Y53.1670 Z0.0400 F5142.9 ; Width: 0.350mm
G1 X86.3030 Y53.3870 Z0.0400 F5142.9 ; Width: 0.350mm
G1 X86.2833 Y53.4070 Z0.0400 F5142.9 ; Width: 0.350mm
G1 X86.2830 Y53.4870 Z0.0400 F5142.9 ; Width: 0.350mm
G1 X86.2634 Y53.5070 Z0.0400 F5142.9 ; Width: 0.350mm
G1 X86.2630 Y53.6270 Z0.0400 F5142.9 ; Width: 0.350mm
G1 X86.2433 Y53.6470 Z0.0400 F5142.9 ; Width: 0.350mm
G1 X86.2430 Y53.7270 Z0.0400 F5142.9 ; Width: 0.350mm
G1 X86.2234 Y53.7470 Z0.0400 F5142.9 ; Width: 0.350mm
G1 X86.2230 Y53.9070 Z0.0400 F5142.9 ; Width: 0.350mm
G1 X86.2034 Y53.9270 Z0.0400 F5142.9 ; Width: 0.350mm
G1 X86.2032 Y53.9870 Z0.0400 F5142.9 ; Width: 0.350mm
G1 X86.1835 Y54.0070 Z0.0400 F5142.9 ; Width: 0.350mm
G1 X86.1834 Y54.0470 Z0.0400 F5142.9 ; Width: 0.350mm
G1 X86.0830 Y54.1479 Z0.0400 F5142.9 ; Width: 0.350mm
G1 X86.0630 Y54.1479 Z0.0400 F5142.9 ; Width: 0.350mm
G1 X86.0430 Y54.1676 Z0.0400 F5142.9 ; Width: 0.350mm
G1 X85.9630 Y54.1676 Z0.0400 F5142.9 ; Width: 0.350mm
G1 X85.9430 Y54.1872 Z0.0400 F5142.9 ; Width: 0.350mm
G0 Z1.0400 F6000.0 ; Z-hop up
G0 X85.9430 Y54.1872 F6000.0 ; Travel to new path
G0 Z0.0400 F6000.0 ; Z-hop down
G1 X85.7030 Y54.1872 Z0.0400 F5142.9 ; Width: 0.350mm
G1 X85.6830 Y54.1676 Z0.0400 F5142.9 ; Width: 0.350mm
G1 X85.6030 Y54.1676 Z0.0400 F5142.9 ; Width: 0.350mm
G1 X85.5830 Y54.1479 Z0.0400 F5142.9 ; Width: 0.350mm
G1 X85.5630 Y54.1479 Z0.0400 F5142.9 ; Width: 0.350mm
G1 X85.4624 Y54.0470 Z0.0400 F5142.9 ; Width: 0.350mm
G1 X85.4624 Y54.0070 Z0.0400 F5142.9 ; Width: 0.350mm
G1 X85.4428 Y53.9870 Z0.0400 F5142.9 ; Width: 0.350mm
G1 X85.4428 Y53.0870 Z0.0400 F4000.0 ; Width: 0.450mm
G1 X85.4624 Y53.0670 Z0.0400 F5142.9 ; Width: 0.350mm
G1 X85.4624 Y53.0270 Z0.0400 F5142.9 ; Width: 0.350mm
G1 X85.5630 Y52.9249 Z0.0400 F5142.9 ; Width: 0.350mm
G1 X85.5830 Y52.9250 Z0.0400 F5142.9 ; Width: 0.350mm
G1 X85.6030 Y52.9055 Z0.0400 F5142.9 ; Width: 0.350mm
G1 X85.6830 Y52.9061 Z0.0400 F5142.9 ; Width: 0.350mm
G1 X85.7030 Y52.8865 Z0.0400 F5142.9 ; Width: 0.350mm
G1 X85.7230 Y52.9064 Z0.0400 F5142.9 ; Width: 0.350mm
G1 X85.8030 Y52.9069 Z0.0400 F5142.9 ; Width: 0.350mm
G1 X85.8230 Y52.9266 Z0.0400 F5142.9 ; Width: 0.350mm
G1 X85.8830 Y52.9270 Z0.0400 F5142.9 ; Width: 0.350mm
G1 X85.9030 Y52.9467 Z0.0400 F5142.9 ; Width: 0.350mm
G1 X85.9830 Y52.9470 Z0.0400 F5142.9 ; Width: 0.350mm
G1 X86.0030 Y52.9666 Z0.0400 F5142.9 ; Width: 0.350mm
G1 X86.0830 Y52.9668 Z0.0400 F5142.9 ; Width: 0.350mm
G1 X86.1030 Y52.9864 Z0.0400 F5142.9 ; Width: 0.350mm
G1 X86.1430 Y52.9864 Z0.0400 F5142.9 ; Width: 0.350mm
G1 X86.1630 Y53.0061 Z0.0400 F5142.9 ; Width: 0.350mm
G1 X86.1830 Y53.0061 Z0.0400 F5142.9 ; Width: 0.350mm
G1 X86.2843 Y53.1070 Z0.0400 F5142.9 ; Width: 0.350mm
G1 X86.2842 Y53.1470 Z0.0400 F5142.9 ; Width: 0.350mm
G1 X86.3038 Y53.1670 Z0.0400 F5142.9 ; Width: 0.350mm
G1 X86.3030 Y53.3870 Z0.0400 F5142.9 ; Width: 0.350mm
G1 X86.2833 Y53.4070 Z0.0400 F5142.9 ; Width: 0.350mm
G1 X86.2830 Y53.4870 Z0.0400 F5142.9 ; Width: 0.350mm
G1 X86.2634 Y53.5070 Z0.0400 F5142.9 ; Width: 0.350mm
G1 X86.2630 Y53.6270 Z0.0400 F5142.9 ; Width: 0.350mm
G1 X86.2433 Y53.6470 Z0.0400 F5142.9 ; Width: 0.350mm
G1 X86.2430 Y53.7270 Z0.0400 F5142.9 ; Width: 0.350mm
G1 X86.2234 Y53.7470 Z0.0400 F5142.9 ; Width: 0.350mm
G1 X86.2230 Y53.9070 Z0.0400 F5142.9 ; Width: 0.350mm
G1 X86.2034 Y53.9270 Z0.0400 F5142.9 ; Width: 0.350mm
G1 X86.2032 Y53.9870 Z0.0400 F5142.9 ; Width: 0.350mm
G1 X86.1835 Y54.0070 Z0.0400 F5142.9 ; Width: 0.350mm
G1 X86.1834 Y54.0470 Z0.0400 F5142.9 ; Width: 0.350mm
G1 X86.0830 Y54.1479 Z0.0400 F5142.9 ; Width: 0.350mm
G1 X86.0630 Y54.1479 Z0.0400 F5142.9 ; Width: 0.350mm
G1 X86.0430 Y54.1676 Z0.0400 F5142.9 ; Width: 0.350mm
G1 X85.9630 Y54.1676 Z0.0400 F5142.9 ; Width: 0.350mm
G1 X85.9430 Y54.1872 Z0.0400 F5142.9 ; Width: 0.350mm
G0 Z1.0400 F6000.0 ; Z-hop up
G0 X82.0230 Y54.8876 F6000.0 ; Travel to new path
G0 Z0.0400 F6000.0 ; Z-hop down
G1 X81.2830 Y54.8876 Z0.0400 F4864.9 ; Width: 0.370mm
G1 X81.2630 Y54.8686 Z0.0400 F5142.9 ; Width: 0.350mm
G1 X81.1830 Y54.8686 Z0.0400 F5142.9 ; Width: 0.350mm
G1 X81.1630 Y54.8495 Z0.0400 F5142.9 ; Width: 0.350mm
G1 X81.1430 Y54.8495 Z0.0400 F5142.9 ; Width: 0.350mm
G1 X81.0414 Y54.7470 Z0.0400 F5142.9 ; Width: 0.350mm
G1 X81.0414 Y54.7070 Z0.0400 F5142.9 ; Width: 0.350mm
G1 X81.0224 Y54.6870 Z0.0400 F5142.9 ; Width: 0.350mm
G1 X81.0224 Y52.0470 Z0.0400 F1689.5 ; Width: 1.065mm
G1 X81.0224 Y49.4070 Z0.0400 F1760.7 ; Width: 1.022mm
G1 X81.0228 Y49.3870 Z0.0400 F5142.9 ; Width: 0.350mm
G1 X81.0420 Y49.3670 Z0.0400 F5142.9 ; Width: 0.350mm
G1 X81.0420 Y49.1470 Z0.0400 F5142.9 ; Width: 0.350mm
G1 X81.0228 Y49.1270 Z0.0400 F5142.9 ; Width: 0.350mm
G1 X81.0220 Y49.0270 Z0.0400 F5142.9 ; Width: 0.350mm
G1 X81.0028 Y49.0070 Z0.0400 F5142.9 ; Width: 0.350mm
G1 X81.0020 Y48.9670 Z0.0400 F5142.9 ; Width: 0.350mm
G1 X80.9826 Y48.9470 Z0.0400 F5142.9 ; Width: 0.350mm
G1 X80.9821 Y48.9270 Z0.0400 F5142.9 ; Width: 0.350mm
G1 X80.8030 Y48.7479 Z0.0400 F5142.9 ; Width: 0.350mm
G1 X80.7830 Y48.7474 Z0.0400 F5142.9 ; Width: 0.350mm
G1 X80.7630 Y48.7280 Z0.0400 F5142.9 ; Width: 0.350mm
G1 X80.7230 Y48.7272 Z0.0400 F5142.9 ; Width: 0.350mm
G1 X80.7030 Y48.7080 Z0.0400 F5142.9 ; Width: 0.350mm
G1 X78.3230 Y48.7080 Z0.0400 F1979.5 ; Width: 0.909mm
G1 X78.3030 Y48.7272 Z0.0400 F5142.9 ; Width: 0.350mm
G1 X78.2630 Y48.7280 Z0.0400 F5142.9 ; Width: 0.350mm
G1 X78.2430 Y48.7474 Z0.0400 F5142.9 ; Width: 0.350mm
G1 X78.2230 Y48.7479 Z0.0400 F5142.9 ; Width: 0.350mm
G1 X78.0239 Y48.9470 Z0.0400 F5142.9 ; Width: 0.350mm
G1 X78.0234 Y48.9670 Z0.0400 F5142.9 ; Width: 0.350mm
G1 X78.0040 Y48.9870 Z0.0400 F5142.9 ; Width: 0.350mm
G1 X78.0032 Y49.0270 Z0.0400 F5142.9 ; Width: 0.350mm
G1 X77.9840 Y49.0470 Z0.0400 F5142.9 ; Width: 0.350mm
G1 X77.9837 Y49.0870 Z0.0400 F5142.9 ; Width: 0.350mm
M118 P0 S"93" ; Sync timer
G1 X77.9836 Y51.8870 Z0.0400 F1592.2 ; Width: 1.131mm
G1 X77.9836 Y54.6870 Z0.0400 F1632.7 ; Width: 1.102mm
G1 X77.9646 Y54.7070 Z0.0400 F5142.9 ; Width: 0.350mm
G1 X77.9646 Y54.7470 Z0.0400 F5142.9 ; Width: 0.350mm
G1 X77.8630 Y54.8495 Z0.0400 F5142.9 ; Width: 0.350mm
G1 X77.8430 Y54.8495 Z0.0400 F5142.9 ; Width: 0.350mm
G1 X77.8230 Y54.8686 Z0.0400 F5142.9 ; Width: 0.350mm
G1 X77.7430 Y54.8686 Z0.0400 F5142.9 ; Width: 0.350mm
G1 X77.7230 Y54.8876 Z0.0400 F5142.9 ; Width: 0.350mm
G1 X76.9830 Y54.8876 Z0.0400 F4864.9 ; Width: 0.370mm
G1 X76.9630 Y54.8686 Z0.0400 F5142.9 ; Width: 0.350mm
G1 X76.8830 Y54.8686 Z0.0400 F5142.9 ; Width: 0.350mm
G1 X76.8630 Y54.8495 Z0.0400 F5142.9 ; Width: 0.350mm
G1 X76.8430 Y54.8495 Z0.0400 F5142.9 ; Width: 0.350mm
G1 X76.7414 Y54.7470 Z0.0400 F5142.9 ; Width: 0.350mm
G1 X76.7414 Y54.7070 Z0.0400 F5142.9 ; Width: 0.350mm
G1 X76.7224 Y54.6870 Z0.0400 F5142.9 ; Width: 0.350mm
G1 X76.7224 Y50.0137 Z0.0400 F1728.9 ; Width: 1.041mm
G1 X76.7224 Y45.3403 Z0.0400 F2556.7 ; Width: 0.704mm
G1 X76.7224 Y40.6670 Z0.0400 F1574.3 ; Width: 1.143mm
G1 X76.7414 Y40.6470 Z0.0400 F5142.9 ; Width: 0.350mm
G1 X76.7414 Y40.6070 Z0.0400 F5142.9 ; Width: 0.350mm
G1 X76.8430 Y40.5045 Z0.0400 F5142.9 ; Width: 0.350mm
G1 X76.8630 Y40.5045 Z0.0400 F5142.9 ; Width: 0.350mm
G1 X76.8830 Y40.4854 Z0.0400 F5142.9 ; Width: 0.350mm
G1 X76.9630 Y40.4854 Z0.0400 F5142.9 ; Width: 0.350mm
G1 X76.9830 Y40.4664 Z0.0400 F5142.9 ; Width: 0.350mm
G1 X77.7230 Y40.4664 Z0.0400 F4864.9 ; Width: 0.370mm
G1 X77.7430 Y40.4854 Z0.0400 F5142.9 ; Width: 0.350mm
G1 X77.8230 Y40.4854 Z0.0400 F5142.9 ; Width: 0.350mm
G1 X77.8430 Y40.5045 Z0.0400 F5142.9 ; Width: 0.350mm
G1 X77.8630 Y40.5045 Z0.0400 F5142.9 ; Width: 0.350mm
G1 X77.9646 Y40.6070 Z0.0400 F5142.9 ; Width: 0.350mm
G1 X77.9646 Y40.6470 Z0.0400 F5142.9 ; Width: 0.350mm
G1 X77.9836 Y40.6670 Z0.0400 F5142.9 ; Width: 0.350mm
M118 P0 S"94" ; Sync timer
G1 X77.9838 Y43.7970 Z0.0400 F1463.7 ; Width: 1.230mm
G1 X77.9840 Y46.9270 Z0.0400 F1491.4 ; Width: 1.207mm
G1 X78.0032 Y46.9470 Z0.0400 F5142.9 ; Width: 0.350mm
G1 X78.0040 Y46.9870 Z0.0400 F5142.9 ; Width: 0.350mm
G1 X78.0234 Y47.0070 Z0.0400 F5142.9 ; Width: 0.350mm
G1 X78.0239 Y47.0270 Z0.0400 F5142.9 ; Width: 0.350mm
G1 X78.1030 Y47.1068 Z0.0400 F5142.9 ; Width: 0.350mm
G1 X78.2230 Y47.2261 Z0.0400 F5142.9 ; Width: 0.350mm
G1 X78.2430 Y47.2266 Z0.0400 F5142.9 ; Width: 0.350mm
G1 X78.2630 Y47.2460 Z0.0400 F5142.9 ; Width: 0.350mm
G1 X78.3030 Y47.2468 Z0.0400 F5142.9 ; Width: 0.350mm
G1 X78.3230 Y47.2660 Z0.0400 F5142.9 ; Width: 0.350mm
G1 X80.7030 Y47.2660 Z0.0400 F1942.8 ; Width: 0.926mm
G1 X80.7230 Y47.2468 Z0.0400 F5142.9 ; Width: 0.350mm
G1 X80.7630 Y47.2460 Z0.0400 F5142.9 ; Width: 0.350mm
G1 X80.7830 Y47.2266 Z0.0400 F5142.9 ; Width: 0.350mm
G1 X80.8030 Y47.2261 Z0.0400 F5142.9 ; Width: 0.350mm
G1 X80.9821 Y47.0470 Z0.0400 F5142.9 ; Width: 0.350mm
G1 X80.9826 Y47.0270 Z0.0400 F5142.9 ; Width: 0.350mm
G1 X81.0020 Y47.0070 Z0.0400 F5142.9 ; Width: 0.350mm
G1 X81.0028 Y46.9670 Z0.0400 F5142.9 ; Width: 0.350mm
G1 X81.0220 Y46.9470 Z0.0400 F5142.9 ; Width: 0.350mm
G1 X81.0223 Y46.9070 Z0.0400 F5142.9 ; Width: 0.350mm
G1 X81.0224 Y43.7870 Z0.0400 F1493.3 ; Width: 1.205mm
G1 X81.0224 Y40.6670 Z0.0400 F1493.4 ; Width: 1.205mm
G1 X81.0414 Y40.6470 Z0.0400 F5142.9 ; Width: 0.350mm
G1 X81.0414 Y40.6070 Z0.0400 F5142.9 ; Width: 0.350mm
G1 X81.1430 Y40.5045 Z0.0400 F5142.9 ; Width: 0.350mm
G1 X81.1630 Y40.5045 Z0.0400 F5142.9 ; Width: 0.350mm
G1 X81.1830 Y40.4854 Z0.0400 F5142.9 ; Width: 0.350mm
G1 X81.2630 Y40.4854 Z0.0400 F5142.9 ; Width: 0.350mm
G1 X81.2830 Y40.4664 Z0.0400 F5142.9 ; Width: 0.350mm
G1 X82.0230 Y40.4664 Z0.0400 F4864.9 ; Width: 0.370mm
G1 X82.0430 Y40.4854 Z0.0400 F5142.9 ; Width: 0.350mm
G1 X82.1230 Y40.4854 Z0.0400 F5142.9 ; Width: 0.350mm
G1 X82.1430 Y40.5045 Z0.0400 F5142.9 ; Width: 0.350mm
G1 X82.1630 Y40.5045 Z0.0400 F5142.9 ; Width: 0.350mm
G1 X82.2646 Y40.6070 Z0.0400 F5142.9 ; Width: 0.350mm
G1 X82.2646 Y40.6470 Z0.0400 F5142.9 ; Width: 0.350mm
G1 X82.2836 Y40.6670 Z0.0400 F5142.9 ; Width: 0.350mm
M118 P0 S"95" ; Sync timer
G1 X82.2836 Y45.3403 Z0.0400 F1506.7 ; Width: 1.195mm
G1 X82.2836 Y50.0137 Z0.0400 F2486.4 ; Width: 0.724mm
G1 X82.2836 Y54.6870 Z0.0400 F1741.3 ; Width: 1.034mm
G1 X82.2646 Y54.7070 Z0.0400 F5142.9 ; Width: 0.350mm
G1 X82.2646 Y54.7470 Z0.0400 F5142.9 ; Width: 0.350mm
G1 X82.1630 Y54.8495 Z0.0400 F5142.9 ; Width: 0.350mm
G1 X82.1430 Y54.8495 Z0.0400 F5142.9 ; Width: 0.350mm
G1 X82.1230 Y54.8686 Z0.0400 F5142.9 ; Width: 0.350mm
G1 X82.0430 Y54.8686 Z0.0400 F5142.9 ; Width: 0.350mm
G1 X82.0230 Y54.8876 Z0.0400 F5142.9 ; Width: 0.350mm
G0 Z1.0400 F6000.0 ; Z-hop up
G0 X82.0230 Y54.8876 F6000.0 ; Travel to new path
G0 Z0.0400 F6000.0 ; Z-hop down
G1 X81.2830 Y54.8876 Z0.0400 F4864.9 ; Width: 0.370mm
G1 X81.2630 Y54.8686 Z0.0400 F5142.9 ; Width: 0.350mm
G1 X81.1830 Y54.8686 Z0.0400 F5142.9 ; Width: 0.350mm
G1 X81.1630 Y54.8495 Z0.0400 F5142.9 ; Width: 0.350mm
G1 X81.1430 Y54.8495 Z0.0400 F5142.9 ; Width: 0.350mm
G1 X81.0414 Y54.7470 Z0.0400 F5142.9 ; Width: 0.350mm
G1 X81.0414 Y54.7070 Z0.0400 F5142.9 ; Width: 0.350mm
G1 X81.0224 Y54.6870 Z0.0400 F5142.9 ; Width: 0.350mm
G1 X81.0224 Y52.0470 Z0.0400 F1689.5 ; Width: 1.065mm
G1 X81.0224 Y49.4070 Z0.0400 F1760.7 ; Width: 1.022mm
G1 X81.0228 Y49.3870 Z0.0400 F5142.9 ; Width: 0.350mm
G1 X81.0420 Y49.3670 Z0.0400 F5142.9 ; Width: 0.350mm
G1 X81.0420 Y49.1470 Z0.0400 F5142.9 ; Width: 0.350mm
G1 X81.0228 Y49.1270 Z0.0400 F5142.9 ; Width: 0.350mm
G1 X81.0220 Y49.0270 Z0.0400 F5142.9 ; Width: 0.350mm
G1 X81.0028 Y49.0070 Z0.0400 F5142.9 ; Width: 0.350mm
G1 X81.0020 Y48.9670 Z0.0400 F5142.9 ; Width: 0.350mm
G1 X80.9826 Y48.9470 Z0.0400 F5142.9 ; Width: 0.350mm
G1 X80.9821 Y48.9270 Z0.0400 F5142.9 ; Width: 0.350mm
G1 X80.8030 Y48.7479 Z0.0400 F5142.9 ; Width: 0.350mm
G1 X80.7830 Y48.7474 Z0.0400 F5142.9 ; Width: 0.350mm
G1 X80.7630 Y48.7280 Z0.0400 F5142.9 ; Width: 0.350mm
G1 X80.7230 Y48.7272 Z0.0400 F5142.9 ; Width: 0.350mm
G1 X80.7030 Y48.7080 Z0.0400 F5142.9 ; Width: 0.350mm
G1 X78.3230 Y48.7080 Z0.0400 F1979.5 ; Width: 0.909mm
G1 X78.3030 Y48.7272 Z0.0400 F5142.9 ; Width: 0.350mm
G1 X78.2630 Y48.7280 Z0.0400 F5142.9 ; Width: 0.350mm
G1 X78.2430 Y48.7474 Z0.0400 F5142.9 ; Width: 0.350mm
G1 X78.2230 Y48.7479 Z0.0400 F5142.9 ; Width: 0.350mm
G1 X78.0239 Y48.9470 Z0.0400 F5142.9 ; Width: 0.350mm
G1 X78.0234 Y48.9670 Z0.0400 F5142.9 ; Width: 0.350mm
G1 X78.0040 Y48.9870 Z0.0400 F5142.9 ; Width: 0.350mm
G1 X78.0032 Y49.0270 Z0.0400 F5142.9 ; Width: 0.350mm
G1 X77.9840 Y49.0470 Z0.0400 F5142.9 ; Width: 0.350mm
G1 X77.9837 Y49.0870 Z0.0400 F5142.9 ; Width: 0.350mm
M118 P0 S"96" ; Sync timer
G1 X77.9836 Y51.8870 Z0.0400 F1592.2 ; Width: 1.131mm
G1 X77.9836 Y54.6870 Z0.0400 F1632.7 ; Width: 1.102mm
G1 X77.9646 Y54.7070 Z0.0400 F5142.9 ; Width: 0.350mm
G1 X77.9646 Y54.7470 Z0.0400 F5142.9 ; Width: 0.350mm
G1 X77.8630 Y54.8495 Z0.0400 F5142.9 ; Width: 0.350mm
G1 X77.8430 Y54.8495 Z0.0400 F5142.9 ; Width: 0.350mm
G1 X77.8230 Y54.8686 Z0.0400 F5142.9 ; Width: 0.350mm
G1 X77.7430 Y54.8686 Z0.0400 F5142.9 ; Width: 0.350mm
G1 X77.7230 Y54.8876 Z0.0400 F5142.9 ; Width: 0.350mm
G1 X76.9830 Y54.8876 Z0.0400 F4864.9 ; Width: 0.370mm
G1 X76.9630 Y54.8686 Z0.0400 F5142.9 ; Width: 0.350mm
G1 X76.8830 Y54.8686 Z0.0400 F5142.9 ; Width: 0.350mm
G1 X76.8630 Y54.8495 Z0.0400 F5142.9 ; Width: 0.350mm
G1 X76.8430 Y54.8495 Z0.0400 F5142.9 ; Width: 0.350mm
G1 X76.7414 Y54.7470 Z0.0400 F5142.9 ; Width: 0.350mm
G1 X76.7414 Y54.7070 Z0.0400 F5142.9 ; Width: 0.350mm
G1 X76.7224 Y54.6870 Z0.0400 F5142.9 ; Width: 0.350mm
G1 X76.7224 Y50.0137 Z0.0400 F1728.9 ; Width: 1.041mm
G1 X76.7224 Y45.3403 Z0.0400 F2556.7 ; Width: 0.704mm
G1 X76.7224 Y40.6670 Z0.0400 F1574.3 ; Width: 1.143mm
G1 X76.7414 Y40.6470 Z0.0400 F5142.9 ; Width: 0.350mm
G1 X76.7414 Y40.6070 Z0.0400 F5142.9 ; Width: 0.350mm
G1 X76.8430 Y40.5045 Z0.0400 F5142.9 ; Width: 0.350mm
G1 X76.8630 Y40.5045 Z0.0400 F5142.9 ; Width: 0.350mm
G1 X76.8830 Y40.4854 Z0.0400 F5142.9 ; Width: 0.350mm
G1 X76.9630 Y40.4854 Z0.0400 F5142.9 ; Width: 0.350mm
G1 X76.9830 Y40.4664 Z0.0400 F5142.9 ; Width: 0.350mm
G1 X77.7230 Y40.4664 Z0.0400 F4864.9 ; Width: 0.370mm
G1 X77.7430 Y40.4854 Z0.0400 F5142.9 ; Width: 0.350mm
G1 X77.8230 Y40.4854 Z0.0400 F5142.9 ; Width: 0.350mm
G1 X77.8430 Y40.5045 Z0.0400 F5142.9 ; Width: 0.350mm
G1 X77.8630 Y40.5045 Z0.0400 F5142.9 ; Width: 0.350mm
G1 X77.9646 Y40.6070 Z0.0400 F5142.9 ; Width: 0.350mm
G1 X77.9646 Y40.6470 Z0.0400 F5142.9 ; Width: 0.350mm
G1 X77.9836 Y40.6670 Z0.0400 F5142.9 ; Width: 0.350mm
M118 P0 S"97" ; Sync timer
G1 X77.9838 Y43.7970 Z0.0400 F1463.7 ; Width: 1.230mm
G1 X77.9840 Y46.9270 Z0.0400 F1491.4 ; Width: 1.207mm
G1 X78.0032 Y46.9470 Z0.0400 F5142.9 ; Width: 0.350mm
G1 X78.0040 Y46.9870 Z0.0400 F5142.9 ; Width: 0.350mm
G1 X78.0234 Y47.0070 Z0.0400 F5142.9 ; Width: 0.350mm
G1 X78.0239 Y47.0270 Z0.0400 F5142.9 ; Width: 0.350mm
G1 X78.1030 Y47.1068 Z0.0400 F5142.9 ; Width: 0.350mm
G1 X78.2230 Y47.2261 Z0.0400 F5142.9 ; Width: 0.350mm
G1 X78.2430 Y47.2266 Z0.0400 F5142.9 ; Width: 0.350mm
G1 X78.2630 Y47.2460 Z0.0400 F5142.9 ; Width: 0.350mm
G1 X78.3030 Y47.2468 Z0.0400 F5142.9 ; Width: 0.350mm
G1 X78.3230 Y47.2660 Z0.0400 F5142.9 ; Width: 0.350mm
G1 X80.7030 Y47.2660 Z0.0400 F1942.8 ; Width: 0.926mm
G1 X80.7230 Y47.2468 Z0.0400 F5142.9 ; Width: 0.350mm
G1 X80.7630 Y47.2460 Z0.0400 F5142.9 ; Width: 0.350mm
G1 X80.7830 Y47.2266 Z0.0400 F5142.9 ; Width: 0.350mm
G1 X80.8030 Y47.2261 Z0.0400 F5142.9 ; Width: 0.350mm
G1 X80.9821 Y47.0470 Z0.0400 F5142.9 ; Width: 0.350mm
G1 X80.9826 Y47.0270 Z0.0400 F5142.9 ; Width: 0.350mm
G1 X81.0020 Y47.0070 Z0.0400 F5142.9 ; Width: 0.350mm
G1 X81.0028 Y46.9670 Z0.0400 F5142.9 ; Width: 0.350mm
G1 X81.0220 Y46.9470 Z0.0400 F5142.9 ; Width: 0.350mm
G1 X81.0223 Y46.9070 Z0.0400 F5142.9 ; Width: 0.350mm
G1 X81.0224 Y43.7870 Z0.0400 F1493.3 ; Width: 1.205mm
G1 X81.0224 Y40.6670 Z0.0400 F1493.4 ; Width: 1.205mm
G1 X81.0414 Y40.6470 Z0.0400 F5142.9 ; Width: 0.350mm
G1 X81.0414 Y40.6070 Z0.0400 F5142.9 ; Width: 0.350mm
G1 X81.1430 Y40.5045 Z0.0400 F5142.9 ; Width: 0.350mm
G1 X81.1630 Y40.5045 Z0.0400 F5142.9 ; Width: 0.350mm
G1 X81.1830 Y40.4854 Z0.0400 F5142.9 ; Width: 0.350mm
G1 X81.2630 Y40.4854 Z0.0400 F5142.9 ; Width: 0.350mm
G1 X81.2830 Y40.4664 Z0.0400 F5142.9 ; Width: 0.350mm
G1 X82.0230 Y40.4664 Z0.0400 F4864.9 ; Width: 0.370mm
G1 X82.0430 Y40.4854 Z0.0400 F5142.9 ; Width: 0.350mm
G1 X82.1230 Y40.4854 Z0.0400 F5142.9 ; Width: 0.350mm
G1 X82.1430 Y40.5045 Z0.0400 F5142.9 ; Width: 0.350mm
G1 X82.1630 Y40.5045 Z0.0400 F5142.9 ; Width: 0.350mm
G1 X82.2646 Y40.6070 Z0.0400 F5142.9 ; Width: 0.350mm
G1 X82.2646 Y40.6470 Z0.0400 F5142.9 ; Width: 0.350mm
G1 X82.2836 Y40.6670 Z0.0400 F5142.9 ; Width: 0.350mm
G1 X82.2836 Y45.3403 Z0.0400 F1506.7 ; Width: 1.195mm
M118 P0 S"98" ; Sync timer
G1 X82.2836 Y50.0137 Z0.0400 F2486.4 ; Width: 0.724mm
G1 X82.2836 Y54.6870 Z0.0400 F1741.3 ; Width: 1.034mm
G1 X82.2646 Y54.7070 Z0.0400 F5142.9 ; Width: 0.350mm
G1 X82.2646 Y54.7470 Z0.0400 F5142.9 ; Width: 0.350mm
G1 X82.1630 Y54.8495 Z0.0400 F5142.9 ; Width: 0.350mm
G1 X82.1430 Y54.8495 Z0.0400 F5142.9 ; Width: 0.350mm
G1 X82.1230 Y54.8686 Z0.0400 F5142.9 ; Width: 0.350mm
G1 X82.0430 Y54.8686 Z0.0400 F5142.9 ; Width: 0.350mm
G1 X82.0230 Y54.8876 Z0.0400 F5142.9 ; Width: 0.350mm
G0 Z1.0400 F6000.0 ; Z-hop up
G0 X91.5830 Y54.1872 F6000.0 ; Travel to new path
G0 Z0.0400 F6000.0 ; Z-hop down
G1 X91.3430 Y54.1872 Z0.0400 F5142.9 ; Width: 0.350mm
G1 X91.3230 Y54.1676 Z0.0400 F5142.9 ; Width: 0.350mm
G1 X91.2430 Y54.1676 Z0.0400 F5142.9 ; Width: 0.350mm
G1 X91.2230 Y54.1479 Z0.0400 F5142.9 ; Width: 0.350mm
G1 X91.2030 Y54.1479 Z0.0400 F5142.9 ; Width: 0.350mm
G1 X91.0828 Y54.0270 Z0.0400 F5142.9 ; Width: 0.350mm
G1 X91.0827 Y53.9870 Z0.0400 F5142.9 ; Width: 0.350mm
G1 X91.0630 Y53.9670 Z0.0400 F5142.9 ; Width: 0.350mm
G1 X91.0626 Y53.8870 Z0.0400 F5142.9 ; Width: 0.350mm
G1 X91.0430 Y53.8670 Z0.0400 F5142.9 ; Width: 0.350mm
G1 X91.0426 Y53.7670 Z0.0400 F5142.9 ; Width: 0.350mm
G1 X91.0230 Y53.7470 Z0.0400 F5142.9 ; Width: 0.350mm
G1 X91.0226 Y53.6270 Z0.0400 F5142.9 ; Width: 0.350mm
G1 X91.0030 Y53.6070 Z0.0400 F5142.9 ; Width: 0.350mm
G1 X91.0027 Y53.5270 Z0.0400 F5142.9 ; Width: 0.350mm
G1 X90.9830 Y53.5070 Z0.0400 F5142.9 ; Width: 0.350mm
G1 X90.9826 Y53.3670 Z0.0400 F5142.9 ; Width: 0.350mm
G1 X90.9630 Y53.3470 Z0.0400 F5142.9 ; Width: 0.350mm
G1 X90.9622 Y53.1470 Z0.0400 F5142.9 ; Width: 0.350mm
G1 X90.9817 Y53.1270 Z0.0400 F5142.9 ; Width: 0.350mm
G1 X90.9817 Y53.0870 Z0.0400 F5142.9 ; Width: 0.350mm
G1 X91.0830 Y52.9861 Z0.0400 F5142.9 ; Width: 0.350mm
G1 X91.1030 Y52.9861 Z0.0400 F5142.9 ; Width: 0.350mm
G1 X91.1230 Y52.9664 Z0.0400 F5142.9 ; Width: 0.350mm
G1 X91.1630 Y52.9664 Z0.0400 F5142.9 ; Width: 0.350mm
G1 X91.1830 Y52.9468 Z0.0400 F5142.9 ; Width: 0.350mm
G1 X91.2630 Y52.9466 Z0.0400 F5142.9 ; Width: 0.350mm
G1 X91.2830 Y52.9270 Z0.0400 F5142.9 ; Width: 0.350mm
G1 X91.3630 Y52.9267 Z0.0400 F5142.9 ; Width: 0.350mm
G1 X91.3830 Y52.9070 Z0.0400 F5142.9 ; Width: 0.350mm
G1 X91.4430 Y52.9066 Z0.0400 F5142.9 ; Width: 0.350mm
G1 X91.4630 Y52.8869 Z0.0400 F5142.9 ; Width: 0.350mm
G1 X91.5430 Y52.8864 Z0.0400 F5142.9 ; Width: 0.350mm
G1 X91.5630 Y52.8665 Z0.0400 F5142.9 ; Width: 0.350mm
G1 X91.5830 Y52.8664 Z0.0400 F5142.9 ; Width: 0.350mm
G1 X91.6030 Y52.8859 Z0.0400 F5142.9 ; Width: 0.350mm
G1 X91.6830 Y52.8853 Z0.0400 F5142.9 ; Width: 0.350mm
G1 X91.7030 Y52.9049 Z0.0400 F5142.9 ; Width: 0.350mm
G1 X91.7230 Y52.9048 Z0.0400 F5142.9 ; Width: 0.350mm
G1 X91.8236 Y53.0070 Z0.0400 F5142.9 ; Width: 0.350mm
G1 X91.8236 Y53.0470 Z0.0400 F5142.9 ; Width: 0.350mm
G1 X91.8432 Y53.0670 Z0.0400 F5142.9 ; Width: 0.350mm
G1 X91.8432 Y53.9870 Z0.0400 F3913.0 ; Width: 0.460mm
G1 X91.8236 Y54.0070 Z0.0400 F5142.9 ; Width: 0.350mm
G1 X91.8236 Y54.0470 Z0.0400 F5142.9 ; Width: 0.350mm
G1 X91.7230 Y54.1479 Z0.0400 F5142.9 ; Width: 0.350mm
G1 X91.7030 Y54.1479 Z0.0400 F5142.9 ; Width: 0.350mm
G1 X91.6830 Y54.1676 Z0.0400 F5142.9 ; Width: 0.350mm
G1 X91.6030 Y54.1676 Z0.0400 F5142.9 ; Width: 0.350mm
G1 X91.5830 Y54.1872 Z0.0400 F5142.9 ; Width: 0.350mm
G0 Z1.0400 F6000.0 ; Z-hop up
G0 X91.5830 Y54.1872 F6000.0 ; Travel to new path
G0 Z0.0400 F6000.0 ; Z-hop down
G1 X91.3430 Y54.1872 Z0.0400 F5142.9 ; Width: 0.350mm
G1 X91.3230 Y54.1676 Z0.0400 F5142.9 ; Width: 0.350mm
G1 X91.2430 Y54.1676 Z0.0400 F5142.9 ; Width: 0.350mm
G1 X91.2230 Y54.1479 Z0.0400 F5142.9 ; Width: 0.350mm
G1 X91.2030 Y54.1479 Z0.0400 F5142.9 ; Width: 0.350mm
G1 X91.0828 Y54.0270 Z0.0400 F5142.9 ; Width: 0.350mm
G1 X91.0827 Y53.9870 Z0.0400 F5142.9 ; Width: 0.350mm
G1 X91.0630 Y53.9670 Z0.0400 F5142.9 ; Width: 0.350mm
G1 X91.0626 Y53.8870 Z0.0400 F5142.9 ; Width: 0.350mm
G1 X91.0430 Y53.8670 Z0.0400 F5142.9 ; Width: 0.350mm
G1 X91.0426 Y53.7670 Z0.0400 F5142.9 ; Width: 0.350mm
G1 X91.0230 Y53.7470 Z0.0400 F5142.9 ; Width: 0.350mm
G1 X91.0226 Y53.6270 Z0.0400 F5142.9 ; Width: 0.350mm
G1 X91.0030 Y53.6070 Z0.0400 F5142.9 ; Width: 0.350mm
G1 X91.0027 Y53.5270 Z0.0400 F5142.9 ; Width: 0.350mm
G1 X90.9830 Y53.5070 Z0.0400 F5142.9 ; Width: 0.350mm
G1 X90.9826 Y53.3670 Z0.0400 F5142.9 ; Width: 0.350mm
G1 X90.9630 Y53.3470 Z0.0400 F5142.9 ; Width: 0.350mm
G1 X90.9622 Y53.1470 Z0.0400 F5142.9 ; Width: 0.350mm
G1 X90.9817 Y53.1270 Z0.0400 F5142.9 ; Width: 0.350mm
G1 X90.9817 Y53.0870 Z0.0400 F5142.9 ; Width: 0.350mm
G1 X91.0830 Y52.9861 Z0.0400 F5142.9 ; Width: 0.350mm
G1 X91.1030 Y52.9861 Z0.0400 F5142.9 ; Width: 0.350mm
G1 X91.1230 Y52.9664 Z0.0400 F5142.9 ; Width: 0.350mm
G1 X91.1630 Y52.9664 Z0.0400 F5142.9 ; Width: 0.350mm
G1 X91.1830 Y52.9468 Z0.0400 F5142.9 ; Width: 0.350mm
G1 X91.2630 Y52.9466 Z0.0400 F5142.9 ; Width: 0.350mm
G1 X91.2830 Y52.9270 Z0.0400 F5142.9 ; Width: 0.350mm
G1 X91.3630 Y52.9267 Z0.0400 F5142.9 ; Width: 0.350mm
G1 X91.3830 Y52.9070 Z0.0400 F5142.9 ; Width: 0.350mm
G1 X91.4430 Y52.9066 Z0.0400 F5142.9 ; Width: 0.350mm
G1 X91.4630 Y52.8869 Z0.0400 F5142.9 ; Width: 0.350mm
G1 X91.5430 Y52.8864 Z0.0400 F5142.9 ; Width: 0.350mm
G1 X91.5630 Y52.8665 Z0.0400 F5142.9 ; Width: 0.350mm
G1 X91.5830 Y52.8664 Z0.0400 F5142.9 ; Width: 0.350mm
G1 X91.6030 Y52.8859 Z0.0400 F5142.9 ; Width: 0.350mm
G1 X91.6830 Y52.8853 Z0.0400 F5142.9 ; Width: 0.350mm
G1 X91.7030 Y52.9049 Z0.0400 F5142.9 ; Width: 0.350mm
G1 X91.7230 Y52.9048 Z0.0400 F5142.9 ; Width: 0.350mm
G1 X91.8236 Y53.0070 Z0.0400 F5142.9 ; Width: 0.350mm
G1 X91.8236 Y53.0470 Z0.0400 F5142.9 ; Width: 0.350mm
G1 X91.8432 Y53.0670 Z0.0400 F5142.9 ; Width: 0.350mm
G1 X91.8432 Y53.9870 Z0.0400 F3913.0 ; Width: 0.460mm
G1 X91.8236 Y54.0070 Z0.0400 F5142.9 ; Width: 0.350mm
G1 X91.8236 Y54.0470 Z0.0400 F5142.9 ; Width: 0.350mm
G1 X91.7230 Y54.1479 Z0.0400 F5142.9 ; Width: 0.350mm
G1 X91.7030 Y54.1479 Z0.0400 F5142.9 ; Width: 0.350mm
G1 X91.6830 Y54.1676 Z0.0400 F5142.9 ; Width: 0.350mm
G1 X91.6030 Y54.1676 Z0.0400 F5142.9 ; Width: 0.350mm
G1 X91.5830 Y54.1872 Z0.0400 F5142.9 ; Width: 0.350mm
G0 Z1.0400 F6000.0 ; Z-hop up
G0 X92.2830 Y54.8876 F6000.0 ; Travel to new path
G0 Z0.0400 F6000.0 ; Z-hop down
G1 X90.7430 Y54.8876 Z0.0400 F2557.3 ; Width: 0.704mm
G1 X90.7230 Y54.8686 Z0.0400 F5142.9 ; Width: 0.350mm
G1 X90.6430 Y54.8686 Z0.0400 F5142.9 ; Width: 0.350mm
G1 X90.6230 Y54.8495 Z0.0400 F5142.9 ; Width: 0.350mm
G1 X90.6030 Y54.8495 Z0.0400 F5142.9 ; Width: 0.350mm
G1 X90.5014 Y54.7470 Z0.0400 F5142.9 ; Width: 0.350mm
G1 X90.5014 Y54.7070 Z0.0400 F5142.9 ; Width: 0.350mm
G1 X90.4823 Y54.6870 Z0.0400 F5142.9 ; Width: 0.350mm
G1 X90.4820 Y54.6470 Z0.0400 F5142.9 ; Width: 0.350mm
G1 X90.4628 Y54.6270 Z0.0400 F5142.9 ; Width: 0.350mm
G1 X90.4620 Y54.5670 Z0.0400 F5142.9 ; Width: 0.350mm
G1 X90.4428 Y54.5470 Z0.0400 F5142.9 ; Width: 0.350mm
G1 X90.4420 Y54.4270 Z0.0400 F5142.9 ; Width: 0.350mm
G1 X90.4228 Y54.4070 Z0.0400 F5142.9 ; Width: 0.350mm
G1 X90.4220 Y54.3070 Z0.0400 F5142.9 ; Width: 0.350mm
G1 X90.4028 Y54.2870 Z0.0400 F5142.9 ; Width: 0.350mm
G1 X90.4020 Y54.1470 Z0.0400 F5142.9 ; Width: 0.350mm
G1 X90.3828 Y54.1270 Z0.0400 F5142.9 ; Width: 0.350mm
G1 X90.3820 Y54.0670 Z0.0400 F5142.9 ; Width: 0.350mm
G1 X90.3628 Y54.0470 Z0.0400 F5142.9 ; Width: 0.350mm
G1 X90.3620 Y53.9470 Z0.0400 F5142.9 ; Width: 0.350mm
G1 X90.3428 Y53.9270 Z0.0400 F5142.9 ; Width: 0.350mm
G1 X90.3420 Y53.8270 Z0.0400 F5142.9 ; Width: 0.350mm
G1 X90.3228 Y53.8070 Z0.0400 F5142.9 ; Width: 0.350mm
G1 X90.3220 Y53.6870 Z0.0400 F5142.9 ; Width: 0.350mm
G1 X90.3028 Y53.6670 Z0.0400 F5142.9 ; Width: 0.350mm
G1 X90.3020 Y53.5870 Z0.0400 F5142.9 ; Width: 0.350mm
G1 X90.2828 Y53.5670 Z0.0400 F5142.9 ; Width: 0.350mm
G1 X90.2820 Y53.4270 Z0.0400 F5142.9 ; Width: 0.350mm
G1 X90.2628 Y53.4070 Z0.0400 F5142.9 ; Width: 0.350mm
G1 X90.2620 Y53.3470 Z0.0400 F5142.9 ; Width: 0.350mm
G1 X90.2428 Y53.3270 Z0.0400 F5142.9 ; Width: 0.350mm
G1 X90.2420 Y53.2670 Z0.0400 F5142.9 ; Width: 0.350mm
G1 X90.2228 Y53.2470 Z0.0400 F5142.9 ; Width: 0.350mm
G1 X90.2220 Y53.0870 Z0.0400 F5142.9 ; Width: 0.350mm
G1 X90.2028 Y53.0670 Z0.0400 F5142.9 ; Width: 0.350mm
G1 X90.2020 Y52.9470 Z0.0400 F5142.9 ; Width: 0.350mm
G1 X90.1828 Y52.9270 Z0.0400 F5142.9 ; Width: 0.350mm
G1 X90.1820 Y52.8470 Z0.0400 F5142.9 ; Width: 0.350mm
G1 X90.1628 Y52.8270 Z0.0400 F5142.9 ; Width: 0.350mm
G1 X90.1620 Y52.7070 Z0.0400 F5142.9 ; Width: 0.350mm
G1 X90.1428 Y52.6870 Z0.0400 F5142.9 ; Width: 0.350mm
G1 X90.1420 Y52.6270 Z0.0400 F5142.9 ; Width: 0.350mm
G1 X90.1228 Y52.6070 Z0.0400 F5142.9 ; Width: 0.350mm
G1 X90.1220 Y52.5670 Z0.0400 F5142.9 ; Width: 0.350mm
G1 X90.1028 Y52.5470 Z0.0400 F5142.9 ; Width: 0.350mm
G1 X90.1020 Y52.4070 Z0.0400 F5142.9 ; Width: 0.350mm
G1 X90.0828 Y52.3870 Z0.0400 F5142.9 ; Width: 0.350mm
G1 X90.0820 Y52.2670 Z0.0400 F5142.9 ; Width: 0.350mm
G1 X90.0628 Y52.2470 Z0.0400 F5142.9 ; Width: 0.350mm
G1 X90.0620 Y52.1670 Z0.0400 F5142.9 ; Width: 0.350mm
G1 X90.0428 Y52.1470 Z0.0400 F5142.9 ; Width: 0.350mm
G1 X90.0420 Y52.0470 Z0.0400 F5142.9 ; Width: 0.350mm
G1 X90.0228 Y52.0270 Z0.0400 F5142.9 ; Width: 0.350mm
G1 X90.0220 Y51.9270 Z0.0400 F5142.9 ; Width: 0.350mm
G1 X90.0028 Y51.9070 Z0.0400 F5142.9 ; Width: 0.350mm
G1 X90.0020 Y51.8670 Z0.0400 F5142.9 ; Width: 0.350mm
G1 X89.9828 Y51.8470 Z0.0400 F5142.9 ; Width: 0.350mm
G1 X89.9820 Y51.6870 Z0.0400 F5142.9 ; Width: 0.350mm
G1 X89.9628 Y51.6670 Z0.0400 F5142.9 ; Width: 0.350mm
G1 X89.9620 Y51.5670 Z0.0400 F5142.9 ; Width: 0.350mm
G1 X89.9428 Y51.5470 Z0.0400 F5142.9 ; Width: 0.350mm
G1 X89.9420 Y51.4670 Z0.0400 F5142.9 ; Width: 0.350mm
G1 X89.9228 Y51.4470 Z0.0400 F5142.9 ; Width: 0.350mm
G1 X89.9220 Y51.3670 Z0.0400 F5142.9 ; Width: 0.350mm
G1 X89.9028 Y51.3470 Z0.0400 F5142.9 ; Width: 0.350mm
G1 X89.9020 Y51.2070 Z0.0400 F5142.9 ; Width: 0.350mm
G1 X89.8828 Y51.1870 Z0.0400 F5142.9 ; Width: 0.350mm
G1 X89.8820 Y51.1270 Z0.0400 F5142.9 ; Width: 0.350mm
G1 X89.8628 Y51.1070 Z0.0400 F5142.9 ; Width: 0.350mm
G1 X89.8620 Y50.9670 Z0.0400 F5142.9 ; Width: 0.350mm
G1 X89.8428 Y50.9470 Z0.0400 F5142.9 ; Width: 0.350mm
G1 X89.8420 Y50.8670 Z0.0400 F5142.9 ; Width: 0.350mm
G1 X89.8228 Y50.8470 Z0.0400 F5142.9 ; Width: 0.350mm
G1 X89.8220 Y50.7270 Z0.0400 F5142.9 ; Width: 0.350mm
G1 X89.8028 Y50.7070 Z0.0400 F5142.9 ; Width: 0.350mm
G1 X89.8020 Y50.6670 Z0.0400 F5142.9 ; Width: 0.350mm
G1 X89.7828 Y50.6470 Z0.0400 F5142.9 ; Width: 0.350mm
G1 X89.7820 Y50.5070 Z0.0400 F5142.9 ; Width: 0.350mm
G1 X89.7628 Y50.4870 Z0.0400 F5142.9 ; Width: 0.350mm
G1 X89.7620 Y50.4270 Z0.0400 F5142.9 ; Width: 0.350mm
G1 X89.7428 Y50.4070 Z0.0400 F5142.9 ; Width: 0.350mm
G1 X89.7420 Y50.2670 Z0.0400 F5142.9 ; Width: 0.350mm
G1 X89.7228 Y50.2470 Z0.0400 F5142.9 ; Width: 0.350mm
G1 X89.7220 Y50.1670 Z0.0400 F5142.9 ; Width: 0.350mm
G1 X89.7028 Y50.1470 Z0.0400 F5142.9 ; Width: 0.350mm
G1 X89.7020 Y50.0470 Z0.0400 F5142.9 ; Width: 0.350mm
G1 X89.6828 Y50.0270 Z0.0400 F5142.9 ; Width: 0.350mm
G1 X89.6820 Y49.9270 Z0.0400 F5142.9 ; Width: 0.350mm
G1 X89.6628 Y49.9070 Z0.0400 F5142.9 ; Width: 0.350mm
G1 X89.6620 Y49.7870 Z0.0400 F5142.9 ; Width: 0.350mm
G1 X89.6428 Y49.7670 Z0.0400 F5142.9 ; Width: 0.350mm
G1 X89.6420 Y49.6870 Z0.0400 F5142.9 ; Width: 0.350mm
G1 X89.6228 Y49.6670 Z0.0400 F5142.9 ; Width: 0.350mm
G1 X89.6220 Y49.5470 Z0.0400 F5142.9 ; Width: 0.350mm
G1 X89.6028 Y49.5270 Z0.0400 F5142.9 ; Width: 0.350mm
G1 X89.6020 Y49.4670 Z0.0400 F5142.9 ; Width: 0.350mm
G1 X89.5828 Y49.4470 Z0.0400 F5142.9 ; Width: 0.350mm
G1 X89.5820 Y49.3270 Z0.0400 F5142.9 ; Width: 0.350mm
G1 X89.5628 Y49.3070 Z0.0400 F5142.9 ; Width: 0.350mm
G1 X89.5620 Y49.2270 Z0.0400 F5142.9 ; Width: 0.350mm
G1 X89.5428 Y49.2070 Z0.0400 F5142.9 ; Width: 0.350mm
G1 X89.5420 Y49.0670 Z0.0400 F5142.9 ; Width: 0.350mm
G1 X89.5228 Y49.0470 Z0.0400 F5142.9 ; Width: 0.350mm
G1 X89.5220 Y48.9670 Z0.0400 F5142.9 ; Width: 0.350mm
G1 X89.5028 Y48.9470 Z0.0400 F5142.9 ; Width: 0.350mm
G1 X89.5020 Y48.8470 Z0.0400 F5142.9 ; Width: 0.350mm
G1 X89.4828 Y48.8270 Z0.0400 F5142.9 ; Width: 0.350mm
G1 X89.4820 Y48.7470 Z0.0400 F5142.9 ; Width: 0.350mm
G1 X89.4628 Y48.7270 Z0.0400 F5142.9 ; Width: 0.350mm
G1 X89.4620 Y48.6270 Z0.0400 F5142.9 ; Width: 0.350mm
G1 X89.4428 Y48.6070 Z0.0400 F5142.9 ; Width: 0.350mm
G1 X89.4420 Y48.5270 Z0.0400 F5142.9 ; Width: 0.350mm
G1 X89.4228 Y48.5070 Z0.0400 F5142.9 ; Width: 0.350mm
G1 X89.4220 Y48.3870 Z0.0400 F5142.9 ; Width: 0.350mm
G1 X89.4028 Y48.3670 Z0.0400 F5142.9 ; Width: 0.350mm
G1 X89.4020 Y48.3070 Z0.0400 F5142.9 ; Width: 0.350mm
G1 X89.3828 Y48.2870 Z0.0400 F5142.9 ; Width: 0.350mm
G1 X89.3820 Y48.1470 Z0.0400 F5142.9 ; Width: 0.350mm
G1 X89.3628 Y48.1270 Z0.0400 F5142.9 ; Width: 0.350mm
G1 X89.3620 Y48.0670 Z0.0400 F5142.9 ; Width: 0.350mm
G1 X89.3428 Y48.0470 Z0.0400 F5142.9 ; Width: 0.350mm
G1 X89.3420 Y47.9070 Z0.0400 F5142.9 ; Width: 0.350mm
G1 X89.3228 Y47.8870 Z0.0400 F5142.9 ; Width: 0.350mm
G1 X89.3220 Y47.8070 Z0.0400 F5142.9 ; Width: 0.350mm
G1 X89.3028 Y47.7870 Z0.0400 F5142.9 ; Width: 0.350mm
G1 X89.3020 Y47.6670 Z0.0400 F5142.9 ; Width: 0.350mm
G1 X89.2828 Y47.6470 Z0.0400 F5142.9 ; Width: 0.350mm
G1 X89.2820 Y47.6070 Z0.0400 F5142.9 ; Width: 0.350mm
G1 X89.2628 Y47.5870 Z0.0400 F5142.9 ; Width: 0.350mm
G1 X89.2620 Y47.4670 Z0.0400 F5142.9 ; Width: 0.350mm
G1 X89.2428 Y47.4470 Z0.0400 F5142.9 ; Width: 0.350mm
G1 X89.2420 Y47.3670 Z0.0400 F5142.9 ; Width: 0.350mm
G1 X89.2228 Y47.3470 Z0.0400 F5142.9 ; Width: 0.350mm
G1 X89.2220 Y47.2070 Z0.0400 F5142.9 ; Width: 0.350mm
G1 X89.2028 Y47.1870 Z0.0400 F5142.9 ; Width: 0.350mm
G1 X89.2020 Y47.1070 Z0.0400 F5142.9 ; Width: 0.350mm
G1 X89.1828 Y47.0870 Z0.0400 F5142.9 ; Width: 0.350mm
G1 X89.1820 Y46.9470 Z0.0400 F5142.9 ; Width: 0.350mm
G1 X89.1628 Y46.9270 Z0.0400 F5142.9 ; Width: 0.350mm
G1 X89.1620 Y46.8870 Z0.0400 F5142.9 ; Width: 0.350mm
G1 X89.1428 Y46.8670 Z0.0400 F5142.9 ; Width: 0.350mm
G1 X89.1420 Y46.7270 Z0.0400 F5142.9 ; Width: 0.350mm
G1 X89.1228 Y46.7070 Z0.0400 F5142.9 ; Width: 0.350mm
G1 X89.1220 Y46.6270 Z0.0400 F5142.9 ; Width: 0.350mm
G1 X89.1028 Y46.6070 Z0.0400 F5142.9 ; Width: 0.350mm
G1 X89.1020 Y46.4870 Z0.0400 F5142.9 ; Width: 0.350mm
G1 X89.0828 Y46.4670 Z0.0400 F5142.9 ; Width: 0.350mm
G1 X89.0820 Y46.4070 Z0.0400 F5142.9 ; Width: 0.350mm
G1 X89.0628 Y46.3870 Z0.0400 F5142.9 ; Width: 0.350mm
G1 X89.0620 Y46.2470 Z0.0400 F5142.9 ; Width: 0.350mm
G1 X89.0428 Y46.2270 Z0.0400 F5142.9 ; Width: 0.350mm
G1 X89.0420 Y46.1870 Z0.0400 F5142.9 ; Width: 0.350mm
G1 X89.0226 Y46.1670 Z0.0400 F5142.9 ; Width: 0.350mm
G1 X89.0221 Y46.1470 Z0.0400 F5142.9 ; Width: 0.350mm
G1 X89.0026 Y46.1270 Z0.0400 F5142.9 ; Width: 0.350mm
G1 X89.0021 Y46.1070 Z0.0400 F5142.9 ; Width: 0.350mm
G1 X88.8430 Y45.9479 Z0.0400 F5142.9 ; Width: 0.350mm
G1 X88.8230 Y45.9474 Z0.0400 F5142.9 ; Width: 0.350mm
G1 X88.8030 Y45.9280 Z0.0400 F5142.9 ; Width: 0.350mm
G1 X88.7630 Y45.9272 Z0.0400 F5142.9 ; Width: 0.350mm
G1 X88.7430 Y45.9080 Z0.0400 F5142.9 ; Width: 0.350mm
G1 X88.5430 Y45.9080 Z0.0400 F5142.9 ; Width: 0.350mm
G1 X88.5230 Y45.9272 Z0.0400 F5142.9 ; Width: 0.350mm
G1 X88.4830 Y45.9280 Z0.0400 F5142.9 ; Width: 0.350mm
G1 X88.4630 Y45.9474 Z0.0400 F5142.9 ; Width: 0.350mm
G1 X88.4430 Y45.9479 Z0.0400 F5142.9 ; Width: 0.350mm
G1 X88.2639 Y46.1270 Z0.0400 F5142.9 ; Width: 0.350mm
G1 X88.2634 Y46.1470 Z0.0400 F5142.9 ; Width: 0.350mm
G1 X88.2440 Y46.1670 Z0.0400 F5142.9 ; Width: 0.350mm
G1 X88.2432 Y46.2070 Z0.0400 F5142.9 ; Width: 0.350mm
G1 X88.2240 Y46.2270 Z0.0400 F5142.9 ; Width: 0.350mm
G1 X88.2232 Y46.3470 Z0.0400 F5142.9 ; Width: 0.350mm
G1 X88.2040 Y46.3670 Z0.0400 F5142.9 ; Width: 0.350mm
G1 X88.2032 Y46.4470 Z0.0400 F5142.9 ; Width: 0.350mm
G1 X88.1840 Y46.4670 Z0.0400 F5142.9 ; Width: 0.350mm
G1 X88.1832 Y46.5870 Z0.0400 F5142.9 ; Width: 0.350mm
G1 X88.1640 Y46.6070 Z0.0400 F5142.9 ; Width: 0.350mm
G1 X88.1632 Y46.6470 Z0.0400 F5142.9 ; Width: 0.350mm
G1 X88.1440 Y46.6670 Z0.0400 F5142.9 ; Width: 0.350mm
G1 X88.1432 Y46.7470 Z0.0400 F5142.9 ; Width: 0.350mm
G1 X88.1240 Y46.7670 Z0.0400 F5142.9 ; Width: 0.350mm
G1 X88.1232 Y46.8870 Z0.0400 F5142.9 ; Width: 0.350mm
G1 X88.1040 Y46.9070 Z0.0400 F5142.9 ; Width: 0.350mm
G1 X88.1032 Y47.0470 Z0.0400 F5142.9 ; Width: 0.350mm
G1 X88.0840 Y47.0670 Z0.0400 F5142.9 ; Width: 0.350mm
G1 X88.0832 Y47.1270 Z0.0400 F5142.9 ; Width: 0.350mm
G1 X88.0640 Y47.1470 Z0.0400 F5142.9 ; Width: 0.350mm
G1 X88.0632 Y47.2270 Z0.0400 F5142.9 ; Width: 0.350mm
G1 X88.0440 Y47.2470 Z0.0400 F5142.9 ; Width: 0.350mm
G1 X88.0432 Y47.3470 Z0.0400 F5142.9 ; Width: 0.350mm
G1 X88.0240 Y47.3670 Z0.0400 F5142.9 ; Width: 0.350mm
G1 X88.0232 Y47.4270 Z0.0400 F5142.9 ; Width: 0.350mm
G1 X88.0040 Y47.4470 Z0.0400 F5142.9 ; Width: 0.350mm
M118 P0 S"99" ; Sync timer
G1 X88.0032 Y47.5870 Z0.0400 F5142.9 ; Width: 0.350mm
G1 X87.9840 Y47.6070 Z0.0400 F5142.9 ; Width: 0.350mm
G1 X87.9832 Y47.7470 Z0.0400 F5142.9 ; Width: 0.350mm
G1 X87.9640 Y47.7670 Z0.0400 F5142.9 ; Width: 0.350mm
G1 X87.9632 Y47.8070 Z0.0400 F5142.9 ; Width: 0.350mm
G1 X87.9440 Y47.8270 Z0.0400 F5142.9 ; Width: 0.350mm
G1 X87.9432 Y47.9070 Z0.0400 F5142.9 ; Width: 0.350mm
G1 X87.9240 Y47.9270 Z0.0400 F5142.9 ; Width: 0.350mm
G1 X87.9232 Y48.0470 Z0.0400 F5142.9 ; Width: 0.350mm
G1 X87.9040 Y48.0670 Z0.0400 F5142.9 ; Width: 0.350mm
G1 X87.9032 Y48.1270 Z0.0400 F5142.9 ; Width: 0.350mm
G1 X87.8840 Y48.1470 Z0.0400 F5142.9 ; Width: 0.350mm
G1 X87.8832 Y48.2870 Z0.0400 F5142.9 ; Width: 0.350mm
G1 X87.8640 Y48.3070 Z0.0400 F5142.9 ; Width: 0.350mm
G1 X87.8632 Y48.3870 Z0.0400 F5142.9 ; Width: 0.350mm
G1 X87.8440 Y48.4070 Z0.0400 F5142.9 ; Width: 0.350mm
G1 X87.8432 Y48.4870 Z0.0400 F5142.9 ; Width: 0.350mm
G1 X87.8240 Y48.5070 Z0.0400 F5142.9 ; Width: 0.350mm
G1 X87.8232 Y48.5670 Z0.0400 F5142.9 ; Width: 0.350mm
G1 X87.8040 Y48.5870 Z0.0400 F5142.9 ; Width: 0.350mm
G1 X87.8032 Y48.7270 Z0.0400 F5142.9 ; Width: 0.350mm
G1 X87.7840 Y48.7470 Z0.0400 F5142.9 ; Width: 0.350mm
G1 X87.7832 Y48.8270 Z0.0400 F5142.9 ; Width: 0.350mm
G1 X87.7640 Y48.8470 Z0.0400 F5142.9 ; Width: 0.350mm
G1 X87.7632 Y48.9870 Z0.0400 F5142.9 ; Width: 0.350mm
G1 X87.7440 Y49.0070 Z0.0400 F5142.9 ; Width: 0.350mm
G1 X87.7432 Y49.0670 Z0.0400 F5142.9 ; Width: 0.350mm
G1 X87.7240 Y49.0870 Z0.0400 F5142.9 ; Width: 0.350mm
G1 X87.7232 Y49.1870 Z0.0400 F5142.9 ; Width: 0.350mm
G1 X87.7040 Y49.2070 Z0.0400 F5142.9 ; Width: 0.350mm
G1 X87.7032 Y49.2870 Z0.0400 F5142.9 ; Width: 0.350mm
G1 X87.6840 Y49.3070 Z0.0400 F5142.9 ; Width: 0.350mm
G1 X87.6832 Y49.4470 Z0.0400 F5142.9 ; Width: 0.350mm
G1 X87.6640 Y49.4670 Z0.0400 F5142.9 ; Width: 0.350mm
G1 X87.6632 Y49.5270 Z0.0400 F5142.9 ; Width: 0.350mm
G1 X87.6440 Y49.5470 Z0.0400 F5142.9 ; Width: 0.350mm
G1 X87.6432 Y49.6870 Z0.0400 F5142.9 ; Width: 0.350mm
G1 X87.6240 Y49.7070 Z0.0400 F5142.9 ; Width: 0.350mm
G1 X87.6232 Y49.7670 Z0.0400 F5142.9 ; Width: 0.350mm
G1 X87.6040 Y49.7870 Z0.0400 F5142.9 ; Width: 0.350mm
G1 X87.6032 Y49.9070 Z0.0400 F5142.9 ; Width: 0.350mm
G1 X87.5840 Y49.9270 Z0.0400 F5142.9 ; Width: 0.350mm
G1 X87.5832 Y50.0070 Z0.0400 F5142.9 ; Width: 0.350mm
G1 X87.5640 Y50.0270 Z0.0400 F5142.9 ; Width: 0.350mm
G1 X87.5632 Y50.1870 Z0.0400 F5142.9 ; Width: 0.350mm
G1 X87.5440 Y50.2070 Z0.0400 F5142.9 ; Width: 0.350mm
G1 X87.5432 Y50.2470 Z0.0400 F5142.9 ; Width: 0.350mm
G1 X87.5240 Y50.2670 Z0.0400 F5142.9 ; Width: 0.350mm
G1 X87.5232 Y50.4070 Z0.0400 F5142.9 ; Width: 0.350mm
G1 X87.5040 Y50.4270 Z0.0400 F5142.9 ; Width: 0.350mm
G1 X87.5032 Y50.4870 Z0.0400 F5142.9 ; Width: 0.350mm
G1 X87.4840 Y50.5070 Z0.0400 F5142.9 ; Width: 0.350mm
G1 X87.4832 Y50.6470 Z0.0400 F5142.9 ; Width: 0.350mm
G1 X87.4640 Y50.6670 Z0.0400 F5142.9 ; Width: 0.350mm
G1 X87.4632 Y50.7270 Z0.0400 F5142.9 ; Width: 0.350mm
G1 X87.4440 Y50.7470 Z0.0400 F5142.9 ; Width: 0.350mm
G1 X87.4432 Y50.9070 Z0.0400 F5142.9 ; Width: 0.350mm
G1 X87.4240 Y50.9270 Z0.0400 F5142.9 ; Width: 0.350mm
G1 X87.4232 Y50.9670 Z0.0400 F5142.9 ; Width: 0.350mm
G1 X87.4040 Y50.9870 Z0.0400 F5142.9 ; Width: 0.350mm
G1 X87.4032 Y51.1070 Z0.0400 F5142.9 ; Width: 0.350mm
G1 X87.3840 Y51.1270 Z0.0400 F5142.9 ; Width: 0.350mm
G1 X87.3832 Y51.1870 Z0.0400 F5142.9 ; Width: 0.350mm
G1 X87.3640 Y51.2070 Z0.0400 F5142.9 ; Width: 0.350mm
G1 X87.3632 Y51.3470 Z0.0400 F5142.9 ; Width: 0.350mm
G1 X87.3440 Y51.3670 Z0.0400 F5142.9 ; Width: 0.350mm
G1 X87.3432 Y51.4270 Z0.0400 F5142.9 ; Width: 0.350mm
G1 X87.3240 Y51.4470 Z0.0400 F5142.9 ; Width: 0.350mm
G1 X87.3232 Y51.6070 Z0.0400 F5142.9 ; Width: 0.350mm
G1 X87.3040 Y51.6270 Z0.0400 F5142.9 ; Width: 0.350mm
G1 X87.3032 Y51.6670 Z0.0400 F5142.9 ; Width: 0.350mm
G1 X87.2840 Y51.6870 Z0.0400 F5142.9 ; Width: 0.350mm
G1 X87.2832 Y51.8070 Z0.0400 F5142.9 ; Width: 0.350mm
G1 X87.2640 Y51.8270 Z0.0400 F5142.9 ; Width: 0.350mm
G1 X87.2632 Y51.8870 Z0.0400 F5142.9 ; Width: 0.350mm
G1 X87.2440 Y51.9070 Z0.0400 F5142.9 ; Width: 0.350mm
G1 X87.2432 Y52.0470 Z0.0400 F5142.9 ; Width: 0.350mm
G1 X87.2240 Y52.0670 Z0.0400 F5142.9 ; Width: 0.350mm
G1 X87.2232 Y52.1270 Z0.0400 F5142.9 ; Width: 0.350mm
G1 X87.2040 Y52.1470 Z0.0400 F5142.9 ; Width: 0.350mm
G1 X87.2032 Y52.2870 Z0.0400 F5142.9 ; Width: 0.350mm
G1 X87.1840 Y52.3070 Z0.0400 F5142.9 ; Width: 0.350mm
G1 X87.1832 Y52.3470 Z0.0400 F5142.9 ; Width: 0.350mm
G1 X87.1640 Y52.3670 Z0.0400 F5142.9 ; Width: 0.350mm
G1 X87.1632 Y52.5070 Z0.0400 F5142.9 ; Width: 0.350mm
G1 X87.1440 Y52.5270 Z0.0400 F5142.9 ; Width: 0.350mm
G1 X87.1432 Y52.6070 Z0.0400 F5142.9 ; Width: 0.350mm
G1 X87.1240 Y52.6270 Z0.0400 F5142.9 ; Width: 0.350mm
G1 X87.1232 Y52.7470 Z0.0400 F5142.9 ; Width: 0.350mm
G1 X87.1040 Y52.7670 Z0.0400 F5142.9 ; Width: 0.350mm
G1 X87.1032 Y52.8270 Z0.0400 F5142.9 ; Width: 0.350mm
G1 X87.0840 Y52.8470 Z0.0400 F5142.9 ; Width: 0.350mm
G1 X87.0832 Y52.9670 Z0.0400 F5142.9 ; Width: 0.350mm
G1 X87.0640 Y52.9870 Z0.0400 F5142.9 ; Width: 0.350mm
G1 X87.0632 Y53.0670 Z0.0400 F5142.9 ; Width: 0.350mm
G1 X87.0440 Y53.0870 Z0.0400 F5142.9 ; Width: 0.350mm
G1 X87.0432 Y53.2270 Z0.0400 F5142.9 ; Width: 0.350mm
G1 X87.0240 Y53.2470 Z0.0400 F5142.9 ; Width: 0.350mm
G1 X87.0232 Y53.3270 Z0.0400 F5142.9 ; Width: 0.350mm
G1 X87.0040 Y53.3470 Z0.0400 F5142.9 ; Width: 0.350mm
G1 X87.0032 Y53.4670 Z0.0400 F5142.9 ; Width: 0.350mm
G1 X86.9840 Y53.4870 Z0.0400 F5142.9 ; Width: 0.350mm
G1 X86.9832 Y53.5470 Z0.0400 F5142.9 ; Width: 0.350mm
G1 X86.9640 Y53.5670 Z0.0400 F5142.9 ; Width: 0.350mm
G1 X86.9632 Y53.7070 Z0.0400 F5142.9 ; Width: 0.350mm
G1 X86.9440 Y53.7270 Z0.0400 F5142.9 ; Width: 0.350mm
G1 X86.9432 Y53.7870 Z0.0400 F5142.9 ; Width: 0.350mm
G1 X86.9240 Y53.8070 Z0.0400 F5142.9 ; Width: 0.350mm
G1 X86.9232 Y53.9670 Z0.0400 F5142.9 ; Width: 0.350mm
G1 X86.9040 Y53.9870 Z0.0400 F5142.9 ; Width: 0.350mm
G1 X86.9032 Y54.0870 Z0.0400 F5142.9 ; Width: 0.350mm
G1 X86.8840 Y54.1070 Z0.0400 F5142.9 ; Width: 0.350mm
G1 X86.8832 Y54.2070 Z0.0400 F5142.9 ; Width: 0.350mm
G1 X86.8640 Y54.2270 Z0.0400 F5142.9 ; Width: 0.350mm
G1 X86.8632 Y54.2870 Z0.0400 F5142.9 ; Width: 0.350mm
G1 X86.8440 Y54.3070 Z0.0400 F5142.9 ; Width: 0.350mm
G1 X86.8432 Y54.4470 Z0.0400 F5142.9 ; Width: 0.350mm
G1 X86.8240 Y54.4670 Z0.0400 F5142.9 ; Width: 0.350mm
G1 X86.8232 Y54.5270 Z0.0400 F5142.9 ; Width: 0.350mm
G1 X86.8040 Y54.5470 Z0.0400 F5142.9 ; Width: 0.350mm
G1 X86.8032 Y54.6870 Z0.0400 F5142.9 ; Width: 0.350mm
G1 X86.7840 Y54.7070 Z0.0400 F5142.9 ; Width: 0.350mm
G1 X86.7837 Y54.7470 Z0.0400 F5142.9 ; Width: 0.350mm
G1 X86.6830 Y54.8495 Z0.0400 F5142.9 ; Width: 0.350mm
G1 X86.6630 Y54.8495 Z0.0400 F5142.9 ; Width: 0.350mm
G1 X86.6430 Y54.8686 Z0.0400 F5142.9 ; Width: 0.350mm
G1 X86.5630 Y54.8686 Z0.0400 F5142.9 ; Width: 0.350mm
G1 X86.5430 Y54.8876 Z0.0400 F5142.9 ; Width: 0.350mm
G1 X85.0030 Y54.8876 Z0.0400 F2557.3 ; Width: 0.704mm
G1 X84.9830 Y54.8686 Z0.0400 F5142.9 ; Width: 0.350mm
G1 X84.9030 Y54.8686 Z0.0400 F5142.9 ; Width: 0.350mm
G1 X84.8830 Y54.8495 Z0.0400 F5142.9 ; Width: 0.350mm
G1 X84.8630 Y54.8495 Z0.0400 F5142.9 ; Width: 0.350mm
G1 X84.7614 Y54.7470 Z0.0400 F5142.9 ; Width: 0.350mm
G1 X84.7614 Y54.7070 Z0.0400 F5142.9 ; Width: 0.350mm
G1 X84.7424 Y54.6870 Z0.0400 F5142.9 ; Width: 0.350mm
G1 X84.7424 Y50.0137 Z0.0400 F3311.8 ; Width: 0.544mm
G1 X84.7424 Y45.3403 Z0.0400 F2253.1 ; Width: 0.799mm
G1 X84.7424 Y40.6670 Z0.0400 F1574.3 ; Width: 1.143mm
G1 X84.7614 Y40.6470 Z0.0400 F5142.9 ; Width: 0.350mm
G1 X84.7614 Y40.6070 Z0.0400 F5142.9 ; Width: 0.350mm
G1 X84.8630 Y40.5045 Z0.0400 F5142.9 ; Width: 0.350mm
G1 X84.8830 Y40.5045 Z0.0400 F5142.9 ; Width: 0.350mm
G1 X84.9030 Y40.4854 Z0.0400 F5142.9 ; Width: 0.350mm
G1 X84.9830 Y40.4854 Z0.0400 F5142.9 ; Width: 0.350mm
G1 X85.0030 Y40.4664 Z0.0400 F5142.9 ; Width: 0.350mm
G1 X85.4830 Y40.4664 Z0.0400 F5142.9 ; Width: 0.350mm
G1 X85.5030 Y40.4854 Z0.0400 F5142.9 ; Width: 0.350mm
G1 X85.5830 Y40.4854 Z0.0400 F5142.9 ; Width: 0.350mm
G1 X85.6030 Y40.5045 Z0.0400 F5142.9 ; Width: 0.350mm
G1 X85.6230 Y40.5045 Z0.0400 F5142.9 ; Width: 0.350mm
G1 X85.7246 Y40.6070 Z0.0400 F5142.9 ; Width: 0.350mm
G1 X85.7246 Y40.6470 Z0.0400 F5142.9 ; Width: 0.350mm
G1 X85.7436 Y40.6670 Z0.0400 F5142.9 ; Width: 0.350mm
M118 P0 S"100" ; Sync timer
G1 X85.7437 Y44.4270 Z0.0400 F1220.3 ; Width: 1.475mm
G1 X85.7439 Y48.1870 Z0.0400 F1293.3 ; Width: 1.392mm
G1 X85.7440 Y51.9470 Z0.0400 F3031.5 ; Width: 0.594mm
G1 X85.7632 Y51.9670 Z0.0400 F5142.9 ; Width: 0.350mm
G1 X85.7640 Y52.0070 Z0.0400 F5142.9 ; Width: 0.350mm
G1 X85.7834 Y52.0270 Z0.0400 F5142.9 ; Width: 0.350mm
G1 X85.7839 Y52.0470 Z0.0400 F5142.9 ; Width: 0.350mm
G1 X85.9032 Y52.1670 Z0.0400 F5142.9 ; Width: 0.350mm
G1 X85.9630 Y52.2261 Z0.0400 F5142.9 ; Width: 0.350mm
G1 X85.9830 Y52.2266 Z0.0400 F5142.9 ; Width: 0.350mm
G1 X86.0030 Y52.2460 Z0.0400 F5142.9 ; Width: 0.350mm
G1 X86.0430 Y52.2468 Z0.0400 F5142.9 ; Width: 0.350mm
G1 X86.0630 Y52.2660 Z0.0400 F5142.9 ; Width: 0.350mm
G1 X86.2430 Y52.2660 Z0.0400 F5142.9 ; Width: 0.350mm
G1 X86.2630 Y52.2468 Z0.0400 F5142.9 ; Width: 0.350mm
G1 X86.3030 Y52.2460 Z0.0400 F5142.9 ; Width: 0.350mm
G1 X86.3230 Y52.2266 Z0.0400 F5142.9 ; Width: 0.350mm
G1 X86.3430 Y52.2261 Z0.0400 F5142.9 ; Width: 0.350mm
G1 X86.4028 Y52.1670 Z0.0400 F5142.9 ; Width: 0.350mm
G1 X86.5021 Y52.0670 Z0.0400 F5142.9 ; Width: 0.350mm
G1 X86.5026 Y52.0470 Z0.0400 F5142.9 ; Width: 0.350mm
G1 X86.5220 Y52.0270 Z0.0400 F5142.9 ; Width: 0.350mm
G1 X86.5228 Y51.9870 Z0.0400 F5142.9 ; Width: 0.350mm
G1 X86.5420 Y51.9670 Z0.0400 F5142.9 ; Width: 0.350mm
G1 X86.5428 Y51.9270 Z0.0400 F5142.9 ; Width: 0.350mm
G1 X86.5620 Y51.9070 Z0.0400 F5142.9 ; Width: 0.350mm
G1 X86.5628 Y51.8270 Z0.0400 F5142.9 ; Width: 0.350mm
G1 X86.5820 Y51.8070 Z0.0400 F5142.9 ; Width: 0.350mm
G1 X86.5828 Y51.7470 Z0.0400 F5142.9 ; Width: 0.350mm
G1 X86.6020 Y51.7270 Z0.0400 F5142.9 ; Width: 0.350mm
G1 X86.6028 Y51.5670 Z0.0400 F5142.9 ; Width: 0.350mm
G1 X86.6220 Y51.5470 Z0.0400 F5142.9 ; Width: 0.350mm
G1 X86.6228 Y51.4870 Z0.0400 F5142.9 ; Width: 0.350mm
G1 X86.6420 Y51.4670 Z0.0400 F5142.9 ; Width: 0.350mm
G1 X86.6428 Y51.3070 Z0.0400 F5142.9 ; Width: 0.350mm
G1 X86.6620 Y51.2870 Z0.0400 F5142.9 ; Width: 0.350mm
G1 X86.6628 Y51.2270 Z0.0400 F5142.9 ; Width: 0.350mm
G1 X86.6820 Y51.2070 Z0.0400 F5142.9 ; Width: 0.350mm
G1 X86.6828 Y51.0670 Z0.0400 F5142.9 ; Width: 0.350mm
G1 X86.7020 Y51.0470 Z0.0400 F5142.9 ; Width: 0.350mm
G1 X86.7028 Y50.9870 Z0.0400 F5142.9 ; Width: 0.350mm
G1 X86.7220 Y50.9670 Z0.0400 F5142.9 ; Width: 0.350mm
G1 X86.7228 Y50.8270 Z0.0400 F5142.9 ; Width: 0.350mm
G1 X86.7420 Y50.8070 Z0.0400 F5142.9 ; Width: 0.350mm
G1 X86.7428 Y50.7270 Z0.0400 F5142.9 ; Width: 0.350mm
G1 X86.7620 Y50.7070 Z0.0400 F5142.9 ; Width: 0.350mm
G1 X86.7628 Y50.5470 Z0.0400 F5142.9 ; Width: 0.350mm
G1 X86.7820 Y50.5270 Z0.0400 F5142.9 ; Width: 0.350mm
G1 X86.7828 Y50.4870 Z0.0400 F5142.9 ; Width: 0.350mm
G1 X86.8020 Y50.4670 Z0.0400 F5142.9 ; Width: 0.350mm
G1 X86.8028 Y50.3470 Z0.0400 F5142.9 ; Width: 0.350mm
G1 X86.8220 Y50.3270 Z0.0400 F5142.9 ; Width: 0.350mm
G1 X86.8228 Y50.2470 Z0.0400 F5142.9 ; Width: 0.350mm
G1 X86.8420 Y50.2270 Z0.0400 F5142.9 ; Width: 0.350mm
G1 X86.8428 Y50.0870 Z0.0400 F5142.9 ; Width: 0.350mm
G1 X86.8620 Y50.0670 Z0.0400 F5142.9 ; Width: 0.350mm
G1 X86.8628 Y49.9870 Z0.0400 F5142.9 ; Width: 0.350mm
G1 X86.8820 Y49.9670 Z0.0400 F5142.9 ; Width: 0.350mm
G1 X86.8828 Y49.8070 Z0.0400 F5142.9 ; Width: 0.350mm
G1 X86.9020 Y49.7870 Z0.0400 F5142.9 ; Width: 0.350mm
G1 X86.9028 Y49.7470 Z0.0400 F5142.9 ; Width: 0.350mm
G1 X86.9220 Y49.7270 Z0.0400 F5142.9 ; Width: 0.350mm
G1 X86.9228 Y49.6070 Z0.0400 F5142.9 ; Width: 0.350mm
G1 X86.9420 Y49.5870 Z0.0400 F5142.9 ; Width: 0.350mm
G1 X86.9428 Y49.5070 Z0.0400 F5142.9 ; Width: 0.350mm
G1 X86.9620 Y49.4870 Z0.0400 F5142.9 ; Width: 0.350mm
G1 X86.9628 Y49.3270 Z0.0400 F5142.9 ; Width: 0.350mm
G1 X86.9820 Y49.3070 Z0.0400 F5142.9 ; Width: 0.350mm
G1 X86.9828 Y49.2670 Z0.0400 F5142.9 ; Width: 0.350mm
G1 X87.0020 Y49.2470 Z0.0400 F5142.9 ; Width: 0.350mm
G1 X87.0028 Y49.0870 Z0.0400 F5142.9 ; Width: 0.350mm
G1 X87.0220 Y49.0670 Z0.0400 F5142.9 ; Width: 0.350mm
G1 X87.0228 Y49.0070 Z0.0400 F5142.9 ; Width: 0.350mm
G1 X87.0420 Y48.9870 Z0.0400 F5142.9 ; Width: 0.350mm
G1 X87.0428 Y48.8470 Z0.0400 F5142.9 ; Width: 0.350mm
G1 X87.0620 Y48.8270 Z0.0400 F5142.9 ; Width: 0.350mm
G1 X87.0628 Y48.7670 Z0.0400 F5142.9 ; Width: 0.350mm
G1 X87.0820 Y48.7470 Z0.0400 F5142.9 ; Width: 0.350mm
G1 X87.0828 Y48.5870 Z0.0400 F5142.9 ; Width: 0.350mm
G1 X87.1020 Y48.5670 Z0.0400 F5142.9 ; Width: 0.350mm
G1 X87.1028 Y48.5270 Z0.0400 F5142.9 ; Width: 0.350mm
G1 X87.1220 Y48.5070 Z0.0400 F5142.9 ; Width: 0.350mm
G1 X87.1228 Y48.3670 Z0.0400 F5142.9 ; Width: 0.350mm
G1 X87.1420 Y48.3470 Z0.0400 F5142.9 ; Width: 0.350mm
G1 X87.1428 Y48.2870 Z0.0400 F5142.9 ; Width: 0.350mm
G1 X87.1620 Y48.2670 Z0.0400 F5142.9 ; Width: 0.350mm
G1 X87.1628 Y48.1270 Z0.0400 F5142.9 ; Width: 0.350mm
G1 X87.1820 Y48.1070 Z0.0400 F5142.9 ; Width: 0.350mm
G1 X87.1828 Y48.0270 Z0.0400 F5142.9 ; Width: 0.350mm
G1 X87.2020 Y48.0070 Z0.0400 F5142.9 ; Width: 0.350mm
G1 X87.2028 Y47.8670 Z0.0400 F5142.9 ; Width: 0.350mm
G1 X87.2220 Y47.8470 Z0.0400 F5142.9 ; Width: 0.350mm
G1 X87.2228 Y47.7870 Z0.0400 F5142.9 ; Width: 0.350mm
G1 X87.2420 Y47.7670 Z0.0400 F5142.9 ; Width: 0.350mm
G1 X87.2428 Y47.6070 Z0.0400 F5142.9 ; Width: 0.350mm
G1 X87.2620 Y47.5870 Z0.0400 F5142.9 ; Width: 0.350mm
G1 X87.2628 Y47.5270 Z0.0400 F5142.9 ; Width: 0.350mm
G1 X87.2820 Y47.5070 Z0.0400 F5142.9 ; Width: 0.350mm
G1 X87.2828 Y47.3670 Z0.0400 F5142.9 ; Width: 0.350mm
G1 X87.3020 Y47.3470 Z0.0400 F5142.9 ; Width: 0.350mm
G1 X87.3028 Y47.2870 Z0.0400 F5142.9 ; Width: 0.350mm
G1 X87.3220 Y47.2670 Z0.0400 F5142.9 ; Width: 0.350mm
G1 X87.3228 Y47.1270 Z0.0400 F5142.9 ; Width: 0.350mm
G1 X87.3420 Y47.1070 Z0.0400 F5142.9 ; Width: 0.350mm
G1 X87.3428 Y47.0470 Z0.0400 F5142.9 ; Width: 0.350mm
G1 X87.3620 Y47.0270 Z0.0400 F5142.9 ; Width: 0.350mm
G1 X87.3628 Y46.9070 Z0.0400 F5142.9 ; Width: 0.350mm
G1 X87.3820 Y46.8870 Z0.0400 F5142.9 ; Width: 0.350mm
G1 X87.3828 Y46.7870 Z0.0400 F5142.9 ; Width: 0.350mm
G1 X87.4020 Y46.7670 Z0.0400 F5142.9 ; Width: 0.350mm
G1 X87.4028 Y46.6270 Z0.0400 F5142.9 ; Width: 0.350mm
G1 X87.4220 Y46.6070 Z0.0400 F5142.9 ; Width: 0.350mm
G1 X87.4228 Y46.5470 Z0.0400 F5142.9 ; Width: 0.350mm
G1 X87.4420 Y46.5270 Z0.0400 F5142.9 ; Width: 0.350mm
G1 X87.4428 Y46.3870 Z0.0400 F5142.9 ; Width: 0.350mm
G1 X87.4620 Y46.3670 Z0.0400 F5142.9 ; Width: 0.350mm
G1 X87.4628 Y46.3070 Z0.0400 F5142.9 ; Width: 0.350mm
G1 X87.4820 Y46.2870 Z0.0400 F5142.9 ; Width: 0.350mm
G1 X87.4828 Y46.1470 Z0.0400 F5142.9 ; Width: 0.350mm
G1 X87.5020 Y46.1270 Z0.0400 F5142.9 ; Width: 0.350mm
G1 X87.5028 Y46.0470 Z0.0400 F5142.9 ; Width: 0.350mm
G1 X87.5220 Y46.0270 Z0.0400 F5142.9 ; Width: 0.350mm
G1 X87.5228 Y45.9070 Z0.0400 F5142.9 ; Width: 0.350mm
G1 X87.5420 Y45.8870 Z0.0400 F5142.9 ; Width: 0.350mm
G1 X87.5428 Y45.8070 Z0.0400 F5142.9 ; Width: 0.350mm
G1 X87.5620 Y45.7870 Z0.0400 F5142.9 ; Width: 0.350mm
G1 X87.5628 Y45.6670 Z0.0400 F5142.9 ; Width: 0.350mm
G1 X87.5820 Y45.6470 Z0.0400 F5142.9 ; Width: 0.350mm
G1 X87.5828 Y45.5670 Z0.0400 F5142.9 ; Width: 0.350mm
G1 X87.6020 Y45.5470 Z0.0400 F5142.9 ; Width: 0.350mm
G1 X87.6028 Y45.4270 Z0.0400 F5142.9 ; Width: 0.350mm
G1 X87.6220 Y45.4070 Z0.0400 F5142.9 ; Width: 0.350mm
G1 X87.6228 Y45.3070 Z0.0400 F5142.9 ; Width: 0.350mm
G1 X87.6420 Y45.2870 Z0.0400 F5142.9 ; Width: 0.350mm
G1 X87.6428 Y45.1470 Z0.0400 F5142.9 ; Width: 0.350mm
G1 X87.6620 Y45.1270 Z0.0400 F5142.9 ; Width: 0.350mm
G1 X87.6628 Y45.0670 Z0.0400 F5142.9 ; Width: 0.350mm
G1 X87.6820 Y45.0470 Z0.0400 F5142.9 ; Width: 0.350mm
G1 X87.6828 Y44.9270 Z0.0400 F5142.9 ; Width: 0.350mm
G1 X87.7020 Y44.9070 Z0.0400 F5142.9 ; Width: 0.350mm
G1 X87.7028 Y44.8270 Z0.0400 F5142.9 ; Width: 0.350mm
G1 X87.7220 Y44.8070 Z0.0400 F5142.9 ; Width: 0.350mm
G1 X87.7228 Y44.6470 Z0.0400 F5142.9 ; Width: 0.350mm
G1 X87.7420 Y44.6270 Z0.0400 F5142.9 ; Width: 0.350mm
G1 X87.7428 Y44.5470 Z0.0400 F5142.9 ; Width: 0.350mm
G1 X87.7620 Y44.5270 Z0.0400 F5142.9 ; Width: 0.350mm
G1 X87.7628 Y44.4270 Z0.0400 F5142.9 ; Width: 0.350mm
G1 X87.7820 Y44.4070 Z0.0400 F5142.9 ; Width: 0.350mm
G1 X87.7828 Y44.3270 Z0.0400 F5142.9 ; Width: 0.350mm
G1 X87.8020 Y44.3070 Z0.0400 F5142.9 ; Width: 0.350mm
G1 X87.8028 Y44.1670 Z0.0400 F5142.9 ; Width: 0.350mm
G1 X87.8220 Y44.1470 Z0.0400 F5142.9 ; Width: 0.350mm
G1 X87.8228 Y44.0870 Z0.0400 F5142.9 ; Width: 0.350mm
G1 X87.8420 Y44.0670 Z0.0400 F5142.9 ; Width: 0.350mm
G1 X87.8428 Y43.9270 Z0.0400 F5142.9 ; Width: 0.350mm
G1 X87.8620 Y43.9070 Z0.0400 F5142.9 ; Width: 0.350mm
G1 X87.8628 Y43.8270 Z0.0400 F5142.9 ; Width: 0.350mm
G1 X87.8820 Y43.8070 Z0.0400 F5142.9 ; Width: 0.350mm
G1 X87.8828 Y43.7070 Z0.0400 F5142.9 ; Width: 0.350mm
G1 X87.9020 Y43.6870 Z0.0400 F5142.9 ; Width: 0.350mm
G1 X87.9028 Y43.5870 Z0.0400 F5142.9 ; Width: 0.350mm
G1 X87.9220 Y43.5670 Z0.0400 F5142.9 ; Width: 0.350mm
G1 X87.9228 Y43.4070 Z0.0400 F5142.9 ; Width: 0.350mm
G1 X87.9420 Y43.3870 Z0.0400 F5142.9 ; Width: 0.350mm
G1 X87.9428 Y43.3270 Z0.0400 F5142.9 ; Width: 0.350mm
G1 X87.9620 Y43.3070 Z0.0400 F5142.9 ; Width: 0.350mm
G1 X87.9628 Y43.1670 Z0.0400 F5142.9 ; Width: 0.350mm
G1 X87.9820 Y43.1470 Z0.0400 F5142.9 ; Width: 0.350mm
G1 X87.9828 Y43.0870 Z0.0400 F5142.9 ; Width: 0.350mm
G1 X88.0020 Y43.0670 Z0.0400 F5142.9 ; Width: 0.350mm
G1 X88.0028 Y42.9870 Z0.0400 F5142.9 ; Width: 0.350mm
G1 X88.0220 Y42.9670 Z0.0400 F5142.9 ; Width: 0.350mm
G1 X88.0228 Y42.8470 Z0.0400 F5142.9 ; Width: 0.350mm
G1 X88.0420 Y42.8270 Z0.0400 F5142.9 ; Width: 0.350mm
G1 X88.0428 Y42.6470 Z0.0400 F5142.9 ; Width: 0.350mm
G1 X88.0620 Y42.6270 Z0.0400 F5142.9 ; Width: 0.350mm
G1 X88.0628 Y42.5870 Z0.0400 F5142.9 ; Width: 0.350mm
G1 X88.0820 Y42.5670 Z0.0400 F5142.9 ; Width: 0.350mm
G1 X88.0828 Y42.4670 Z0.0400 F5142.9 ; Width: 0.350mm
G1 X88.1020 Y42.4470 Z0.0400 F5142.9 ; Width: 0.350mm
G1 X88.1028 Y42.3470 Z0.0400 F5142.9 ; Width: 0.350mm
G1 X88.1220 Y42.3270 Z0.0400 F5142.9 ; Width: 0.350mm
G1 X88.1228 Y42.2470 Z0.0400 F5142.9 ; Width: 0.350mm
G1 X88.1420 Y42.2270 Z0.0400 F5142.9 ; Width: 0.350mm
G1 X88.1428 Y42.0870 Z0.0400 F5142.9 ; Width: 0.350mm
G1 X88.1620 Y42.0670 Z0.0400 F5142.9 ; Width: 0.350mm
G1 X88.1626 Y41.9270 Z0.0400 F5142.9 ; Width: 0.350mm
G1 X88.1820 Y41.9070 Z0.0400 F5142.9 ; Width: 0.350mm
G1 X88.1828 Y41.8670 Z0.0400 F5142.9 ; Width: 0.350mm
G1 X88.2020 Y41.8470 Z0.0400 F5142.9 ; Width: 0.350mm
G1 X88.2028 Y41.7670 Z0.0400 F5142.9 ; Width: 0.350mm
G1 X88.2220 Y41.7470 Z0.0400 F5142.9 ; Width: 0.350mm
G1 X88.2228 Y41.6270 Z0.0400 F5142.9 ; Width: 0.350mm
G1 X88.2420 Y41.6070 Z0.0400 F5142.9 ; Width: 0.350mm
G1 X88.2428 Y41.5070 Z0.0400 F5142.9 ; Width: 0.350mm
G1 X88.2620 Y41.4870 Z0.0400 F5142.9 ; Width: 0.350mm
G1 X88.2628 Y41.3870 Z0.0400 F5142.9 ; Width: 0.350mm
G1 X88.2820 Y41.3670 Z0.0400 F5142.9 ; Width: 0.350mm
G1 X88.2828 Y41.2070 Z0.0400 F5142.9 ; Width: 0.350mm
G1 X88.3020 Y41.1870 Z0.0400 F5142.9 ; Width: 0.350mm
G1 X88.3028 Y41.1270 Z0.0400 F5142.9 ; Width: 0.350mm
G1 X88.3220 Y41.1070 Z0.0400 F5142.9 ; Width: 0.350mm
G1 X88.3228 Y41.0270 Z0.0400 F5142.9 ; Width: 0.350mm
G1 X88.3420 Y41.0070 Z0.0400 F5142.9 ; Width: 0.350mm
G1 X88.3428 Y40.8670 Z0.0400 F5142.9 ; Width: 0.350mm
G1 X88.3620 Y40.8470 Z0.0400 F5142.9 ; Width: 0.350mm
G1 X88.3628 Y40.7470 Z0.0400 F5142.9 ; Width: 0.350mm
G1 X88.3820 Y40.7270 Z0.0400 F5142.9 ; Width: 0.350mm
G1 X88.3823 Y40.6870 Z0.0400 F5142.9 ; Width: 0.350mm
G1 X88.4830 Y40.5828 Z0.0400 F5142.9 ; Width: 0.350mm
G1 X88.5030 Y40.5821 Z0.0400 F5142.9 ; Width: 0.350mm
G1 X88.5230 Y40.5622 Z0.0400 F5142.9 ; Width: 0.350mm
G1 X88.6030 Y40.5622 Z0.0400 F5142.9 ; Width: 0.350mm
G1 X88.6230 Y40.5429 Z0.0400 F5142.9 ; Width: 0.350mm
G1 X88.6430 Y40.5429 Z0.0400 F5142.9 ; Width: 0.350mm
G1 X88.6630 Y40.5622 Z0.0400 F5142.9 ; Width: 0.350mm
G1 X88.7430 Y40.5622 Z0.0400 F5142.9 ; Width: 0.350mm
G1 X88.7630 Y40.5822 Z0.0400 F5142.9 ; Width: 0.350mm
G1 X88.7830 Y40.5829 Z0.0400 F5142.9 ; Width: 0.350mm
G1 X88.8836 Y40.6870 Z0.0400 F5142.9 ; Width: 0.350mm
G1 X88.8840 Y40.7270 Z0.0400 F5142.9 ; Width: 0.350mm
G1 X88.9032 Y40.7470 Z0.0400 F5142.9 ; Width: 0.350mm
G1 X88.9040 Y40.8870 Z0.0400 F5142.9 ; Width: 0.350mm
G1 X88.9232 Y40.9070 Z0.0400 F5142.9 ; Width: 0.350mm
G1 X88.9240 Y40.9870 Z0.0400 F5142.9 ; Width: 0.350mm
G1 X88.9432 Y41.0070 Z0.0400 F5142.9 ; Width: 0.350mm
G1 X88.9440 Y41.1070 Z0.0400 F5142.9 ; Width: 0.350mm
G1 X88.9632 Y41.1270 Z0.0400 F5142.9 ; Width: 0.350mm
G1 X88.9640 Y41.2270 Z0.0400 F5142.9 ; Width: 0.350mm
G1 X88.9832 Y41.2470 Z0.0400 F5142.9 ; Width: 0.350mm
G1 X88.9840 Y41.3870 Z0.0400 F5142.9 ; Width: 0.350mm
G1 X89.0032 Y41.4070 Z0.0400 F5142.9 ; Width: 0.350mm
G1 X89.0040 Y41.4670 Z0.0400 F5142.9 ; Width: 0.350mm
G1 X89.0232 Y41.4870 Z0.0400 F5142.9 ; Width: 0.350mm
G1 X89.0240 Y41.6270 Z0.0400 F5142.9 ; Width: 0.350mm
G1 X89.0432 Y41.6470 Z0.0400 F5142.9 ; Width: 0.350mm
G1 X89.0440 Y41.7270 Z0.0400 F5142.9 ; Width: 0.350mm
G1 X89.0632 Y41.7470 Z0.0400 F5142.9 ; Width: 0.350mm
G1 X89.0640 Y41.8670 Z0.0400 F5142.9 ; Width: 0.350mm
G1 X89.0832 Y41.8870 Z0.0400 F5142.9 ; Width: 0.350mm
G1 X89.0840 Y41.9670 Z0.0400 F5142.9 ; Width: 0.350mm
G1 X89.1032 Y41.9870 Z0.0400 F5142.9 ; Width: 0.350mm
G1 X89.1040 Y42.1270 Z0.0400 F5142.9 ; Width: 0.350mm
G1 X89.1232 Y42.1470 Z0.0400 F5142.9 ; Width: 0.350mm
G1 X89.1240 Y42.1870 Z0.0400 F5142.9 ; Width: 0.350mm
G1 X89.1432 Y42.2070 Z0.0400 F5142.9 ; Width: 0.350mm
G1 X89.1440 Y42.3670 Z0.0400 F5142.9 ; Width: 0.350mm
G1 X89.1632 Y42.3870 Z0.0400 F5142.9 ; Width: 0.350mm
G1 X89.1640 Y42.4470 Z0.0400 F5142.9 ; Width: 0.350mm
G1 X89.1832 Y42.4670 Z0.0400 F5142.9 ; Width: 0.350mm
G1 X89.1840 Y42.6270 Z0.0400 F5142.9 ; Width: 0.350mm
G1 X89.2032 Y42.6470 Z0.0400 F5142.9 ; Width: 0.350mm
G1 X89.2040 Y42.7070 Z0.0400 F5142.9 ; Width: 0.350mm
G1 X89.2232 Y42.7270 Z0.0400 F5142.9 ; Width: 0.350mm
G1 X89.2240 Y42.8870 Z0.0400 F5142.9 ; Width: 0.350mm
G1 X89.2432 Y42.9070 Z0.0400 F5142.9 ; Width: 0.350mm
G1 X89.2440 Y42.9470 Z0.0400 F5142.9 ; Width: 0.350mm
G1 X89.2632 Y42.9670 Z0.0400 F5142.9 ; Width: 0.350mm
G1 X89.2640 Y43.1270 Z0.0400 F5142.9 ; Width: 0.350mm
G1 X89.2832 Y43.1470 Z0.0400 F5142.9 ; Width: 0.350mm
G1 X89.2840 Y43.2070 Z0.0400 F5142.9 ; Width: 0.350mm
G1 X89.3032 Y43.2270 Z0.0400 F5142.9 ; Width: 0.350mm
G1 X89.3040 Y43.3670 Z0.0400 F5142.9 ; Width: 0.350mm
G1 X89.3232 Y43.3870 Z0.0400 F5142.9 ; Width: 0.350mm
G1 X89.3240 Y43.4670 Z0.0400 F5142.9 ; Width: 0.350mm
G1 X89.3432 Y43.4870 Z0.0400 F5142.9 ; Width: 0.350mm
G1 X89.3440 Y43.6070 Z0.0400 F5142.9 ; Width: 0.350mm
G1 X89.3632 Y43.6270 Z0.0400 F5142.9 ; Width: 0.350mm
G1 X89.3640 Y43.6670 Z0.0400 F5142.9 ; Width: 0.350mm
G1 X89.3832 Y43.6870 Z0.0400 F5142.9 ; Width: 0.350mm
G1 X89.3840 Y43.8670 Z0.0400 F5142.9 ; Width: 0.350mm
G1 X89.4032 Y43.8870 Z0.0400 F5142.9 ; Width: 0.350mm
G1 X89.4040 Y43.9470 Z0.0400 F5142.9 ; Width: 0.350mm
G1 X89.4232 Y43.9670 Z0.0400 F5142.9 ; Width: 0.350mm
G1 X89.4240 Y44.1070 Z0.0400 F5142.9 ; Width: 0.350mm
G1 X89.4432 Y44.1270 Z0.0400 F5142.9 ; Width: 0.350mm
G1 X89.4440 Y44.1870 Z0.0400 F5142.9 ; Width: 0.350mm
G1 X89.4632 Y44.2070 Z0.0400 F5142.9 ; Width: 0.350mm
G1 X89.4640 Y44.3470 Z0.0400 F5142.9 ; Width: 0.350mm
G1 X89.4832 Y44.3670 Z0.0400 F5142.9 ; Width: 0.350mm
G1 X89.4840 Y44.4070 Z0.0400 F5142.9 ; Width: 0.350mm
G1 X89.5032 Y44.4270 Z0.0400 F5142.9 ; Width: 0.350mm
G1 X89.5040 Y44.6070 Z0.0400 F5142.9 ; Width: 0.350mm
G1 X89.5232 Y44.6270 Z0.0400 F5142.9 ; Width: 0.350mm
G1 X89.5240 Y44.7070 Z0.0400 F5142.9 ; Width: 0.350mm
G1 X89.5432 Y44.7270 Z0.0400 F5142.9 ; Width: 0.350mm
G1 X89.5440 Y44.8670 Z0.0400 F5142.9 ; Width: 0.350mm
G1 X89.5632 Y44.8870 Z0.0400 F5142.9 ; Width: 0.350mm
G1 X89.5640 Y44.9270 Z0.0400 F5142.9 ; Width: 0.350mm
G1 X89.5832 Y44.9470 Z0.0400 F5142.9 ; Width: 0.350mm
G1 X89.5840 Y45.0870 Z0.0400 F5142.9 ; Width: 0.350mm
G1 X89.6032 Y45.1070 Z0.0400 F5142.9 ; Width: 0.350mm
G1 X89.6040 Y45.1670 Z0.0400 F5142.9 ; Width: 0.350mm
G1 X89.6232 Y45.1870 Z0.0400 F5142.9 ; Width: 0.350mm
G1 X89.6240 Y45.3470 Z0.0400 F5142.9 ; Width: 0.350mm
G1 X89.6432 Y45.3670 Z0.0400 F5142.9 ; Width: 0.350mm
G1 X89.6440 Y45.4470 Z0.0400 F5142.9 ; Width: 0.350mm
G1 X89.6632 Y45.4670 Z0.0400 F5142.9 ; Width: 0.350mm
G1 X89.6640 Y45.5870 Z0.0400 F5142.9 ; Width: 0.350mm
G1 X89.6832 Y45.6070 Z0.0400 F5142.9 ; Width: 0.350mm
G1 X89.6840 Y45.6670 Z0.0400 F5142.9 ; Width: 0.350mm
G1 X89.7032 Y45.6870 Z0.0400 F5142.9 ; Width: 0.350mm
G1 X89.7040 Y45.8270 Z0.0400 F5142.9 ; Width: 0.350mm
G1 X89.7232 Y45.8470 Z0.0400 F5142.9 ; Width: 0.350mm
G1 X89.7240 Y45.9270 Z0.0400 F5142.9 ; Width: 0.350mm
G1 X89.7432 Y45.9470 Z0.0400 F5142.9 ; Width: 0.350mm
G1 X89.7440 Y46.0870 Z0.0400 F5142.9 ; Width: 0.350mm
G1 X89.7632 Y46.1070 Z0.0400 F5142.9 ; Width: 0.350mm
G1 X89.7640 Y46.1670 Z0.0400 F5142.9 ; Width: 0.350mm
G1 X89.7832 Y46.1870 Z0.0400 F5142.9 ; Width: 0.350mm
G1 X89.7840 Y46.2870 Z0.0400 F5142.9 ; Width: 0.350mm
G1 X89.8032 Y46.3070 Z0.0400 F5142.9 ; Width: 0.350mm
G1 X89.8040 Y46.4070 Z0.0400 F5142.9 ; Width: 0.350mm
G1 X89.8232 Y46.4270 Z0.0400 F5142.9 ; Width: 0.350mm
G1 X89.8240 Y46.5670 Z0.0400 F5142.9 ; Width: 0.350mm
G1 X89.8432 Y46.5870 Z0.0400 F5142.9 ; Width: 0.350mm
G1 X89.8440 Y46.6470 Z0.0400 F5142.9 ; Width: 0.350mm
G1 X89.8632 Y46.6670 Z0.0400 F5142.9 ; Width: 0.350mm
G1 X89.8640 Y46.8070 Z0.0400 F5142.9 ; Width: 0.350mm
G1 X89.8832 Y46.8270 Z0.0400 F5142.9 ; Width: 0.350mm
G1 X89.8840 Y46.9070 Z0.0400 F5142.9 ; Width: 0.350mm
G1 X89.9032 Y46.9270 Z0.0400 F5142.9 ; Width: 0.350mm
G1 X89.9040 Y46.9870 Z0.0400 F5142.9 ; Width: 0.350mm
G1 X89.9232 Y47.0070 Z0.0400 F5142.9 ; Width: 0.350mm
G1 X89.9240 Y47.1470 Z0.0400 F5142.9 ; Width: 0.350mm
G1 X89.9432 Y47.1670 Z0.0400 F5142.9 ; Width: 0.350mm
G1 X89.9440 Y47.3070 Z0.0400 F5142.9 ; Width: 0.350mm
G1 X89.9632 Y47.3270 Z0.0400 F5142.9 ; Width: 0.350mm
G1 X89.9640 Y47.4070 Z0.0400 F5142.9 ; Width: 0.350mm
G1 X89.9832 Y47.4270 Z0.0400 F5142.9 ; Width: 0.350mm
G1 X89.9840 Y47.5070 Z0.0400 F5142.9 ; Width: 0.350mm
G1 X90.0032 Y47.5270 Z0.0400 F5142.9 ; Width: 0.350mm
G1 X90.0040 Y47.6270 Z0.0400 F5142.9 ; Width: 0.350mm
G1 X90.0232 Y47.6470 Z0.0400 F5142.9 ; Width: 0.350mm
G1 X90.0240 Y47.7070 Z0.0400 F5142.9 ; Width: 0.350mm
G1 X90.0432 Y47.7270 Z0.0400 F5142.9 ; Width: 0.350mm
G1 X90.0440 Y47.8870 Z0.0400 F5142.9 ; Width: 0.350mm
G1 X90.0632 Y47.9070 Z0.0400 F5142.9 ; Width: 0.350mm
G1 X90.0640 Y48.0270 Z0.0400 F5142.9 ; Width: 0.350mm
G1 X90.0832 Y48.0470 Z0.0400 F5142.9 ; Width: 0.350mm
G1 X90.0840 Y48.1270 Z0.0400 F5142.9 ; Width: 0.350mm
G1 X90.1032 Y48.1470 Z0.0400 F5142.9 ; Width: 0.350mm
G1 X90.1040 Y48.2070 Z0.0400 F5142.9 ; Width: 0.350mm
G1 X90.1232 Y48.2270 Z0.0400 F5142.9 ; Width: 0.350mm
G1 X90.1240 Y48.3670 Z0.0400 F5142.9 ; Width: 0.350mm
G1 X90.1432 Y48.3870 Z0.0400 F5142.9 ; Width: 0.350mm
G1 X90.1440 Y48.4670 Z0.0400 F5142.9 ; Width: 0.350mm
G1 X90.1632 Y48.4870 Z0.0400 F5142.9 ; Width: 0.350mm
G1 X90.1640 Y48.6270 Z0.0400 F5142.9 ; Width: 0.350mm
G1 X90.1832 Y48.6470 Z0.0400 F5142.9 ; Width: 0.350mm
G1 X90.1840 Y48.7670 Z0.0400 F5142.9 ; Width: 0.350mm
G1 X90.2032 Y48.7870 Z0.0400 F5142.9 ; Width: 0.350mm
G1 X90.2040 Y48.8870 Z0.0400 F5142.9 ; Width: 0.350mm
G1 X90.2232 Y48.9070 Z0.0400 F5142.9 ; Width: 0.350mm
G1 X90.2240 Y48.9470 Z0.0400 F5142.9 ; Width: 0.350mm
G1 X90.2434 Y48.9670 Z0.0400 F5142.9 ; Width: 0.350mm
G1 X90.2440 Y49.1270 Z0.0400 F5142.9 ; Width: 0.350mm
G1 X90.2632 Y49.1470 Z0.0400 F5142.9 ; Width: 0.350mm
G1 X90.2640 Y49.2270 Z0.0400 F5142.9 ; Width: 0.350mm
G1 X90.2832 Y49.2470 Z0.0400 F5142.9 ; Width: 0.350mm
G1 X90.2840 Y49.3870 Z0.0400 F5142.9 ; Width: 0.350mm
G1 X90.3032 Y49.4070 Z0.0400 F5142.9 ; Width: 0.350mm
G1 X90.3040 Y49.5070 Z0.0400 F5142.9 ; Width: 0.350mm
G1 X90.3232 Y49.5270 Z0.0400 F5142.9 ; Width: 0.350mm
G1 X90.3240 Y49.6270 Z0.0400 F5142.9 ; Width: 0.350mm
G1 X90.3432 Y49.6470 Z0.0400 F5142.9 ; Width: 0.350mm
G1 X90.3440 Y49.7070 Z0.0400 F5142.9 ; Width: 0.350mm
G1 X90.3632 Y49.7270 Z0.0400 F5142.9 ; Width: 0.350mm
G1 X90.3640 Y49.8870 Z0.0400 F5142.9 ; Width: 0.350mm
G1 X90.3832 Y49.9070 Z0.0400 F5142.9 ; Width: 0.350mm
G1 X90.3840 Y49.9870 Z0.0400 F5142.9 ; Width: 0.350mm
G1 X90.4032 Y50.0070 Z0.0400 F5142.9 ; Width: 0.350mm
G1 X90.4040 Y50.1470 Z0.0400 F5142.9 ; Width: 0.350mm
G1 X90.4232 Y50.1670 Z0.0400 F5142.9 ; Width: 0.350mm
G1 X90.4240 Y50.2270 Z0.0400 F5142.9 ; Width: 0.350mm
G1 X90.4432 Y50.2470 Z0.0400 F5142.9 ; Width: 0.350mm
G1 X90.4440 Y50.3670 Z0.0400 F5142.9 ; Width: 0.350mm
G1 X90.4632 Y50.3870 Z0.0400 F5142.9 ; Width: 0.350mm
G1 X90.4640 Y50.4470 Z0.0400 F5142.9 ; Width: 0.350mm
G1 X90.4832 Y50.4670 Z0.0400 F5142.9 ; Width: 0.350mm
G1 X90.4840 Y50.6270 Z0.0400 F5142.9 ; Width: 0.350mm
G1 X90.5032 Y50.6470 Z0.0400 F5142.9 ; Width: 0.350mm
G1 X90.5040 Y50.7270 Z0.0400 F5142.9 ; Width: 0.350mm
G1 X90.5232 Y50.7470 Z0.0400 F5142.9 ; Width: 0.350mm
G1 X90.5240 Y50.8670 Z0.0400 F5142.9 ; Width: 0.350mm
G1 X90.5432 Y50.8870 Z0.0400 F5142.9 ; Width: 0.350mm
G1 X90.5440 Y50.9670 Z0.0400 F5142.9 ; Width: 0.350mm
G1 X90.5632 Y50.9870 Z0.0400 F5142.9 ; Width: 0.350mm
G1 X90.5640 Y51.1270 Z0.0400 F5142.9 ; Width: 0.350mm
G1 X90.5832 Y51.1470 Z0.0400 F5142.9 ; Width: 0.350mm
G1 X90.5840 Y51.2070 Z0.0400 F5142.9 ; Width: 0.350mm
G1 X90.6032 Y51.2270 Z0.0400 F5142.9 ; Width: 0.350mm
G1 X90.6040 Y51.3870 Z0.0400 F5142.9 ; Width: 0.350mm
G1 X90.6232 Y51.4070 Z0.0400 F5142.9 ; Width: 0.350mm
G1 X90.6240 Y51.4670 Z0.0400 F5142.9 ; Width: 0.350mm
G1 X90.6432 Y51.4870 Z0.0400 F5142.9 ; Width: 0.350mm
G1 X90.6440 Y51.6070 Z0.0400 F5142.9 ; Width: 0.350mm
G1 X90.6632 Y51.6270 Z0.0400 F5142.9 ; Width: 0.350mm
G1 X90.6640 Y51.7270 Z0.0400 F5142.9 ; Width: 0.350mm
G1 X90.6832 Y51.7470 Z0.0400 F5142.9 ; Width: 0.350mm
G1 X90.6840 Y51.8670 Z0.0400 F5142.9 ; Width: 0.350mm
G1 X90.7032 Y51.8870 Z0.0400 F5142.9 ; Width: 0.350mm
G1 X90.7040 Y51.9270 Z0.0400 F5142.9 ; Width: 0.350mm
G1 X90.7232 Y51.9470 Z0.0400 F5142.9 ; Width: 0.350mm
G1 X90.7240 Y51.9870 Z0.0400 F5142.9 ; Width: 0.350mm
G1 X90.7434 Y52.0070 Z0.0400 F5142.9 ; Width: 0.350mm
G1 X90.7439 Y52.0270 Z0.0400 F5142.9 ; Width: 0.350mm
G1 X90.9230 Y52.2061 Z0.0400 F5142.9 ; Width: 0.350mm
G1 X90.9430 Y52.2066 Z0.0400 F5142.9 ; Width: 0.350mm
G1 X90.9630 Y52.2260 Z0.0400 F5142.9 ; Width: 0.350mm
G1 X91.0030 Y52.2268 Z0.0400 F5142.9 ; Width: 0.350mm
G1 X91.0230 Y52.2460 Z0.0400 F5142.9 ; Width: 0.350mm
G1 X91.2030 Y52.2460 Z0.0400 F5142.9 ; Width: 0.350mm
G1 X91.2230 Y52.2268 Z0.0400 F5142.9 ; Width: 0.350mm
G1 X91.2630 Y52.2260 Z0.0400 F5142.9 ; Width: 0.350mm
G1 X91.2830 Y52.2066 Z0.0400 F5142.9 ; Width: 0.350mm
G1 X91.3030 Y52.2061 Z0.0400 F5142.9 ; Width: 0.350mm
G1 X91.4821 Y52.0270 Z0.0400 F5142.9 ; Width: 0.350mm
G1 X91.4826 Y52.0070 Z0.0400 F5142.9 ; Width: 0.350mm
G1 X91.5020 Y51.9870 Z0.0400 F5142.9 ; Width: 0.350mm
G1 X91.5028 Y51.9470 Z0.0400 F5142.9 ; Width: 0.350mm
G1 X91.5220 Y51.9270 Z0.0400 F5142.9 ; Width: 0.350mm
G1 X91.5224 Y51.8670 Z0.0400 F5142.9 ; Width: 0.350mm
G1 X91.5220 Y50.9670 Z0.0400 F4000.0 ; Width: 0.450mm
G1 X91.5028 Y50.9470 Z0.0400 F5142.9 ; Width: 0.350mm
G1 X91.5024 Y50.9270 Z0.0400 F5142.9 ; Width: 0.350mm
G1 X91.5024 Y47.5070 Z0.0400 F2214.5 ; Width: 0.813mm
M118 P0 S"101" ; Sync timer
G1 X91.5024 Y44.0870 Z0.0400 F1583.3 ; Width: 1.137mm
G1 X91.5024 Y40.6670 Z0.0400 F1207.9 ; Width: 1.490mm
G1 X91.5214 Y40.6470 Z0.0400 F5142.9 ; Width: 0.350mm
G1 X91.5214 Y40.6070 Z0.0400 F5142.9 ; Width: 0.350mm
G1 X91.6230 Y40.5045 Z0.0400 F5142.9 ; Width: 0.350mm
G1 X91.6430 Y40.5045 Z0.0400 F5142.9 ; Width: 0.350mm
G1 X91.6630 Y40.4854 Z0.0400 F5142.9 ; Width: 0.350mm
G1 X91.7430 Y40.4854 Z0.0400 F5142.9 ; Width: 0.350mm
G1 X91.7630 Y40.4664 Z0.0400 F5142.9 ; Width: 0.350mm
G1 X92.2830 Y40.4664 Z0.0400 F5142.9 ; Width: 0.350mm
G1 X92.3030 Y40.4854 Z0.0400 F5142.9 ; Width: 0.350mm
G1 X92.3830 Y40.4854 Z0.0400 F5142.9 ; Width: 0.350mm
G1 X92.4030 Y40.5045 Z0.0400 F5142.9 ; Width: 0.350mm
G1 X92.4230 Y40.5045 Z0.0400 F5142.9 ; Width: 0.350mm
G1 X92.5246 Y40.6070 Z0.0400 F5142.9 ; Width: 0.350mm
G1 X92.5246 Y40.6470 Z0.0400 F5142.9 ; Width: 0.350mm
G1 X92.5436 Y40.6670 Z0.0400 F5142.9 ; Width: 0.350mm
G1 X92.5436 Y45.3403 Z0.0400 F1533.4 ; Width: 1.174mm
G1 X92.5436 Y50.0137 Z0.0400 F2308.7 ; Width: 0.780mm
G1 X92.5436 Y54.6870 Z0.0400 F3209.7 ; Width: 0.561mm
G1 X92.5246 Y54.7070 Z0.0400 F5142.9 ; Width: 0.350mm
G1 X92.5246 Y54.7470 Z0.0400 F5142.9 ; Width: 0.350mm
G1 X92.4230 Y54.8495 Z0.0400 F5142.9 ; Width: 0.350mm
G1 X92.4030 Y54.8495 Z0.0400 F5142.9 ; Width: 0.350mm
G1 X92.3830 Y54.8686 Z0.0400 F5142.9 ; Width: 0.350mm
G1 X92.3030 Y54.8686 Z0.0400 F5142.9 ; Width: 0.350mm
G1 X92.2830 Y54.8876 Z0.0400 F5142.9 ; Width: 0.350mm
G0 Z1.0400 F6000.0 ; Z-hop up
G0 X92.2830 Y54.8876 F6000.0 ; Travel to new path
G0 Z0.0400 F6000.0 ; Z-hop down
M118 P0 S"102" ; Sync timer (Travel)
G1 X90.7430 Y54.8876 Z0.0400 F2557.3 ; Width: 0.704mm
G1 X90.7230 Y54.8686 Z0.0400 F5142.9 ; Width: 0.350mm
G1 X90.6430 Y54.8686 Z0.0400 F5142.9 ; Width: 0.350mm
G1 X90.6230 Y54.8495 Z0.0400 F5142.9 ; Width: 0.350mm
G1 X90.6030 Y54.8495 Z0.0400 F5142.9 ; Width: 0.350mm
G1 X90.5014 Y54.7470 Z0.0400 F5142.9 ; Width: 0.350mm
G1 X90.5014 Y54.7070 Z0.0400 F5142.9 ; Width: 0.350mm
G1 X90.4823 Y54.6870 Z0.0400 F5142.9 ; Width: 0.350mm
G1 X90.4820 Y54.6470 Z0.0400 F5142.9 ; Width: 0.350mm
G1 X90.4628 Y54.6270 Z0.0400 F5142.9 ; Width: 0.350mm
G1 X90.4620 Y54.5670 Z0.0400 F5142.9 ; Width: 0.350mm
G1 X90.4428 Y54.5470 Z0.0400 F5142.9 ; Width: 0.350mm
G1 X90.4420 Y54.4270 Z0.0400 F5142.9 ; Width: 0.350mm
G1 X90.4228 Y54.4070 Z0.0400 F5142.9 ; Width: 0.350mm
G1 X90.4220 Y54.3070 Z0.0400 F5142.9 ; Width: 0.350mm
G1 X90.4028 Y54.2870 Z0.0400 F5142.9 ; Width: 0.350mm
G1 X90.4020 Y54.1470 Z0.0400 F5142.9 ; Width: 0.350mm
G1 X90.3828 Y54.1270 Z0.0400 F5142.9 ; Width: 0.350mm
G1 X90.3820 Y54.0670 Z0.0400 F5142.9 ; Width: 0.350mm
G1 X90.3628 Y54.0470 Z0.0400 F5142.9 ; Width: 0.350mm
G1 X90.3620 Y53.9470 Z0.0400 F5142.9 ; Width: 0.350mm
G1 X90.3428 Y53.9270 Z0.0400 F5142.9 ; Width: 0.350mm
G1 X90.3420 Y53.8270 Z0.0400 F5142.9 ; Width: 0.350mm
G1 X90.3228 Y53.8070 Z0.0400 F5142.9 ; Width: 0.350mm
G1 X90.3220 Y53.6870 Z0.0400 F5142.9 ; Width: 0.350mm
G1 X90.3028 Y53.6670 Z0.0400 F5142.9 ; Width: 0.350mm
G1 X90.3020 Y53.5870 Z0.0400 F5142.9 ; Width: 0.350mm
G1 X90.2828 Y53.5670 Z0.0400 F5142.9 ; Width: 0.350mm
G1 X90.2820 Y53.4270 Z0.0400 F5142.9 ; Width: 0.350mm
G1 X90.2628 Y53.4070 Z0.0400 F5142.9 ; Width: 0.350mm
G1 X90.2620 Y53.3470 Z0.0400 F5142.9 ; Width: 0.350mm
G1 X90.2428 Y53.3270 Z0.0400 F5142.9 ; Width: 0.350mm
G1 X90.2420 Y53.2670 Z0.0400 F5142.9 ; Width: 0.350mm
G1 X90.2228 Y53.2470 Z0.0400 F5142.9 ; Width: 0.350mm
G1 X90.2220 Y53.0870 Z0.0400 F5142.9 ; Width: 0.350mm
G1 X90.2028 Y53.0670 Z0.0400 F5142.9 ; Width: 0.350mm
G1 X90.2020 Y52.9470 Z0.0400 F5142.9 ; Width: 0.350mm
G1 X90.1828 Y52.9270 Z0.0400 F5142.9 ; Width: 0.350mm
G1 X90.1820 Y52.8470 Z0.0400 F5142.9 ; Width: 0.350mm
G1 X90.1628 Y52.8270 Z0.0400 F5142.9 ; Width: 0.350mm
G1 X90.1620 Y52.7070 Z0.0400 F5142.9 ; Width: 0.350mm
G1 X90.1428 Y52.6870 Z0.0400 F5142.9 ; Width: 0.350mm
G1 X90.1420 Y52.6270 Z0.0400 F5142.9 ; Width: 0.350mm
G1 X90.1228 Y52.6070 Z0.0400 F5142.9 ; Width: 0.350mm
G1 X90.1220 Y52.5670 Z0.0400 F5142.9 ; Width: 0.350mm
G1 X90.1028 Y52.5470 Z0.0400 F5142.9 ; Width: 0.350mm
G1 X90.1020 Y52.4070 Z0.0400 F5142.9 ; Width: 0.350mm
G1 X90.0828 Y52.3870 Z0.0400 F5142.9 ; Width: 0.350mm
G1 X90.0820 Y52.2670 Z0.0400 F5142.9 ; Width: 0.350mm
G1 X90.0628 Y52.2470 Z0.0400 F5142.9 ; Width: 0.350mm
G1 X90.0620 Y52.1670 Z0.0400 F5142.9 ; Width: 0.350mm
G1 X90.0428 Y52.1470 Z0.0400 F5142.9 ; Width: 0.350mm
G1 X90.0420 Y52.0470 Z0.0400 F5142.9 ; Width: 0.350mm
G1 X90.0228 Y52.0270 Z0.0400 F5142.9 ; Width: 0.350mm
G1 X90.0220 Y51.9270 Z0.0400 F5142.9 ; Width: 0.350mm
G1 X90.0028 Y51.9070 Z0.0400 F5142.9 ; Width: 0.350mm
G1 X90.0020 Y51.8670 Z0.0400 F5142.9 ; Width: 0.350mm
G1 X89.9828 Y51.8470 Z0.0400 F5142.9 ; Width: 0.350mm
G1 X89.9820 Y51.6870 Z0.0400 F5142.9 ; Width: 0.350mm
G1 X89.9628 Y51.6670 Z0.0400 F5142.9 ; Width: 0.350mm
G1 X89.9620 Y51.5670 Z0.0400 F5142.9 ; Width: 0.350mm
G1 X89.9428 Y51.5470 Z0.0400 F5142.9 ; Width: 0.350mm
G1 X89.9420 Y51.4670 Z0.0400 F5142.9 ; Width: 0.350mm
G1 X89.9228 Y51.4470 Z0.0400 F5142.9 ; Width: 0.350mm
G1 X89.9220 Y51.3670 Z0.0400 F5142.9 ; Width: 0.350mm
G1 X89.9028 Y51.3470 Z0.0400 F5142.9 ; Width: 0.350mm
G1 X89.9020 Y51.2070 Z0.0400 F5142.9 ; Width: 0.350mm
G1 X89.8828 Y51.1870 Z0.0400 F5142.9 ; Width: 0.350mm
G1 X89.8820 Y51.1270 Z0.0400 F5142.9 ; Width: 0.350mm
G1 X89.8628 Y51.1070 Z0.0400 F5142.9 ; Width: 0.350mm
G1 X89.8620 Y50.9670 Z0.0400 F5142.9 ; Width: 0.350mm
G1 X89.8428 Y50.9470 Z0.0400 F5142.9 ; Width: 0.350mm
G1 X89.8420 Y50.8670 Z0.0400 F5142.9 ; Width: 0.350mm
G1 X89.8228 Y50.8470 Z0.0400 F5142.9 ; Width: 0.350mm
G1 X89.8220 Y50.7270 Z0.0400 F5142.9 ; Width: 0.350mm
G1 X89.8028 Y50.7070 Z0.0400 F5142.9 ; Width: 0.350mm
G1 X89.8020 Y50.6670 Z0.0400 F5142.9 ; Width: 0.350mm
G1 X89.7828 Y50.6470 Z0.0400 F5142.9 ; Width: 0.350mm
G1 X89.7820 Y50.5070 Z0.0400 F5142.9 ; Width: 0.350mm
G1 X89.7628 Y50.4870 Z0.0400 F5142.9 ; Width: 0.350mm
G1 X89.7620 Y50.4270 Z0.0400 F5142.9 ; Width: 0.350mm
G1 X89.7428 Y50.4070 Z0.0400 F5142.9 ; Width: 0.350mm
G1 X89.7420 Y50.2670 Z0.0400 F5142.9 ; Width: 0.350mm
G1 X89.7228 Y50.2470 Z0.0400 F5142.9 ; Width: 0.350mm
G1 X89.7220 Y50.1670 Z0.0400 F5142.9 ; Width: 0.350mm
G1 X89.7028 Y50.1470 Z0.0400 F5142.9 ; Width: 0.350mm
G1 X89.7020 Y50.0470 Z0.0400 F5142.9 ; Width: 0.350mm
G1 X89.6828 Y50.0270 Z0.0400 F5142.9 ; Width: 0.350mm
G1 X89.6820 Y49.9270 Z0.0400 F5142.9 ; Width: 0.350mm
G1 X89.6628 Y49.9070 Z0.0400 F5142.9 ; Width: 0.350mm
G1 X89.6620 Y49.7870 Z0.0400 F5142.9 ; Width: 0.350mm
G1 X89.6428 Y49.7670 Z0.0400 F5142.9 ; Width: 0.350mm
G1 X89.6420 Y49.6870 Z0.0400 F5142.9 ; Width: 0.350mm
G1 X89.6228 Y49.6670 Z0.0400 F5142.9 ; Width: 0.350mm
G1 X89.6220 Y49.5470 Z0.0400 F5142.9 ; Width: 0.350mm
G1 X89.6028 Y49.5270 Z0.0400 F5142.9 ; Width: 0.350mm
G1 X89.6020 Y49.4670 Z0.0400 F5142.9 ; Width: 0.350mm
G1 X89.5828 Y49.4470 Z0.0400 F5142.9 ; Width: 0.350mm
G1 X89.5820 Y49.3270 Z0.0400 F5142.9 ; Width: 0.350mm
G1 X89.5628 Y49.3070 Z0.0400 F5142.9 ; Width: 0.350mm
G1 X89.5620 Y49.2270 Z0.0400 F5142.9 ; Width: 0.350mm
G1 X89.5428 Y49.2070 Z0.0400 F5142.9 ; Width: 0.350mm
G1 X89.5420 Y49.0670 Z0.0400 F5142.9 ; Width: 0.350mm
G1 X89.5228 Y49.0470 Z0.0400 F5142.9 ; Width: 0.350mm
G1 X89.5220 Y48.9670 Z0.0400 F5142.9 ; Width: 0.350mm
G1 X89.5028 Y48.9470 Z0.0400 F5142.9 ; Width: 0.350mm
G1 X89.5020 Y48.8470 Z0.0400 F5142.9 ; Width: 0.350mm
G1 X89.4828 Y48.8270 Z0.0400 F5142.9 ; Width: 0.350mm
G1 X89.4820 Y48.7470 Z0.0400 F5142.9 ; Width: 0.350mm
G1 X89.4628 Y48.7270 Z0.0400 F5142.9 ; Width: 0.350mm
G1 X89.4620 Y48.6270 Z0.0400 F5142.9 ; Width: 0.350mm
G1 X89.4428 Y48.6070 Z0.0400 F5142.9 ; Width: 0.350mm
G1 X89.4420 Y48.5270 Z0.0400 F5142.9 ; Width: 0.350mm
G1 X89.4228 Y48.5070 Z0.0400 F5142.9 ; Width: 0.350mm
G1 X89.4220 Y48.3870 Z0.0400 F5142.9 ; Width: 0.350mm
G1 X89.4028 Y48.3670 Z0.0400 F5142.9 ; Width: 0.350mm
G1 X89.4020 Y48.3070 Z0.0400 F5142.9 ; Width: 0.350mm
G1 X89.3828 Y48.2870 Z0.0400 F5142.9 ; Width: 0.350mm
G1 X89.3820 Y48.1470 Z0.0400 F5142.9 ; Width: 0.350mm
G1 X89.3628 Y48.1270 Z0.0400 F5142.9 ; Width: 0.350mm
G1 X89.3620 Y48.0670 Z0.0400 F5142.9 ; Width: 0.350mm
G1 X89.3428 Y48.0470 Z0.0400 F5142.9 ; Width: 0.350mm
G1 X89.3420 Y47.9070 Z0.0400 F5142.9 ; Width: 0.350mm
G1 X89.3228 Y47.8870 Z0.0400 F5142.9 ; Width: 0.350mm
G1 X89.3220 Y47.8070 Z0.0400 F5142.9 ; Width: 0.350mm
G1 X89.3028 Y47.7870 Z0.0400 F5142.9 ; Width: 0.350mm
G1 X89.3020 Y47.6670 Z0.0400 F5142.9 ; Width: 0.350mm
G1 X89.2828 Y47.6470 Z0.0400 F5142.9 ; Width: 0.350mm
G1 X89.2820 Y47.6070 Z0.0400 F5142.9 ; Width: 0.350mm
G1 X89.2628 Y47.5870 Z0.0400 F5142.9 ; Width: 0.350mm
G1 X89.2620 Y47.4670 Z0.0400 F5142.9 ; Width: 0.350mm
G1 X89.2428 Y47.4470 Z0.0400 F5142.9 ; Width: 0.350mm
G1 X89.2420 Y47.3670 Z0.0400 F5142.9 ; Width: 0.350mm
G1 X89.2228 Y47.3470 Z0.0400 F5142.9 ; Width: 0.350mm
G1 X89.2220 Y47.2070 Z0.0400 F5142.9 ; Width: 0.350mm
G1 X89.2028 Y47.1870 Z0.0400 F5142.9 ; Width: 0.350mm
G1 X89.2020 Y47.1070 Z0.0400 F5142.9 ; Width: 0.350mm
G1 X89.1828 Y47.0870 Z0.0400 F5142.9 ; Width: 0.350mm
G1 X89.1820 Y46.9470 Z0.0400 F5142.9 ; Width: 0.350mm
G1 X89.1628 Y46.9270 Z0.0400 F5142.9 ; Width: 0.350mm
G1 X89.1620 Y46.8870 Z0.0400 F5142.9 ; Width: 0.350mm
G1 X89.1428 Y46.8670 Z0.0400 F5142.9 ; Width: 0.350mm
G1 X89.1420 Y46.7270 Z0.0400 F5142.9 ; Width: 0.350mm
G1 X89.1228 Y46.7070 Z0.0400 F5142.9 ; Width: 0.350mm
G1 X89.1220 Y46.6270 Z0.0400 F5142.9 ; Width: 0.350mm
G1 X89.1028 Y46.6070 Z0.0400 F5142.9 ; Width: 0.350mm
G1 X89.1020 Y46.4870 Z0.0400 F5142.9 ; Width: 0.350mm
G1 X89.0828 Y46.4670 Z0.0400 F5142.9 ; Width: 0.350mm
G1 X89.0820 Y46.4070 Z0.0400 F5142.9 ; Width: 0.350mm
G1 X89.0628 Y46.3870 Z0.0400 F5142.9 ; Width: 0.350mm
G1 X89.0620 Y46.2470 Z0.0400 F5142.9 ; Width: 0.350mm
G1 X89.0428 Y46.2270 Z0.0400 F5142.9 ; Width: 0.350mm
G1 X89.0420 Y46.1870 Z0.0400 F5142.9 ; Width: 0.350mm
G1 X89.0226 Y46.1670 Z0.0400 F5142.9 ; Width: 0.350mm
G1 X89.0221 Y46.1470 Z0.0400 F5142.9 ; Width: 0.350mm
G1 X89.0026 Y46.1270 Z0.0400 F5142.9 ; Width: 0.350mm
G1 X89.0021 Y46.1070 Z0.0400 F5142.9 ; Width: 0.350mm
G1 X88.8430 Y45.9479 Z0.0400 F5142.9 ; Width: 0.350mm
G1 X88.8230 Y45.9474 Z0.0400 F5142.9 ; Width: 0.350mm
G1 X88.8030 Y45.9280 Z0.0400 F5142.9 ; Width: 0.350mm
G1 X88.7630 Y45.9272 Z0.0400 F5142.9 ; Width: 0.350mm
G1 X88.7430 Y45.9080 Z0.0400 F5142.9 ; Width: 0.350mm
G1 X88.5430 Y45.9080 Z0.0400 F5142.9 ; Width: 0.350mm
G1 X88.5230 Y45.9272 Z0.0400 F5142.9 ; Width: 0.350mm
G1 X88.4830 Y45.9280 Z0.0400 F5142.9 ; Width: 0.350mm
G1 X88.4630 Y45.9474 Z0.0400 F5142.9 ; Width: 0.350mm
G1 X88.4430 Y45.9479 Z0.0400 F5142.9 ; Width: 0.350mm
G1 X88.2639 Y46.1270 Z0.0400 F5142.9 ; Width: 0.350mm
G1 X88.2634 Y46.1470 Z0.0400 F5142.9 ; Width: 0.350mm
G1 X88.2440 Y46.1670 Z0.0400 F5142.9 ; Width: 0.350mm
G1 X88.2432 Y46.2070 Z0.0400 F5142.9 ; Width: 0.350mm
G1 X88.2240 Y46.2270 Z0.0400 F5142.9 ; Width: 0.350mm
G1 X88.2232 Y46.3470 Z0.0400 F5142.9 ; Width: 0.350mm
G1 X88.2040 Y46.3670 Z0.0400 F5142.9 ; Width: 0.350mm
G1 X88.2032 Y46.4470 Z0.0400 F5142.9 ; Width: 0.350mm
G1 X88.1840 Y46.4670 Z0.0400 F5142.9 ; Width: 0.350mm
G1 X88.1832 Y46.5870 Z0.0400 F5142.9 ; Width: 0.350mm
G1 X88.1640 Y46.6070 Z0.0400 F5142.9 ; Width: 0.350mm
G1 X88.1632 Y46.6470 Z0.0400 F5142.9 ; Width: 0.350mm
G1 X88.1440 Y46.6670 Z0.0400 F5142.9 ; Width: 0.350mm
G1 X88.1432 Y46.7470 Z0.0400 F5142.9 ; Width: 0.350mm
G1 X88.1240 Y46.7670 Z0.0400 F5142.9 ; Width: 0.350mm
G1 X88.1232 Y46.8870 Z0.0400 F5142.9 ; Width: 0.350mm
G1 X88.1040 Y46.9070 Z0.0400 F5142.9 ; Width: 0.350mm
G1 X88.1032 Y47.0470 Z0.0400 F5142.9 ; Width: 0.350mm
G1 X88.0840 Y47.0670 Z0.0400 F5142.9 ; Width: 0.350mm
G1 X88.0832 Y47.1270 Z0.0400 F5142.9 ; Width: 0.350mm
G1 X88.0640 Y47.1470 Z0.0400 F5142.9 ; Width: 0.350mm
G1 X88.0632 Y47.2270 Z0.0400 F5142.9 ; Width: 0.350mm
G1 X88.0440 Y47.2470 Z0.0400 F5142.9 ; Width: 0.350mm
G1 X88.0432 Y47.3470 Z0.0400 F5142.9 ; Width: 0.350mm
G1 X88.0240 Y47.3670 Z0.0400 F5142.9 ; Width: 0.350mm
G1 X88.0232 Y47.4270 Z0.0400 F5142.9 ; Width: 0.350mm
G1 X88.0040 Y47.4470 Z0.0400 F5142.9 ; Width: 0.350mm
G1 X88.0032 Y47.5870 Z0.0400 F5142.9 ; Width: 0.350mm
G1 X87.9840 Y47.6070 Z0.0400 F5142.9 ; Width: 0.350mm
G1 X87.9832 Y47.7470 Z0.0400 F5142.9 ; Width: 0.350mm
G1 X87.9640 Y47.7670 Z0.0400 F5142.9 ; Width: 0.350mm
G1 X87.9632 Y47.8070 Z0.0400 F5142.9 ; Width: 0.350mm
G1 X87.9440 Y47.8270 Z0.0400 F5142.9 ; Width: 0.350mm
G1 X87.9432 Y47.9070 Z0.0400 F5142.9 ; Width: 0.350mm
G1 X87.9240 Y47.9270 Z0.0400 F5142.9 ; Width: 0.350mm
G1 X87.9232 Y48.0470 Z0.0400 F5142.9 ; Width: 0.350mm
G1 X87.9040 Y48.0670 Z0.0400 F5142.9 ; Width: 0.350mm
G1 X87.9032 Y48.1270 Z0.0400 F5142.9 ; Width: 0.350mm
G1 X87.8840 Y48.1470 Z0.0400 F5142.9 ; Width: 0.350mm
G1 X87.8832 Y48.2870 Z0.0400 F5142.9 ; Width: 0.350mm
G1 X87.8640 Y48.3070 Z0.0400 F5142.9 ; Width: 0.350mm
G1 X87.8632 Y48.3870 Z0.0400 F5142.9 ; Width: 0.350mm
G1 X87.8440 Y48.4070 Z0.0400 F5142.9 ; Width: 0.350mm
G1 X87.8432 Y48.4870 Z0.0400 F5142.9 ; Width: 0.350mm
G1 X87.8240 Y48.5070 Z0.0400 F5142.9 ; Width: 0.350mm
G1 X87.8232 Y48.5670 Z0.0400 F5142.9 ; Width: 0.350mm
G1 X87.8040 Y48.5870 Z0.0400 F5142.9 ; Width: 0.350mm
G1 X87.8032 Y48.7270 Z0.0400 F5142.9 ; Width: 0.350mm
G1 X87.7840 Y48.7470 Z0.0400 F5142.9 ; Width: 0.350mm
G1 X87.7832 Y48.8270 Z0.0400 F5142.9 ; Width: 0.350mm
G1 X87.7640 Y48.8470 Z0.0400 F5142.9 ; Width: 0.350mm
G1 X87.7632 Y48.9870 Z0.0400 F5142.9 ; Width: 0.350mm
G1 X87.7440 Y49.0070 Z0.0400 F5142.9 ; Width: 0.350mm
G1 X87.7432 Y49.0670 Z0.0400 F5142.9 ; Width: 0.350mm
G1 X87.7240 Y49.0870 Z0.0400 F5142.9 ; Width: 0.350mm
G1 X87.7232 Y49.1870 Z0.0400 F5142.9 ; Width: 0.350mm
G1 X87.7040 Y49.2070 Z0.0400 F5142.9 ; Width: 0.350mm
G1 X87.7032 Y49.2870 Z0.0400 F5142.9 ; Width: 0.350mm
G1 X87.6840 Y49.3070 Z0.0400 F5142.9 ; Width: 0.350mm
G1 X87.6832 Y49.4470 Z0.0400 F5142.9 ; Width: 0.350mm
G1 X87.6640 Y49.4670 Z0.0400 F5142.9 ; Width: 0.350mm
G1 X87.6632 Y49.5270 Z0.0400 F5142.9 ; Width: 0.350mm
G1 X87.6440 Y49.5470 Z0.0400 F5142.9 ; Width: 0.350mm
G1 X87.6432 Y49.6870 Z0.0400 F5142.9 ; Width: 0.350mm
G1 X87.6240 Y49.7070 Z0.0400 F5142.9 ; Width: 0.350mm
G1 X87.6232 Y49.7670 Z0.0400 F5142.9 ; Width: 0.350mm
G1 X87.6040 Y49.7870 Z0.0400 F5142.9 ; Width: 0.350mm
G1 X87.6032 Y49.9070 Z0.0400 F5142.9 ; Width: 0.350mm
G1 X87.5840 Y49.9270 Z0.0400 F5142.9 ; Width: 0.350mm
G1 X87.5832 Y50.0070 Z0.0400 F5142.9 ; Width: 0.350mm
G1 X87.5640 Y50.0270 Z0.0400 F5142.9 ; Width: 0.350mm
G1 X87.5632 Y50.1870 Z0.0400 F5142.9 ; Width: 0.350mm
G1 X87.5440 Y50.2070 Z0.0400 F5142.9 ; Width: 0.350mm
G1 X87.5432 Y50.2470 Z0.0400 F5142.9 ; Width: 0.350mm
G1 X87.5240 Y50.2670 Z0.0400 F5142.9 ; Width: 0.350mm
G1 X87.5232 Y50.4070 Z0.0400 F5142.9 ; Width: 0.350mm
G1 X87.5040 Y50.4270 Z0.0400 F5142.9 ; Width: 0.350mm
G1 X87.5032 Y50.4870 Z0.0400 F5142.9 ; Width: 0.350mm
G1 X87.4840 Y50.5070 Z0.0400 F5142.9 ; Width: 0.350mm
G1 X87.4832 Y50.6470 Z0.0400 F5142.9 ; Width: 0.350mm
G1 X87.4640 Y50.6670 Z0.0400 F5142.9 ; Width: 0.350mm
G1 X87.4632 Y50.7270 Z0.0400 F5142.9 ; Width: 0.350mm
G1 X87.4440 Y50.7470 Z0.0400 F5142.9 ; Width: 0.350mm
G1 X87.4432 Y50.9070 Z0.0400 F5142.9 ; Width: 0.350mm
G1 X87.4240 Y50.9270 Z0.0400 F5142.9 ; Width: 0.350mm
G1 X87.4232 Y50.9670 Z0.0400 F5142.9 ; Width: 0.350mm
G1 X87.4040 Y50.9870 Z0.0400 F5142.9 ; Width: 0.350mm
G1 X87.4032 Y51.1070 Z0.0400 F5142.9 ; Width: 0.350mm
G1 X87.3840 Y51.1270 Z0.0400 F5142.9 ; Width: 0.350mm
G1 X87.3832 Y51.1870 Z0.0400 F5142.9 ; Width: 0.350mm
G1 X87.3640 Y51.2070 Z0.0400 F5142.9 ; Width: 0.350mm
G1 X87.3632 Y51.3470 Z0.0400 F5142.9 ; Width: 0.350mm
G1 X87.3440 Y51.3670 Z0.0400 F5142.9 ; Width: 0.350mm
G1 X87.3432 Y51.4270 Z0.0400 F5142.9 ; Width: 0.350mm
G1 X87.3240 Y51.4470 Z0.0400 F5142.9 ; Width: 0.350mm
G1 X87.3232 Y51.6070 Z0.0400 F5142.9 ; Width: 0.350mm
G1 X87.3040 Y51.6270 Z0.0400 F5142.9 ; Width: 0.350mm
G1 X87.3032 Y51.6670 Z0.0400 F5142.9 ; Width: 0.350mm
G1 X87.2840 Y51.6870 Z0.0400 F5142.9 ; Width: 0.350mm
G1 X87.2832 Y51.8070 Z0.0400 F5142.9 ; Width: 0.350mm
G1 X87.2640 Y51.8270 Z0.0400 F5142.9 ; Width: 0.350mm
G1 X87.2632 Y51.8870 Z0.0400 F5142.9 ; Width: 0.350mm
G1 X87.2440 Y51.9070 Z0.0400 F5142.9 ; Width: 0.350mm
G1 X87.2432 Y52.0470 Z0.0400 F5142.9 ; Width: 0.350mm
G1 X87.2240 Y52.0670 Z0.0400 F5142.9 ; Width: 0.350mm
G1 X87.2232 Y52.1270 Z0.0400 F5142.9 ; Width: 0.350mm
G1 X87.2040 Y52.1470 Z0.0400 F5142.9 ; Width: 0.350mm
G1 X87.2032 Y52.2870 Z0.0400 F5142.9 ; Width: 0.350mm
G1 X87.1840 Y52.3070 Z0.0400 F5142.9 ; Width: 0.350mm
G1 X87.1832 Y52.3470 Z0.0400 F5142.9 ; Width: 0.350mm
G1 X87.1640 Y52.3670 Z0.0400 F5142.9 ; Width: 0.350mm
G1 X87.1632 Y52.5070 Z0.0400 F5142.9 ; Width: 0.350mm
G1 X87.1440 Y52.5270 Z0.0400 F5142.9 ; Width: 0.350mm
G1 X87.1432 Y52.6070 Z0.0400 F5142.9 ; Width: 0.350mm
G1 X87.1240 Y52.6270 Z0.0400 F5142.9 ; Width: 0.350mm
G1 X87.1232 Y52.7470 Z0.0400 F5142.9 ; Width: 0.350mm
G1 X87.1040 Y52.7670 Z0.0400 F5142.9 ; Width: 0.350mm
G1 X87.1032 Y52.8270 Z0.0400 F5142.9 ; Width: 0.350mm
G1 X87.0840 Y52.8470 Z0.0400 F5142.9 ; Width: 0.350mm
G1 X87.0832 Y52.9670 Z0.0400 F5142.9 ; Width: 0.350mm
G1 X87.0640 Y52.9870 Z0.0400 F5142.9 ; Width: 0.350mm
G1 X87.0632 Y53.0670 Z0.0400 F5142.9 ; Width: 0.350mm
G1 X87.0440 Y53.0870 Z0.0400 F5142.9 ; Width: 0.350mm
G1 X87.0432 Y53.2270 Z0.0400 F5142.9 ; Width: 0.350mm
G1 X87.0240 Y53.2470 Z0.0400 F5142.9 ; Width: 0.350mm
G1 X87.0232 Y53.3270 Z0.0400 F5142.9 ; Width: 0.350mm
G1 X87.0040 Y53.3470 Z0.0400 F5142.9 ; Width: 0.350mm
G1 X87.0032 Y53.4670 Z0.0400 F5142.9 ; Width: 0.350mm
G1 X86.9840 Y53.4870 Z0.0400 F5142.9 ; Width: 0.350mm
G1 X86.9832 Y53.5470 Z0.0400 F5142.9 ; Width: 0.350mm
G1 X86.9640 Y53.5670 Z0.0400 F5142.9 ; Width: 0.350mm
G1 X86.9632 Y53.7070 Z0.0400 F5142.9 ; Width: 0.350mm
G1 X86.9440 Y53.7270 Z0.0400 F5142.9 ; Width: 0.350mm
G1 X86.9432 Y53.7870 Z0.0400 F5142.9 ; Width: 0.350mm
G1 X86.9240 Y53.8070 Z0.0400 F5142.9 ; Width: 0.350mm
G1 X86.9232 Y53.9670 Z0.0400 F5142.9 ; Width: 0.350mm
G1 X86.9040 Y53.9870 Z0.0400 F5142.9 ; Width: 0.350mm
G1 X86.9032 Y54.0870 Z0.0400 F5142.9 ; Width: 0.350mm
G1 X86.8840 Y54.1070 Z0.0400 F5142.9 ; Width: 0.350mm
G1 X86.8832 Y54.2070 Z0.0400 F5142.9 ; Width: 0.350mm
G1 X86.8640 Y54.2270 Z0.0400 F5142.9 ; Width: 0.350mm
G1 X86.8632 Y54.2870 Z0.0400 F5142.9 ; Width: 0.350mm
G1 X86.8440 Y54.3070 Z0.0400 F5142.9 ; Width: 0.350mm
G1 X86.8432 Y54.4470 Z0.0400 F5142.9 ; Width: 0.350mm
G1 X86.8240 Y54.4670 Z0.0400 F5142.9 ; Width: 0.350mm
G1 X86.8232 Y54.5270 Z0.0400 F5142.9 ; Width: 0.350mm
G1 X86.8040 Y54.5470 Z0.0400 F5142.9 ; Width: 0.350mm
G1 X86.8032 Y54.6870 Z0.0400 F5142.9 ; Width: 0.350mm
G1 X86.7840 Y54.7070 Z0.0400 F5142.9 ; Width: 0.350mm
G1 X86.7837 Y54.7470 Z0.0400 F5142.9 ; Width: 0.350mm
G1 X86.6830 Y54.8495 Z0.0400 F5142.9 ; Width: 0.350mm
G1 X86.6630 Y54.8495 Z0.0400 F5142.9 ; Width: 0.350mm
G1 X86.6430 Y54.8686 Z0.0400 F5142.9 ; Width: 0.350mm
G1 X86.5630 Y54.8686 Z0.0400 F5142.9 ; Width: 0.350mm
G1 X86.5430 Y54.8876 Z0.0400 F5142.9 ; Width: 0.350mm
G1 X85.0030 Y54.8876 Z0.0400 F2557.3 ; Width: 0.704mm
G1 X84.9830 Y54.8686 Z0.0400 F5142.9 ; Width: 0.350mm
G1 X84.9030 Y54.8686 Z0.0400 F5142.9 ; Width: 0.350mm
G1 X84.8830 Y54.8495 Z0.0400 F5142.9 ; Width: 0.350mm
G1 X84.8630 Y54.8495 Z0.0400 F5142.9 ; Width: 0.350mm
G1 X84.7614 Y54.7470 Z0.0400 F5142.9 ; Width: 0.350mm
G1 X84.7614 Y54.7070 Z0.0400 F5142.9 ; Width: 0.350mm
G1 X84.7424 Y54.6870 Z0.0400 F5142.9 ; Width: 0.350mm
G1 X84.7424 Y50.0137 Z0.0400 F3311.8 ; Width: 0.544mm
G1 X84.7424 Y45.3403 Z0.0400 F2253.1 ; Width: 0.799mm
M118 P0 S"103" ; Sync timer
G1 X84.7424 Y40.6670 Z0.0400 F1574.3 ; Width: 1.143mm
G1 X84.7614 Y40.6470 Z0.0400 F5142.9 ; Width: 0.350mm
G1 X84.7614 Y40.6070 Z0.0400 F5142.9 ; Width: 0.350mm
G1 X84.8630 Y40.5045 Z0.0400 F5142.9 ; Width: 0.350mm
G1 X84.8830 Y40.5045 Z0.0400 F5142.9 ; Width: 0.350mm
G1 X84.9030 Y40.4854 Z0.0400 F5142.9 ; Width: 0.350mm
G1 X84.9830 Y40.4854 Z0.0400 F5142.9 ; Width: 0.350mm
G1 X85.0030 Y40.4664 Z0.0400 F5142.9 ; Width: 0.350mm
G1 X85.4830 Y40.4664 Z0.0400 F5142.9 ; Width: 0.350mm
G1 X85.5030 Y40.4854 Z0.0400 F5142.9 ; Width: 0.350mm
G1 X85.5830 Y40.4854 Z0.0400 F5142.9 ; Width: 0.350mm
G1 X85.6030 Y40.5045 Z0.0400 F5142.9 ; Width: 0.350mm
G1 X85.6230 Y40.5045 Z0.0400 F5142.9 ; Width: 0.350mm
G1 X85.7246 Y40.6070 Z0.0400 F5142.9 ; Width: 0.350mm
G1 X85.7246 Y40.6470 Z0.0400 F5142.9 ; Width: 0.350mm
G1 X85.7436 Y40.6670 Z0.0400 F5142.9 ; Width: 0.350mm
G1 X85.7437 Y44.4270 Z0.0400 F1220.3 ; Width: 1.475mm
G1 X85.7439 Y48.1870 Z0.0400 F1293.3 ; Width: 1.392mm
G1 X85.7440 Y51.9470 Z0.0400 F3031.5 ; Width: 0.594mm
G1 X85.7632 Y51.9670 Z0.0400 F5142.9 ; Width: 0.350mm
G1 X85.7640 Y52.0070 Z0.0400 F5142.9 ; Width: 0.350mm
G1 X85.7834 Y52.0270 Z0.0400 F5142.9 ; Width: 0.350mm
G1 X85.7839 Y52.0470 Z0.0400 F5142.9 ; Width: 0.350mm
G1 X85.9032 Y52.1670 Z0.0400 F5142.9 ; Width: 0.350mm
G1 X85.9630 Y52.2261 Z0.0400 F5142.9 ; Width: 0.350mm
G1 X85.9830 Y52.2266 Z0.0400 F5142.9 ; Width: 0.350mm
G1 X86.0030 Y52.2460 Z0.0400 F5142.9 ; Width: 0.350mm
G1 X86.0430 Y52.2468 Z0.0400 F5142.9 ; Width: 0.350mm
G1 X86.0630 Y52.2660 Z0.0400 F5142.9 ; Width: 0.350mm
G1 X86.2430 Y52.2660 Z0.0400 F5142.9 ; Width: 0.350mm
G1 X86.2630 Y52.2468 Z0.0400 F5142.9 ; Width: 0.350mm
G1 X86.3030 Y52.2460 Z0.0400 F5142.9 ; Width: 0.350mm
G1 X86.3230 Y52.2266 Z0.0400 F5142.9 ; Width: 0.350mm
G1 X86.3430 Y52.2261 Z0.0400 F5142.9 ; Width: 0.350mm
G1 X86.4028 Y52.1670 Z0.0400 F5142.9 ; Width: 0.350mm
G1 X86.5021 Y52.0670 Z0.0400 F5142.9 ; Width: 0.350mm
G1 X86.5026 Y52.0470 Z0.0400 F5142.9 ; Width: 0.350mm
G1 X86.5220 Y52.0270 Z0.0400 F5142.9 ; Width: 0.350mm
G1 X86.5228 Y51.9870 Z0.0400 F5142.9 ; Width: 0.350mm
G1 X86.5420 Y51.9670 Z0.0400 F5142.9 ; Width: 0.350mm
G1 X86.5428 Y51.9270 Z0.0400 F5142.9 ; Width: 0.350mm
G1 X86.5620 Y51.9070 Z0.0400 F5142.9 ; Width: 0.350mm
G1 X86.5628 Y51.8270 Z0.0400 F5142.9 ; Width: 0.350mm
G1 X86.5820 Y51.8070 Z0.0400 F5142.9 ; Width: 0.350mm
G1 X86.5828 Y51.7470 Z0.0400 F5142.9 ; Width: 0.350mm
G1 X86.6020 Y51.7270 Z0.0400 F5142.9 ; Width: 0.350mm
G1 X86.6028 Y51.5670 Z0.0400 F5142.9 ; Width: 0.350mm
G1 X86.6220 Y51.5470 Z0.0400 F5142.9 ; Width: 0.350mm
G1 X86.6228 Y51.4870 Z0.0400 F5142.9 ; Width: 0.350mm
G1 X86.6420 Y51.4670 Z0.0400 F5142.9 ; Width: 0.350mm
G1 X86.6428 Y51.3070 Z0.0400 F5142.9 ; Width: 0.350mm
G1 X86.6620 Y51.2870 Z0.0400 F5142.9 ; Width: 0.350mm
G1 X86.6628 Y51.2270 Z0.0400 F5142.9 ; Width: 0.350mm
G1 X86.6820 Y51.2070 Z0.0400 F5142.9 ; Width: 0.350mm
G1 X86.6828 Y51.0670 Z0.0400 F5142.9 ; Width: 0.350mm
G1 X86.7020 Y51.0470 Z0.0400 F5142.9 ; Width: 0.350mm
G1 X86.7028 Y50.9870 Z0.0400 F5142.9 ; Width: 0.350mm
G1 X86.7220 Y50.9670 Z0.0400 F5142.9 ; Width: 0.350mm
G1 X86.7228 Y50.8270 Z0.0400 F5142.9 ; Width: 0.350mm
G1 X86.7420 Y50.8070 Z0.0400 F5142.9 ; Width: 0.350mm
G1 X86.7428 Y50.7270 Z0.0400 F5142.9 ; Width: 0.350mm
G1 X86.7620 Y50.7070 Z0.0400 F5142.9 ; Width: 0.350mm
G1 X86.7628 Y50.5470 Z0.0400 F5142.9 ; Width: 0.350mm
G1 X86.7820 Y50.5270 Z0.0400 F5142.9 ; Width: 0.350mm
G1 X86.7828 Y50.4870 Z0.0400 F5142.9 ; Width: 0.350mm
G1 X86.8020 Y50.4670 Z0.0400 F5142.9 ; Width: 0.350mm
G1 X86.8028 Y50.3470 Z0.0400 F5142.9 ; Width: 0.350mm
G1 X86.8220 Y50.3270 Z0.0400 F5142.9 ; Width: 0.350mm
G1 X86.8228 Y50.2470 Z0.0400 F5142.9 ; Width: 0.350mm
G1 X86.8420 Y50.2270 Z0.0400 F5142.9 ; Width: 0.350mm
G1 X86.8428 Y50.0870 Z0.0400 F5142.9 ; Width: 0.350mm
G1 X86.8620 Y50.0670 Z0.0400 F5142.9 ; Width: 0.350mm
G1 X86.8628 Y49.9870 Z0.0400 F5142.9 ; Width: 0.350mm
G1 X86.8820 Y49.9670 Z0.0400 F5142.9 ; Width: 0.350mm
G1 X86.8828 Y49.8070 Z0.0400 F5142.9 ; Width: 0.350mm
G1 X86.9020 Y49.7870 Z0.0400 F5142.9 ; Width: 0.350mm
G1 X86.9028 Y49.7470 Z0.0400 F5142.9 ; Width: 0.350mm
G1 X86.9220 Y49.7270 Z0.0400 F5142.9 ; Width: 0.350mm
G1 X86.9228 Y49.6070 Z0.0400 F5142.9 ; Width: 0.350mm
G1 X86.9420 Y49.5870 Z0.0400 F5142.9 ; Width: 0.350mm
G1 X86.9428 Y49.5070 Z0.0400 F5142.9 ; Width: 0.350mm
G1 X86.9620 Y49.4870 Z0.0400 F5142.9 ; Width: 0.350mm
G1 X86.9628 Y49.3270 Z0.0400 F5142.9 ; Width: 0.350mm
G1 X86.9820 Y49.3070 Z0.0400 F5142.9 ; Width: 0.350mm
G1 X86.9828 Y49.2670 Z0.0400 F5142.9 ; Width: 0.350mm
G1 X87.0020 Y49.2470 Z0.0400 F5142.9 ; Width: 0.350mm
G1 X87.0028 Y49.0870 Z0.0400 F5142.9 ; Width: 0.350mm
G1 X87.0220 Y49.0670 Z0.0400 F5142.9 ; Width: 0.350mm
G1 X87.0228 Y49.0070 Z0.0400 F5142.9 ; Width: 0.350mm
G1 X87.0420 Y48.9870 Z0.0400 F5142.9 ; Width: 0.350mm
G1 X87.0428 Y48.8470 Z0.0400 F5142.9 ; Width: 0.350mm
G1 X87.0620 Y48.8270 Z0.0400 F5142.9 ; Width: 0.350mm
G1 X87.0628 Y48.7670 Z0.0400 F5142.9 ; Width: 0.350mm
G1 X87.0820 Y48.7470 Z0.0400 F5142.9 ; Width: 0.350mm
G1 X87.0828 Y48.5870 Z0.0400 F5142.9 ; Width: 0.350mm
G1 X87.1020 Y48.5670 Z0.0400 F5142.9 ; Width: 0.350mm
G1 X87.1028 Y48.5270 Z0.0400 F5142.9 ; Width: 0.350mm
G1 X87.1220 Y48.5070 Z0.0400 F5142.9 ; Width: 0.350mm
G1 X87.1228 Y48.3670 Z0.0400 F5142.9 ; Width: 0.350mm
G1 X87.1420 Y48.3470 Z0.0400 F5142.9 ; Width: 0.350mm
G1 X87.1428 Y48.2870 Z0.0400 F5142.9 ; Width: 0.350mm
G1 X87.1620 Y48.2670 Z0.0400 F5142.9 ; Width: 0.350mm
G1 X87.1628 Y48.1270 Z0.0400 F5142.9 ; Width: 0.350mm
G1 X87.1820 Y48.1070 Z0.0400 F5142.9 ; Width: 0.350mm
G1 X87.1828 Y48.0270 Z0.0400 F5142.9 ; Width: 0.350mm
G1 X87.2020 Y48.0070 Z0.0400 F5142.9 ; Width: 0.350mm
G1 X87.2028 Y47.8670 Z0.0400 F5142.9 ; Width: 0.350mm
G1 X87.2220 Y47.8470 Z0.0400 F5142.9 ; Width: 0.350mm
G1 X87.2228 Y47.7870 Z0.0400 F5142.9 ; Width: 0.350mm
G1 X87.2420 Y47.7670 Z0.0400 F5142.9 ; Width: 0.350mm
G1 X87.2428 Y47.6070 Z0.0400 F5142.9 ; Width: 0.350mm
G1 X87.2620 Y47.5870 Z0.0400 F5142.9 ; Width: 0.350mm
G1 X87.2628 Y47.5270 Z0.0400 F5142.9 ; Width: 0.350mm
G1 X87.2820 Y47.5070 Z0.0400 F5142.9 ; Width: 0.350mm
G1 X87.2828 Y47.3670 Z0.0400 F5142.9 ; Width: 0.350mm
G1 X87.3020 Y47.3470 Z0.0400 F5142.9 ; Width: 0.350mm
G1 X87.3028 Y47.2870 Z0.0400 F5142.9 ; Width: 0.350mm
G1 X87.3220 Y47.2670 Z0.0400 F5142.9 ; Width: 0.350mm
G1 X87.3228 Y47.1270 Z0.0400 F5142.9 ; Width: 0.350mm
G1 X87.3420 Y47.1070 Z0.0400 F5142.9 ; Width: 0.350mm
G1 X87.3428 Y47.0470 Z0.0400 F5142.9 ; Width: 0.350mm
G1 X87.3620 Y47.0270 Z0.0400 F5142.9 ; Width: 0.350mm
G1 X87.3628 Y46.9070 Z0.0400 F5142.9 ; Width: 0.350mm
G1 X87.3820 Y46.8870 Z0.0400 F5142.9 ; Width: 0.350mm
G1 X87.3828 Y46.7870 Z0.0400 F5142.9 ; Width: 0.350mm
G1 X87.4020 Y46.7670 Z0.0400 F5142.9 ; Width: 0.350mm
G1 X87.4028 Y46.6270 Z0.0400 F5142.9 ; Width: 0.350mm
G1 X87.4220 Y46.6070 Z0.0400 F5142.9 ; Width: 0.350mm
G1 X87.4228 Y46.5470 Z0.0400 F5142.9 ; Width: 0.350mm
G1 X87.4420 Y46.5270 Z0.0400 F5142.9 ; Width: 0.350mm
G1 X87.4428 Y46.3870 Z0.0400 F5142.9 ; Width: 0.350mm
G1 X87.4620 Y46.3670 Z0.0400 F5142.9 ; Width: 0.350mm
G1 X87.4628 Y46.3070 Z0.0400 F5142.9 ; Width: 0.350mm
G1 X87.4820 Y46.2870 Z0.0400 F5142.9 ; Width: 0.350mm
G1 X87.4828 Y46.1470 Z0.0400 F5142.9 ; Width: 0.350mm
G1 X87.5020 Y46.1270 Z0.0400 F5142.9 ; Width: 0.350mm
G1 X87.5028 Y46.0470 Z0.0400 F5142.9 ; Width: 0.350mm
G1 X87.5220 Y46.0270 Z0.0400 F5142.9 ; Width: 0.350mm
G1 X87.5228 Y45.9070 Z0.0400 F5142.9 ; Width: 0.350mm
G1 X87.5420 Y45.8870 Z0.0400 F5142.9 ; Width: 0.350mm
G1 X87.5428 Y45.8070 Z0.0400 F5142.9 ; Width: 0.350mm
G1 X87.5620 Y45.7870 Z0.0400 F5142.9 ; Width: 0.350mm
G1 X87.5628 Y45.6670 Z0.0400 F5142.9 ; Width: 0.350mm
G1 X87.5820 Y45.6470 Z0.0400 F5142.9 ; Width: 0.350mm
G1 X87.5828 Y45.5670 Z0.0400 F5142.9 ; Width: 0.350mm
G1 X87.6020 Y45.5470 Z0.0400 F5142.9 ; Width: 0.350mm
G1 X87.6028 Y45.4270 Z0.0400 F5142.9 ; Width: 0.350mm
G1 X87.6220 Y45.4070 Z0.0400 F5142.9 ; Width: 0.350mm
G1 X87.6228 Y45.3070 Z0.0400 F5142.9 ; Width: 0.350mm
G1 X87.6420 Y45.2870 Z0.0400 F5142.9 ; Width: 0.350mm
G1 X87.6428 Y45.1470 Z0.0400 F5142.9 ; Width: 0.350mm
G1 X87.6620 Y45.1270 Z0.0400 F5142.9 ; Width: 0.350mm
G1 X87.6628 Y45.0670 Z0.0400 F5142.9 ; Width: 0.350mm
G1 X87.6820 Y45.0470 Z0.0400 F5142.9 ; Width: 0.350mm
G1 X87.6828 Y44.9270 Z0.0400 F5142.9 ; Width: 0.350mm
G1 X87.7020 Y44.9070 Z0.0400 F5142.9 ; Width: 0.350mm
G1 X87.7028 Y44.8270 Z0.0400 F5142.9 ; Width: 0.350mm
G1 X87.7220 Y44.8070 Z0.0400 F5142.9 ; Width: 0.350mm
G1 X87.7228 Y44.6470 Z0.0400 F5142.9 ; Width: 0.350mm
G1 X87.7420 Y44.6270 Z0.0400 F5142.9 ; Width: 0.350mm
G1 X87.7428 Y44.5470 Z0.0400 F5142.9 ; Width: 0.350mm
G1 X87.7620 Y44.5270 Z0.0400 F5142.9 ; Width: 0.350mm
G1 X87.7628 Y44.4270 Z0.0400 F5142.9 ; Width: 0.350mm
G1 X87.7820 Y44.4070 Z0.0400 F5142.9 ; Width: 0.350mm
G1 X87.7828 Y44.3270 Z0.0400 F5142.9 ; Width: 0.350mm
G1 X87.8020 Y44.3070 Z0.0400 F5142.9 ; Width: 0.350mm
G1 X87.8028 Y44.1670 Z0.0400 F5142.9 ; Width: 0.350mm
G1 X87.8220 Y44.1470 Z0.0400 F5142.9 ; Width: 0.350mm
G1 X87.8228 Y44.0870 Z0.0400 F5142.9 ; Width: 0.350mm
G1 X87.8420 Y44.0670 Z0.0400 F5142.9 ; Width: 0.350mm
G1 X87.8428 Y43.9270 Z0.0400 F5142.9 ; Width: 0.350mm
G1 X87.8620 Y43.9070 Z0.0400 F5142.9 ; Width: 0.350mm
G1 X87.8628 Y43.8270 Z0.0400 F5142.9 ; Width: 0.350mm
G1 X87.8820 Y43.8070 Z0.0400 F5142.9 ; Width: 0.350mm
G1 X87.8828 Y43.7070 Z0.0400 F5142.9 ; Width: 0.350mm
G1 X87.9020 Y43.6870 Z0.0400 F5142.9 ; Width: 0.350mm
G1 X87.9028 Y43.5870 Z0.0400 F5142.9 ; Width: 0.350mm
G1 X87.9220 Y43.5670 Z0.0400 F5142.9 ; Width: 0.350mm
G1 X87.9228 Y43.4070 Z0.0400 F5142.9 ; Width: 0.350mm
G1 X87.9420 Y43.3870 Z0.0400 F5142.9 ; Width: 0.350mm
G1 X87.9428 Y43.3270 Z0.0400 F5142.9 ; Width: 0.350mm
G1 X87.9620 Y43.3070 Z0.0400 F5142.9 ; Width: 0.350mm
G1 X87.9628 Y43.1670 Z0.0400 F5142.9 ; Width: 0.350mm
G1 X87.9820 Y43.1470 Z0.0400 F5142.9 ; Width: 0.350mm
G1 X87.9828 Y43.0870 Z0.0400 F5142.9 ; Width: 0.350mm
G1 X88.0020 Y43.0670 Z0.0400 F5142.9 ; Width: 0.350mm
G1 X88.0028 Y42.9870 Z0.0400 F5142.9 ; Width: 0.350mm
G1 X88.0220 Y42.9670 Z0.0400 F5142.9 ; Width: 0.350mm
G1 X88.0228 Y42.8470 Z0.0400 F5142.9 ; Width: 0.350mm
G1 X88.0420 Y42.8270 Z0.0400 F5142.9 ; Width: 0.350mm
G1 X88.0428 Y42.6470 Z0.0400 F5142.9 ; Width: 0.350mm
G1 X88.0620 Y42.6270 Z0.0400 F5142.9 ; Width: 0.350mm
G1 X88.0628 Y42.5870 Z0.0400 F5142.9 ; Width: 0.350mm
G1 X88.0820 Y42.5670 Z0.0400 F5142.9 ; Width: 0.350mm
G1 X88.0828 Y42.4670 Z0.0400 F5142.9 ; Width: 0.350mm
G1 X88.1020 Y42.4470 Z0.0400 F5142.9 ; Width: 0.350mm
G1 X88.1028 Y42.3470 Z0.0400 F5142.9 ; Width: 0.350mm
G1 X88.1220 Y42.3270 Z0.0400 F5142.9 ; Width: 0.350mm
G1 X88.1228 Y42.2470 Z0.0400 F5142.9 ; Width: 0.350mm
G1 X88.1420 Y42.2270 Z0.0400 F5142.9 ; Width: 0.350mm
G1 X88.1428 Y42.0870 Z0.0400 F5142.9 ; Width: 0.350mm
G1 X88.1620 Y42.0670 Z0.0400 F5142.9 ; Width: 0.350mm
G1 X88.1626 Y41.9270 Z0.0400 F5142.9 ; Width: 0.350mm
G1 X88.1820 Y41.9070 Z0.0400 F5142.9 ; Width: 0.350mm
G1 X88.1828 Y41.8670 Z0.0400 F5142.9 ; Width: 0.350mm
G1 X88.2020 Y41.8470 Z0.0400 F5142.9 ; Width: 0.350mm
G1 X88.2028 Y41.7670 Z0.0400 F5142.9 ; Width: 0.350mm
G1 X88.2220 Y41.7470 Z0.0400 F5142.9 ; Width: 0.350mm
G1 X88.2228 Y41.6270 Z0.0400 F5142.9 ; Width: 0.350mm
G1 X88.2420 Y41.6070 Z0.0400 F5142.9 ; Width: 0.350mm
G1 X88.2428 Y41.5070 Z0.0400 F5142.9 ; Width: 0.350mm
G1 X88.2620 Y41.4870 Z0.0400 F5142.9 ; Width: 0.350mm
G1 X88.2628 Y41.3870 Z0.0400 F5142.9 ; Width: 0.350mm
G1 X88.2820 Y41.3670 Z0.0400 F5142.9 ; Width: 0.350mm
G1 X88.2828 Y41.2070 Z0.0400 F5142.9 ; Width: 0.350mm
G1 X88.3020 Y41.1870 Z0.0400 F5142.9 ; Width: 0.350mm
G1 X88.3028 Y41.1270 Z0.0400 F5142.9 ; Width: 0.350mm
G1 X88.3220 Y41.1070 Z0.0400 F5142.9 ; Width: 0.350mm
G1 X88.3228 Y41.0270 Z0.0400 F5142.9 ; Width: 0.350mm
G1 X88.3420 Y41.0070 Z0.0400 F5142.9 ; Width: 0.350mm
G1 X88.3428 Y40.8670 Z0.0400 F5142.9 ; Width: 0.350mm
G1 X88.3620 Y40.8470 Z0.0400 F5142.9 ; Width: 0.350mm
G1 X88.3628 Y40.7470 Z0.0400 F5142.9 ; Width: 0.350mm
G1 X88.3820 Y40.7270 Z0.0400 F5142.9 ; Width: 0.350mm
G1 X88.3823 Y40.6870 Z0.0400 F5142.9 ; Width: 0.350mm
G1 X88.4830 Y40.5828 Z0.0400 F5142.9 ; Width: 0.350mm
G1 X88.5030 Y40.5821 Z0.0400 F5142.9 ; Width: 0.350mm
G1 X88.5230 Y40.5622 Z0.0400 F5142.9 ; Width: 0.350mm
G1 X88.6030 Y40.5622 Z0.0400 F5142.9 ; Width: 0.350mm
G1 X88.6230 Y40.5429 Z0.0400 F5142.9 ; Width: 0.350mm
G1 X88.6430 Y40.5429 Z0.0400 F5142.9 ; Width: 0.350mm
G1 X88.6630 Y40.5622 Z0.0400 F5142.9 ; Width: 0.350mm
G1 X88.7430 Y40.5622 Z0.0400 F5142.9 ; Width: 0.350mm
G1 X88.7630 Y40.5822 Z0.0400 F5142.9 ; Width: 0.350mm
G1 X88.7830 Y40.5829 Z0.0400 F5142.9 ; Width: 0.350mm
G1 X88.8836 Y40.6870 Z0.0400 F5142.9 ; Width: 0.350mm
G1 X88.8840 Y40.7270 Z0.0400 F5142.9 ; Width: 0.350mm
G1 X88.9032 Y40.7470 Z0.0400 F5142.9 ; Width: 0.350mm
G1 X88.9040 Y40.8870 Z0.0400 F5142.9 ; Width: 0.350mm
G1 X88.9232 Y40.9070 Z0.0400 F5142.9 ; Width: 0.350mm
G1 X88.9240 Y40.9870 Z0.0400 F5142.9 ; Width: 0.350mm
G1 X88.9432 Y41.0070 Z0.0400 F5142.9 ; Width: 0.350mm
G1 X88.9440 Y41.1070 Z0.0400 F5142.9 ; Width: 0.350mm
G1 X88.9632 Y41.1270 Z0.0400 F5142.9 ; Width: 0.350mm
G1 X88.9640 Y41.2270 Z0.0400 F5142.9 ; Width: 0.350mm
G1 X88.9832 Y41.2470 Z0.0400 F5142.9 ; Width: 0.350mm
G1 X88.9840 Y41.3870 Z0.0400 F5142.9 ; Width: 0.350mm
G1 X89.0032 Y41.4070 Z0.0400 F5142.9 ; Width: 0.350mm
G1 X89.0040 Y41.4670 Z0.0400 F5142.9 ; Width: 0.350mm
G1 X89.0232 Y41.4870 Z0.0400 F5142.9 ; Width: 0.350mm
G1 X89.0240 Y41.6270 Z0.0400 F5142.9 ; Width: 0.350mm
G1 X89.0432 Y41.6470 Z0.0400 F5142.9 ; Width: 0.350mm
G1 X89.0440 Y41.7270 Z0.0400 F5142.9 ; Width: 0.350mm
G1 X89.0632 Y41.7470 Z0.0400 F5142.9 ; Width: 0.350mm
G1 X89.0640 Y41.8670 Z0.0400 F5142.9 ; Width: 0.350mm
G1 X89.0832 Y41.8870 Z0.0400 F5142.9 ; Width: 0.350mm
G1 X89.0840 Y41.9670 Z0.0400 F5142.9 ; Width: 0.350mm
G1 X89.1032 Y41.9870 Z0.0400 F5142.9 ; Width: 0.350mm
G1 X89.1040 Y42.1270 Z0.0400 F5142.9 ; Width: 0.350mm
G1 X89.1232 Y42.1470 Z0.0400 F5142.9 ; Width: 0.350mm
G1 X89.1240 Y42.1870 Z0.0400 F5142.9 ; Width: 0.350mm
G1 X89.1432 Y42.2070 Z0.0400 F5142.9 ; Width: 0.350mm
G1 X89.1440 Y42.3670 Z0.0400 F5142.9 ; Width: 0.350mm
G1 X89.1632 Y42.3870 Z0.0400 F5142.9 ; Width: 0.350mm
G1 X89.1640 Y42.4470 Z0.0400 F5142.9 ; Width: 0.350mm
G1 X89.1832 Y42.4670 Z0.0400 F5142.9 ; Width: 0.350mm
G1 X89.1840 Y42.6270 Z0.0400 F5142.9 ; Width: 0.350mm
G1 X89.2032 Y42.6470 Z0.0400 F5142.9 ; Width: 0.350mm
G1 X89.2040 Y42.7070 Z0.0400 F5142.9 ; Width: 0.350mm
G1 X89.2232 Y42.7270 Z0.0400 F5142.9 ; Width: 0.350mm
G1 X89.2240 Y42.8870 Z0.0400 F5142.9 ; Width: 0.350mm
G1 X89.2432 Y42.9070 Z0.0400 F5142.9 ; Width: 0.350mm
G1 X89.2440 Y42.9470 Z0.0400 F5142.9 ; Width: 0.350mm
G1 X89.2632 Y42.9670 Z0.0400 F5142.9 ; Width: 0.350mm
G1 X89.2640 Y43.1270 Z0.0400 F5142.9 ; Width: 0.350mm
G1 X89.2832 Y43.1470 Z0.0400 F5142.9 ; Width: 0.350mm
G1 X89.2840 Y43.2070 Z0.0400 F5142.9 ; Width: 0.350mm
G1 X89.3032 Y43.2270 Z0.0400 F5142.9 ; Width: 0.350mm
G1 X89.3040 Y43.3670 Z0.0400 F5142.9 ; Width: 0.350mm
G1 X89.3232 Y43.3870 Z0.0400 F5142.9 ; Width: 0.350mm
G1 X89.3240 Y43.4670 Z0.0400 F5142.9 ; Width: 0.350mm
G1 X89.3432 Y43.4870 Z0.0400 F5142.9 ; Width: 0.350mm
G1 X89.3440 Y43.6070 Z0.0400 F5142.9 ; Width: 0.350mm
G1 X89.3632 Y43.6270 Z0.0400 F5142.9 ; Width: 0.350mm
G1 X89.3640 Y43.6670 Z0.0400 F5142.9 ; Width: 0.350mm
G1 X89.3832 Y43.6870 Z0.0400 F5142.9 ; Width: 0.350mm
G1 X89.3840 Y43.8670 Z0.0400 F5142.9 ; Width: 0.350mm
G1 X89.4032 Y43.8870 Z0.0400 F5142.9 ; Width: 0.350mm
G1 X89.4040 Y43.9470 Z0.0400 F5142.9 ; Width: 0.350mm
G1 X89.4232 Y43.9670 Z0.0400 F5142.9 ; Width: 0.350mm
G1 X89.4240 Y44.1070 Z0.0400 F5142.9 ; Width: 0.350mm
G1 X89.4432 Y44.1270 Z0.0400 F5142.9 ; Width: 0.350mm
G1 X89.4440 Y44.1870 Z0.0400 F5142.9 ; Width: 0.350mm
G1 X89.4632 Y44.2070 Z0.0400 F5142.9 ; Width: 0.350mm
G1 X89.4640 Y44.3470 Z0.0400 F5142.9 ; Width: 0.350mm
G1 X89.4832 Y44.3670 Z0.0400 F5142.9 ; Width: 0.350mm
G1 X89.4840 Y44.4070 Z0.0400 F5142.9 ; Width: 0.350mm
G1 X89.5032 Y44.4270 Z0.0400 F5142.9 ; Width: 0.350mm
G1 X89.5040 Y44.6070 Z0.0400 F5142.9 ; Width: 0.350mm
G1 X89.5232 Y44.6270 Z0.0400 F5142.9 ; Width: 0.350mm
G1 X89.5240 Y44.7070 Z0.0400 F5142.9 ; Width: 0.350mm
G1 X89.5432 Y44.7270 Z0.0400 F5142.9 ; Width: 0.350mm
G1 X89.5440 Y44.8670 Z0.0400 F5142.9 ; Width: 0.350mm
G1 X89.5632 Y44.8870 Z0.0400 F5142.9 ; Width: 0.350mm
G1 X89.5640 Y44.9270 Z0.0400 F5142.9 ; Width: 0.350mm
G1 X89.5832 Y44.9470 Z0.0400 F5142.9 ; Width: 0.350mm
G1 X89.5840 Y45.0870 Z0.0400 F5142.9 ; Width: 0.350mm
G1 X89.6032 Y45.1070 Z0.0400 F5142.9 ; Width: 0.350mm
G1 X89.6040 Y45.1670 Z0.0400 F5142.9 ; Width: 0.350mm
G1 X89.6232 Y45.1870 Z0.0400 F5142.9 ; Width: 0.350mm
G1 X89.6240 Y45.3470 Z0.0400 F5142.9 ; Width: 0.350mm
G1 X89.6432 Y45.3670 Z0.0400 F5142.9 ; Width: 0.350mm
G1 X89.6440 Y45.4470 Z0.0400 F5142.9 ; Width: 0.350mm
G1 X89.6632 Y45.4670 Z0.0400 F5142.9 ; Width: 0.350mm
G1 X89.6640 Y45.5870 Z0.0400 F5142.9 ; Width: 0.350mm
G1 X89.6832 Y45.6070 Z0.0400 F5142.9 ; Width: 0.350mm
G1 X89.6840 Y45.6670 Z0.0400 F5142.9 ; Width: 0.350mm
G1 X89.7032 Y45.6870 Z0.0400 F5142.9 ; Width: 0.350mm
G1 X89.7040 Y45.8270 Z0.0400 F5142.9 ; Width: 0.350mm
G1 X89.7232 Y45.8470 Z0.0400 F5142.9 ; Width: 0.350mm
G1 X89.7240 Y45.9270 Z0.0400 F5142.9 ; Width: 0.350mm
G1 X89.7432 Y45.9470 Z0.0400 F5142.9 ; Width: 0.350mm
G1 X89.7440 Y46.0870 Z0.0400 F5142.9 ; Width: 0.350mm
G1 X89.7632 Y46.1070 Z0.0400 F5142.9 ; Width: 0.350mm
G1 X89.7640 Y46.1670 Z0.0400 F5142.9 ; Width: 0.350mm
G1 X89.7832 Y46.1870 Z0.0400 F5142.9 ; Width: 0.350mm
G1 X89.7840 Y46.2870 Z0.0400 F5142.9 ; Width: 0.350mm
G1 X89.8032 Y46.3070 Z0.0400 F5142.9 ; Width: 0.350mm
G1 X89.8040 Y46.4070 Z0.0400 F5142.9 ; Width: 0.350mm
G1 X89.8232 Y46.4270 Z0.0400 F5142.9 ; Width: 0.350mm
G1 X89.8240 Y46.5670 Z0.0400 F5142.9 ; Width: 0.350mm
G1 X89.8432 Y46.5870 Z0.0400 F5142.9 ; Width: 0.350mm
G1 X89.8440 Y46.6470 Z0.0400 F5142.9 ; Width: 0.350mm
G1 X89.8632 Y46.6670 Z0.0400 F5142.9 ; Width: 0.350mm
M118 P0 S"104" ; Sync timer
G1 X89.8640 Y46.8070 Z0.0400 F5142.9 ; Width: 0.350mm
G1 X89.8832 Y46.8270 Z0.0400 F5142.9 ; Width: 0.350mm
G1 X89.8840 Y46.9070 Z0.0400 F5142.9 ; Width: 0.350mm
G1 X89.9032 Y46.9270 Z0.0400 F5142.9 ; Width: 0.350mm
G1 X89.9040 Y46.9870 Z0.0400 F5142.9 ; Width: 0.350mm
G1 X89.9232 Y47.0070 Z0.0400 F5142.9 ; Width: 0.350mm
G1 X89.9240 Y47.1470 Z0.0400 F5142.9 ; Width: 0.350mm
G1 X89.9432 Y47.1670 Z0.0400 F5142.9 ; Width: 0.350mm
G1 X89.9440 Y47.3070 Z0.0400 F5142.9 ; Width: 0.350mm
G1 X89.9632 Y47.3270 Z0.0400 F5142.9 ; Width: 0.350mm
G1 X89.9640 Y47.4070 Z0.0400 F5142.9 ; Width: 0.350mm
G1 X89.9832 Y47.4270 Z0.0400 F5142.9 ; Width: 0.350mm
G1 X89.9840 Y47.5070 Z0.0400 F5142.9 ; Width: 0.350mm
G1 X90.0032 Y47.5270 Z0.0400 F5142.9 ; Width: 0.350mm
G1 X90.0040 Y47.6270 Z0.0400 F5142.9 ; Width: 0.350mm
G1 X90.0232 Y47.6470 Z0.0400 F5142.9 ; Width: 0.350mm
G1 X90.0240 Y47.7070 Z0.0400 F5142.9 ; Width: 0.350mm
G1 X90.0432 Y47.7270 Z0.0400 F5142.9 ; Width: 0.350mm
G1 X90.0440 Y47.8870 Z0.0400 F5142.9 ; Width: 0.350mm
G1 X90.0632 Y47.9070 Z0.0400 F5142.9 ; Width: 0.350mm
G1 X90.0640 Y48.0270 Z0.0400 F5142.9 ; Width: 0.350mm
G1 X90.0832 Y48.0470 Z0.0400 F5142.9 ; Width: 0.350mm
G1 X90.0840 Y48.1270 Z0.0400 F5142.9 ; Width: 0.350mm
G1 X90.1032 Y48.1470 Z0.0400 F5142.9 ; Width: 0.350mm
G1 X90.1040 Y48.2070 Z0.0400 F5142.9 ; Width: 0.350mm
G1 X90.1232 Y48.2270 Z0.0400 F5142.9 ; Width: 0.350mm
G1 X90.1240 Y48.3670 Z0.0400 F5142.9 ; Width: 0.350mm
G1 X90.1432 Y48.3870 Z0.0400 F5142.9 ; Width: 0.350mm
G1 X90.1440 Y48.4670 Z0.0400 F5142.9 ; Width: 0.350mm
G1 X90.1632 Y48.4870 Z0.0400 F5142.9 ; Width: 0.350mm
G1 X90.1640 Y48.6270 Z0.0400 F5142.9 ; Width: 0.350mm
G1 X90.1832 Y48.6470 Z0.0400 F5142.9 ; Width: 0.350mm
G1 X90.1840 Y48.7670 Z0.0400 F5142.9 ; Width: 0.350mm
G1 X90.2032 Y48.7870 Z0.0400 F5142.9 ; Width: 0.350mm
G1 X90.2040 Y48.8870 Z0.0400 F5142.9 ; Width: 0.350mm
G1 X90.2232 Y48.9070 Z0.0400 F5142.9 ; Width: 0.350mm
G1 X90.2240 Y48.9470 Z0.0400 F5142.9 ; Width: 0.350mm
G1 X90.2434 Y48.9670 Z0.0400 F5142.9 ; Width: 0.350mm
G1 X90.2440 Y49.1270 Z0.0400 F5142.9 ; Width: 0.350mm
G1 X90.2632 Y49.1470 Z0.0400 F5142.9 ; Width: 0.350mm
G1 X90.2640 Y49.2270 Z0.0400 F5142.9 ; Width: 0.350mm
G1 X90.2832 Y49.2470 Z0.0400 F5142.9 ; Width: 0.350mm
G1 X90.2840 Y49.3870 Z0.0400 F5142.9 ; Width: 0.350mm
G1 X90.3032 Y49.4070 Z0.0400 F5142.9 ; Width: 0.350mm
G1 X90.3040 Y49.5070 Z0.0400 F5142.9 ; Width: 0.350mm
G1 X90.3232 Y49.5270 Z0.0400 F5142.9 ; Width: 0.350mm
G1 X90.3240 Y49.6270 Z0.0400 F5142.9 ; Width: 0.350mm
G1 X90.3432 Y49.6470 Z0.0400 F5142.9 ; Width: 0.350mm
G1 X90.3440 Y49.7070 Z0.0400 F5142.9 ; Width: 0.350mm
G1 X90.3632 Y49.7270 Z0.0400 F5142.9 ; Width: 0.350mm
G1 X90.3640 Y49.8870 Z0.0400 F5142.9 ; Width: 0.350mm
G1 X90.3832 Y49.9070 Z0.0400 F5142.9 ; Width: 0.350mm
G1 X90.3840 Y49.9870 Z0.0400 F5142.9 ; Width: 0.350mm
G1 X90.4032 Y50.0070 Z0.0400 F5142.9 ; Width: 0.350mm
G1 X90.4040 Y50.1470 Z0.0400 F5142.9 ; Width: 0.350mm
G1 X90.4232 Y50.1670 Z0.0400 F5142.9 ; Width: 0.350mm
G1 X90.4240 Y50.2270 Z0.0400 F5142.9 ; Width: 0.350mm
G1 X90.4432 Y50.2470 Z0.0400 F5142.9 ; Width: 0.350mm
G1 X90.4440 Y50.3670 Z0.0400 F5142.9 ; Width: 0.350mm
G1 X90.4632 Y50.3870 Z0.0400 F5142.9 ; Width: 0.350mm
G1 X90.4640 Y50.4470 Z0.0400 F5142.9 ; Width: 0.350mm
G1 X90.4832 Y50.4670 Z0.0400 F5142.9 ; Width: 0.350mm
G1 X90.4840 Y50.6270 Z0.0400 F5142.9 ; Width: 0.350mm
G1 X90.5032 Y50.6470 Z0.0400 F5142.9 ; Width: 0.350mm
G1 X90.5040 Y50.7270 Z0.0400 F5142.9 ; Width: 0.350mm
G1 X90.5232 Y50.7470 Z0.0400 F5142.9 ; Width: 0.350mm
G1 X90.5240 Y50.8670 Z0.0400 F5142.9 ; Width: 0.350mm
G1 X90.5432 Y50.8870 Z0.0400 F5142.9 ; Width: 0.350mm
G1 X90.5440 Y50.9670 Z0.0400 F5142.9 ; Width: 0.350mm
G1 X90.5632 Y50.9870 Z0.0400 F5142.9 ; Width: 0.350mm
G1 X90.5640 Y51.1270 Z0.0400 F5142.9 ; Width: 0.350mm
G1 X90.5832 Y51.1470 Z0.0400 F5142.9 ; Width: 0.350mm
G1 X90.5840 Y51.2070 Z0.0400 F5142.9 ; Width: 0.350mm
G1 X90.6032 Y51.2270 Z0.0400 F5142.9 ; Width: 0.350mm
G1 X90.6040 Y51.3870 Z0.0400 F5142.9 ; Width: 0.350mm
G1 X90.6232 Y51.4070 Z0.0400 F5142.9 ; Width: 0.350mm
G1 X90.6240 Y51.4670 Z0.0400 F5142.9 ; Width: 0.350mm
G1 X90.6432 Y51.4870 Z0.0400 F5142.9 ; Width: 0.350mm
G1 X90.6440 Y51.6070 Z0.0400 F5142.9 ; Width: 0.350mm
G1 X90.6632 Y51.6270 Z0.0400 F5142.9 ; Width: 0.350mm
G1 X90.6640 Y51.7270 Z0.0400 F5142.9 ; Width: 0.350mm
G1 X90.6832 Y51.7470 Z0.0400 F5142.9 ; Width: 0.350mm
G1 X90.6840 Y51.8670 Z0.0400 F5142.9 ; Width: 0.350mm
G1 X90.7032 Y51.8870 Z0.0400 F5142.9 ; Width: 0.350mm
G1 X90.7040 Y51.9270 Z0.0400 F5142.9 ; Width: 0.350mm
G1 X90.7232 Y51.9470 Z0.0400 F5142.9 ; Width: 0.350mm
G1 X90.7240 Y51.9870 Z0.0400 F5142.9 ; Width: 0.350mm
G1 X90.7434 Y52.0070 Z0.0400 F5142.9 ; Width: 0.350mm
G1 X90.7439 Y52.0270 Z0.0400 F5142.9 ; Width: 0.350mm
G1 X90.9230 Y52.2061 Z0.0400 F5142.9 ; Width: 0.350mm
G1 X90.9430 Y52.2066 Z0.0400 F5142.9 ; Width: 0.350mm
G1 X90.9630 Y52.2260 Z0.0400 F5142.9 ; Width: 0.350mm
G1 X91.0030 Y52.2268 Z0.0400 F5142.9 ; Width: 0.350mm
G1 X91.0230 Y52.2460 Z0.0400 F5142.9 ; Width: 0.350mm
G1 X91.2030 Y52.2460 Z0.0400 F5142.9 ; Width: 0.350mm
G1 X91.2230 Y52.2268 Z0.0400 F5142.9 ; Width: 0.350mm
G1 X91.2630 Y52.2260 Z0.0400 F5142.9 ; Width: 0.350mm
G1 X91.2830 Y52.2066 Z0.0400 F5142.9 ; Width: 0.350mm
G1 X91.3030 Y52.2061 Z0.0400 F5142.9 ; Width: 0.350mm
G1 X91.4821 Y52.0270 Z0.0400 F5142.9 ; Width: 0.350mm
G1 X91.4826 Y52.0070 Z0.0400 F5142.9 ; Width: 0.350mm
G1 X91.5020 Y51.9870 Z0.0400 F5142.9 ; Width: 0.350mm
G1 X91.5028 Y51.9470 Z0.0400 F5142.9 ; Width: 0.350mm
G1 X91.5220 Y51.9270 Z0.0400 F5142.9 ; Width: 0.350mm
G1 X91.5224 Y51.8670 Z0.0400 F5142.9 ; Width: 0.350mm
G1 X91.5220 Y50.9670 Z0.0400 F4000.0 ; Width: 0.450mm
G1 X91.5028 Y50.9470 Z0.0400 F5142.9 ; Width: 0.350mm
G1 X91.5024 Y50.9270 Z0.0400 F5142.9 ; Width: 0.350mm
G1 X91.5024 Y47.5070 Z0.0400 F2214.5 ; Width: 0.813mm
G1 X91.5024 Y44.0870 Z0.0400 F1583.3 ; Width: 1.137mm
G1 X91.5024 Y40.6670 Z0.0400 F1207.9 ; Width: 1.490mm
G1 X91.5214 Y40.6470 Z0.0400 F5142.9 ; Width: 0.350mm
G1 X91.5214 Y40.6070 Z0.0400 F5142.9 ; Width: 0.350mm
G1 X91.6230 Y40.5045 Z0.0400 F5142.9 ; Width: 0.350mm
G1 X91.6430 Y40.5045 Z0.0400 F5142.9 ; Width: 0.350mm
G1 X91.6630 Y40.4854 Z0.0400 F5142.9 ; Width: 0.350mm
G1 X91.7430 Y40.4854 Z0.0400 F5142.9 ; Width: 0.350mm
G1 X91.7630 Y40.4664 Z0.0400 F5142.9 ; Width: 0.350mm
G1 X92.2830 Y40.4664 Z0.0400 F5142.9 ; Width: 0.350mm
G1 X92.3030 Y40.4854 Z0.0400 F5142.9 ; Width: 0.350mm
G1 X92.3830 Y40.4854 Z0.0400 F5142.9 ; Width: 0.350mm
G1 X92.4030 Y40.5045 Z0.0400 F5142.9 ; Width: 0.350mm
G1 X92.4230 Y40.5045 Z0.0400 F5142.9 ; Width: 0.350mm
G1 X92.5246 Y40.6070 Z0.0400 F5142.9 ; Width: 0.350mm
G1 X92.5246 Y40.6470 Z0.0400 F5142.9 ; Width: 0.350mm
G1 X92.5436 Y40.6670 Z0.0400 F5142.9 ; Width: 0.350mm
G1 X92.5436 Y45.3403 Z0.0400 F1533.4 ; Width: 1.174mm
M118 P0 S"105" ; Sync timer
G1 X92.5436 Y50.0137 Z0.0400 F2308.7 ; Width: 0.780mm
G1 X92.5436 Y54.6870 Z0.0400 F3209.7 ; Width: 0.561mm
G1 X92.5246 Y54.7070 Z0.0400 F5142.9 ; Width: 0.350mm
G1 X92.5246 Y54.7470 Z0.0400 F5142.9 ; Width: 0.350mm
G1 X92.4230 Y54.8495 Z0.0400 F5142.9 ; Width: 0.350mm
G1 X92.4030 Y54.8495 Z0.0400 F5142.9 ; Width: 0.350mm
G1 X92.3830 Y54.8686 Z0.0400 F5142.9 ; Width: 0.350mm
G1 X92.3030 Y54.8686 Z0.0400 F5142.9 ; Width: 0.350mm
G1 X92.2830 Y54.8876 Z0.0400 F5142.9 ; Width: 0.350mm
G0 Z1.0400 F6000.0 ; Z-hop up
G0 X91.9830 Y52.3670 F6000.0 ; Travel to new path
G0 Z0.0400 F6000.0 ; Z-hop down
G1 X91.9830 Y52.2270 Z0.0400 F3163.1 ; Width: 0.569mm
G0 Z1.0400 F6000.0 ; Z-hop up
G0 X97.5630 Y55.1072 F6000.0 ; Travel to new path
G0 Z0.0400 F6000.0 ; Z-hop down
G1 X97.3830 Y55.1072 Z0.0400 F5142.9 ; Width: 0.350mm
G1 X97.3630 Y55.0880 Z0.0400 F5142.9 ; Width: 0.350mm
G1 X97.2230 Y55.0872 Z0.0400 F5142.9 ; Width: 0.350mm
G1 X97.2030 Y55.0680 Z0.0400 F5142.9 ; Width: 0.350mm
G1 X97.0230 Y55.0672 Z0.0400 F5142.9 ; Width: 0.350mm
G1 X97.0030 Y55.0480 Z0.0400 F5142.9 ; Width: 0.350mm
G1 X96.9230 Y55.0472 Z0.0400 F5142.9 ; Width: 0.350mm
G1 X96.9030 Y55.0280 Z0.0400 F5142.9 ; Width: 0.350mm
G1 X96.8430 Y55.0272 Z0.0400 F5142.9 ; Width: 0.350mm
G1 X96.8230 Y55.0080 Z0.0400 F5142.9 ; Width: 0.350mm
G1 X96.7630 Y55.0074 Z0.0400 F5142.9 ; Width: 0.350mm
G1 X96.7430 Y54.9880 Z0.0400 F5142.9 ; Width: 0.350mm
G1 X96.7030 Y54.9872 Z0.0400 F5142.9 ; Width: 0.350mm
G1 X96.6830 Y54.9680 Z0.0400 F5142.9 ; Width: 0.350mm
G1 X96.6230 Y54.9674 Z0.0400 F5142.9 ; Width: 0.350mm
G1 X96.6030 Y54.9480 Z0.0400 F5142.9 ; Width: 0.350mm
G1 X96.5630 Y54.9472 Z0.0400 F5142.9 ; Width: 0.350mm
G1 X96.5430 Y54.9280 Z0.0400 F5142.9 ; Width: 0.350mm
G1 X96.5030 Y54.9272 Z0.0400 F5142.9 ; Width: 0.350mm
G1 X96.4830 Y54.9079 Z0.0400 F5142.9 ; Width: 0.350mm
G1 X96.4630 Y54.9074 Z0.0400 F5142.9 ; Width: 0.350mm
G1 X96.4430 Y54.8880 Z0.0400 F5142.9 ; Width: 0.350mm
G1 X96.4030 Y54.8872 Z0.0400 F5142.9 ; Width: 0.350mm
G1 X96.3830 Y54.8679 Z0.0400 F5142.9 ; Width: 0.350mm
G1 X96.3630 Y54.8674 Z0.0400 F5142.9 ; Width: 0.350mm
G1 X96.3430 Y54.8479 Z0.0400 F5142.9 ; Width: 0.350mm
G1 X96.3230 Y54.8474 Z0.0400 F5142.9 ; Width: 0.350mm
G1 X96.3030 Y54.8279 Z0.0400 F5142.9 ; Width: 0.350mm
G1 X96.2830 Y54.8274 Z0.0400 F5142.9 ; Width: 0.350mm
G1 X96.2630 Y54.8079 Z0.0400 F5142.9 ; Width: 0.350mm
G1 X96.2430 Y54.8074 Z0.0400 F5142.9 ; Width: 0.350mm
G1 X96.2230 Y54.7879 Z0.0400 F5142.9 ; Width: 0.350mm
G1 X96.2030 Y54.7874 Z0.0400 F5142.9 ; Width: 0.350mm
G1 X96.1830 Y54.7679 Z0.0400 F5142.9 ; Width: 0.350mm
G1 X96.1630 Y54.7672 Z0.0400 F5142.9 ; Width: 0.350mm
G1 X96.1030 Y54.7079 Z0.0400 F5142.9 ; Width: 0.350mm
G1 X96.0830 Y54.7073 Z0.0400 F5142.9 ; Width: 0.350mm
G1 X96.0430 Y54.6679 Z0.0400 F5142.9 ; Width: 0.350mm
G1 X96.0230 Y54.6674 Z0.0400 F5142.9 ; Width: 0.350mm
G1 X96.0030 Y54.6479 Z0.0400 F5142.9 ; Width: 0.350mm
G1 X95.9830 Y54.6472 Z0.0400 F5142.9 ; Width: 0.350mm
G1 X95.9030 Y54.5679 Z0.0400 F5142.9 ; Width: 0.350mm
G1 X95.8830 Y54.5672 Z0.0400 F5142.9 ; Width: 0.350mm
G1 X95.7630 Y54.4480 Z0.0400 F5142.9 ; Width: 0.350mm
G1 X95.6228 Y54.3070 Z0.0400 F5142.9 ; Width: 0.350mm
G1 X95.6221 Y54.2870 Z0.0400 F5142.9 ; Width: 0.350mm
G1 X95.5428 Y54.2070 Z0.0400 F5142.9 ; Width: 0.350mm
G1 X95.5421 Y54.1870 Z0.0400 F5142.9 ; Width: 0.350mm
G1 X95.5027 Y54.1470 Z0.0400 F5142.9 ; Width: 0.350mm
G1 X95.5021 Y54.1270 Z0.0400 F5142.9 ; Width: 0.350mm
G1 X95.4627 Y54.0870 Z0.0400 F5142.9 ; Width: 0.350mm
G1 X95.4621 Y54.0670 Z0.0400 F5142.9 ; Width: 0.350mm
G1 X95.4028 Y54.0070 Z0.0400 F5142.9 ; Width: 0.350mm
G1 X95.4021 Y53.9870 Z0.0400 F5142.9 ; Width: 0.350mm
G1 X95.3826 Y53.9670 Z0.0400 F5142.9 ; Width: 0.350mm
G1 X95.3821 Y53.9470 Z0.0400 F5142.9 ; Width: 0.350mm
G1 X95.3626 Y53.9270 Z0.0400 F5142.9 ; Width: 0.350mm
G1 X95.3621 Y53.9070 Z0.0400 F5142.9 ; Width: 0.350mm
G1 X95.3424 Y53.8870 Z0.0400 F5142.9 ; Width: 0.350mm
G1 X95.3420 Y53.8670 Z0.0400 F5142.9 ; Width: 0.350mm
G1 X95.3226 Y53.8470 Z0.0400 F5142.9 ; Width: 0.350mm
G1 X95.3221 Y53.8270 Z0.0400 F5142.9 ; Width: 0.350mm
G1 X95.2827 Y53.7870 Z0.0400 F5142.9 ; Width: 0.350mm
G1 X95.2821 Y53.7670 Z0.0400 F5142.9 ; Width: 0.350mm
G1 X95.2626 Y53.7470 Z0.0400 F5142.9 ; Width: 0.350mm
G1 X95.2621 Y53.7270 Z0.0400 F5142.9 ; Width: 0.350mm
G1 X95.2428 Y53.7070 Z0.0400 F5142.9 ; Width: 0.350mm
G1 X95.2420 Y53.6670 Z0.0400 F5142.9 ; Width: 0.350mm
G1 X95.2226 Y53.6470 Z0.0400 F5142.9 ; Width: 0.350mm
G1 X95.2221 Y53.6270 Z0.0400 F5142.9 ; Width: 0.350mm
G1 X95.2026 Y53.6070 Z0.0400 F5142.9 ; Width: 0.350mm
G1 X95.2021 Y53.5870 Z0.0400 F5142.9 ; Width: 0.350mm
G1 X95.1826 Y53.5670 Z0.0400 F5142.9 ; Width: 0.350mm
G1 X95.1821 Y53.5470 Z0.0400 F5142.9 ; Width: 0.350mm
G1 X95.1628 Y53.5270 Z0.0400 F5142.9 ; Width: 0.350mm
G1 X95.1620 Y53.4870 Z0.0400 F5142.9 ; Width: 0.350mm
G1 X95.1428 Y53.4670 Z0.0400 F5142.9 ; Width: 0.350mm
G1 X95.1420 Y53.4270 Z0.0400 F5142.9 ; Width: 0.350mm
G1 X95.1228 Y53.4070 Z0.0400 F5142.9 ; Width: 0.350mm
G1 X95.1220 Y53.3670 Z0.0400 F5142.9 ; Width: 0.350mm
G1 X95.1028 Y53.3470 Z0.0400 F5142.9 ; Width: 0.350mm
G1 X95.1020 Y53.3070 Z0.0400 F5142.9 ; Width: 0.350mm
G1 X95.0826 Y53.2870 Z0.0400 F5142.9 ; Width: 0.350mm
G1 X95.0820 Y53.2470 Z0.0400 F5142.9 ; Width: 0.350mm
G1 X95.0628 Y53.2270 Z0.0400 F5142.9 ; Width: 0.350mm
G1 X95.0620 Y53.1870 Z0.0400 F5142.9 ; Width: 0.350mm
G1 X95.0428 Y53.1670 Z0.0400 F5142.9 ; Width: 0.350mm
G1 X95.0420 Y53.0870 Z0.0400 F5142.9 ; Width: 0.350mm
G1 X95.0228 Y53.0670 Z0.0400 F5142.9 ; Width: 0.350mm
G1 X95.0220 Y53.0270 Z0.0400 F5142.9 ; Width: 0.350mm
G1 X95.0028 Y53.0070 Z0.0400 F5142.9 ; Width: 0.350mm
G1 X95.0020 Y52.9270 Z0.0400 F5142.9 ; Width: 0.350mm
G1 X94.9828 Y52.9070 Z0.0400 F5142.9 ; Width: 0.350mm
G1 X94.9820 Y52.8670 Z0.0400 F5142.9 ; Width: 0.350mm
G1 X94.9628 Y52.8470 Z0.0400 F5142.9 ; Width: 0.350mm
G1 X94.9620 Y52.7470 Z0.0400 F5142.9 ; Width: 0.350mm
G1 X94.9428 Y52.7270 Z0.0400 F5142.9 ; Width: 0.350mm
G1 X94.9420 Y52.6470 Z0.0400 F5142.9 ; Width: 0.350mm
G1 X94.9228 Y52.6270 Z0.0400 F5142.9 ; Width: 0.350mm
G1 X94.9220 Y52.4870 Z0.0400 F5142.9 ; Width: 0.350mm
G1 X94.9028 Y52.4670 Z0.0400 F5142.9 ; Width: 0.350mm
G1 X94.9020 Y52.4070 Z0.0400 F5142.9 ; Width: 0.350mm
G1 X94.8828 Y52.3870 Z0.0400 F5142.9 ; Width: 0.350mm
G1 X94.8820 Y52.1870 Z0.0400 F5142.9 ; Width: 0.350mm
G1 X94.8628 Y52.1670 Z0.0400 F5142.9 ; Width: 0.350mm
G1 X94.8620 Y52.0870 Z0.0400 F5142.9 ; Width: 0.350mm
G1 X94.8428 Y52.0670 Z0.0400 F5142.9 ; Width: 0.350mm
G1 X94.8420 Y51.7270 Z0.0400 F5142.9 ; Width: 0.350mm
G1 X94.8228 Y51.7070 Z0.0400 F5142.9 ; Width: 0.350mm
G1 X94.8220 Y51.4470 Z0.0400 F5142.9 ; Width: 0.350mm
G1 X94.8028 Y51.4270 Z0.0400 F5142.9 ; Width: 0.350mm
G1 X94.8028 Y47.6170 Z0.0400 F944.9 ; Width: 1.905mm
M118 P0 S"106" ; Sync timer
G1 X94.8028 Y43.8070 Z0.0400 F944.9 ; Width: 1.905mm
G1 X94.8220 Y43.7870 Z0.0400 F5142.9 ; Width: 0.350mm
G1 X94.8228 Y43.5470 Z0.0400 F5142.9 ; Width: 0.350mm
G1 X94.8420 Y43.5270 Z0.0400 F5142.9 ; Width: 0.350mm
G1 X94.8428 Y43.2270 Z0.0400 F5142.9 ; Width: 0.350mm
G1 X94.8620 Y43.2070 Z0.0400 F5142.9 ; Width: 0.350mm
G1 X94.8628 Y43.1470 Z0.0400 F5142.9 ; Width: 0.350mm
G1 X94.8820 Y43.1270 Z0.0400 F5142.9 ; Width: 0.350mm
G1 X94.8828 Y42.9670 Z0.0400 F5142.9 ; Width: 0.350mm
G1 X94.9020 Y42.9470 Z0.0400 F5142.9 ; Width: 0.350mm
G1 X94.9028 Y42.8670 Z0.0400 F5142.9 ; Width: 0.350mm
G1 X94.9220 Y42.8470 Z0.0400 F5142.9 ; Width: 0.350mm
G1 X94.9228 Y42.7270 Z0.0400 F5142.9 ; Width: 0.350mm
G1 X94.9420 Y42.7070 Z0.0400 F5142.9 ; Width: 0.350mm
G1 X94.9428 Y42.6470 Z0.0400 F5142.9 ; Width: 0.350mm
G1 X94.9620 Y42.6270 Z0.0400 F5142.9 ; Width: 0.350mm
G1 X94.9628 Y42.5270 Z0.0400 F5142.9 ; Width: 0.350mm
G1 X94.9820 Y42.5070 Z0.0400 F5142.9 ; Width: 0.350mm
G1 X94.9828 Y42.4670 Z0.0400 F5142.9 ; Width: 0.350mm
G1 X95.0020 Y42.4470 Z0.0400 F5142.9 ; Width: 0.350mm
G1 X95.0028 Y42.3670 Z0.0400 F5142.9 ; Width: 0.350mm
G1 X95.0220 Y42.3470 Z0.0400 F5142.9 ; Width: 0.350mm
G1 X95.0228 Y42.3070 Z0.0400 F5142.9 ; Width: 0.350mm
G1 X95.0420 Y42.2870 Z0.0400 F5142.9 ; Width: 0.350mm
G1 X95.0426 Y42.2270 Z0.0400 F5142.9 ; Width: 0.350mm
G1 X95.0620 Y42.2070 Z0.0400 F5142.9 ; Width: 0.350mm
G1 X95.0628 Y42.1670 Z0.0400 F5142.9 ; Width: 0.350mm
G1 X95.0820 Y42.1470 Z0.0400 F5142.9 ; Width: 0.350mm
G1 X95.0826 Y42.1070 Z0.0400 F5142.9 ; Width: 0.350mm
G1 X95.1020 Y42.0870 Z0.0400 F5142.9 ; Width: 0.350mm
G1 X95.1028 Y42.0470 Z0.0400 F5142.9 ; Width: 0.350mm
G1 X95.1220 Y42.0270 Z0.0400 F5142.9 ; Width: 0.350mm
G1 X95.1226 Y41.9870 Z0.0400 F5142.9 ; Width: 0.350mm
G1 X95.1420 Y41.9670 Z0.0400 F5142.9 ; Width: 0.350mm
G1 X95.1428 Y41.9270 Z0.0400 F5142.9 ; Width: 0.350mm
G1 X95.1620 Y41.9070 Z0.0400 F5142.9 ; Width: 0.350mm
G1 X95.1628 Y41.8670 Z0.0400 F5142.9 ; Width: 0.350mm
G1 X95.1821 Y41.8470 Z0.0400 F5142.9 ; Width: 0.350mm
G1 X95.1826 Y41.8270 Z0.0400 F5142.9 ; Width: 0.350mm
G1 X95.2021 Y41.8070 Z0.0400 F5142.9 ; Width: 0.350mm
G1 X95.2026 Y41.7870 Z0.0400 F5142.9 ; Width: 0.350mm
G1 X95.2220 Y41.7670 Z0.0400 F5142.9 ; Width: 0.350mm
G1 X95.2228 Y41.7270 Z0.0400 F5142.9 ; Width: 0.350mm
G1 X95.2421 Y41.7070 Z0.0400 F5142.9 ; Width: 0.350mm
G1 X95.2426 Y41.6870 Z0.0400 F5142.9 ; Width: 0.350mm
G1 X95.2621 Y41.6670 Z0.0400 F5142.9 ; Width: 0.350mm
G1 X95.2626 Y41.6470 Z0.0400 F5142.9 ; Width: 0.350mm
G1 X95.2821 Y41.6270 Z0.0400 F5142.9 ; Width: 0.350mm
G1 X95.2826 Y41.6070 Z0.0400 F5142.9 ; Width: 0.350mm
G1 X95.3021 Y41.5870 Z0.0400 F5142.9 ; Width: 0.350mm
G1 X95.3026 Y41.5670 Z0.0400 F5142.9 ; Width: 0.350mm
G1 X95.3221 Y41.5470 Z0.0400 F5142.9 ; Width: 0.350mm
G1 X95.3226 Y41.5270 Z0.0400 F5142.9 ; Width: 0.350mm
G1 X95.3421 Y41.5070 Z0.0400 F5142.9 ; Width: 0.350mm
G1 X95.3426 Y41.4870 Z0.0400 F5142.9 ; Width: 0.350mm
G1 X95.3621 Y41.4670 Z0.0400 F5142.9 ; Width: 0.350mm
G1 X95.3626 Y41.4470 Z0.0400 F5142.9 ; Width: 0.350mm
G1 X95.3821 Y41.4270 Z0.0400 F5142.9 ; Width: 0.350mm
G1 X95.3827 Y41.4070 Z0.0400 F5142.9 ; Width: 0.350mm
G1 X95.4221 Y41.3670 Z0.0400 F5142.9 ; Width: 0.350mm
G1 X95.4227 Y41.3470 Z0.0400 F5142.9 ; Width: 0.350mm
G1 X95.4621 Y41.3070 Z0.0400 F5142.9 ; Width: 0.350mm
G1 X95.4626 Y41.2870 Z0.0400 F5142.9 ; Width: 0.350mm
G1 X95.4821 Y41.2670 Z0.0400 F5142.9 ; Width: 0.350mm
G1 X95.4827 Y41.2470 Z0.0400 F5142.9 ; Width: 0.350mm
G1 X95.5221 Y41.2070 Z0.0400 F5142.9 ; Width: 0.350mm
G1 X95.5227 Y41.1870 Z0.0400 F5142.9 ; Width: 0.350mm
G1 X95.5621 Y41.1470 Z0.0400 F5142.9 ; Width: 0.350mm
G1 X95.5628 Y41.1270 Z0.0400 F5142.9 ; Width: 0.350mm
G1 X95.6421 Y41.0470 Z0.0400 F5142.9 ; Width: 0.350mm
G1 X95.6428 Y41.0270 Z0.0400 F5142.9 ; Width: 0.350mm
G1 X95.8630 Y40.8068 Z0.0400 F5142.9 ; Width: 0.350mm
G1 X95.8830 Y40.8061 Z0.0400 F5142.9 ; Width: 0.350mm
G1 X95.9830 Y40.7068 Z0.0400 F5142.9 ; Width: 0.350mm
G1 X96.0030 Y40.7061 Z0.0400 F5142.9 ; Width: 0.350mm
G1 X96.0430 Y40.6667 Z0.0400 F5142.9 ; Width: 0.350mm
G1 X96.0630 Y40.6661 Z0.0400 F5142.9 ; Width: 0.350mm
G1 X96.1030 Y40.6267 Z0.0400 F5142.9 ; Width: 0.350mm
G1 X96.1230 Y40.6261 Z0.0400 F5142.9 ; Width: 0.350mm
G1 X96.1630 Y40.5867 Z0.0400 F5142.9 ; Width: 0.350mm
G1 X96.1830 Y40.5861 Z0.0400 F5142.9 ; Width: 0.350mm
G1 X96.2030 Y40.5666 Z0.0400 F5142.9 ; Width: 0.350mm
G1 X96.2230 Y40.5661 Z0.0400 F5142.9 ; Width: 0.350mm
G1 X96.2430 Y40.5464 Z0.0400 F5142.9 ; Width: 0.350mm
G1 X96.2630 Y40.5460 Z0.0400 F5142.9 ; Width: 0.350mm
G1 X96.2830 Y40.5266 Z0.0400 F5142.9 ; Width: 0.350mm
G1 X96.3030 Y40.5261 Z0.0400 F5142.9 ; Width: 0.350mm
G1 X96.3230 Y40.5064 Z0.0400 F5142.9 ; Width: 0.350mm
G1 X96.3430 Y40.5058 Z0.0400 F5142.9 ; Width: 0.350mm
G1 X96.3630 Y40.4864 Z0.0400 F5142.9 ; Width: 0.350mm
G1 X96.3830 Y40.4860 Z0.0400 F5142.9 ; Width: 0.350mm
G1 X96.4030 Y40.4666 Z0.0400 F5142.9 ; Width: 0.350mm
G1 X96.4230 Y40.4661 Z0.0400 F5142.9 ; Width: 0.350mm
G1 X96.4430 Y40.4468 Z0.0400 F5142.9 ; Width: 0.350mm
G1 X96.4830 Y40.4460 Z0.0400 F5142.9 ; Width: 0.350mm
G1 X96.5030 Y40.4266 Z0.0400 F5142.9 ; Width: 0.350mm
G1 X96.5230 Y40.4261 Z0.0400 F5142.9 ; Width: 0.350mm
G1 X96.5430 Y40.4066 Z0.0400 F5142.9 ; Width: 0.350mm
G1 X96.5630 Y40.4061 Z0.0400 F5142.9 ; Width: 0.350mm
G1 X96.5830 Y40.3868 Z0.0400 F5142.9 ; Width: 0.350mm
G1 X96.6230 Y40.3860 Z0.0400 F5142.9 ; Width: 0.350mm
G1 X96.6430 Y40.3666 Z0.0400 F5142.9 ; Width: 0.350mm
G1 X96.7230 Y40.3660 Z0.0400 F5142.9 ; Width: 0.350mm
G1 X96.7430 Y40.3468 Z0.0400 F5142.9 ; Width: 0.350mm
G1 X96.7830 Y40.3460 Z0.0400 F5142.9 ; Width: 0.350mm
G1 X96.8030 Y40.3266 Z0.0400 F5142.9 ; Width: 0.350mm
G1 X96.8830 Y40.3257 Z0.0400 F5142.9 ; Width: 0.350mm
G1 X96.9030 Y40.3064 Z0.0400 F5142.9 ; Width: 0.350mm
G1 X96.9830 Y40.3060 Z0.0400 F5142.9 ; Width: 0.350mm
G1 X97.0030 Y40.2868 Z0.0400 F5142.9 ; Width: 0.350mm
G1 X97.0830 Y40.2854 Z0.0400 F5142.9 ; Width: 0.350mm
G1 X97.1030 Y40.2664 Z0.0400 F5142.9 ; Width: 0.350mm
G1 X97.2830 Y40.2660 Z0.0400 F5142.9 ; Width: 0.350mm
G1 X97.3030 Y40.2468 Z0.0400 F5142.9 ; Width: 0.350mm
G1 X97.7230 Y40.2468 Z0.0400 F5142.9 ; Width: 0.350mm
G1 X97.7430 Y40.2660 Z0.0400 F5142.9 ; Width: 0.350mm
G1 X97.9230 Y40.2664 Z0.0400 F5142.9 ; Width: 0.350mm
G1 X97.9430 Y40.2854 Z0.0400 F5142.9 ; Width: 0.350mm
G1 X98.0230 Y40.2868 Z0.0400 F5142.9 ; Width: 0.350mm
G1 X98.0430 Y40.3060 Z0.0400 F5142.9 ; Width: 0.350mm
G1 X98.1230 Y40.3064 Z0.0400 F5142.9 ; Width: 0.350mm
G1 X98.1430 Y40.3257 Z0.0400 F5142.9 ; Width: 0.350mm
G1 X98.2030 Y40.3266 Z0.0400 F5142.9 ; Width: 0.350mm
G1 X98.2230 Y40.3460 Z0.0400 F5142.9 ; Width: 0.350mm
G1 X98.2630 Y40.3468 Z0.0400 F5142.9 ; Width: 0.350mm
G1 X98.2830 Y40.3660 Z0.0400 F5142.9 ; Width: 0.350mm
G1 X98.3630 Y40.3666 Z0.0400 F5142.9 ; Width: 0.350mm
G1 X98.3830 Y40.3860 Z0.0400 F5142.9 ; Width: 0.350mm
G1 X98.4230 Y40.3868 Z0.0400 F5142.9 ; Width: 0.350mm
G1 X98.4430 Y40.4061 Z0.0400 F5142.9 ; Width: 0.350mm
G1 X98.4630 Y40.4066 Z0.0400 F5142.9 ; Width: 0.350mm
G1 X98.4830 Y40.4261 Z0.0400 F5142.9 ; Width: 0.350mm
G1 X98.5030 Y40.4266 Z0.0400 F5142.9 ; Width: 0.350mm
G1 X98.5230 Y40.4460 Z0.0400 F5142.9 ; Width: 0.350mm
G1 X98.5630 Y40.4468 Z0.0400 F5142.9 ; Width: 0.350mm
G1 X98.5830 Y40.4661 Z0.0400 F5142.9 ; Width: 0.350mm
G1 X98.6030 Y40.4666 Z0.0400 F5142.9 ; Width: 0.350mm
G1 X98.6230 Y40.4860 Z0.0400 F5142.9 ; Width: 0.350mm
G1 X98.6430 Y40.4864 Z0.0400 F5142.9 ; Width: 0.350mm
G1 X98.6630 Y40.5061 Z0.0400 F5142.9 ; Width: 0.350mm
G1 X98.6830 Y40.5066 Z0.0400 F5142.9 ; Width: 0.350mm
G1 X98.7030 Y40.5261 Z0.0400 F5142.9 ; Width: 0.350mm
G1 X98.7230 Y40.5266 Z0.0400 F5142.9 ; Width: 0.350mm
G1 X98.7430 Y40.5461 Z0.0400 F5142.9 ; Width: 0.350mm
G1 X98.7630 Y40.5467 Z0.0400 F5142.9 ; Width: 0.350mm
G1 X98.8030 Y40.5861 Z0.0400 F5142.9 ; Width: 0.350mm
G1 X98.8230 Y40.5866 Z0.0400 F5142.9 ; Width: 0.350mm
G1 X98.8430 Y40.6061 Z0.0400 F5142.9 ; Width: 0.350mm
G1 X98.8630 Y40.6066 Z0.0400 F5142.9 ; Width: 0.350mm
G1 X98.8830 Y40.6261 Z0.0400 F5142.9 ; Width: 0.350mm
G1 X98.9030 Y40.6268 Z0.0400 F5142.9 ; Width: 0.350mm
G1 X98.9830 Y40.7061 Z0.0400 F5142.9 ; Width: 0.350mm
G1 X99.0030 Y40.7068 Z0.0400 F5142.9 ; Width: 0.350mm
G1 X99.1030 Y40.8061 Z0.0400 F5142.9 ; Width: 0.350mm
G1 X99.1230 Y40.8068 Z0.0400 F5142.9 ; Width: 0.350mm
G1 X99.3232 Y41.0070 Z0.0400 F5142.9 ; Width: 0.350mm
G1 X99.3239 Y41.0270 Z0.0400 F5142.9 ; Width: 0.350mm
G1 X99.3633 Y41.0670 Z0.0400 F5142.9 ; Width: 0.350mm
G1 X99.3639 Y41.0870 Z0.0400 F5142.9 ; Width: 0.350mm
G1 X99.4432 Y41.1670 Z0.0400 F5142.9 ; Width: 0.350mm
G1 X99.4439 Y41.1870 Z0.0400 F5142.9 ; Width: 0.350mm
G1 X99.4833 Y41.2270 Z0.0400 F5142.9 ; Width: 0.350mm
G1 X99.4839 Y41.2470 Z0.0400 F5142.9 ; Width: 0.350mm
G1 X99.5034 Y41.2670 Z0.0400 F5142.9 ; Width: 0.350mm
G1 X99.5039 Y41.2870 Z0.0400 F5142.9 ; Width: 0.350mm
G1 X99.5433 Y41.3270 Z0.0400 F5142.9 ; Width: 0.350mm
G1 X99.5439 Y41.3470 Z0.0400 F5142.9 ; Width: 0.350mm
G1 X99.5634 Y41.3670 Z0.0400 F5142.9 ; Width: 0.350mm
G1 X99.5639 Y41.3870 Z0.0400 F5142.9 ; Width: 0.350mm
G1 X99.6033 Y41.4270 Z0.0400 F5142.9 ; Width: 0.350mm
G1 X99.6039 Y41.4470 Z0.0400 F5142.9 ; Width: 0.350mm
G1 X99.6234 Y41.4670 Z0.0400 F5142.9 ; Width: 0.350mm
G1 X99.6239 Y41.4870 Z0.0400 F5142.9 ; Width: 0.350mm
G1 X99.6436 Y41.5070 Z0.0400 F5142.9 ; Width: 0.350mm
G1 X99.6440 Y41.5270 Z0.0400 F5142.9 ; Width: 0.350mm
G1 X99.6634 Y41.5470 Z0.0400 F5142.9 ; Width: 0.350mm
G1 X99.6639 Y41.5670 Z0.0400 F5142.9 ; Width: 0.350mm
G1 X99.6834 Y41.5870 Z0.0400 F5142.9 ; Width: 0.350mm
G1 X99.6839 Y41.6070 Z0.0400 F5142.9 ; Width: 0.350mm
G1 X99.7034 Y41.6270 Z0.0400 F5142.9 ; Width: 0.350mm
G1 X99.7039 Y41.6470 Z0.0400 F5142.9 ; Width: 0.350mm
G1 X99.7234 Y41.6670 Z0.0400 F5142.9 ; Width: 0.350mm
G1 X99.7239 Y41.6870 Z0.0400 F5142.9 ; Width: 0.350mm
G1 X99.7434 Y41.7070 Z0.0400 F5142.9 ; Width: 0.350mm
G1 X99.7439 Y41.7270 Z0.0400 F5142.9 ; Width: 0.350mm
G1 X99.7632 Y41.7470 Z0.0400 F5142.9 ; Width: 0.350mm
G1 X99.7640 Y41.7870 Z0.0400 F5142.9 ; Width: 0.350mm
G1 X99.7832 Y41.8070 Z0.0400 F5142.9 ; Width: 0.350mm
G1 X99.7840 Y41.8470 Z0.0400 F5142.9 ; Width: 0.350mm
G1 X99.8034 Y41.8670 Z0.0400 F5142.9 ; Width: 0.350mm
G1 X99.8039 Y41.8870 Z0.0400 F5142.9 ; Width: 0.350mm
G1 X99.8234 Y41.9070 Z0.0400 F5142.9 ; Width: 0.350mm
G1 X99.8240 Y41.9470 Z0.0400 F5142.9 ; Width: 0.350mm
G1 X99.8432 Y41.9670 Z0.0400 F5142.9 ; Width: 0.350mm
G1 X99.8440 Y42.0070 Z0.0400 F5142.9 ; Width: 0.350mm
G1 X99.8634 Y42.0270 Z0.0400 F5142.9 ; Width: 0.350mm
G1 X99.8640 Y42.0670 Z0.0400 F5142.9 ; Width: 0.350mm
G1 X99.8832 Y42.0870 Z0.0400 F5142.9 ; Width: 0.350mm
G1 X99.8840 Y42.1470 Z0.0400 F5142.9 ; Width: 0.350mm
G1 X99.9032 Y42.1670 Z0.0400 F5142.9 ; Width: 0.350mm
G1 X99.9040 Y42.2070 Z0.0400 F5142.9 ; Width: 0.350mm
G1 X99.9232 Y42.2270 Z0.0400 F5142.9 ; Width: 0.350mm
G1 X99.9240 Y42.2670 Z0.0400 F5142.9 ; Width: 0.350mm
G1 X99.9434 Y42.2870 Z0.0400 F5142.9 ; Width: 0.350mm
G1 X99.9440 Y42.3670 Z0.0400 F5142.9 ; Width: 0.350mm
G1 X99.9632 Y42.3870 Z0.0400 F5142.9 ; Width: 0.350mm
G1 X99.9640 Y42.4270 Z0.0400 F5142.9 ; Width: 0.350mm
G1 X99.9832 Y42.4470 Z0.0400 F5142.9 ; Width: 0.350mm
G1 X99.9840 Y42.5470 Z0.0400 F5142.9 ; Width: 0.350mm
G1 X100.0032 Y42.5670 Z0.0400 F5142.9 ; Width: 0.350mm
G1 X100.0040 Y42.6470 Z0.0400 F5142.9 ; Width: 0.350mm
G1 X100.0232 Y42.6670 Z0.0400 F5142.9 ; Width: 0.350mm
G1 X100.0240 Y42.7470 Z0.0400 F5142.9 ; Width: 0.350mm
G1 X100.0432 Y42.7670 Z0.0400 F5142.9 ; Width: 0.350mm
G1 X100.0440 Y42.8270 Z0.0400 F5142.9 ; Width: 0.350mm
G1 X100.0632 Y42.8470 Z0.0400 F5142.9 ; Width: 0.350mm
G1 X100.0640 Y43.0070 Z0.0400 F5142.9 ; Width: 0.350mm
G1 X100.0832 Y43.0270 Z0.0400 F5142.9 ; Width: 0.350mm
G1 X100.0840 Y43.1470 Z0.0400 F5142.9 ; Width: 0.350mm
G1 X100.1032 Y43.1670 Z0.0400 F5142.9 ; Width: 0.350mm
G1 X100.1040 Y43.3670 Z0.0400 F5142.9 ; Width: 0.350mm
G1 X100.1232 Y43.3870 Z0.0400 F5142.9 ; Width: 0.350mm
G1 X100.1240 Y43.6270 Z0.0400 F5142.9 ; Width: 0.350mm
G1 X100.1432 Y43.6470 Z0.0400 F5142.9 ; Width: 0.350mm
G1 X100.1446 Y45.0870 Z0.0400 F2543.6 ; Width: 0.708mm
G1 X100.1255 Y45.1070 Z0.0400 F5142.9 ; Width: 0.350mm
G1 X100.1255 Y45.1470 Z0.0400 F5142.9 ; Width: 0.350mm
G1 X100.0230 Y45.2495 Z0.0400 F5142.9 ; Width: 0.350mm
G1 X100.0030 Y45.2495 Z0.0400 F5142.9 ; Width: 0.350mm
G1 X99.9830 Y45.2686 Z0.0400 F5142.9 ; Width: 0.350mm
G1 X99.9030 Y45.2686 Z0.0400 F5142.9 ; Width: 0.350mm
G1 X99.8830 Y45.2876 Z0.0400 F5142.9 ; Width: 0.350mm
G1 X99.1830 Y45.2876 Z0.0400 F5142.9 ; Width: 0.350mm
G1 X99.1630 Y45.2686 Z0.0400 F5142.9 ; Width: 0.350mm
G1 X99.0830 Y45.2686 Z0.0400 F5142.9 ; Width: 0.350mm
G1 X99.0630 Y45.2495 Z0.0400 F5142.9 ; Width: 0.350mm
G1 X99.0430 Y45.2495 Z0.0400 F5142.9 ; Width: 0.350mm
G1 X98.9414 Y45.1470 Z0.0400 F5142.9 ; Width: 0.350mm
G1 X98.9414 Y45.1070 Z0.0400 F5142.9 ; Width: 0.350mm
G1 X98.9224 Y45.0870 Z0.0400 F5142.9 ; Width: 0.350mm
G1 X98.9220 Y43.6470 Z0.0400 F2753.6 ; Width: 0.654mm
G1 X98.9028 Y43.6270 Z0.0400 F5142.9 ; Width: 0.350mm
G1 X98.9020 Y43.4870 Z0.0400 F5142.9 ; Width: 0.350mm
G1 X98.8828 Y43.4670 Z0.0400 F5142.9 ; Width: 0.350mm
G1 X98.8820 Y43.2270 Z0.0400 F5142.9 ; Width: 0.350mm
G1 X98.8628 Y43.2070 Z0.0400 F5142.9 ; Width: 0.350mm
G1 X98.8620 Y43.1470 Z0.0400 F5142.9 ; Width: 0.350mm
G1 X98.8428 Y43.1270 Z0.0400 F5142.9 ; Width: 0.350mm
G1 X98.8420 Y42.9670 Z0.0400 F5142.9 ; Width: 0.350mm
G1 X98.8228 Y42.9470 Z0.0400 F5142.9 ; Width: 0.350mm
G1 X98.8220 Y42.9070 Z0.0400 F5142.9 ; Width: 0.350mm
G1 X98.8028 Y42.8870 Z0.0400 F5142.9 ; Width: 0.350mm
G1 X98.8020 Y42.8070 Z0.0400 F5142.9 ; Width: 0.350mm
G1 X98.7828 Y42.7870 Z0.0400 F5142.9 ; Width: 0.350mm
G1 X98.7820 Y42.7470 Z0.0400 F5142.9 ; Width: 0.350mm
G1 X98.7628 Y42.7270 Z0.0400 F5142.9 ; Width: 0.350mm
G1 X98.7620 Y42.6670 Z0.0400 F5142.9 ; Width: 0.350mm
G1 X98.7428 Y42.6470 Z0.0400 F5142.9 ; Width: 0.350mm
G1 X98.7420 Y42.6070 Z0.0400 F5142.9 ; Width: 0.350mm
G1 X98.7226 Y42.5870 Z0.0400 F5142.9 ; Width: 0.350mm
G1 X98.7221 Y42.5670 Z0.0400 F5142.9 ; Width: 0.350mm
G1 X98.7028 Y42.5470 Z0.0400 F5142.9 ; Width: 0.350mm
G1 X98.7020 Y42.5070 Z0.0400 F5142.9 ; Width: 0.350mm
G1 X98.6828 Y42.4870 Z0.0400 F5142.9 ; Width: 0.350mm
G1 X98.6820 Y42.4470 Z0.0400 F5142.9 ; Width: 0.350mm
G1 X98.6626 Y42.4270 Z0.0400 F5142.9 ; Width: 0.350mm
G1 X98.6621 Y42.4070 Z0.0400 F5142.9 ; Width: 0.350mm
G1 X98.6227 Y42.3670 Z0.0400 F5142.9 ; Width: 0.350mm
G1 X98.6221 Y42.3470 Z0.0400 F5142.9 ; Width: 0.350mm
G1 X98.6026 Y42.3270 Z0.0400 F5142.9 ; Width: 0.350mm
G1 X98.6021 Y42.3070 Z0.0400 F5142.9 ; Width: 0.350mm
G1 X98.5826 Y42.2870 Z0.0400 F5142.9 ; Width: 0.350mm
G1 X98.5821 Y42.2670 Z0.0400 F5142.9 ; Width: 0.350mm
G1 X98.5228 Y42.2070 Z0.0400 F5142.9 ; Width: 0.350mm
G1 X98.5221 Y42.1870 Z0.0400 F5142.9 ; Width: 0.350mm
G1 X98.2030 Y41.8679 Z0.0400 F5142.9 ; Width: 0.350mm
G1 X98.1830 Y41.8674 Z0.0400 F5142.9 ; Width: 0.350mm
G1 X98.1630 Y41.8479 Z0.0400 F5142.9 ; Width: 0.350mm
G1 X98.1430 Y41.8473 Z0.0400 F5142.9 ; Width: 0.350mm
G1 X98.1030 Y41.8079 Z0.0400 F5142.9 ; Width: 0.350mm
G1 X98.0830 Y41.8074 Z0.0400 F5142.9 ; Width: 0.350mm
G1 X98.0630 Y41.7880 Z0.0400 F5142.9 ; Width: 0.350mm
G1 X98.0430 Y41.7876 Z0.0400 F5142.9 ; Width: 0.350mm
G1 X98.0230 Y41.7679 Z0.0400 F5142.9 ; Width: 0.350mm
G1 X98.0030 Y41.7674 Z0.0400 F5142.9 ; Width: 0.350mm
G1 X97.9830 Y41.7479 Z0.0400 F5142.9 ; Width: 0.350mm
G1 X97.9630 Y41.7474 Z0.0400 F5142.9 ; Width: 0.350mm
G1 X97.9430 Y41.7280 Z0.0400 F5142.9 ; Width: 0.350mm
G1 X97.9030 Y41.7272 Z0.0400 F5142.9 ; Width: 0.350mm
G1 X97.8830 Y41.7080 Z0.0400 F5142.9 ; Width: 0.350mm
G1 X97.8030 Y41.7072 Z0.0400 F5142.9 ; Width: 0.350mm
G1 X97.7830 Y41.6880 Z0.0400 F5142.9 ; Width: 0.350mm
G1 X97.7230 Y41.6872 Z0.0400 F5142.9 ; Width: 0.350mm
G1 X97.7030 Y41.6680 Z0.0400 F5142.9 ; Width: 0.350mm
G1 X97.3030 Y41.6680 Z0.0400 F5142.9 ; Width: 0.350mm
G1 X97.2830 Y41.6872 Z0.0400 F5142.9 ; Width: 0.350mm
G1 X97.2230 Y41.6880 Z0.0400 F5142.9 ; Width: 0.350mm
G1 X97.2030 Y41.7072 Z0.0400 F5142.9 ; Width: 0.350mm
G1 X97.1430 Y41.7080 Z0.0400 F5142.9 ; Width: 0.350mm
G1 X97.1230 Y41.7272 Z0.0400 F5142.9 ; Width: 0.350mm
G1 X97.0830 Y41.7280 Z0.0400 F5142.9 ; Width: 0.350mm
G1 X97.0630 Y41.7472 Z0.0400 F5142.9 ; Width: 0.350mm
G1 X97.0230 Y41.7480 Z0.0400 F5142.9 ; Width: 0.350mm
G1 X97.0030 Y41.7674 Z0.0400 F5142.9 ; Width: 0.350mm
G1 X96.9830 Y41.7679 Z0.0400 F5142.9 ; Width: 0.350mm
G1 X96.9430 Y41.8073 Z0.0400 F5142.9 ; Width: 0.350mm
G1 X96.9230 Y41.8079 Z0.0400 F5142.9 ; Width: 0.350mm
G1 X96.9030 Y41.8274 Z0.0400 F5142.9 ; Width: 0.350mm
G1 X96.8830 Y41.8279 Z0.0400 F5142.9 ; Width: 0.350mm
G1 X96.8630 Y41.8474 Z0.0400 F5142.9 ; Width: 0.350mm
G1 X96.8430 Y41.8479 Z0.0400 F5142.9 ; Width: 0.350mm
G1 X96.8230 Y41.8674 Z0.0400 F5142.9 ; Width: 0.350mm
G1 X96.8030 Y41.8679 Z0.0400 F5142.9 ; Width: 0.350mm
G1 X96.7030 Y41.9672 Z0.0400 F5142.9 ; Width: 0.350mm
G1 X96.6830 Y41.9679 Z0.0400 F5142.9 ; Width: 0.350mm
G1 X96.4639 Y42.1870 Z0.0400 F5142.9 ; Width: 0.350mm
G1 X96.4632 Y42.2070 Z0.0400 F5142.9 ; Width: 0.350mm
G1 X96.4039 Y42.2670 Z0.0400 F5142.9 ; Width: 0.350mm
G1 X96.4033 Y42.2870 Z0.0400 F5142.9 ; Width: 0.350mm
G1 X96.3639 Y42.3270 Z0.0400 F5142.9 ; Width: 0.350mm
G1 X96.3634 Y42.3470 Z0.0400 F5142.9 ; Width: 0.350mm
G1 X96.3439 Y42.3670 Z0.0400 F5142.9 ; Width: 0.350mm
G1 X96.3434 Y42.3870 Z0.0400 F5142.9 ; Width: 0.350mm
G1 X96.3239 Y42.4070 Z0.0400 F5142.9 ; Width: 0.350mm
G1 X96.3234 Y42.4270 Z0.0400 F5142.9 ; Width: 0.350mm
G1 X96.3039 Y42.4470 Z0.0400 F5142.9 ; Width: 0.350mm
G1 X96.3034 Y42.4670 Z0.0400 F5142.9 ; Width: 0.350mm
G1 X96.2840 Y42.4870 Z0.0400 F5142.9 ; Width: 0.350mm
G1 X96.2832 Y42.5270 Z0.0400 F5142.9 ; Width: 0.350mm
G1 X96.2639 Y42.5470 Z0.0400 F5142.9 ; Width: 0.350mm
G1 X96.2634 Y42.5670 Z0.0400 F5142.9 ; Width: 0.350mm
G1 X96.2440 Y42.5870 Z0.0400 F5142.9 ; Width: 0.350mm
G1 X96.2432 Y42.6270 Z0.0400 F5142.9 ; Width: 0.350mm
G1 X96.2240 Y42.6470 Z0.0400 F5142.9 ; Width: 0.350mm
G1 X96.2232 Y42.6870 Z0.0400 F5142.9 ; Width: 0.350mm
G1 X96.2040 Y42.7070 Z0.0400 F5142.9 ; Width: 0.350mm
G1 X96.2032 Y42.7470 Z0.0400 F5142.9 ; Width: 0.350mm
G1 X96.1840 Y42.7670 Z0.0400 F5142.9 ; Width: 0.350mm
G1 X96.1832 Y42.8470 Z0.0400 F5142.9 ; Width: 0.350mm
G1 X96.1640 Y42.8670 Z0.0400 F5142.9 ; Width: 0.350mm
G1 X96.1632 Y42.9070 Z0.0400 F5142.9 ; Width: 0.350mm
G1 X96.1440 Y42.9270 Z0.0400 F5142.9 ; Width: 0.350mm
G1 X96.1432 Y43.0070 Z0.0400 F5142.9 ; Width: 0.350mm
G1 X96.1240 Y43.0270 Z0.0400 F5142.9 ; Width: 0.350mm
G1 X96.1232 Y43.1270 Z0.0400 F5142.9 ; Width: 0.350mm
G1 X96.1040 Y43.1470 Z0.0400 F5142.9 ; Width: 0.350mm
G1 X96.1032 Y43.3270 Z0.0400 F5142.9 ; Width: 0.350mm
G1 X96.0840 Y43.3470 Z0.0400 F5142.9 ; Width: 0.350mm
G1 X96.0832 Y43.5270 Z0.0400 F5142.9 ; Width: 0.350mm
G1 X96.0640 Y43.5470 Z0.0400 F5142.9 ; Width: 0.350mm
G1 X96.0638 Y43.5670 Z0.0400 F5142.9 ; Width: 0.350mm
G1 X96.0639 Y47.6770 Z0.0400 F1286.9 ; Width: 1.399mm
M118 P0 S"107" ; Sync timer
G1 X96.0640 Y51.7870 Z0.0400 F1363.5 ; Width: 1.320mm
G1 X96.0832 Y51.8070 Z0.0400 F5142.9 ; Width: 0.350mm
G1 X96.0840 Y52.0070 Z0.0400 F5142.9 ; Width: 0.350mm
G1 X96.1032 Y52.0270 Z0.0400 F5142.9 ; Width: 0.350mm
G1 X96.1040 Y52.2070 Z0.0400 F5142.9 ; Width: 0.350mm
G1 X96.1232 Y52.2270 Z0.0400 F5142.9 ; Width: 0.350mm
G1 X96.1240 Y52.3470 Z0.0400 F5142.9 ; Width: 0.350mm
G1 X96.1432 Y52.3670 Z0.0400 F5142.9 ; Width: 0.350mm
G1 X96.1440 Y52.4470 Z0.0400 F5142.9 ; Width: 0.350mm
G1 X96.1632 Y52.4670 Z0.0400 F5142.9 ; Width: 0.350mm
G1 X96.1640 Y52.5070 Z0.0400 F5142.9 ; Width: 0.350mm
G1 X96.1832 Y52.5270 Z0.0400 F5142.9 ; Width: 0.350mm
G1 X96.1840 Y52.6270 Z0.0400 F5142.9 ; Width: 0.350mm
G1 X96.2032 Y52.6470 Z0.0400 F5142.9 ; Width: 0.350mm
G1 X96.2040 Y52.6870 Z0.0400 F5142.9 ; Width: 0.350mm
G1 X96.2234 Y52.7070 Z0.0400 F5142.9 ; Width: 0.350mm
G1 X96.2239 Y52.7270 Z0.0400 F5142.9 ; Width: 0.350mm
G1 X96.2432 Y52.7470 Z0.0400 F5142.9 ; Width: 0.350mm
G1 X96.2440 Y52.7870 Z0.0400 F5142.9 ; Width: 0.350mm
G1 X96.2634 Y52.8070 Z0.0400 F5142.9 ; Width: 0.350mm
G1 X96.2639 Y52.8270 Z0.0400 F5142.9 ; Width: 0.350mm
G1 X96.2832 Y52.8470 Z0.0400 F5142.9 ; Width: 0.350mm
G1 X96.2840 Y52.8870 Z0.0400 F5142.9 ; Width: 0.350mm
G1 X96.3034 Y52.9070 Z0.0400 F5142.9 ; Width: 0.350mm
G1 X96.3039 Y52.9270 Z0.0400 F5142.9 ; Width: 0.350mm
G1 X96.3234 Y52.9470 Z0.0400 F5142.9 ; Width: 0.350mm
G1 X96.3239 Y52.9670 Z0.0400 F5142.9 ; Width: 0.350mm
G1 X96.3434 Y52.9870 Z0.0400 F5142.9 ; Width: 0.350mm
G1 X96.3439 Y53.0070 Z0.0400 F5142.9 ; Width: 0.350mm
G1 X96.3833 Y53.0470 Z0.0400 F5142.9 ; Width: 0.350mm
G1 X96.3839 Y53.0670 Z0.0400 F5142.9 ; Width: 0.350mm
G1 X96.4034 Y53.0870 Z0.0400 F5142.9 ; Width: 0.350mm
G1 X96.4039 Y53.1070 Z0.0400 F5142.9 ; Width: 0.350mm
G1 X96.4632 Y53.1670 Z0.0400 F5142.9 ; Width: 0.350mm
G1 X96.4639 Y53.1870 Z0.0400 F5142.9 ; Width: 0.350mm
G1 X96.6830 Y53.4061 Z0.0400 F5142.9 ; Width: 0.350mm
G1 X96.7030 Y53.4068 Z0.0400 F5142.9 ; Width: 0.350mm
G1 X96.8030 Y53.5061 Z0.0400 F5142.9 ; Width: 0.350mm
G1 X96.8230 Y53.5066 Z0.0400 F5142.9 ; Width: 0.350mm
G1 X96.8430 Y53.5261 Z0.0400 F5142.9 ; Width: 0.350mm
G1 X96.8630 Y53.5266 Z0.0400 F5142.9 ; Width: 0.350mm
G1 X96.8830 Y53.5461 Z0.0400 F5142.9 ; Width: 0.350mm
G1 X96.9030 Y53.5466 Z0.0400 F5142.9 ; Width: 0.350mm
G1 X96.9230 Y53.5661 Z0.0400 F5142.9 ; Width: 0.350mm
G1 X96.9430 Y53.5666 Z0.0400 F5142.9 ; Width: 0.350mm
G1 X96.9630 Y53.5860 Z0.0400 F5142.9 ; Width: 0.350mm
G1 X97.0030 Y53.5868 Z0.0400 F5142.9 ; Width: 0.350mm
G1 X97.0230 Y53.6061 Z0.0400 F5142.9 ; Width: 0.350mm
G1 X97.0430 Y53.6066 Z0.0400 F5142.9 ; Width: 0.350mm
G1 X97.0630 Y53.6260 Z0.0400 F5142.9 ; Width: 0.350mm
G1 X97.1030 Y53.6268 Z0.0400 F5142.9 ; Width: 0.350mm
G1 X97.1230 Y53.6460 Z0.0400 F5142.9 ; Width: 0.350mm
G1 X97.2030 Y53.6468 Z0.0400 F5142.9 ; Width: 0.350mm
G1 X97.2230 Y53.6660 Z0.0400 F5142.9 ; Width: 0.350mm
G1 X97.3830 Y53.6668 Z0.0400 F5142.9 ; Width: 0.350mm
G1 X97.4030 Y53.6860 Z0.0400 F5142.9 ; Width: 0.350mm
G1 X97.5830 Y53.6860 Z0.0400 F5142.9 ; Width: 0.350mm
G1 X97.6030 Y53.6668 Z0.0400 F5142.9 ; Width: 0.350mm
G1 X97.7630 Y53.6660 Z0.0400 F5142.9 ; Width: 0.350mm
G1 X97.7830 Y53.6468 Z0.0400 F5142.9 ; Width: 0.350mm
G1 X97.8430 Y53.6460 Z0.0400 F5142.9 ; Width: 0.350mm
G1 X97.8630 Y53.6268 Z0.0400 F5142.9 ; Width: 0.350mm
G1 X97.9030 Y53.6260 Z0.0400 F5142.9 ; Width: 0.350mm
G1 X97.9230 Y53.6066 Z0.0400 F5142.9 ; Width: 0.350mm
G1 X97.9430 Y53.6061 Z0.0400 F5142.9 ; Width: 0.350mm
G1 X97.9630 Y53.5868 Z0.0400 F5142.9 ; Width: 0.350mm
G1 X98.0030 Y53.5860 Z0.0400 F5142.9 ; Width: 0.350mm
G1 X98.0230 Y53.5666 Z0.0400 F5142.9 ; Width: 0.350mm
G1 X98.0430 Y53.5661 Z0.0400 F5142.9 ; Width: 0.350mm
G1 X98.0630 Y53.5466 Z0.0400 F5142.9 ; Width: 0.350mm
G1 X98.0830 Y53.5461 Z0.0400 F5142.9 ; Width: 0.350mm
G1 X98.1030 Y53.5266 Z0.0400 F5142.9 ; Width: 0.350mm
G1 X98.1230 Y53.5261 Z0.0400 F5142.9 ; Width: 0.350mm
G1 X98.1430 Y53.5066 Z0.0400 F5142.9 ; Width: 0.350mm
G1 X98.1630 Y53.5061 Z0.0400 F5142.9 ; Width: 0.350mm
G1 X98.2630 Y53.4068 Z0.0400 F5142.9 ; Width: 0.350mm
G1 X98.2830 Y53.4061 Z0.0400 F5142.9 ; Width: 0.350mm
G1 X98.3628 Y53.3270 Z0.0400 F5142.9 ; Width: 0.350mm
G1 X98.4821 Y53.2070 Z0.0400 F5142.9 ; Width: 0.350mm
G1 X98.4828 Y53.1870 Z0.0400 F5142.9 ; Width: 0.350mm
G1 X98.5621 Y53.1070 Z0.0400 F5142.9 ; Width: 0.350mm
G1 X98.5626 Y53.0870 Z0.0400 F5142.9 ; Width: 0.350mm
G1 X98.5821 Y53.0670 Z0.0400 F5142.9 ; Width: 0.350mm
G1 X98.5827 Y53.0470 Z0.0400 F5142.9 ; Width: 0.350mm
G1 X98.6221 Y53.0070 Z0.0400 F5142.9 ; Width: 0.350mm
G1 X98.6226 Y52.9870 Z0.0400 F5142.9 ; Width: 0.350mm
G1 X98.6421 Y52.9670 Z0.0400 F5142.9 ; Width: 0.350mm
G1 X98.6426 Y52.9470 Z0.0400 F5142.9 ; Width: 0.350mm
G1 X98.6621 Y52.9270 Z0.0400 F5142.9 ; Width: 0.350mm
G1 X98.6626 Y52.9070 Z0.0400 F5142.9 ; Width: 0.350mm
G1 X98.6821 Y52.8870 Z0.0400 F5142.9 ; Width: 0.350mm
G1 X98.6826 Y52.8670 Z0.0400 F5142.9 ; Width: 0.350mm
G1 X98.7020 Y52.8470 Z0.0400 F5142.9 ; Width: 0.350mm
G1 X98.7028 Y52.8070 Z0.0400 F5142.9 ; Width: 0.350mm
G1 X98.7221 Y52.7870 Z0.0400 F5142.9 ; Width: 0.350mm
G1 X98.7226 Y52.7670 Z0.0400 F5142.9 ; Width: 0.350mm
G1 X98.7420 Y52.7470 Z0.0400 F5142.9 ; Width: 0.350mm
G1 X98.7428 Y52.7070 Z0.0400 F5142.9 ; Width: 0.350mm
G1 X98.7620 Y52.6870 Z0.0400 F5142.9 ; Width: 0.350mm
G1 X98.7628 Y52.6270 Z0.0400 F5142.9 ; Width: 0.350mm
G1 X98.7820 Y52.6070 Z0.0400 F5142.9 ; Width: 0.350mm
G1 X98.7828 Y52.5670 Z0.0400 F5142.9 ; Width: 0.350mm
G1 X98.8020 Y52.5470 Z0.0400 F5142.9 ; Width: 0.350mm
G1 X98.8028 Y52.4670 Z0.0400 F5142.9 ; Width: 0.350mm
G1 X98.8220 Y52.4470 Z0.0400 F5142.9 ; Width: 0.350mm
G1 X98.8228 Y52.3870 Z0.0400 F5142.9 ; Width: 0.350mm
G1 X98.8420 Y52.3670 Z0.0400 F5142.9 ; Width: 0.350mm
G1 X98.8428 Y52.2470 Z0.0400 F5142.9 ; Width: 0.350mm
G1 X98.8620 Y52.2270 Z0.0400 F5142.9 ; Width: 0.350mm
G1 X98.8628 Y52.1470 Z0.0400 F5142.9 ; Width: 0.350mm
G1 X98.8820 Y52.1270 Z0.0400 F5142.9 ; Width: 0.350mm
G1 X98.8828 Y51.9070 Z0.0400 F5142.9 ; Width: 0.350mm
G1 X98.9020 Y51.8870 Z0.0400 F5142.9 ; Width: 0.350mm
G1 X98.9028 Y51.6870 Z0.0400 F5142.9 ; Width: 0.350mm
G1 X98.9220 Y51.6670 Z0.0400 F5142.9 ; Width: 0.350mm
G1 X98.9224 Y50.8270 Z0.0400 F4285.7 ; Width: 0.420mm
G1 X98.9414 Y50.8070 Z0.0400 F5142.9 ; Width: 0.350mm
G1 X98.9414 Y50.7670 Z0.0400 F5142.9 ; Width: 0.350mm
G1 X99.0430 Y50.6645 Z0.0400 F5142.9 ; Width: 0.350mm
G1 X99.0630 Y50.6645 Z0.0400 F5142.9 ; Width: 0.350mm
G1 X99.0830 Y50.6454 Z0.0400 F5142.9 ; Width: 0.350mm
G1 X99.1630 Y50.6454 Z0.0400 F5142.9 ; Width: 0.350mm
G1 X99.1830 Y50.6264 Z0.0400 F5142.9 ; Width: 0.350mm
G1 X99.9030 Y50.6264 Z0.0400 F5000.0 ; Width: 0.360mm
G1 X99.9230 Y50.6454 Z0.0400 F5142.9 ; Width: 0.350mm
G1 X100.0030 Y50.6454 Z0.0400 F5142.9 ; Width: 0.350mm
G1 X100.0230 Y50.6645 Z0.0400 F5142.9 ; Width: 0.350mm
G1 X100.0430 Y50.6645 Z0.0400 F5142.9 ; Width: 0.350mm
G1 X100.1446 Y50.7670 Z0.0400 F5142.9 ; Width: 0.350mm
G1 X100.1446 Y50.8070 Z0.0400 F5142.9 ; Width: 0.350mm
G1 X100.1636 Y50.8270 Z0.0400 F5142.9 ; Width: 0.350mm
G1 X100.1632 Y51.0870 Z0.0400 F5142.9 ; Width: 0.350mm
G1 X100.1440 Y51.1070 Z0.0400 F5142.9 ; Width: 0.350mm
G1 X100.1432 Y51.7870 Z0.0400 F5142.9 ; Width: 0.350mm
G1 X100.1240 Y51.8070 Z0.0400 F5142.9 ; Width: 0.350mm
G1 X100.1232 Y51.9670 Z0.0400 F5142.9 ; Width: 0.350mm
G1 X100.1040 Y51.9870 Z0.0400 F5142.9 ; Width: 0.350mm
G1 X100.1032 Y52.1670 Z0.0400 F5142.9 ; Width: 0.350mm
G1 X100.0840 Y52.1870 Z0.0400 F5142.9 ; Width: 0.350mm
G1 X100.0832 Y52.3270 Z0.0400 F5142.9 ; Width: 0.350mm
G1 X100.0640 Y52.3470 Z0.0400 F5142.9 ; Width: 0.350mm
G1 X100.0632 Y52.5270 Z0.0400 F5142.9 ; Width: 0.350mm
G1 X100.0440 Y52.5470 Z0.0400 F5142.9 ; Width: 0.350mm
G1 X100.0432 Y52.6070 Z0.0400 F5142.9 ; Width: 0.350mm
G1 X100.0240 Y52.6270 Z0.0400 F5142.9 ; Width: 0.350mm
G1 X100.0232 Y52.7070 Z0.0400 F5142.9 ; Width: 0.350mm
G1 X100.0040 Y52.7270 Z0.0400 F5142.9 ; Width: 0.350mm
G1 X100.0032 Y52.8070 Z0.0400 F5142.9 ; Width: 0.350mm
G1 X99.9840 Y52.8270 Z0.0400 F5142.9 ; Width: 0.350mm
G1 X99.9832 Y52.8870 Z0.0400 F5142.9 ; Width: 0.350mm
G1 X99.9640 Y52.9070 Z0.0400 F5142.9 ; Width: 0.350mm
G1 X99.9632 Y52.9670 Z0.0400 F5142.9 ; Width: 0.350mm
G1 X99.9440 Y52.9870 Z0.0400 F5142.9 ; Width: 0.350mm
G1 X99.9434 Y53.0670 Z0.0400 F5142.9 ; Width: 0.350mm
G1 X99.9240 Y53.0870 Z0.0400 F5142.9 ; Width: 0.350mm
G1 X99.9232 Y53.1270 Z0.0400 F5142.9 ; Width: 0.350mm
G1 X99.9040 Y53.1470 Z0.0400 F5142.9 ; Width: 0.350mm
G1 X99.9032 Y53.2070 Z0.0400 F5142.9 ; Width: 0.350mm
G1 X99.8840 Y53.2270 Z0.0400 F5142.9 ; Width: 0.350mm
G1 X99.8832 Y53.2670 Z0.0400 F5142.9 ; Width: 0.350mm
G1 X99.8640 Y53.2870 Z0.0400 F5142.9 ; Width: 0.350mm
G1 X99.8632 Y53.3470 Z0.0400 F5142.9 ; Width: 0.350mm
G1 X99.8440 Y53.3670 Z0.0400 F5142.9 ; Width: 0.350mm
G1 X99.8432 Y53.4070 Z0.0400 F5142.9 ; Width: 0.350mm
G1 X99.8239 Y53.4270 Z0.0400 F5142.9 ; Width: 0.350mm
G1 X99.8234 Y53.4470 Z0.0400 F5142.9 ; Width: 0.350mm
G1 X99.8039 Y53.4670 Z0.0400 F5142.9 ; Width: 0.350mm
G1 X99.8034 Y53.4870 Z0.0400 F5142.9 ; Width: 0.350mm
G1 X99.7840 Y53.5070 Z0.0400 F5142.9 ; Width: 0.350mm
G1 X99.7832 Y53.5470 Z0.0400 F5142.9 ; Width: 0.350mm
G1 X99.7640 Y53.5670 Z0.0400 F5142.9 ; Width: 0.350mm
G1 X99.7632 Y53.6070 Z0.0400 F5142.9 ; Width: 0.350mm
G1 X99.7439 Y53.6270 Z0.0400 F5142.9 ; Width: 0.350mm
G1 X99.7434 Y53.6470 Z0.0400 F5142.9 ; Width: 0.350mm
G1 X99.7239 Y53.6670 Z0.0400 F5142.9 ; Width: 0.350mm
G1 X99.7234 Y53.6870 Z0.0400 F5142.9 ; Width: 0.350mm
G1 X99.7039 Y53.7070 Z0.0400 F5142.9 ; Width: 0.350mm
G1 X99.7034 Y53.7270 Z0.0400 F5142.9 ; Width: 0.350mm
G1 X99.6839 Y53.7470 Z0.0400 F5142.9 ; Width: 0.350mm
G1 X99.6834 Y53.7670 Z0.0400 F5142.9 ; Width: 0.350mm
G1 X99.6639 Y53.7870 Z0.0400 F5142.9 ; Width: 0.350mm
G1 X99.6634 Y53.8070 Z0.0400 F5142.9 ; Width: 0.350mm
G1 X99.6440 Y53.8270 Z0.0400 F5142.9 ; Width: 0.350mm
G1 X99.6436 Y53.8470 Z0.0400 F5142.9 ; Width: 0.350mm
G1 X99.6239 Y53.8670 Z0.0400 F5142.9 ; Width: 0.350mm
G1 X99.6234 Y53.8870 Z0.0400 F5142.9 ; Width: 0.350mm
G1 X99.6039 Y53.9070 Z0.0400 F5142.9 ; Width: 0.350mm
G1 X99.6034 Y53.9270 Z0.0400 F5142.9 ; Width: 0.350mm
G1 X99.5839 Y53.9470 Z0.0400 F5142.9 ; Width: 0.350mm
G1 X99.5834 Y53.9670 Z0.0400 F5142.9 ; Width: 0.350mm
G1 X99.5639 Y53.9870 Z0.0400 F5142.9 ; Width: 0.350mm
G1 X99.5632 Y54.0070 Z0.0400 F5142.9 ; Width: 0.350mm
G1 X99.4839 Y54.0870 Z0.0400 F5142.9 ; Width: 0.350mm
G1 X99.4834 Y54.1070 Z0.0400 F5142.9 ; Width: 0.350mm
G1 X99.4639 Y54.1270 Z0.0400 F5142.9 ; Width: 0.350mm
G1 X99.4632 Y54.1470 Z0.0400 F5142.9 ; Width: 0.350mm
G1 X99.4039 Y54.2070 Z0.0400 F5142.9 ; Width: 0.350mm
G1 X99.4033 Y54.2270 Z0.0400 F5142.9 ; Width: 0.350mm
G1 X99.3639 Y54.2670 Z0.0400 F5142.9 ; Width: 0.350mm
G1 X99.3632 Y54.2870 Z0.0400 F5142.9 ; Width: 0.350mm
G1 X99.2639 Y54.3870 Z0.0400 F5142.9 ; Width: 0.350mm
G1 X99.2632 Y54.4070 Z0.0400 F5142.9 ; Width: 0.350mm
G1 X99.1430 Y54.5272 Z0.0400 F5142.9 ; Width: 0.350mm
G1 X99.1230 Y54.5279 Z0.0400 F5142.9 ; Width: 0.350mm
G1 X99.0430 Y54.6072 Z0.0400 F5142.9 ; Width: 0.350mm
G1 X99.0230 Y54.6079 Z0.0400 F5142.9 ; Width: 0.350mm
G1 X98.9630 Y54.6672 Z0.0400 F5142.9 ; Width: 0.350mm
G1 X98.9430 Y54.6679 Z0.0400 F5142.9 ; Width: 0.350mm
G1 X98.9030 Y54.7073 Z0.0400 F5142.9 ; Width: 0.350mm
G1 X98.8830 Y54.7079 Z0.0400 F5142.9 ; Width: 0.350mm
G1 X98.8430 Y54.7473 Z0.0400 F5142.9 ; Width: 0.350mm
G1 X98.8230 Y54.7479 Z0.0400 F5142.9 ; Width: 0.350mm
G1 X98.8030 Y54.7674 Z0.0400 F5142.9 ; Width: 0.350mm
G1 X98.7830 Y54.7679 Z0.0400 F5142.9 ; Width: 0.350mm
G1 X98.7630 Y54.7874 Z0.0400 F5142.9 ; Width: 0.350mm
G1 X98.7430 Y54.7879 Z0.0400 F5142.9 ; Width: 0.350mm
G1 X98.7230 Y54.8076 Z0.0400 F5142.9 ; Width: 0.350mm
G1 X98.7030 Y54.8082 Z0.0400 F5142.9 ; Width: 0.350mm
G1 X98.6830 Y54.8276 Z0.0400 F5142.9 ; Width: 0.350mm
G1 X98.6630 Y54.8280 Z0.0400 F5142.9 ; Width: 0.350mm
G1 X98.6430 Y54.8474 Z0.0400 F5142.9 ; Width: 0.350mm
G1 X98.6230 Y54.8479 Z0.0400 F5142.9 ; Width: 0.350mm
G1 X98.6030 Y54.8674 Z0.0400 F5142.9 ; Width: 0.350mm
G1 X98.5830 Y54.8679 Z0.0400 F5142.9 ; Width: 0.350mm
G1 X98.5630 Y54.8874 Z0.0400 F5142.9 ; Width: 0.350mm
G1 X98.5430 Y54.8879 Z0.0400 F5142.9 ; Width: 0.350mm
G1 X98.5230 Y54.9072 Z0.0400 F5142.9 ; Width: 0.350mm
G1 X98.4830 Y54.9080 Z0.0400 F5142.9 ; Width: 0.350mm
G1 X98.4630 Y54.9272 Z0.0400 F5142.9 ; Width: 0.350mm
G1 X98.4230 Y54.9280 Z0.0400 F5142.9 ; Width: 0.350mm
G1 X98.4030 Y54.9474 Z0.0400 F5142.9 ; Width: 0.350mm
G1 X98.3830 Y54.9479 Z0.0400 F5142.9 ; Width: 0.350mm
G1 X98.3630 Y54.9674 Z0.0400 F5142.9 ; Width: 0.350mm
G1 X98.3030 Y54.9680 Z0.0400 F5142.9 ; Width: 0.350mm
G1 X98.2830 Y54.9872 Z0.0400 F5142.9 ; Width: 0.350mm
G1 X98.2430 Y54.9880 Z0.0400 F5142.9 ; Width: 0.350mm
G1 X98.2230 Y55.0074 Z0.0400 F5142.9 ; Width: 0.350mm
G1 X98.1630 Y55.0080 Z0.0400 F5142.9 ; Width: 0.350mm
G1 X98.1430 Y55.0272 Z0.0400 F5142.9 ; Width: 0.350mm
G1 X98.0630 Y55.0280 Z0.0400 F5142.9 ; Width: 0.350mm
G1 X98.0430 Y55.0472 Z0.0400 F5142.9 ; Width: 0.350mm
G1 X97.9630 Y55.0480 Z0.0400 F5142.9 ; Width: 0.350mm
G1 X97.9430 Y55.0672 Z0.0400 F5142.9 ; Width: 0.350mm
G1 X97.7430 Y55.0680 Z0.0400 F5142.9 ; Width: 0.350mm
G1 X97.7230 Y55.0872 Z0.0400 F5142.9 ; Width: 0.350mm
G1 X97.5830 Y55.0880 Z0.0400 F5142.9 ; Width: 0.350mm
G1 X97.5630 Y55.1072 Z0.0400 F5142.9 ; Width: 0.350mm
G0 Z1.0400 F6000.0 ; Z-hop up
G0 X97.5630 Y55.1072 F6000.0 ; Travel to new path
G0 Z0.0400 F6000.0 ; Z-hop down
G1 X97.3830 Y55.1072 Z0.0400 F5142.9 ; Width: 0.350mm
G1 X97.3630 Y55.0880 Z0.0400 F5142.9 ; Width: 0.350mm
G1 X97.2230 Y55.0872 Z0.0400 F5142.9 ; Width: 0.350mm
G1 X97.2030 Y55.0680 Z0.0400 F5142.9 ; Width: 0.350mm
G1 X97.0230 Y55.0672 Z0.0400 F5142.9 ; Width: 0.350mm
G1 X97.0030 Y55.0480 Z0.0400 F5142.9 ; Width: 0.350mm
G1 X96.9230 Y55.0472 Z0.0400 F5142.9 ; Width: 0.350mm
G1 X96.9030 Y55.0280 Z0.0400 F5142.9 ; Width: 0.350mm
G1 X96.8430 Y55.0272 Z0.0400 F5142.9 ; Width: 0.350mm
G1 X96.8230 Y55.0080 Z0.0400 F5142.9 ; Width: 0.350mm
G1 X96.7630 Y55.0074 Z0.0400 F5142.9 ; Width: 0.350mm
G1 X96.7430 Y54.9880 Z0.0400 F5142.9 ; Width: 0.350mm
G1 X96.7030 Y54.9872 Z0.0400 F5142.9 ; Width: 0.350mm
G1 X96.6830 Y54.9680 Z0.0400 F5142.9 ; Width: 0.350mm
G1 X96.6230 Y54.9674 Z0.0400 F5142.9 ; Width: 0.350mm
G1 X96.6030 Y54.9480 Z0.0400 F5142.9 ; Width: 0.350mm
G1 X96.5630 Y54.9472 Z0.0400 F5142.9 ; Width: 0.350mm
G1 X96.5430 Y54.9280 Z0.0400 F5142.9 ; Width: 0.350mm
G1 X96.5030 Y54.9272 Z0.0400 F5142.9 ; Width: 0.350mm
G1 X96.4830 Y54.9079 Z0.0400 F5142.9 ; Width: 0.350mm
G1 X96.4630 Y54.9074 Z0.0400 F5142.9 ; Width: 0.350mm
G1 X96.4430 Y54.8880 Z0.0400 F5142.9 ; Width: 0.350mm
G1 X96.4030 Y54.8872 Z0.0400 F5142.9 ; Width: 0.350mm
G1 X96.3830 Y54.8679 Z0.0400 F5142.9 ; Width: 0.350mm
G1 X96.3630 Y54.8674 Z0.0400 F5142.9 ; Width: 0.350mm
G1 X96.3430 Y54.8479 Z0.0400 F5142.9 ; Width: 0.350mm
G1 X96.3230 Y54.8474 Z0.0400 F5142.9 ; Width: 0.350mm
G1 X96.3030 Y54.8279 Z0.0400 F5142.9 ; Width: 0.350mm
G1 X96.2830 Y54.8274 Z0.0400 F5142.9 ; Width: 0.350mm
G1 X96.2630 Y54.8079 Z0.0400 F5142.9 ; Width: 0.350mm
G1 X96.2430 Y54.8074 Z0.0400 F5142.9 ; Width: 0.350mm
G1 X96.2230 Y54.7879 Z0.0400 F5142.9 ; Width: 0.350mm
G1 X96.2030 Y54.7874 Z0.0400 F5142.9 ; Width: 0.350mm
G1 X96.1830 Y54.7679 Z0.0400 F5142.9 ; Width: 0.350mm
G1 X96.1630 Y54.7672 Z0.0400 F5142.9 ; Width: 0.350mm
G1 X96.1030 Y54.7079 Z0.0400 F5142.9 ; Width: 0.350mm
G1 X96.0830 Y54.7073 Z0.0400 F5142.9 ; Width: 0.350mm
G1 X96.0430 Y54.6679 Z0.0400 F5142.9 ; Width: 0.350mm
G1 X96.0230 Y54.6674 Z0.0400 F5142.9 ; Width: 0.350mm
G1 X96.0030 Y54.6479 Z0.0400 F5142.9 ; Width: 0.350mm
G1 X95.9830 Y54.6472 Z0.0400 F5142.9 ; Width: 0.350mm
G1 X95.9030 Y54.5679 Z0.0400 F5142.9 ; Width: 0.350mm
G1 X95.8830 Y54.5672 Z0.0400 F5142.9 ; Width: 0.350mm
G1 X95.7630 Y54.4480 Z0.0400 F5142.9 ; Width: 0.350mm
G1 X95.6228 Y54.3070 Z0.0400 F5142.9 ; Width: 0.350mm
G1 X95.6221 Y54.2870 Z0.0400 F5142.9 ; Width: 0.350mm
G1 X95.5428 Y54.2070 Z0.0400 F5142.9 ; Width: 0.350mm
G1 X95.5421 Y54.1870 Z0.0400 F5142.9 ; Width: 0.350mm
G1 X95.5027 Y54.1470 Z0.0400 F5142.9 ; Width: 0.350mm
G1 X95.5021 Y54.1270 Z0.0400 F5142.9 ; Width: 0.350mm
G1 X95.4627 Y54.0870 Z0.0400 F5142.9 ; Width: 0.350mm
G1 X95.4621 Y54.0670 Z0.0400 F5142.9 ; Width: 0.350mm
G1 X95.4028 Y54.0070 Z0.0400 F5142.9 ; Width: 0.350mm
G1 X95.4021 Y53.9870 Z0.0400 F5142.9 ; Width: 0.350mm
G1 X95.3826 Y53.9670 Z0.0400 F5142.9 ; Width: 0.350mm
G1 X95.3821 Y53.9470 Z0.0400 F5142.9 ; Width: 0.350mm
G1 X95.3626 Y53.9270 Z0.0400 F5142.9 ; Width: 0.350mm
G1 X95.3621 Y53.9070 Z0.0400 F5142.9 ; Width: 0.350mm
G1 X95.3424 Y53.8870 Z0.0400 F5142.9 ; Width: 0.350mm
G1 X95.3420 Y53.8670 Z0.0400 F5142.9 ; Width: 0.350mm
G1 X95.3226 Y53.8470 Z0.0400 F5142.9 ; Width: 0.350mm
G1 X95.3221 Y53.8270 Z0.0400 F5142.9 ; Width: 0.350mm
G1 X95.2827 Y53.7870 Z0.0400 F5142.9 ; Width: 0.350mm
G1 X95.2821 Y53.7670 Z0.0400 F5142.9 ; Width: 0.350mm
G1 X95.2626 Y53.7470 Z0.0400 F5142.9 ; Width: 0.350mm
G1 X95.2621 Y53.7270 Z0.0400 F5142.9 ; Width: 0.350mm
G1 X95.2428 Y53.7070 Z0.0400 F5142.9 ; Width: 0.350mm
G1 X95.2420 Y53.6670 Z0.0400 F5142.9 ; Width: 0.350mm
G1 X95.2226 Y53.6470 Z0.0400 F5142.9 ; Width: 0.350mm
G1 X95.2221 Y53.6270 Z0.0400 F5142.9 ; Width: 0.350mm
G1 X95.2026 Y53.6070 Z0.0400 F5142.9 ; Width: 0.350mm
G1 X95.2021 Y53.5870 Z0.0400 F5142.9 ; Width: 0.350mm
G1 X95.1826 Y53.5670 Z0.0400 F5142.9 ; Width: 0.350mm
G1 X95.1821 Y53.5470 Z0.0400 F5142.9 ; Width: 0.350mm
G1 X95.1628 Y53.5270 Z0.0400 F5142.9 ; Width: 0.350mm
G1 X95.1620 Y53.4870 Z0.0400 F5142.9 ; Width: 0.350mm
G1 X95.1428 Y53.4670 Z0.0400 F5142.9 ; Width: 0.350mm
G1 X95.1420 Y53.4270 Z0.0400 F5142.9 ; Width: 0.350mm
G1 X95.1228 Y53.4070 Z0.0400 F5142.9 ; Width: 0.350mm
G1 X95.1220 Y53.3670 Z0.0400 F5142.9 ; Width: 0.350mm
G1 X95.1028 Y53.3470 Z0.0400 F5142.9 ; Width: 0.350mm
G1 X95.1020 Y53.3070 Z0.0400 F5142.9 ; Width: 0.350mm
G1 X95.0826 Y53.2870 Z0.0400 F5142.9 ; Width: 0.350mm
G1 X95.0820 Y53.2470 Z0.0400 F5142.9 ; Width: 0.350mm
G1 X95.0628 Y53.2270 Z0.0400 F5142.9 ; Width: 0.350mm
G1 X95.0620 Y53.1870 Z0.0400 F5142.9 ; Width: 0.350mm
G1 X95.0428 Y53.1670 Z0.0400 F5142.9 ; Width: 0.350mm
G1 X95.0420 Y53.0870 Z0.0400 F5142.9 ; Width: 0.350mm
G1 X95.0228 Y53.0670 Z0.0400 F5142.9 ; Width: 0.350mm
G1 X95.0220 Y53.0270 Z0.0400 F5142.9 ; Width: 0.350mm
G1 X95.0028 Y53.0070 Z0.0400 F5142.9 ; Width: 0.350mm
G1 X95.0020 Y52.9270 Z0.0400 F5142.9 ; Width: 0.350mm
G1 X94.9828 Y52.9070 Z0.0400 F5142.9 ; Width: 0.350mm
G1 X94.9820 Y52.8670 Z0.0400 F5142.9 ; Width: 0.350mm
G1 X94.9628 Y52.8470 Z0.0400 F5142.9 ; Width: 0.350mm
G1 X94.9620 Y52.7470 Z0.0400 F5142.9 ; Width: 0.350mm
G1 X94.9428 Y52.7270 Z0.0400 F5142.9 ; Width: 0.350mm
G1 X94.9420 Y52.6470 Z0.0400 F5142.9 ; Width: 0.350mm
G1 X94.9228 Y52.6270 Z0.0400 F5142.9 ; Width: 0.350mm
G1 X94.9220 Y52.4870 Z0.0400 F5142.9 ; Width: 0.350mm
G1 X94.9028 Y52.4670 Z0.0400 F5142.9 ; Width: 0.350mm
G1 X94.9020 Y52.4070 Z0.0400 F5142.9 ; Width: 0.350mm
G1 X94.8828 Y52.3870 Z0.0400 F5142.9 ; Width: 0.350mm
G1 X94.8820 Y52.1870 Z0.0400 F5142.9 ; Width: 0.350mm
G1 X94.8628 Y52.1670 Z0.0400 F5142.9 ; Width: 0.350mm
G1 X94.8620 Y52.0870 Z0.0400 F5142.9 ; Width: 0.350mm
G1 X94.8428 Y52.0670 Z0.0400 F5142.9 ; Width: 0.350mm
G1 X94.8420 Y51.7270 Z0.0400 F5142.9 ; Width: 0.350mm
G1 X94.8228 Y51.7070 Z0.0400 F5142.9 ; Width: 0.350mm
G1 X94.8220 Y51.4470 Z0.0400 F5142.9 ; Width: 0.350mm
G1 X94.8028 Y51.4270 Z0.0400 F5142.9 ; Width: 0.350mm
G1 X94.8028 Y47.6170 Z0.0400 F944.9 ; Width: 1.905mm
M118 P0 S"108" ; Sync timer
G1 X94.8028 Y43.8070 Z0.0400 F944.9 ; Width: 1.905mm
G1 X94.8220 Y43.7870 Z0.0400 F5142.9 ; Width: 0.350mm
G1 X94.8228 Y43.5470 Z0.0400 F5142.9 ; Width: 0.350mm
G1 X94.8420 Y43.5270 Z0.0400 F5142.9 ; Width: 0.350mm
G1 X94.8428 Y43.2270 Z0.0400 F5142.9 ; Width: 0.350mm
G1 X94.8620 Y43.2070 Z0.0400 F5142.9 ; Width: 0.350mm
G1 X94.8628 Y43.1470 Z0.0400 F5142.9 ; Width: 0.350mm
G1 X94.8820 Y43.1270 Z0.0400 F5142.9 ; Width: 0.350mm
G1 X94.8828 Y42.9670 Z0.0400 F5142.9 ; Width: 0.350mm
G1 X94.9020 Y42.9470 Z0.0400 F5142.9 ; Width: 0.350mm
G1 X94.9028 Y42.8670 Z0.0400 F5142.9 ; Width: 0.350mm
G1 X94.9220 Y42.8470 Z0.0400 F5142.9 ; Width: 0.350mm
G1 X94.9228 Y42.7270 Z0.0400 F5142.9 ; Width: 0.350mm
G1 X94.9420 Y42.7070 Z0.0400 F5142.9 ; Width: 0.350mm
G1 X94.9428 Y42.6470 Z0.0400 F5142.9 ; Width: 0.350mm
G1 X94.9620 Y42.6270 Z0.0400 F5142.9 ; Width: 0.350mm
G1 X94.9628 Y42.5270 Z0.0400 F5142.9 ; Width: 0.350mm
G1 X94.9820 Y42.5070 Z0.0400 F5142.9 ; Width: 0.350mm
G1 X94.9828 Y42.4670 Z0.0400 F5142.9 ; Width: 0.350mm
G1 X95.0020 Y42.4470 Z0.0400 F5142.9 ; Width: 0.350mm
G1 X95.0028 Y42.3670 Z0.0400 F5142.9 ; Width: 0.350mm
G1 X95.0220 Y42.3470 Z0.0400 F5142.9 ; Width: 0.350mm
G1 X95.0228 Y42.3070 Z0.0400 F5142.9 ; Width: 0.350mm
G1 X95.0420 Y42.2870 Z0.0400 F5142.9 ; Width: 0.350mm
G1 X95.0426 Y42.2270 Z0.0400 F5142.9 ; Width: 0.350mm
G1 X95.0620 Y42.2070 Z0.0400 F5142.9 ; Width: 0.350mm
G1 X95.0628 Y42.1670 Z0.0400 F5142.9 ; Width: 0.350mm
G1 X95.0820 Y42.1470 Z0.0400 F5142.9 ; Width: 0.350mm
G1 X95.0826 Y42.1070 Z0.0400 F5142.9 ; Width: 0.350mm
G1 X95.1020 Y42.0870 Z0.0400 F5142.9 ; Width: 0.350mm
G1 X95.1028 Y42.0470 Z0.0400 F5142.9 ; Width: 0.350mm
G1 X95.1220 Y42.0270 Z0.0400 F5142.9 ; Width: 0.350mm
G1 X95.1226 Y41.9870 Z0.0400 F5142.9 ; Width: 0.350mm
G1 X95.1420 Y41.9670 Z0.0400 F5142.9 ; Width: 0.350mm
G1 X95.1428 Y41.9270 Z0.0400 F5142.9 ; Width: 0.350mm
G1 X95.1620 Y41.9070 Z0.0400 F5142.9 ; Width: 0.350mm
G1 X95.1628 Y41.8670 Z0.0400 F5142.9 ; Width: 0.350mm
G1 X95.1821 Y41.8470 Z0.0400 F5142.9 ; Width: 0.350mm
G1 X95.1826 Y41.8270 Z0.0400 F5142.9 ; Width: 0.350mm
G1 X95.2021 Y41.8070 Z0.0400 F5142.9 ; Width: 0.350mm
G1 X95.2026 Y41.7870 Z0.0400 F5142.9 ; Width: 0.350mm
G1 X95.2220 Y41.7670 Z0.0400 F5142.9 ; Width: 0.350mm
G1 X95.2228 Y41.7270 Z0.0400 F5142.9 ; Width: 0.350mm
G1 X95.2421 Y41.7070 Z0.0400 F5142.9 ; Width: 0.350mm
G1 X95.2426 Y41.6870 Z0.0400 F5142.9 ; Width: 0.350mm
G1 X95.2621 Y41.6670 Z0.0400 F5142.9 ; Width: 0.350mm
G1 X95.2626 Y41.6470 Z0.0400 F5142.9 ; Width: 0.350mm
G1 X95.2821 Y41.6270 Z0.0400 F5142.9 ; Width: 0.350mm
G1 X95.2826 Y41.6070 Z0.0400 F5142.9 ; Width: 0.350mm
G1 X95.3021 Y41.5870 Z0.0400 F5142.9 ; Width: 0.350mm
G1 X95.3026 Y41.5670 Z0.0400 F5142.9 ; Width: 0.350mm
G1 X95.3221 Y41.5470 Z0.0400 F5142.9 ; Width: 0.350mm
G1 X95.3226 Y41.5270 Z0.0400 F5142.9 ; Width: 0.350mm
G1 X95.3421 Y41.5070 Z0.0400 F5142.9 ; Width: 0.350mm
G1 X95.3426 Y41.4870 Z0.0400 F5142.9 ; Width: 0.350mm
G1 X95.3621 Y41.4670 Z0.0400 F5142.9 ; Width: 0.350mm
G1 X95.3626 Y41.4470 Z0.0400 F5142.9 ; Width: 0.350mm
G1 X95.3821 Y41.4270 Z0.0400 F5142.9 ; Width: 0.350mm
G1 X95.3827 Y41.4070 Z0.0400 F5142.9 ; Width: 0.350mm
G1 X95.4221 Y41.3670 Z0.0400 F5142.9 ; Width: 0.350mm
G1 X95.4227 Y41.3470 Z0.0400 F5142.9 ; Width: 0.350mm
G1 X95.4621 Y41.3070 Z0.0400 F5142.9 ; Width: 0.350mm
G1 X95.4626 Y41.2870 Z0.0400 F5142.9 ; Width: 0.350mm
G1 X95.4821 Y41.2670 Z0.0400 F5142.9 ; Width: 0.350mm
G1 X95.4827 Y41.2470 Z0.0400 F5142.9 ; Width: 0.350mm
G1 X95.5221 Y41.2070 Z0.0400 F5142.9 ; Width: 0.350mm
G1 X95.5227 Y41.1870 Z0.0400 F5142.9 ; Width: 0.350mm
G1 X95.5621 Y41.1470 Z0.0400 F5142.9 ; Width: 0.350mm
G1 X95.5628 Y41.1270 Z0.0400 F5142.9 ; Width: 0.350mm
G1 X95.6421 Y41.0470 Z0.0400 F5142.9 ; Width: 0.350mm
G1 X95.6428 Y41.0270 Z0.0400 F5142.9 ; Width: 0.350mm
G1 X95.8630 Y40.8068 Z0.0400 F5142.9 ; Width: 0.350mm
G1 X95.8830 Y40.8061 Z0.0400 F5142.9 ; Width: 0.350mm
G1 X95.9830 Y40.7068 Z0.0400 F5142.9 ; Width: 0.350mm
G1 X96.0030 Y40.7061 Z0.0400 F5142.9 ; Width: 0.350mm
G1 X96.0430 Y40.6667 Z0.0400 F5142.9 ; Width: 0.350mm
G1 X96.0630 Y40.6661 Z0.0400 F5142.9 ; Width: 0.350mm
G1 X96.1030 Y40.6267 Z0.0400 F5142.9 ; Width: 0.350mm
G1 X96.1230 Y40.6261 Z0.0400 F5142.9 ; Width: 0.350mm
G1 X96.1630 Y40.5867 Z0.0400 F5142.9 ; Width: 0.350mm
G1 X96.1830 Y40.5861 Z0.0400 F5142.9 ; Width: 0.350mm
G1 X96.2030 Y40.5666 Z0.0400 F5142.9 ; Width: 0.350mm
G1 X96.2230 Y40.5661 Z0.0400 F5142.9 ; Width: 0.350mm
G1 X96.2430 Y40.5464 Z0.0400 F5142.9 ; Width: 0.350mm
G1 X96.2630 Y40.5460 Z0.0400 F5142.9 ; Width: 0.350mm
G1 X96.2830 Y40.5266 Z0.0400 F5142.9 ; Width: 0.350mm
G1 X96.3030 Y40.5261 Z0.0400 F5142.9 ; Width: 0.350mm
G1 X96.3230 Y40.5064 Z0.0400 F5142.9 ; Width: 0.350mm
G1 X96.3430 Y40.5058 Z0.0400 F5142.9 ; Width: 0.350mm
G1 X96.3630 Y40.4864 Z0.0400 F5142.9 ; Width: 0.350mm
G1 X96.3830 Y40.4860 Z0.0400 F5142.9 ; Width: 0.350mm
G1 X96.4030 Y40.4666 Z0.0400 F5142.9 ; Width: 0.350mm
G1 X96.4230 Y40.4661 Z0.0400 F5142.9 ; Width: 0.350mm
G1 X96.4430 Y40.4468 Z0.0400 F5142.9 ; Width: 0.350mm
G1 X96.4830 Y40.4460 Z0.0400 F5142.9 ; Width: 0.350mm
G1 X96.5030 Y40.4266 Z0.0400 F5142.9 ; Width: 0.350mm
G1 X96.5230 Y40.4261 Z0.0400 F5142.9 ; Width: 0.350mm
G1 X96.5430 Y40.4066 Z0.0400 F5142.9 ; Width: 0.350mm
G1 X96.5630 Y40.4061 Z0.0400 F5142.9 ; Width: 0.350mm
G1 X96.5830 Y40.3868 Z0.0400 F5142.9 ; Width: 0.350mm
G1 X96.6230 Y40.3860 Z0.0400 F5142.9 ; Width: 0.350mm
G1 X96.6430 Y40.3666 Z0.0400 F5142.9 ; Width: 0.350mm
G1 X96.7230 Y40.3660 Z0.0400 F5142.9 ; Width: 0.350mm
G1 X96.7430 Y40.3468 Z0.0400 F5142.9 ; Width: 0.350mm
G1 X96.7830 Y40.3460 Z0.0400 F5142.9 ; Width: 0.350mm
G1 X96.8030 Y40.3266 Z0.0400 F5142.9 ; Width: 0.350mm
G1 X96.8830 Y40.3257 Z0.0400 F5142.9 ; Width: 0.350mm
G1 X96.9030 Y40.3064 Z0.0400 F5142.9 ; Width: 0.350mm
G1 X96.9830 Y40.3060 Z0.0400 F5142.9 ; Width: 0.350mm
G1 X97.0030 Y40.2868 Z0.0400 F5142.9 ; Width: 0.350mm
G1 X97.0830 Y40.2854 Z0.0400 F5142.9 ; Width: 0.350mm
G1 X97.1030 Y40.2664 Z0.0400 F5142.9 ; Width: 0.350mm
G1 X97.2830 Y40.2660 Z0.0400 F5142.9 ; Width: 0.350mm
G1 X97.3030 Y40.2468 Z0.0400 F5142.9 ; Width: 0.350mm
G1 X97.7230 Y40.2468 Z0.0400 F5142.9 ; Width: 0.350mm
G1 X97.7430 Y40.2660 Z0.0400 F5142.9 ; Width: 0.350mm
G1 X97.9230 Y40.2664 Z0.0400 F5142.9 ; Width: 0.350mm
G1 X97.9430 Y40.2854 Z0.0400 F5142.9 ; Width: 0.350mm
G1 X98.0230 Y40.2868 Z0.0400 F5142.9 ; Width: 0.350mm
G1 X98.0430 Y40.3060 Z0.0400 F5142.9 ; Width: 0.350mm
G1 X98.1230 Y40.3064 Z0.0400 F5142.9 ; Width: 0.350mm
G1 X98.1430 Y40.3257 Z0.0400 F5142.9 ; Width: 0.350mm
G1 X98.2030 Y40.3266 Z0.0400 F5142.9 ; Width: 0.350mm
G1 X98.2230 Y40.3460 Z0.0400 F5142.9 ; Width: 0.350mm
G1 X98.2630 Y40.3468 Z0.0400 F5142.9 ; Width: 0.350mm
G1 X98.2830 Y40.3660 Z0.0400 F5142.9 ; Width: 0.350mm
G1 X98.3630 Y40.3666 Z0.0400 F5142.9 ; Width: 0.350mm
G1 X98.3830 Y40.3860 Z0.0400 F5142.9 ; Width: 0.350mm
G1 X98.4230 Y40.3868 Z0.0400 F5142.9 ; Width: 0.350mm
G1 X98.4430 Y40.4061 Z0.0400 F5142.9 ; Width: 0.350mm
G1 X98.4630 Y40.4066 Z0.0400 F5142.9 ; Width: 0.350mm
G1 X98.4830 Y40.4261 Z0.0400 F5142.9 ; Width: 0.350mm
G1 X98.5030 Y40.4266 Z0.0400 F5142.9 ; Width: 0.350mm
G1 X98.5230 Y40.4460 Z0.0400 F5142.9 ; Width: 0.350mm
G1 X98.5630 Y40.4468 Z0.0400 F5142.9 ; Width: 0.350mm
G1 X98.5830 Y40.4661 Z0.0400 F5142.9 ; Width: 0.350mm
G1 X98.6030 Y40.4666 Z0.0400 F5142.9 ; Width: 0.350mm
G1 X98.6230 Y40.4860 Z0.0400 F5142.9 ; Width: 0.350mm
G1 X98.6430 Y40.4864 Z0.0400 F5142.9 ; Width: 0.350mm
G1 X98.6630 Y40.5061 Z0.0400 F5142.9 ; Width: 0.350mm
G1 X98.6830 Y40.5066 Z0.0400 F5142.9 ; Width: 0.350mm
G1 X98.7030 Y40.5261 Z0.0400 F5142.9 ; Width: 0.350mm
G1 X98.7230 Y40.5266 Z0.0400 F5142.9 ; Width: 0.350mm
G1 X98.7430 Y40.5461 Z0.0400 F5142.9 ; Width: 0.350mm
G1 X98.7630 Y40.5467 Z0.0400 F5142.9 ; Width: 0.350mm
G1 X98.8030 Y40.5861 Z0.0400 F5142.9 ; Width: 0.350mm
G1 X98.8230 Y40.5866 Z0.0400 F5142.9 ; Width: 0.350mm
G1 X98.8430 Y40.6061 Z0.0400 F5142.9 ; Width: 0.350mm
G1 X98.8630 Y40.6066 Z0.0400 F5142.9 ; Width: 0.350mm
G1 X98.8830 Y40.6261 Z0.0400 F5142.9 ; Width: 0.350mm
G1 X98.9030 Y40.6268 Z0.0400 F5142.9 ; Width: 0.350mm
G1 X98.9830 Y40.7061 Z0.0400 F5142.9 ; Width: 0.350mm
G1 X99.0030 Y40.7068 Z0.0400 F5142.9 ; Width: 0.350mm
G1 X99.1030 Y40.8061 Z0.0400 F5142.9 ; Width: 0.350mm
G1 X99.1230 Y40.8068 Z0.0400 F5142.9 ; Width: 0.350mm
G1 X99.3232 Y41.0070 Z0.0400 F5142.9 ; Width: 0.350mm
G1 X99.3239 Y41.0270 Z0.0400 F5142.9 ; Width: 0.350mm
G1 X99.3633 Y41.0670 Z0.0400 F5142.9 ; Width: 0.350mm
G1 X99.3639 Y41.0870 Z0.0400 F5142.9 ; Width: 0.350mm
G1 X99.4432 Y41.1670 Z0.0400 F5142.9 ; Width: 0.350mm
G1 X99.4439 Y41.1870 Z0.0400 F5142.9 ; Width: 0.350mm
G1 X99.4833 Y41.2270 Z0.0400 F5142.9 ; Width: 0.350mm
G1 X99.4839 Y41.2470 Z0.0400 F5142.9 ; Width: 0.350mm
G1 X99.5034 Y41.2670 Z0.0400 F5142.9 ; Width: 0.350mm
G1 X99.5039 Y41.2870 Z0.0400 F5142.9 ; Width: 0.350mm
G1 X99.5433 Y41.3270 Z0.0400 F5142.9 ; Width: 0.350mm
G1 X99.5439 Y41.3470 Z0.0400 F5142.9 ; Width: 0.350mm
G1 X99.5634 Y41.3670 Z0.0400 F5142.9 ; Width: 0.350mm
G1 X99.5639 Y41.3870 Z0.0400 F5142.9 ; Width: 0.350mm
G1 X99.6033 Y41.4270 Z0.0400 F5142.9 ; Width: 0.350mm
G1 X99.6039 Y41.4470 Z0.0400 F5142.9 ; Width: 0.350mm
G1 X99.6234 Y41.4670 Z0.0400 F5142.9 ; Width: 0.350mm
G1 X99.6239 Y41.4870 Z0.0400 F5142.9 ; Width: 0.350mm
G1 X99.6436 Y41.5070 Z0.0400 F5142.9 ; Width: 0.350mm
G1 X99.6440 Y41.5270 Z0.0400 F5142.9 ; Width: 0.350mm
G1 X99.6634 Y41.5470 Z0.0400 F5142.9 ; Width: 0.350mm
G1 X99.6639 Y41.5670 Z0.0400 F5142.9 ; Width: 0.350mm
G1 X99.6834 Y41.5870 Z0.0400 F5142.9 ; Width: 0.350mm
G1 X99.6839 Y41.6070 Z0.0400 F5142.9 ; Width: 0.350mm
G1 X99.7034 Y41.6270 Z0.0400 F5142.9 ; Width: 0.350mm
G1 X99.7039 Y41.6470 Z0.0400 F5142.9 ; Width: 0.350mm
G1 X99.7234 Y41.6670 Z0.0400 F5142.9 ; Width: 0.350mm
G1 X99.7239 Y41.6870 Z0.0400 F5142.9 ; Width: 0.350mm
G1 X99.7434 Y41.7070 Z0.0400 F5142.9 ; Width: 0.350mm
G1 X99.7439 Y41.7270 Z0.0400 F5142.9 ; Width: 0.350mm
G1 X99.7632 Y41.7470 Z0.0400 F5142.9 ; Width: 0.350mm
G1 X99.7640 Y41.7870 Z0.0400 F5142.9 ; Width: 0.350mm
G1 X99.7832 Y41.8070 Z0.0400 F5142.9 ; Width: 0.350mm
G1 X99.7840 Y41.8470 Z0.0400 F5142.9 ; Width: 0.350mm
G1 X99.8034 Y41.8670 Z0.0400 F5142.9 ; Width: 0.350mm
G1 X99.8039 Y41.8870 Z0.0400 F5142.9 ; Width: 0.350mm
G1 X99.8234 Y41.9070 Z0.0400 F5142.9 ; Width: 0.350mm
G1 X99.8240 Y41.9470 Z0.0400 F5142.9 ; Width: 0.350mm
G1 X99.8432 Y41.9670 Z0.0400 F5142.9 ; Width: 0.350mm
G1 X99.8440 Y42.0070 Z0.0400 F5142.9 ; Width: 0.350mm
G1 X99.8634 Y42.0270 Z0.0400 F5142.9 ; Width: 0.350mm
G1 X99.8640 Y42.0670 Z0.0400 F5142.9 ; Width: 0.350mm
G1 X99.8832 Y42.0870 Z0.0400 F5142.9 ; Width: 0.350mm
G1 X99.8840 Y42.1470 Z0.0400 F5142.9 ; Width: 0.350mm
G1 X99.9032 Y42.1670 Z0.0400 F5142.9 ; Width: 0.350mm
G1 X99.9040 Y42.2070 Z0.0400 F5142.9 ; Width: 0.350mm
G1 X99.9232 Y42.2270 Z0.0400 F5142.9 ; Width: 0.350mm
G1 X99.9240 Y42.2670 Z0.0400 F5142.9 ; Width: 0.350mm
G1 X99.9434 Y42.2870 Z0.0400 F5142.9 ; Width: 0.350mm
G1 X99.9440 Y42.3670 Z0.0400 F5142.9 ; Width: 0.350mm
G1 X99.9632 Y42.3870 Z0.0400 F5142.9 ; Width: 0.350mm
G1 X99.9640 Y42.4270 Z0.0400 F5142.9 ; Width: 0.350mm
G1 X99.9832 Y42.4470 Z0.0400 F5142.9 ; Width: 0.350mm
G1 X99.9840 Y42.5470 Z0.0400 F5142.9 ; Width: 0.350mm
G1 X100.0032 Y42.5670 Z0.0400 F5142.9 ; Width: 0.350mm
G1 X100.0040 Y42.6470 Z0.0400 F5142.9 ; Width: 0.350mm
G1 X100.0232 Y42.6670 Z0.0400 F5142.9 ; Width: 0.350mm
G1 X100.0240 Y42.7470 Z0.0400 F5142.9 ; Width: 0.350mm
G1 X100.0432 Y42.7670 Z0.0400 F5142.9 ; Width: 0.350mm
G1 X100.0440 Y42.8270 Z0.0400 F5142.9 ; Width: 0.350mm
G1 X100.0632 Y42.8470 Z0.0400 F5142.9 ; Width: 0.350mm
G1 X100.0640 Y43.0070 Z0.0400 F5142.9 ; Width: 0.350mm
G1 X100.0832 Y43.0270 Z0.0400 F5142.9 ; Width: 0.350mm
G1 X100.0840 Y43.1470 Z0.0400 F5142.9 ; Width: 0.350mm
G1 X100.1032 Y43.1670 Z0.0400 F5142.9 ; Width: 0.350mm
G1 X100.1040 Y43.3670 Z0.0400 F5142.9 ; Width: 0.350mm
G1 X100.1232 Y43.3870 Z0.0400 F5142.9 ; Width: 0.350mm
G1 X100.1240 Y43.6270 Z0.0400 F5142.9 ; Width: 0.350mm
G1 X100.1432 Y43.6470 Z0.0400 F5142.9 ; Width: 0.350mm
G1 X100.1446 Y45.0870 Z0.0400 F2543.6 ; Width: 0.708mm
G1 X100.1255 Y45.1070 Z0.0400 F5142.9 ; Width: 0.350mm
G1 X100.1255 Y45.1470 Z0.0400 F5142.9 ; Width: 0.350mm
G1 X100.0230 Y45.2495 Z0.0400 F5142.9 ; Width: 0.350mm
G1 X100.0030 Y45.2495 Z0.0400 F5142.9 ; Width: 0.350mm
G1 X99.9830 Y45.2686 Z0.0400 F5142.9 ; Width: 0.350mm
G1 X99.9030 Y45.2686 Z0.0400 F5142.9 ; Width: 0.350mm
G1 X99.8830 Y45.2876 Z0.0400 F5142.9 ; Width: 0.350mm
G1 X99.1830 Y45.2876 Z0.0400 F5142.9 ; Width: 0.350mm
G1 X99.1630 Y45.2686 Z0.0400 F5142.9 ; Width: 0.350mm
G1 X99.0830 Y45.2686 Z0.0400 F5142.9 ; Width: 0.350mm
G1 X99.0630 Y45.2495 Z0.0400 F5142.9 ; Width: 0.350mm
G1 X99.0430 Y45.2495 Z0.0400 F5142.9 ; Width: 0.350mm
G1 X98.9414 Y45.1470 Z0.0400 F5142.9 ; Width: 0.350mm
G1 X98.9414 Y45.1070 Z0.0400 F5142.9 ; Width: 0.350mm
G1 X98.9224 Y45.0870 Z0.0400 F5142.9 ; Width: 0.350mm
G1 X98.9220 Y43.6470 Z0.0400 F2753.6 ; Width: 0.654mm
G1 X98.9028 Y43.6270 Z0.0400 F5142.9 ; Width: 0.350mm
G1 X98.9020 Y43.4870 Z0.0400 F5142.9 ; Width: 0.350mm
G1 X98.8828 Y43.4670 Z0.0400 F5142.9 ; Width: 0.350mm
G1 X98.8820 Y43.2270 Z0.0400 F5142.9 ; Width: 0.350mm
G1 X98.8628 Y43.2070 Z0.0400 F5142.9 ; Width: 0.350mm
G1 X98.8620 Y43.1470 Z0.0400 F5142.9 ; Width: 0.350mm
G1 X98.8428 Y43.1270 Z0.0400 F5142.9 ; Width: 0.350mm
G1 X98.8420 Y42.9670 Z0.0400 F5142.9 ; Width: 0.350mm
G1 X98.8228 Y42.9470 Z0.0400 F5142.9 ; Width: 0.350mm
G1 X98.8220 Y42.9070 Z0.0400 F5142.9 ; Width: 0.350mm
G1 X98.8028 Y42.8870 Z0.0400 F5142.9 ; Width: 0.350mm
G1 X98.8020 Y42.8070 Z0.0400 F5142.9 ; Width: 0.350mm
G1 X98.7828 Y42.7870 Z0.0400 F5142.9 ; Width: 0.350mm
G1 X98.7820 Y42.7470 Z0.0400 F5142.9 ; Width: 0.350mm
G1 X98.7628 Y42.7270 Z0.0400 F5142.9 ; Width: 0.350mm
G1 X98.7620 Y42.6670 Z0.0400 F5142.9 ; Width: 0.350mm
G1 X98.7428 Y42.6470 Z0.0400 F5142.9 ; Width: 0.350mm
G1 X98.7420 Y42.6070 Z0.0400 F5142.9 ; Width: 0.350mm
G1 X98.7226 Y42.5870 Z0.0400 F5142.9 ; Width: 0.350mm
G1 X98.7221 Y42.5670 Z0.0400 F5142.9 ; Width: 0.350mm
G1 X98.7028 Y42.5470 Z0.0400 F5142.9 ; Width: 0.350mm
G1 X98.7020 Y42.5070 Z0.0400 F5142.9 ; Width: 0.350mm
G1 X98.6828 Y42.4870 Z0.0400 F5142.9 ; Width: 0.350mm
G1 X98.6820 Y42.4470 Z0.0400 F5142.9 ; Width: 0.350mm
G1 X98.6626 Y42.4270 Z0.0400 F5142.9 ; Width: 0.350mm
G1 X98.6621 Y42.4070 Z0.0400 F5142.9 ; Width: 0.350mm
G1 X98.6227 Y42.3670 Z0.0400 F5142.9 ; Width: 0.350mm
G1 X98.6221 Y42.3470 Z0.0400 F5142.9 ; Width: 0.350mm
G1 X98.6026 Y42.3270 Z0.0400 F5142.9 ; Width: 0.350mm
G1 X98.6021 Y42.3070 Z0.0400 F5142.9 ; Width: 0.350mm
G1 X98.5826 Y42.2870 Z0.0400 F5142.9 ; Width: 0.350mm
G1 X98.5821 Y42.2670 Z0.0400 F5142.9 ; Width: 0.350mm
G1 X98.5228 Y42.2070 Z0.0400 F5142.9 ; Width: 0.350mm
G1 X98.5221 Y42.1870 Z0.0400 F5142.9 ; Width: 0.350mm
G1 X98.2030 Y41.8679 Z0.0400 F5142.9 ; Width: 0.350mm
G1 X98.1830 Y41.8674 Z0.0400 F5142.9 ; Width: 0.350mm
G1 X98.1630 Y41.8479 Z0.0400 F5142.9 ; Width: 0.350mm
G1 X98.1430 Y41.8473 Z0.0400 F5142.9 ; Width: 0.350mm
G1 X98.1030 Y41.8079 Z0.0400 F5142.9 ; Width: 0.350mm
G1 X98.0830 Y41.8074 Z0.0400 F5142.9 ; Width: 0.350mm
G1 X98.0630 Y41.7880 Z0.0400 F5142.9 ; Width: 0.350mm
G1 X98.0430 Y41.7876 Z0.0400 F5142.9 ; Width: 0.350mm
G1 X98.0230 Y41.7679 Z0.0400 F5142.9 ; Width: 0.350mm
G1 X98.0030 Y41.7674 Z0.0400 F5142.9 ; Width: 0.350mm
G1 X97.9830 Y41.7479 Z0.0400 F5142.9 ; Width: 0.350mm
G1 X97.9630 Y41.7474 Z0.0400 F5142.9 ; Width: 0.350mm
G1 X97.9430 Y41.7280 Z0.0400 F5142.9 ; Width: 0.350mm
G1 X97.9030 Y41.7272 Z0.0400 F5142.9 ; Width: 0.350mm
G1 X97.8830 Y41.7080 Z0.0400 F5142.9 ; Width: 0.350mm
G1 X97.8030 Y41.7072 Z0.0400 F5142.9 ; Width: 0.350mm
G1 X97.7830 Y41.6880 Z0.0400 F5142.9 ; Width: 0.350mm
G1 X97.7230 Y41.6872 Z0.0400 F5142.9 ; Width: 0.350mm
G1 X97.7030 Y41.6680 Z0.0400 F5142.9 ; Width: 0.350mm
G1 X97.3030 Y41.6680 Z0.0400 F5142.9 ; Width: 0.350mm
G1 X97.2830 Y41.6872 Z0.0400 F5142.9 ; Width: 0.350mm
G1 X97.2230 Y41.6880 Z0.0400 F5142.9 ; Width: 0.350mm
G1 X97.2030 Y41.7072 Z0.0400 F5142.9 ; Width: 0.350mm
G1 X97.1430 Y41.7080 Z0.0400 F5142.9 ; Width: 0.350mm
G1 X97.1230 Y41.7272 Z0.0400 F5142.9 ; Width: 0.350mm
G1 X97.0830 Y41.7280 Z0.0400 F5142.9 ; Width: 0.350mm
G1 X97.0630 Y41.7472 Z0.0400 F5142.9 ; Width: 0.350mm
G1 X97.0230 Y41.7480 Z0.0400 F5142.9 ; Width: 0.350mm
G1 X97.0030 Y41.7674 Z0.0400 F5142.9 ; Width: 0.350mm
G1 X96.9830 Y41.7679 Z0.0400 F5142.9 ; Width: 0.350mm
G1 X96.9430 Y41.8073 Z0.0400 F5142.9 ; Width: 0.350mm
G1 X96.9230 Y41.8079 Z0.0400 F5142.9 ; Width: 0.350mm
G1 X96.9030 Y41.8274 Z0.0400 F5142.9 ; Width: 0.350mm
G1 X96.8830 Y41.8279 Z0.0400 F5142.9 ; Width: 0.350mm
G1 X96.8630 Y41.8474 Z0.0400 F5142.9 ; Width: 0.350mm
G1 X96.8430 Y41.8479 Z0.0400 F5142.9 ; Width: 0.350mm
G1 X96.8230 Y41.8674 Z0.0400 F5142.9 ; Width: 0.350mm
G1 X96.8030 Y41.8679 Z0.0400 F5142.9 ; Width: 0.350mm
G1 X96.7030 Y41.9672 Z0.0400 F5142.9 ; Width: 0.350mm
G1 X96.6830 Y41.9679 Z0.0400 F5142.9 ; Width: 0.350mm
G1 X96.4639 Y42.1870 Z0.0400 F5142.9 ; Width: 0.350mm
G1 X96.4632 Y42.2070 Z0.0400 F5142.9 ; Width: 0.350mm
G1 X96.4039 Y42.2670 Z0.0400 F5142.9 ; Width: 0.350mm
G1 X96.4033 Y42.2870 Z0.0400 F5142.9 ; Width: 0.350mm
G1 X96.3639 Y42.3270 Z0.0400 F5142.9 ; Width: 0.350mm
G1 X96.3634 Y42.3470 Z0.0400 F5142.9 ; Width: 0.350mm
G1 X96.3439 Y42.3670 Z0.0400 F5142.9 ; Width: 0.350mm
G1 X96.3434 Y42.3870 Z0.0400 F5142.9 ; Width: 0.350mm
G1 X96.3239 Y42.4070 Z0.0400 F5142.9 ; Width: 0.350mm
G1 X96.3234 Y42.4270 Z0.0400 F5142.9 ; Width: 0.350mm
G1 X96.3039 Y42.4470 Z0.0400 F5142.9 ; Width: 0.350mm
G1 X96.3034 Y42.4670 Z0.0400 F5142.9 ; Width: 0.350mm
G1 X96.2840 Y42.4870 Z0.0400 F5142.9 ; Width: 0.350mm
G1 X96.2832 Y42.5270 Z0.0400 F5142.9 ; Width: 0.350mm
G1 X96.2639 Y42.5470 Z0.0400 F5142.9 ; Width: 0.350mm
G1 X96.2634 Y42.5670 Z0.0400 F5142.9 ; Width: 0.350mm
G1 X96.2440 Y42.5870 Z0.0400 F5142.9 ; Width: 0.350mm
G1 X96.2432 Y42.6270 Z0.0400 F5142.9 ; Width: 0.350mm
G1 X96.2240 Y42.6470 Z0.0400 F5142.9 ; Width: 0.350mm
G1 X96.2232 Y42.6870 Z0.0400 F5142.9 ; Width: 0.350mm
G1 X96.2040 Y42.7070 Z0.0400 F5142.9 ; Width: 0.350mm
G1 X96.2032 Y42.7470 Z0.0400 F5142.9 ; Width: 0.350mm
G1 X96.1840 Y42.7670 Z0.0400 F5142.9 ; Width: 0.350mm
G1 X96.1832 Y42.8470 Z0.0400 F5142.9 ; Width: 0.350mm
G1 X96.1640 Y42.8670 Z0.0400 F5142.9 ; Width: 0.350mm
G1 X96.1632 Y42.9070 Z0.0400 F5142.9 ; Width: 0.350mm
G1 X96.1440 Y42.9270 Z0.0400 F5142.9 ; Width: 0.350mm
G1 X96.1432 Y43.0070 Z0.0400 F5142.9 ; Width: 0.350mm
G1 X96.1240 Y43.0270 Z0.0400 F5142.9 ; Width: 0.350mm
G1 X96.1232 Y43.1270 Z0.0400 F5142.9 ; Width: 0.350mm
G1 X96.1040 Y43.1470 Z0.0400 F5142.9 ; Width: 0.350mm
G1 X96.1032 Y43.3270 Z0.0400 F5142.9 ; Width: 0.350mm
G1 X96.0840 Y43.3470 Z0.0400 F5142.9 ; Width: 0.350mm
G1 X96.0832 Y43.5270 Z0.0400 F5142.9 ; Width: 0.350mm
G1 X96.0640 Y43.5470 Z0.0400 F5142.9 ; Width: 0.350mm
G1 X96.0638 Y43.5670 Z0.0400 F5142.9 ; Width: 0.350mm
G1 X96.0639 Y47.6770 Z0.0400 F1286.9 ; Width: 1.399mm
M118 P0 S"109" ; Sync timer
G1 X96.0640 Y51.7870 Z0.0400 F1363.5 ; Width: 1.320mm
G1 X96.0832 Y51.8070 Z0.0400 F5142.9 ; Width: 0.350mm
G1 X96.0840 Y52.0070 Z0.0400 F5142.9 ; Width: 0.350mm
G1 X96.1032 Y52.0270 Z0.0400 F5142.9 ; Width: 0.350mm
G1 X96.1040 Y52.2070 Z0.0400 F5142.9 ; Width: 0.350mm
G1 X96.1232 Y52.2270 Z0.0400 F5142.9 ; Width: 0.350mm
G1 X96.1240 Y52.3470 Z0.0400 F5142.9 ; Width: 0.350mm
G1 X96.1432 Y52.3670 Z0.0400 F5142.9 ; Width: 0.350mm
G1 X96.1440 Y52.4470 Z0.0400 F5142.9 ; Width: 0.350mm
G1 X96.1632 Y52.4670 Z0.0400 F5142.9 ; Width: 0.350mm
G1 X96.1640 Y52.5070 Z0.0400 F5142.9 ; Width: 0.350mm
G1 X96.1832 Y52.5270 Z0.0400 F5142.9 ; Width: 0.350mm
G1 X96.1840 Y52.6270 Z0.0400 F5142.9 ; Width: 0.350mm
G1 X96.2032 Y52.6470 Z0.0400 F5142.9 ; Width: 0.350mm
G1 X96.2040 Y52.6870 Z0.0400 F5142.9 ; Width: 0.350mm
G1 X96.2234 Y52.7070 Z0.0400 F5142.9 ; Width: 0.350mm
G1 X96.2239 Y52.7270 Z0.0400 F5142.9 ; Width: 0.350mm
G1 X96.2432 Y52.7470 Z0.0400 F5142.9 ; Width: 0.350mm
G1 X96.2440 Y52.7870 Z0.0400 F5142.9 ; Width: 0.350mm
G1 X96.2634 Y52.8070 Z0.0400 F5142.9 ; Width: 0.350mm
G1 X96.2639 Y52.8270 Z0.0400 F5142.9 ; Width: 0.350mm
G1 X96.2832 Y52.8470 Z0.0400 F5142.9 ; Width: 0.350mm
G1 X96.2840 Y52.8870 Z0.0400 F5142.9 ; Width: 0.350mm
G1 X96.3034 Y52.9070 Z0.0400 F5142.9 ; Width: 0.350mm
G1 X96.3039 Y52.9270 Z0.0400 F5142.9 ; Width: 0.350mm
G1 X96.3234 Y52.9470 Z0.0400 F5142.9 ; Width: 0.350mm
G1 X96.3239 Y52.9670 Z0.0400 F5142.9 ; Width: 0.350mm
G1 X96.3434 Y52.9870 Z0.0400 F5142.9 ; Width: 0.350mm
G1 X96.3439 Y53.0070 Z0.0400 F5142.9 ; Width: 0.350mm
G1 X96.3833 Y53.0470 Z0.0400 F5142.9 ; Width: 0.350mm
G1 X96.3839 Y53.0670 Z0.0400 F5142.9 ; Width: 0.350mm
G1 X96.4034 Y53.0870 Z0.0400 F5142.9 ; Width: 0.350mm
G1 X96.4039 Y53.1070 Z0.0400 F5142.9 ; Width: 0.350mm
G1 X96.4632 Y53.1670 Z0.0400 F5142.9 ; Width: 0.350mm
G1 X96.4639 Y53.1870 Z0.0400 F5142.9 ; Width: 0.350mm
G1 X96.6830 Y53.4061 Z0.0400 F5142.9 ; Width: 0.350mm
G1 X96.7030 Y53.4068 Z0.0400 F5142.9 ; Width: 0.350mm
G1 X96.8030 Y53.5061 Z0.0400 F5142.9 ; Width: 0.350mm
G1 X96.8230 Y53.5066 Z0.0400 F5142.9 ; Width: 0.350mm
G1 X96.8430 Y53.5261 Z0.0400 F5142.9 ; Width: 0.350mm
G1 X96.8630 Y53.5266 Z0.0400 F5142.9 ; Width: 0.350mm
G1 X96.8830 Y53.5461 Z0.0400 F5142.9 ; Width: 0.350mm
G1 X96.9030 Y53.5466 Z0.0400 F5142.9 ; Width: 0.350mm
G1 X96.9230 Y53.5661 Z0.0400 F5142.9 ; Width: 0.350mm
G1 X96.9430 Y53.5666 Z0.0400 F5142.9 ; Width: 0.350mm
G1 X96.9630 Y53.5860 Z0.0400 F5142.9 ; Width: 0.350mm
G1 X97.0030 Y53.5868 Z0.0400 F5142.9 ; Width: 0.350mm
G1 X97.0230 Y53.6061 Z0.0400 F5142.9 ; Width: 0.350mm
G1 X97.0430 Y53.6066 Z0.0400 F5142.9 ; Width: 0.350mm
G1 X97.0630 Y53.6260 Z0.0400 F5142.9 ; Width: 0.350mm
G1 X97.1030 Y53.6268 Z0.0400 F5142.9 ; Width: 0.350mm
G1 X97.1230 Y53.6460 Z0.0400 F5142.9 ; Width: 0.350mm
G1 X97.2030 Y53.6468 Z0.0400 F5142.9 ; Width: 0.350mm
G1 X97.2230 Y53.6660 Z0.0400 F5142.9 ; Width: 0.350mm
G1 X97.3830 Y53.6668 Z0.0400 F5142.9 ; Width: 0.350mm
G1 X97.4030 Y53.6860 Z0.0400 F5142.9 ; Width: 0.350mm
G1 X97.5830 Y53.6860 Z0.0400 F5142.9 ; Width: 0.350mm
G1 X97.6030 Y53.6668 Z0.0400 F5142.9 ; Width: 0.350mm
G1 X97.7630 Y53.6660 Z0.0400 F5142.9 ; Width: 0.350mm
G1 X97.7830 Y53.6468 Z0.0400 F5142.9 ; Width: 0.350mm
G1 X97.8430 Y53.6460 Z0.0400 F5142.9 ; Width: 0.350mm
G1 X97.8630 Y53.6268 Z0.0400 F5142.9 ; Width: 0.350mm
G1 X97.9030 Y53.6260 Z0.0400 F5142.9 ; Width: 0.350mm
G1 X97.9230 Y53.6066 Z0.0400 F5142.9 ; Width: 0.350mm
G1 X97.9430 Y53.6061 Z0.0400 F5142.9 ; Width: 0.350mm
G1 X97.9630 Y53.5868 Z0.0400 F5142.9 ; Width: 0.350mm
G1 X98.0030 Y53.5860 Z0.0400 F5142.9 ; Width: 0.350mm
G1 X98.0230 Y53.5666 Z0.0400 F5142.9 ; Width: 0.350mm
G1 X98.0430 Y53.5661 Z0.0400 F5142.9 ; Width: 0.350mm
G1 X98.0630 Y53.5466 Z0.0400 F5142.9 ; Width: 0.350mm
G1 X98.0830 Y53.5461 Z0.0400 F5142.9 ; Width: 0.350mm
G1 X98.1030 Y53.5266 Z0.0400 F5142.9 ; Width: 0.350mm
G1 X98.1230 Y53.5261 Z0.0400 F5142.9 ; Width: 0.350mm
G1 X98.1430 Y53.5066 Z0.0400 F5142.9 ; Width: 0.350mm
G1 X98.1630 Y53.5061 Z0.0400 F5142.9 ; Width: 0.350mm
G1 X98.2630 Y53.4068 Z0.0400 F5142.9 ; Width: 0.350mm
G1 X98.2830 Y53.4061 Z0.0400 F5142.9 ; Width: 0.350mm
G1 X98.3628 Y53.3270 Z0.0400 F5142.9 ; Width: 0.350mm
G1 X98.4821 Y53.2070 Z0.0400 F5142.9 ; Width: 0.350mm
G1 X98.4828 Y53.1870 Z0.0400 F5142.9 ; Width: 0.350mm
G1 X98.5621 Y53.1070 Z0.0400 F5142.9 ; Width: 0.350mm
G1 X98.5626 Y53.0870 Z0.0400 F5142.9 ; Width: 0.350mm
G1 X98.5821 Y53.0670 Z0.0400 F5142.9 ; Width: 0.350mm
G1 X98.5827 Y53.0470 Z0.0400 F5142.9 ; Width: 0.350mm
G1 X98.6221 Y53.0070 Z0.0400 F5142.9 ; Width: 0.350mm
G1 X98.6226 Y52.9870 Z0.0400 F5142.9 ; Width: 0.350mm
G1 X98.6421 Y52.9670 Z0.0400 F5142.9 ; Width: 0.350mm
G1 X98.6426 Y52.9470 Z0.0400 F5142.9 ; Width: 0.350mm
G1 X98.6621 Y52.9270 Z0.0400 F5142.9 ; Width: 0.350mm
G1 X98.6626 Y52.9070 Z0.0400 F5142.9 ; Width: 0.350mm
G1 X98.6821 Y52.8870 Z0.0400 F5142.9 ; Width: 0.350mm
G1 X98.6826 Y52.8670 Z0.0400 F5142.9 ; Width: 0.350mm
G1 X98.7020 Y52.8470 Z0.0400 F5142.9 ; Width: 0.350mm
G1 X98.7028 Y52.8070 Z0.0400 F5142.9 ; Width: 0.350mm
G1 X98.7221 Y52.7870 Z0.0400 F5142.9 ; Width: 0.350mm
G1 X98.7226 Y52.7670 Z0.0400 F5142.9 ; Width: 0.350mm
G1 X98.7420 Y52.7470 Z0.0400 F5142.9 ; Width: 0.350mm
G1 X98.7428 Y52.7070 Z0.0400 F5142.9 ; Width: 0.350mm
G1 X98.7620 Y52.6870 Z0.0400 F5142.9 ; Width: 0.350mm
G1 X98.7628 Y52.6270 Z0.0400 F5142.9 ; Width: 0.350mm
G1 X98.7820 Y52.6070 Z0.0400 F5142.9 ; Width: 0.350mm
G1 X98.7828 Y52.5670 Z0.0400 F5142.9 ; Width: 0.350mm
G1 X98.8020 Y52.5470 Z0.0400 F5142.9 ; Width: 0.350mm
G1 X98.8028 Y52.4670 Z0.0400 F5142.9 ; Width: 0.350mm
G1 X98.8220 Y52.4470 Z0.0400 F5142.9 ; Width: 0.350mm
G1 X98.8228 Y52.3870 Z0.0400 F5142.9 ; Width: 0.350mm
G1 X98.8420 Y52.3670 Z0.0400 F5142.9 ; Width: 0.350mm
G1 X98.8428 Y52.2470 Z0.0400 F5142.9 ; Width: 0.350mm
G1 X98.8620 Y52.2270 Z0.0400 F5142.9 ; Width: 0.350mm
G1 X98.8628 Y52.1470 Z0.0400 F5142.9 ; Width: 0.350mm
G1 X98.8820 Y52.1270 Z0.0400 F5142.9 ; Width: 0.350mm
G1 X98.8828 Y51.9070 Z0.0400 F5142.9 ; Width: 0.350mm
G1 X98.9020 Y51.8870 Z0.0400 F5142.9 ; Width: 0.350mm
G1 X98.9028 Y51.6870 Z0.0400 F5142.9 ; Width: 0.350mm
G1 X98.9220 Y51.6670 Z0.0400 F5142.9 ; Width: 0.350mm
G1 X98.9224 Y50.8270 Z0.0400 F4285.7 ; Width: 0.420mm
G1 X98.9414 Y50.8070 Z0.0400 F5142.9 ; Width: 0.350mm
G1 X98.9414 Y50.7670 Z0.0400 F5142.9 ; Width: 0.350mm
G1 X99.0430 Y50.6645 Z0.0400 F5142.9 ; Width: 0.350mm
G1 X99.0630 Y50.6645 Z0.0400 F5142.9 ; Width: 0.350mm
G1 X99.0830 Y50.6454 Z0.0400 F5142.9 ; Width: 0.350mm
G1 X99.1630 Y50.6454 Z0.0400 F5142.9 ; Width: 0.350mm
G1 X99.1830 Y50.6264 Z0.0400 F5142.9 ; Width: 0.350mm
G1 X99.9030 Y50.6264 Z0.0400 F5000.0 ; Width: 0.360mm
G1 X99.9230 Y50.6454 Z0.0400 F5142.9 ; Width: 0.350mm
G1 X100.0030 Y50.6454 Z0.0400 F5142.9 ; Width: 0.350mm
G1 X100.0230 Y50.6645 Z0.0400 F5142.9 ; Width: 0.350mm
G1 X100.0430 Y50.6645 Z0.0400 F5142.9 ; Width: 0.350mm
G1 X100.1446 Y50.7670 Z0.0400 F5142.9 ; Width: 0.350mm
G1 X100.1446 Y50.8070 Z0.0400 F5142.9 ; Width: 0.350mm
G1 X100.1636 Y50.8270 Z0.0400 F5142.9 ; Width: 0.350mm
G1 X100.1632 Y51.0870 Z0.0400 F5142.9 ; Width: 0.350mm
G1 X100.1440 Y51.1070 Z0.0400 F5142.9 ; Width: 0.350mm
G1 X100.1432 Y51.7870 Z0.0400 F5142.9 ; Width: 0.350mm
G1 X100.1240 Y51.8070 Z0.0400 F5142.9 ; Width: 0.350mm
G1 X100.1232 Y51.9670 Z0.0400 F5142.9 ; Width: 0.350mm
G1 X100.1040 Y51.9870 Z0.0400 F5142.9 ; Width: 0.350mm
G1 X100.1032 Y52.1670 Z0.0400 F5142.9 ; Width: 0.350mm
G1 X100.0840 Y52.1870 Z0.0400 F5142.9 ; Width: 0.350mm
G1 X100.0832 Y52.3270 Z0.0400 F5142.9 ; Width: 0.350mm
G1 X100.0640 Y52.3470 Z0.0400 F5142.9 ; Width: 0.350mm
G1 X100.0632 Y52.5270 Z0.0400 F5142.9 ; Width: 0.350mm
G1 X100.0440 Y52.5470 Z0.0400 F5142.9 ; Width: 0.350mm
G1 X100.0432 Y52.6070 Z0.0400 F5142.9 ; Width: 0.350mm
G1 X100.0240 Y52.6270 Z0.0400 F5142.9 ; Width: 0.350mm
G1 X100.0232 Y52.7070 Z0.0400 F5142.9 ; Width: 0.350mm
G1 X100.0040 Y52.7270 Z0.0400 F5142.9 ; Width: 0.350mm
G1 X100.0032 Y52.8070 Z0.0400 F5142.9 ; Width: 0.350mm
G1 X99.9840 Y52.8270 Z0.0400 F5142.9 ; Width: 0.350mm
G1 X99.9832 Y52.8870 Z0.0400 F5142.9 ; Width: 0.350mm
G1 X99.9640 Y52.9070 Z0.0400 F5142.9 ; Width: 0.350mm
G1 X99.9632 Y52.9670 Z0.0400 F5142.9 ; Width: 0.350mm
G1 X99.9440 Y52.9870 Z0.0400 F5142.9 ; Width: 0.350mm
G1 X99.9434 Y53.0670 Z0.0400 F5142.9 ; Width: 0.350mm
G1 X99.9240 Y53.0870 Z0.0400 F5142.9 ; Width: 0.350mm
G1 X99.9232 Y53.1270 Z0.0400 F5142.9 ; Width: 0.350mm
G1 X99.9040 Y53.1470 Z0.0400 F5142.9 ; Width: 0.350mm
G1 X99.9032 Y53.2070 Z0.0400 F5142.9 ; Width: 0.350mm
G1 X99.8840 Y53.2270 Z0.0400 F5142.9 ; Width: 0.350mm
G1 X99.8832 Y53.2670 Z0.0400 F5142.9 ; Width: 0.350mm
G1 X99.8640 Y53.2870 Z0.0400 F5142.9 ; Width: 0.350mm
G1 X99.8632 Y53.3470 Z0.0400 F5142.9 ; Width: 0.350mm
G1 X99.8440 Y53.3670 Z0.0400 F5142.9 ; Width: 0.350mm
G1 X99.8432 Y53.4070 Z0.0400 F5142.9 ; Width: 0.350mm
G1 X99.8239 Y53.4270 Z0.0400 F5142.9 ; Width: 0.350mm
G1 X99.8234 Y53.4470 Z0.0400 F5142.9 ; Width: 0.350mm
G1 X99.8039 Y53.4670 Z0.0400 F5142.9 ; Width: 0.350mm
G1 X99.8034 Y53.4870 Z0.0400 F5142.9 ; Width: 0.350mm
G1 X99.7840 Y53.5070 Z0.0400 F5142.9 ; Width: 0.350mm
G1 X99.7832 Y53.5470 Z0.0400 F5142.9 ; Width: 0.350mm
G1 X99.7640 Y53.5670 Z0.0400 F5142.9 ; Width: 0.350mm
G1 X99.7632 Y53.6070 Z0.0400 F5142.9 ; Width: 0.350mm
G1 X99.7439 Y53.6270 Z0.0400 F5142.9 ; Width: 0.350mm
G1 X99.7434 Y53.6470 Z0.0400 F5142.9 ; Width: 0.350mm
G1 X99.7239 Y53.6670 Z0.0400 F5142.9 ; Width: 0.350mm
G1 X99.7234 Y53.6870 Z0.0400 F5142.9 ; Width: 0.350mm
G1 X99.7039 Y53.7070 Z0.0400 F5142.9 ; Width: 0.350mm
G1 X99.7034 Y53.7270 Z0.0400 F5142.9 ; Width: 0.350mm
G1 X99.6839 Y53.7470 Z0.0400 F5142.9 ; Width: 0.350mm
G1 X99.6834 Y53.7670 Z0.0400 F5142.9 ; Width: 0.350mm
G1 X99.6639 Y53.7870 Z0.0400 F5142.9 ; Width: 0.350mm
G1 X99.6634 Y53.8070 Z0.0400 F5142.9 ; Width: 0.350mm
G1 X99.6440 Y53.8270 Z0.0400 F5142.9 ; Width: 0.350mm
G1 X99.6436 Y53.8470 Z0.0400 F5142.9 ; Width: 0.350mm
G1 X99.6239 Y53.8670 Z0.0400 F5142.9 ; Width: 0.350mm
G1 X99.6234 Y53.8870 Z0.0400 F5142.9 ; Width: 0.350mm
G1 X99.6039 Y53.9070 Z0.0400 F5142.9 ; Width: 0.350mm
G1 X99.6034 Y53.9270 Z0.0400 F5142.9 ; Width: 0.350mm
G1 X99.5839 Y53.9470 Z0.0400 F5142.9 ; Width: 0.350mm
G1 X99.5834 Y53.9670 Z0.0400 F5142.9 ; Width: 0.350mm
G1 X99.5639 Y53.9870 Z0.0400 F5142.9 ; Width: 0.350mm
G1 X99.5632 Y54.0070 Z0.0400 F5142.9 ; Width: 0.350mm
G1 X99.4839 Y54.0870 Z0.0400 F5142.9 ; Width: 0.350mm
G1 X99.4834 Y54.1070 Z0.0400 F5142.9 ; Width: 0.350mm
G1 X99.4639 Y54.1270 Z0.0400 F5142.9 ; Width: 0.350mm
G1 X99.4632 Y54.1470 Z0.0400 F5142.9 ; Width: 0.350mm
G1 X99.4039 Y54.2070 Z0.0400 F5142.9 ; Width: 0.350mm
G1 X99.4033 Y54.2270 Z0.0400 F5142.9 ; Width: 0.350mm
G1 X99.3639 Y54.2670 Z0.0400 F5142.9 ; Width: 0.350mm
G1 X99.3632 Y54.2870 Z0.0400 F5142.9 ; Width: 0.350mm
G1 X99.2639 Y54.3870 Z0.0400 F5142.9 ; Width: 0.350mm
G1 X99.2632 Y54.4070 Z0.0400 F5142.9 ; Width: 0.350mm
G1 X99.1430 Y54.5272 Z0.0400 F5142.9 ; Width: 0.350mm
G1 X99.1230 Y54.5279 Z0.0400 F5142.9 ; Width: 0.350mm
G1 X99.0430 Y54.6072 Z0.0400 F5142.9 ; Width: 0.350mm
G1 X99.0230 Y54.6079 Z0.0400 F5142.9 ; Width: 0.350mm
G1 X98.9630 Y54.6672 Z0.0400 F5142.9 ; Width: 0.350mm
G1 X98.9430 Y54.6679 Z0.0400 F5142.9 ; Width: 0.350mm
G1 X98.9030 Y54.7073 Z0.0400 F5142.9 ; Width: 0.350mm
G1 X98.8830 Y54.7079 Z0.0400 F5142.9 ; Width: 0.350mm
G1 X98.8430 Y54.7473 Z0.0400 F5142.9 ; Width: 0.350mm
G1 X98.8230 Y54.7479 Z0.0400 F5142.9 ; Width: 0.350mm
G1 X98.8030 Y54.7674 Z0.0400 F5142.9 ; Width: 0.350mm
G1 X98.7830 Y54.7679 Z0.0400 F5142.9 ; Width: 0.350mm
G1 X98.7630 Y54.7874 Z0.0400 F5142.9 ; Width: 0.350mm
G1 X98.7430 Y54.7879 Z0.0400 F5142.9 ; Width: 0.350mm
G1 X98.7230 Y54.8076 Z0.0400 F5142.9 ; Width: 0.350mm
G1 X98.7030 Y54.8082 Z0.0400 F5142.9 ; Width: 0.350mm
G1 X98.6830 Y54.8276 Z0.0400 F5142.9 ; Width: 0.350mm
G1 X98.6630 Y54.8280 Z0.0400 F5142.9 ; Width: 0.350mm
G1 X98.6430 Y54.8474 Z0.0400 F5142.9 ; Width: 0.350mm
G1 X98.6230 Y54.8479 Z0.0400 F5142.9 ; Width: 0.350mm
G1 X98.6030 Y54.8674 Z0.0400 F5142.9 ; Width: 0.350mm
G1 X98.5830 Y54.8679 Z0.0400 F5142.9 ; Width: 0.350mm
G1 X98.5630 Y54.8874 Z0.0400 F5142.9 ; Width: 0.350mm
G1 X98.5430 Y54.8879 Z0.0400 F5142.9 ; Width: 0.350mm
G1 X98.5230 Y54.9072 Z0.0400 F5142.9 ; Width: 0.350mm
G1 X98.4830 Y54.9080 Z0.0400 F5142.9 ; Width: 0.350mm
G1 X98.4630 Y54.9272 Z0.0400 F5142.9 ; Width: 0.350mm
G1 X98.4230 Y54.9280 Z0.0400 F5142.9 ; Width: 0.350mm
G1 X98.4030 Y54.9474 Z0.0400 F5142.9 ; Width: 0.350mm
G1 X98.3830 Y54.9479 Z0.0400 F5142.9 ; Width: 0.350mm
G1 X98.3630 Y54.9674 Z0.0400 F5142.9 ; Width: 0.350mm
G1 X98.3030 Y54.9680 Z0.0400 F5142.9 ; Width: 0.350mm
G1 X98.2830 Y54.9872 Z0.0400 F5142.9 ; Width: 0.350mm
G1 X98.2430 Y54.9880 Z0.0400 F5142.9 ; Width: 0.350mm
G1 X98.2230 Y55.0074 Z0.0400 F5142.9 ; Width: 0.350mm
G1 X98.1630 Y55.0080 Z0.0400 F5142.9 ; Width: 0.350mm
G1 X98.1430 Y55.0272 Z0.0400 F5142.9 ; Width: 0.350mm
G1 X98.0630 Y55.0280 Z0.0400 F5142.9 ; Width: 0.350mm
G1 X98.0430 Y55.0472 Z0.0400 F5142.9 ; Width: 0.350mm
G1 X97.9630 Y55.0480 Z0.0400 F5142.9 ; Width: 0.350mm
G1 X97.9430 Y55.0672 Z0.0400 F5142.9 ; Width: 0.350mm
G1 X97.7430 Y55.0680 Z0.0400 F5142.9 ; Width: 0.350mm
G1 X97.7230 Y55.0872 Z0.0400 F5142.9 ; Width: 0.350mm
G1 X97.5830 Y55.0880 Z0.0400 F5142.9 ; Width: 0.350mm
G1 X97.5630 Y55.1072 Z0.0400 F5142.9 ; Width: 0.350mm
G0 Z1.0400 F6000.0 ; Z-hop up
G0 X99.5430 Y51.2070 F6000.0 ; Travel to new path
G0 Z0.0400 F6000.0 ; Z-hop down
G1 X99.4630 Y52.2670 Z0.0400 F3075.8 ; Width: 0.585mm
G1 X99.2630 Y53.1070 Z0.0400 F3113.0 ; Width: 0.578mm
G1 X98.9430 Y53.7070 Z0.0400 F2910.0 ; Width: 0.619mm
G1 X98.6830 Y53.9870 Z0.0400 F2617.0 ; Width: 0.688mm
G1 X98.5030 Y54.1070 Z0.0400 F2604.8 ; Width: 0.691mm
G1 X98.2230 Y54.2470 Z0.0400 F2610.0 ; Width: 0.690mm
G1 X97.7230 Y54.3670 Z0.0400 F2671.9 ; Width: 0.674mm
G1 X97.2430 Y54.3670 Z0.0400 F2625.0 ; Width: 0.686mm
G1 X96.9230 Y54.3070 Z0.0400 F2625.9 ; Width: 0.685mm
G1 X96.6030 Y54.1870 Z0.0400 F2610.1 ; Width: 0.690mm
G1 X96.3430 Y54.0270 Z0.0400 F2625.5 ; Width: 0.686mm
G1 X95.9030 Y53.5670 Z0.0400 F2635.6 ; Width: 0.683mm
G1 X95.7030 Y53.1870 Z0.0400 F2850.4 ; Width: 0.631mm
G1 X95.5430 Y52.6670 Z0.0400 F2986.8 ; Width: 0.603mm
G1 X95.4230 Y51.5470 Z0.0400 F2968.7 ; Width: 0.606mm
M118 P0 S"110" ; Sync timer
G1 X95.4230 Y47.6270 Z0.0400 F927.0 ; Width: 1.942mm
G1 X95.4230 Y43.7070 Z0.0400 F918.0 ; Width: 1.961mm
G1 X95.4830 Y43.0070 Z0.0400 F2952.0 ; Width: 0.610mm
G1 X95.6030 Y42.4670 Z0.0400 F3043.9 ; Width: 0.591mm
G1 X95.8630 Y41.8670 Z0.0400 F2885.1 ; Width: 0.624mm
G1 X96.0630 Y41.5870 Z0.0400 F2770.2 ; Width: 0.650mm
G1 X96.6030 Y41.1470 Z0.0400 F2620.5 ; Width: 0.687mm
G1 X97.1230 Y40.9670 Z0.0400 F2553.0 ; Width: 0.705mm
G1 X97.8830 Y40.9670 Z0.0400 F2469.2 ; Width: 0.729mm
G1 X98.2830 Y41.0870 Z0.0400 F2606.4 ; Width: 0.691mm
G1 X98.6030 Y41.2870 Z0.0400 F2569.5 ; Width: 0.701mm
G1 X99.0430 Y41.7870 Z0.0400 F2561.2 ; Width: 0.703mm
G1 X99.2030 Y42.0870 Z0.0400 F2840.7 ; Width: 0.634mm
G1 X99.3630 Y42.5670 Z0.0400 F2959.5 ; Width: 0.608mm
G1 X99.4630 Y43.0870 Z0.0400 F3061.6 ; Width: 0.588mm
G1 X99.5230 Y43.7870 Z0.0400 F3034.7 ; Width: 0.593mm
G1 X99.5030 Y44.6670 Z0.0400 F2173.7 ; Width: 0.828mm