; RepRap G-Code generated for Duet 3
; NOTE: Original Y-axis mapped to Z-axis (height)
; EXTRUSION: Externally managed (No E parameters)
; Constant Volumetric Flowrate: 0.8 mm^3/s

; --- STARTING SEQUENCE ---
M201 X500 Y500 Z100 ; Set max acceleration
M203 X30000 Y30000 Z300 ; Set max feedrate
M204 P500 T500 ; Set print and travel accelerations
M566 X480.00 Y480.00 Z24.00 ; Set jerk
G90 ; Absolute positioning
G21 ; Set units to millimeters
G92 Z0 ; Reset Z position
G1 Z30 F600 ; Move Z up to clear petri dish
G28 X Y ; Home X and Y
G28 Z ; Home Z
M400 ; Wait for current moves to finish
G92 Z0 ; Reset Z position
G1 Z30 F600 ; Move Z up to safe height
G1 X88.563 Y46.587 F3000 ; Move to starting position above dish
G92 X0 Y0 ; Define this position as the new XY zero
; --- END STARTING SEQUENCE ---

G0 X14.8400 Y0.0400 Z14.8450 F6000.0 ; Initial approach
M118 P0 S"0" ; Sync timer
G1 X-14.8450 Y0.0400 Z14.8400 F600.0 ; Width: 0.400mm
M118 P0 S"1" ; Sync timer
G1 X-14.8400 Y0.0400 Z-14.8450 F600.0 ; Width: 0.400mm
M118 P0 S"2" ; Sync timer
G1 X14.8450 Y0.0400 Z-14.8400 F600.0 ; Width: 0.400mm
M118 P0 S"3" ; Sync timer
G1 X14.8400 Y0.0400 Z14.8450 F600.0 ; Width: 0.400mm
G0 Z15.8450 F6000.0 ; Z-hop up
G0 X14.4800 Y0.0400 F6000.0 ; Travel to new path
G0 Z14.4950 F6000.0 ; Z-hop down
M118 P0 S"4" ; Sync timer
G1 X-14.4800 Y0.0400 Z14.4950 F600.0 ; Width: 0.400mm
G1 X-14.4950 Y0.0400 Z14.4800 F600.0 ; Width: 0.400mm
M118 P0 S"5" ; Sync timer
G1 X-14.4950 Y0.0400 Z-14.4800 F600.0 ; Width: 0.400mm
G1 X-14.4800 Y0.0400 Z-14.4950 F600.0 ; Width: 0.400mm
M118 P0 S"6" ; Sync timer
G1 X14.4800 Y0.0400 Z-14.4950 F600.0 ; Width: 0.400mm
G1 X14.4950 Y0.0400 Z-14.4800 F600.0 ; Width: 0.400mm
M118 P0 S"7" ; Sync timer
G1 X14.4950 Y0.0400 Z14.4800 F600.0 ; Width: 0.400mm
G1 X14.4800 Y0.0400 Z14.4950 F600.0 ; Width: 0.400mm
G0 Z15.4950 F6000.0 ; Z-hop up
G0 X14.1400 Y0.0400 F6000.0 ; Travel to new path
G0 Z14.1450 F6000.0 ; Z-hop down
M118 P0 S"8" ; Sync timer
G1 X-14.1450 Y0.0400 Z14.1400 F600.0 ; Width: 0.400mm
M118 P0 S"9" ; Sync timer
G1 X-14.1400 Y0.0400 Z-14.1450 F600.0 ; Width: 0.400mm
M118 P0 S"10" ; Sync timer
G1 X14.1450 Y0.0400 Z-14.1400 F600.0 ; Width: 0.400mm
M118 P0 S"11" ; Sync timer
G1 X14.1400 Y0.0400 Z14.1450 F600.0 ; Width: 0.400mm
G0 Z15.1450 F6000.0 ; Z-hop up
G0 X13.7800 Y0.0400 F6000.0 ; Travel to new path
G0 Z13.7950 F6000.0 ; Z-hop down
M118 P0 S"12" ; Sync timer
G1 X-13.7800 Y0.0400 Z13.7950 F600.0 ; Width: 0.400mm
G1 X-13.7950 Y0.0400 Z13.7800 F600.0 ; Width: 0.400mm
M118 P0 S"13" ; Sync timer
G1 X-13.7950 Y0.0400 Z-13.7800 F600.0 ; Width: 0.400mm
G1 X-13.7800 Y0.0400 Z-13.7950 F600.0 ; Width: 0.400mm
M118 P0 S"14" ; Sync timer
G1 X13.7800 Y0.0400 Z-13.7950 F600.0 ; Width: 0.400mm
G1 X13.7950 Y0.0400 Z-13.7800 F600.0 ; Width: 0.400mm
M118 P0 S"15" ; Sync timer
G1 X13.7950 Y0.0400 Z13.7800 F600.0 ; Width: 0.400mm
G1 X13.7800 Y0.0400 Z13.7950 F600.0 ; Width: 0.400mm
G0 Z14.7950 F6000.0 ; Z-hop up
G0 X13.4400 Y0.0400 F6000.0 ; Travel to new path
G0 Z13.4450 F6000.0 ; Z-hop down
M118 P0 S"16" ; Sync timer
G1 X-13.4400 Y0.0400 Z13.4450 F1200.0 ; Width: 0.200mm
M118 P0 S"17" ; Sync timer
G1 X-13.4450 Y0.0400 Z9.7800 F200.0 ; Width: 1.200mm
G1 X-13.4400 Y0.0400 Z9.7659 F200.0 ; Width: 1.200mm
G1 X-13.2854 Y0.0400 Z9.9200 F200.0 ; Width: 1.200mm
G1 X-13.1600 Y0.0400 Z10.0237 F200.0 ; Width: 1.200mm
G1 X-13.0400 Y0.0400 Z10.1047 F600.0 ; Width: 0.400mm
G1 X-12.9000 Y0.0400 Z10.1806 F600.0 ; Width: 0.400mm
G1 X-12.7600 Y0.0400 Z10.2395 F600.0 ; Width: 0.400mm
G1 X-12.6000 Y0.0400 Z10.2885 F600.0 ; Width: 0.400mm
G1 X-12.4600 Y0.0400 Z10.3166 F600.0 ; Width: 0.400mm
G1 X-12.3000 Y0.0400 Z10.3330 F226.4 ; Width: 1.060mm
G1 X-10.1800 Y0.0400 Z10.3350 F600.0 ; Width: 0.400mm
G1 X-9.9600 Y0.0400 Z10.3196 F200.0 ; Width: 1.200mm
G1 X-9.7200 Y0.0400 Z10.2663 F200.0 ; Width: 1.200mm
G1 X-9.6000 Y0.0400 Z10.2243 F200.0 ; Width: 1.200mm
G1 X-9.4800 Y0.0400 Z10.1709 F200.0 ; Width: 1.200mm
G1 X-9.2800 Y0.0400 Z10.0525 F600.0 ; Width: 0.400mm
G1 X-9.1600 Y0.0400 Z9.9601 F600.0 ; Width: 0.400mm
G1 X-9.0600 Y0.0400 Z9.8673 F600.0 ; Width: 0.400mm
G1 X-9.0400 Y0.0400 Z9.8673 F600.0 ; Width: 0.400mm
G1 X-8.9400 Y0.0400 Z9.9601 F600.0 ; Width: 0.400mm
G1 X-8.8200 Y0.0400 Z10.0525 F600.0 ; Width: 0.400mm
G1 X-8.7000 Y0.0400 Z10.1283 F600.0 ; Width: 0.400mm
G1 X-8.5800 Y0.0400 Z10.1900 F222.2 ; Width: 1.080mm
G1 X-8.4400 Y0.0400 Z10.2467 F220.2 ; Width: 1.090mm
G1 X-8.3000 Y0.0400 Z10.2885 F216.2 ; Width: 1.110mm
G1 X-8.1600 Y0.0400 Z10.3166 F228.6 ; Width: 1.050mm
G1 X-8.0200 Y0.0400 Z10.3318 F224.3 ; Width: 1.070mm
G1 X-5.7600 Y0.0400 Z10.3304 F600.0 ; Width: 0.400mm
G1 X-5.5800 Y0.0400 Z10.3062 F600.0 ; Width: 0.400mm
G1 X-5.4000 Y0.0400 Z10.2601 F600.0 ; Width: 0.400mm
G1 X-5.2200 Y0.0400 Z10.1900 F600.0 ; Width: 0.400mm
G1 X-5.0600 Y0.0400 Z10.1047 F600.0 ; Width: 0.400mm
G1 X-5.0400 Y0.0400 Z10.1047 F200.0 ; Width: 1.200mm
G1 X-4.8800 Y0.0400 Z10.1900 F200.0 ; Width: 1.200mm
G1 X-4.7000 Y0.0400 Z10.2601 F200.0 ; Width: 1.200mm
G1 X-4.5200 Y0.0400 Z10.3062 F200.0 ; Width: 1.200mm
G1 X-4.3200 Y0.0400 Z10.3318 F200.0 ; Width: 1.200mm
M118 P0 S"18" ; Sync timer
G1 X-1.4000 Y0.0400 Z10.3339 F600.0 ; Width: 0.400mm
G1 X-1.1600 Y0.0400 Z10.3062 F200.0 ; Width: 1.200mm
G1 X-0.9200 Y0.0400 Z10.2395 F200.0 ; Width: 1.200mm
G1 X-0.7000 Y0.0400 Z10.1395 F201.7 ; Width: 1.190mm
G1 X-0.6000 Y0.0400 Z10.0795 F205.1 ; Width: 1.170mm
G1 X-0.4889 Y0.0400 Z10.0000 F600.0 ; Width: 0.400mm
G1 X-0.3000 Y0.0400 Z9.8267 F600.0 ; Width: 0.400mm
G1 X-0.1475 Y0.0400 Z9.6400 F600.0 ; Width: 0.400mm
G1 X-0.0717 Y0.0400 Z9.5200 F600.0 ; Width: 0.400mm
G1 X-0.0091 Y0.0400 Z9.4000 F600.0 ; Width: 0.400mm
G1 X0.0800 Y0.0400 Z9.1802 F600.0 ; Width: 0.400mm
G1 X0.1700 Y0.0400 Z9.4000 F600.0 ; Width: 0.400mm
G1 X0.2600 Y0.0400 Z9.5676 F600.0 ; Width: 0.400mm
G1 X0.3800 Y0.0400 Z9.7361 F600.0 ; Width: 0.400mm
G1 X0.5200 Y0.0400 Z9.8872 F600.0 ; Width: 0.400mm
G1 X0.6750 Y0.0400 Z10.0200 F600.0 ; Width: 0.400mm
G1 X0.8400 Y0.0400 Z10.1283 F226.9 ; Width: 1.058mm
G1 X1.0200 Y0.0400 Z10.2162 F222.7 ; Width: 1.077mm
G1 X1.2200 Y0.0400 Z10.2834 F201.4 ; Width: 1.192mm
G1 X1.4000 Y0.0400 Z10.3196 F200.0 ; Width: 1.200mm
G1 X1.6000 Y0.0400 Z10.3349 F200.0 ; Width: 1.200mm
G1 X4.4000 Y0.0400 Z10.3345 F600.0 ; Width: 0.400mm
G1 X4.6200 Y0.0400 Z10.3134 F200.0 ; Width: 1.200mm
G1 X4.8400 Y0.0400 Z10.2601 F200.0 ; Width: 1.200mm
G1 X5.0413 Y0.0400 Z10.1800 F200.0 ; Width: 1.200mm
G1 X5.2400 Y0.0400 Z10.0662 F200.0 ; Width: 1.200mm
G1 X5.4200 Y0.0400 Z9.9249 F600.0 ; Width: 0.400mm
G1 X5.6001 Y0.0400 Z9.7400 F600.0 ; Width: 0.400mm
G1 X5.7323 Y0.0400 Z9.5600 F600.0 ; Width: 0.400mm
G1 X5.8400 Y0.0400 Z9.3580 F600.0 ; Width: 0.400mm
G1 X5.8600 Y0.0400 Z9.3673 F600.0 ; Width: 0.400mm
G1 X6.0000 Y0.0400 Z9.5064 F600.0 ; Width: 0.400mm
G1 X6.1089 Y0.0400 Z9.6000 F600.0 ; Width: 0.400mm
G1 X6.3823 Y0.0400 Z9.8000 F200.0 ; Width: 1.200mm
G1 X6.5400 Y0.0400 Z9.9047 F200.0 ; Width: 1.200mm
G1 X6.7200 Y0.0400 Z10.0103 F200.0 ; Width: 1.200mm
G1 X7.0600 Y0.0400 Z10.1806 F200.0 ; Width: 1.200mm
M118 P0 S"19" ; Sync timer
G1 X7.4200 Y0.0400 Z10.3201 F200.0 ; Width: 1.200mm
G1 X7.6800 Y0.0400 Z10.3980 F200.0 ; Width: 1.200mm
G1 X7.9200 Y0.0400 Z10.4579 F600.0 ; Width: 0.400mm
G1 X8.3600 Y0.0400 Z10.5269 F600.0 ; Width: 0.400mm
G1 X8.5000 Y0.0400 Z10.5349 F600.0 ; Width: 0.400mm
G1 X9.3200 Y0.0400 Z10.5350 F600.0 ; Width: 0.400mm
G1 X9.5200 Y0.0400 Z10.5222 F600.0 ; Width: 0.400mm
G1 X9.6800 Y0.0400 Z10.4933 F600.0 ; Width: 0.400mm
G1 X9.9000 Y0.0400 Z10.4662 F600.0 ; Width: 0.400mm
G1 X10.1800 Y0.0400 Z10.3980 F600.0 ; Width: 0.400mm
G1 X10.4800 Y0.0400 Z10.2995 F600.0 ; Width: 0.400mm
G1 X10.8800 Y0.0400 Z10.1406 F600.0 ; Width: 0.400mm
G1 X11.2000 Y0.0400 Z9.9767 F600.0 ; Width: 0.400mm
G1 X11.5577 Y0.0400 Z9.7400 F600.0 ; Width: 0.400mm
G1 X11.7401 Y0.0400 Z9.6000 F600.0 ; Width: 0.400mm
G1 X12.0672 Y0.0400 Z9.3000 F200.0 ; Width: 1.200mm
G1 X12.3800 Y0.0400 Z8.9361 F200.0 ; Width: 1.200mm
G1 X12.5862 Y0.0400 Z8.6600 F250.8 ; Width: 0.957mm
G1 X12.7995 Y0.0400 Z8.3200 F321.2 ; Width: 0.747mm
G1 X13.0309 Y0.0400 Z7.8600 F457.3 ; Width: 0.525mm
G1 X13.1243 Y0.0400 Z7.6400 F662.3 ; Width: 0.362mm
G1 X13.2263 Y0.0400 Z7.3600 F906.8 ; Width: 0.265mm
G1 X13.3685 Y0.0400 Z6.8600 F1200.0 ; Width: 0.200mm
G1 X13.4400 Y0.0400 Z6.5125 F1200.0 ; Width: 0.200mm
M118 P0 S"20" ; Sync timer
G1 X13.4400 Y0.0400 Z13.4450 F200.0 ; Width: 1.200mm
G0 Z14.4450 F6000.0 ; Z-hop up
G0 X13.0800 Y0.0400 F6000.0 ; Travel to new path
G0 Z13.0950 F6000.0 ; Z-hop down
M118 P0 S"21" ; Sync timer
G1 X-13.0800 Y0.0400 Z13.0950 F1200.0 ; Width: 0.200mm
G1 X-13.0950 Y0.0400 Z13.0800 F200.0 ; Width: 1.200mm
G1 X-13.0950 Y0.0400 Z10.5000 F200.0 ; Width: 1.200mm
G1 X-13.0800 Y0.0400 Z10.4823 F200.0 ; Width: 1.200mm
G1 X-12.8800 Y0.0400 Z10.5683 F200.0 ; Width: 1.200mm
G1 X-12.6600 Y0.0400 Z10.6340 F600.0 ; Width: 0.400mm
G1 X-12.5000 Y0.0400 Z10.6645 F600.0 ; Width: 0.400mm
G1 X-12.3400 Y0.0400 Z10.6813 F600.0 ; Width: 0.400mm
G1 X-10.1000 Y0.0400 Z10.6833 F600.0 ; Width: 0.400mm
G1 X-9.9600 Y0.0400 Z10.6724 F200.0 ; Width: 1.200mm
G1 X-9.8200 Y0.0400 Z10.6510 F200.0 ; Width: 1.200mm
G1 X-9.5600 Y0.0400 Z10.5824 F200.0 ; Width: 1.200mm
G1 X-9.3200 Y0.0400 Z10.4822 F200.0 ; Width: 1.200mm
G1 X-9.1800 Y0.0400 Z10.4049 F600.0 ; Width: 0.400mm
G1 X-9.0600 Y0.0400 Z10.3256 F600.0 ; Width: 0.400mm
G1 X-9.0400 Y0.0400 Z10.3256 F600.0 ; Width: 0.400mm
G1 X-8.9200 Y0.0400 Z10.4049 F600.0 ; Width: 0.400mm
G1 X-8.8000 Y0.0400 Z10.4721 F600.0 ; Width: 0.400mm
M118 P0 S"22" ; Sync timer
G1 X-8.6800 Y0.0400 Z10.5286 F200.0 ; Width: 1.200mm
G1 X-8.5400 Y0.0400 Z10.5824 F200.0 ; Width: 1.200mm
G1 X-8.2800 Y0.0400 Z10.6510 F200.0 ; Width: 1.200mm
G1 X-8.1400 Y0.0400 Z10.6724 F200.0 ; Width: 1.200mm
G1 X-8.0000 Y0.0400 Z10.6833 F200.0 ; Width: 1.200mm
G1 X-5.7600 Y0.0400 Z10.6813 F600.0 ; Width: 0.400mm
G1 X-5.5800 Y0.0400 Z10.6615 F600.0 ; Width: 0.400mm
G1 X-5.4000 Y0.0400 Z10.6242 F600.0 ; Width: 0.400mm
G1 X-5.2200 Y0.0400 Z10.5683 F600.0 ; Width: 0.400mm
G1 X-5.0600 Y0.0400 Z10.5016 F600.0 ; Width: 0.400mm
G1 X-5.0400 Y0.0400 Z10.5016 F200.0 ; Width: 1.200mm
G1 X-4.8400 Y0.0400 Z10.5824 F200.0 ; Width: 1.200mm
G1 X-4.6800 Y0.0400 Z10.6292 F200.0 ; Width: 1.200mm
G1 X-4.5000 Y0.0400 Z10.6645 F200.0 ; Width: 1.200mm
G1 X-4.3200 Y0.0400 Z10.6824 F200.0 ; Width: 1.200mm
G1 X-1.3800 Y0.0400 Z10.6833 F600.0 ; Width: 0.400mm
G1 X-1.1600 Y0.0400 Z10.6615 F200.0 ; Width: 1.200mm
G1 X-0.9600 Y0.0400 Z10.6189 F200.0 ; Width: 1.200mm
G1 X-0.7600 Y0.0400 Z10.5532 F200.0 ; Width: 1.200mm
G1 X-0.5600 Y0.0400 Z10.4617 F200.0 ; Width: 1.200mm
G1 X-0.3800 Y0.0400 Z10.3535 F600.0 ; Width: 0.400mm
G1 X-0.2200 Y0.0400 Z10.2324 F600.0 ; Width: 0.400mm
G1 X-0.0580 Y0.0400 Z10.0800 F600.0 ; Width: 0.400mm
G1 X0.0800 Y0.0400 Z9.9212 F600.0 ; Width: 0.400mm
G1 X0.1989 Y0.0400 Z10.0600 F600.0 ; Width: 0.400mm
G1 X0.3400 Y0.0400 Z10.1978 F600.0 ; Width: 0.400mm
G1 X0.4800 Y0.0400 Z10.3111 F600.0 ; Width: 0.400mm
G1 X0.6200 Y0.0400 Z10.4049 F600.0 ; Width: 0.400mm
G1 X0.7800 Y0.0400 Z10.4921 F600.0 ; Width: 0.400mm
G1 X0.9400 Y0.0400 Z10.5609 F200.0 ; Width: 1.200mm
G1 X1.1000 Y0.0400 Z10.6134 F200.0 ; Width: 1.200mm
G1 X1.2800 Y0.0400 Z10.6547 F200.0 ; Width: 1.200mm
G1 X1.4400 Y0.0400 Z10.6766 F200.0 ; Width: 1.200mm
G1 X1.6000 Y0.0400 Z10.6849 F200.0 ; Width: 1.200mm
M118 P0 S"23" ; Sync timer
G1 X4.4200 Y0.0400 Z10.6841 F600.0 ; Width: 0.400mm
G1 X4.6400 Y0.0400 Z10.6645 F200.0 ; Width: 1.200mm
G1 X4.8600 Y0.0400 Z10.6189 F200.0 ; Width: 1.200mm
G1 X5.0600 Y0.0400 Z10.5532 F200.0 ; Width: 1.200mm
G1 X5.2600 Y0.0400 Z10.4617 F200.0 ; Width: 1.200mm
G1 X5.4400 Y0.0400 Z10.3535 F600.0 ; Width: 0.400mm
G1 X5.6000 Y0.0400 Z10.2324 F600.0 ; Width: 0.400mm
G1 X5.7820 Y0.0400 Z10.0600 F600.0 ; Width: 0.400mm
G1 X5.9200 Y0.0400 Z9.9012 F600.0 ; Width: 0.400mm
G1 X6.3200 Y0.0400 Z10.1799 F600.0 ; Width: 0.400mm
G1 X6.6000 Y0.0400 Z10.3422 F600.0 ; Width: 0.400mm
G1 X7.0200 Y0.0400 Z10.5453 F600.0 ; Width: 0.400mm
G1 X7.2800 Y0.0400 Z10.6424 F200.0 ; Width: 1.200mm
G1 X7.5800 Y0.0400 Z10.7334 F200.0 ; Width: 1.200mm
G1 X7.9200 Y0.0400 Z10.8147 F200.0 ; Width: 1.200mm
G1 X8.3800 Y0.0400 Z10.8799 F600.0 ; Width: 0.400mm
G1 X8.5200 Y0.0400 Z10.8850 F600.0 ; Width: 0.400mm
G1 X9.4600 Y0.0400 Z10.8799 F600.0 ; Width: 0.400mm
G1 X9.9600 Y0.0400 Z10.8110 F600.0 ; Width: 0.400mm
G1 X10.3600 Y0.0400 Z10.7091 F600.0 ; Width: 0.400mm
G1 X10.6000 Y0.0400 Z10.6283 F600.0 ; Width: 0.400mm
G1 X10.9600 Y0.0400 Z10.4886 F200.0 ; Width: 1.200mm
G1 X11.2800 Y0.0400 Z10.3321 F200.0 ; Width: 1.200mm
G1 X11.4400 Y0.0400 Z10.2399 F200.0 ; Width: 1.200mm
G1 X11.7400 Y0.0400 Z10.0398 F200.0 ; Width: 1.200mm
G1 X11.9200 Y0.0400 Z9.9052 F200.0 ; Width: 1.200mm
G1 X12.2197 Y0.0400 Z9.6400 F237.6 ; Width: 1.010mm
G1 X12.3220 Y0.0400 Z9.5400 F296.6 ; Width: 0.809mm
G1 X12.6962 Y0.0400 Z9.1000 F420.4 ; Width: 0.571mm
G1 X12.8735 Y0.0400 Z8.8600 F813.2 ; Width: 0.295mm
G1 X13.0800 Y0.0400 Z8.5347 F1200.0 ; Width: 0.200mm
G1 X13.0944 Y0.0400 Z8.5600 F200.0 ; Width: 1.200mm
G1 X13.0950 Y0.0400 Z8.5800 F1200.0 ; Width: 0.200mm
G1 X13.0950 Y0.0400 Z13.0800 F1200.0 ; Width: 0.200mm
G1 X13.0800 Y0.0400 Z13.0950 F200.0 ; Width: 1.200mm
G0 Z14.0950 F6000.0 ; Z-hop up
G0 X12.7400 Y0.0400 F6000.0 ; Travel to new path
G0 Z12.7450 F6000.0 ; Z-hop down
M118 P0 S"24" ; Sync timer (Travel)
G1 X-12.7400 Y0.0400 Z12.7450 F1200.0 ; Width: 0.200mm
G1 X-12.7450 Y0.0400 Z10.9800 F200.0 ; Width: 1.200mm
G1 X-12.7400 Y0.0400 Z10.9748 F200.0 ; Width: 1.200mm
G1 X-12.4800 Y0.0400 Z11.0201 F200.0 ; Width: 1.200mm
G1 X-12.2600 Y0.0400 Z11.0346 F200.0 ; Width: 1.200mm
M118 P0 S"25" ; Sync timer
G1 X-10.0400 Y0.0400 Z11.0307 F600.0 ; Width: 0.400mm
G1 X-9.7800 Y0.0400 Z10.9996 F600.0 ; Width: 0.400mm
G1 X-9.5400 Y0.0400 Z10.9431 F600.0 ; Width: 0.400mm
G1 X-9.3200 Y0.0400 Z10.8662 F600.0 ; Width: 0.400mm
G1 X-9.0600 Y0.0400 Z10.7402 F600.0 ; Width: 0.400mm
G1 X-9.0400 Y0.0400 Z10.7402 F600.0 ; Width: 0.400mm
G1 X-8.8000 Y0.0400 Z10.8579 F600.0 ; Width: 0.400mm
G1 X-8.5400 Y0.0400 Z10.9489 F600.0 ; Width: 0.400mm
G1 X-8.2800 Y0.0400 Z11.0063 F600.0 ; Width: 0.400mm
G1 X-8.0000 Y0.0400 Z11.0336 F600.0 ; Width: 0.400mm
G1 X-5.7600 Y0.0400 Z11.0318 F600.0 ; Width: 0.400mm
G1 X-5.5800 Y0.0400 Z11.0151 F600.0 ; Width: 0.400mm
G1 X-5.4000 Y0.0400 Z10.9838 F600.0 ; Width: 0.400mm
G1 X-5.2200 Y0.0400 Z10.9372 F600.0 ; Width: 0.400mm
G1 X-5.0600 Y0.0400 Z10.8821 F600.0 ; Width: 0.400mm
G1 X-5.0400 Y0.0400 Z10.8821 F600.0 ; Width: 0.400mm
G1 X-4.8600 Y0.0400 Z10.9431 F600.0 ; Width: 0.400mm
G1 X-4.6800 Y0.0400 Z10.9880 F200.0 ; Width: 1.200mm
G1 X-4.5000 Y0.0400 Z11.0177 F200.0 ; Width: 1.200mm
G1 X-4.3200 Y0.0400 Z11.0328 F200.0 ; Width: 1.200mm
G1 X-1.3600 Y0.0400 Z11.0328 F600.0 ; Width: 0.400mm
G1 X-1.1600 Y0.0400 Z11.0151 F200.0 ; Width: 1.200mm
G1 X-0.9600 Y0.0400 Z10.9794 F200.0 ; Width: 1.200mm
G1 X-0.7600 Y0.0400 Z10.9246 F200.0 ; Width: 1.200mm
G1 X-0.5800 Y0.0400 Z10.8579 F200.0 ; Width: 1.200mm
G1 X-0.4000 Y0.0400 Z10.7730 F600.0 ; Width: 0.400mm
G1 X-0.2397 Y0.0400 Z10.6800 F600.0 ; Width: 0.400mm
G1 X-0.0800 Y0.0400 Z10.5686 F600.0 ; Width: 0.400mm
G1 X0.0800 Y0.0400 Z10.4345 F600.0 ; Width: 0.400mm
G1 X0.2200 Y0.0400 Z10.5532 F600.0 ; Width: 0.400mm
G1 X0.3600 Y0.0400 Z10.6542 F600.0 ; Width: 0.400mm
G1 X0.5000 Y0.0400 Z10.7402 F600.0 ; Width: 0.400mm
G1 X0.6600 Y0.0400 Z10.8225 F600.0 ; Width: 0.400mm
G1 X0.8200 Y0.0400 Z10.8897 F200.0 ; Width: 1.200mm
G1 X0.9800 Y0.0400 Z10.9431 F200.0 ; Width: 1.200mm
G1 X1.1400 Y0.0400 Z10.9838 F200.0 ; Width: 1.200mm
G1 X1.3200 Y0.0400 Z11.0151 F200.0 ; Width: 1.200mm
G1 X1.6000 Y0.0400 Z11.0349 F200.0 ; Width: 1.200mm
M118 P0 S"26" ; Sync timer
G1 X4.4400 Y0.0400 Z11.0336 F600.0 ; Width: 0.400mm
G1 X4.6600 Y0.0400 Z11.0151 F200.0 ; Width: 1.200mm
G1 X4.8600 Y0.0400 Z10.9794 F200.0 ; Width: 1.200mm
G1 X5.0600 Y0.0400 Z10.9246 F200.0 ; Width: 1.200mm
G1 X5.2600 Y0.0400 Z10.8494 F200.0 ; Width: 1.200mm
G1 X5.4400 Y0.0400 Z10.7623 F600.0 ; Width: 0.400mm
G1 X5.6200 Y0.0400 Z10.6542 F600.0 ; Width: 0.400mm
G1 X5.8000 Y0.0400 Z10.5213 F600.0 ; Width: 0.400mm
G1 X5.9600 Y0.0400 Z10.3773 F600.0 ; Width: 0.400mm
G1 X5.9800 Y0.0400 Z10.3729 F600.0 ; Width: 0.400mm
G1 X6.1600 Y0.0400 Z10.4928 F200.0 ; Width: 1.200mm
G1 X6.3600 Y0.0400 Z10.6114 F200.0 ; Width: 1.200mm
G1 X6.8400 Y0.0400 Z10.8494 F600.0 ; Width: 0.400mm
G1 X7.2000 Y0.0400 Z10.9846 F600.0 ; Width: 0.400mm
G1 X7.4800 Y0.0400 Z11.0689 F200.0 ; Width: 1.200mm
G1 X7.7200 Y0.0400 Z11.1300 F600.0 ; Width: 0.400mm
G1 X7.8800 Y0.0400 Z11.1630 F200.0 ; Width: 1.200mm
G1 X8.1800 Y0.0400 Z11.2094 F200.0 ; Width: 1.200mm
G1 X8.3800 Y0.0400 Z11.2307 F200.0 ; Width: 1.200mm
G1 X9.4400 Y0.0400 Z11.2318 F600.0 ; Width: 0.400mm
G1 X9.6000 Y0.0400 Z11.2177 F600.0 ; Width: 0.400mm
G1 X9.9800 Y0.0400 Z11.1630 F600.0 ; Width: 0.400mm
G1 X10.3400 Y0.0400 Z11.0798 F600.0 ; Width: 0.400mm
G1 X10.7200 Y0.0400 Z10.9571 F600.0 ; Width: 0.400mm
G1 X11.0600 Y0.0400 Z10.8262 F200.0 ; Width: 1.200mm
G1 X11.2070 Y0.0400 Z10.7600 F600.0 ; Width: 0.400mm
G1 X11.4600 Y0.0400 Z10.6330 F200.0 ; Width: 1.200mm
G1 X11.6000 Y0.0400 Z10.5528 F200.0 ; Width: 1.200mm
G1 X11.9211 Y0.0400 Z10.3400 F245.0 ; Width: 0.979mm
G1 X12.1000 Y0.0400 Z10.2086 F329.0 ; Width: 0.729mm
G1 X12.2200 Y0.0400 Z10.1104 F413.8 ; Width: 0.580mm
G1 X12.4967 Y0.0400 Z9.8600 F628.9 ; Width: 0.382mm
G1 X12.6200 Y0.0400 Z9.7340 F1200.0 ; Width: 0.200mm
G1 X12.7400 Y0.0400 Z9.5940 F1200.0 ; Width: 0.200mm
M118 P0 S"27" ; Sync timer
G1 X12.7400 Y0.0400 Z12.7450 F200.0 ; Width: 1.200mm
G0 Z13.7450 F6000.0 ; Z-hop up
G0 X12.3800 Y0.0400 F6000.0 ; Travel to new path
G0 Z12.3950 F6000.0 ; Z-hop down
G1 X-12.3800 Y0.0400 Z12.3950 F1200.0 ; Width: 0.200mm
G1 X-12.3950 Y0.0400 Z12.3800 F200.0 ; Width: 1.200mm
M118 P0 S"28" ; Sync timer
G1 X-12.3950 Y0.0400 Z11.4000 F200.0 ; Width: 1.200mm
G1 X-12.3800 Y0.0400 Z11.3802 F200.0 ; Width: 1.200mm
G1 X-10.1800 Y0.0400 Z11.3850 F200.0 ; Width: 1.200mm
G1 X-9.9800 Y0.0400 Z11.3774 F600.0 ; Width: 0.400mm
G1 X-9.7400 Y0.0400 Z11.3479 F600.0 ; Width: 0.400mm
G1 X-9.5000 Y0.0400 Z11.2954 F600.0 ; Width: 0.400mm
G1 X-9.2800 Y0.0400 Z11.2259 F600.0 ; Width: 0.400mm
G1 X-9.0600 Y0.0400 Z11.1341 F600.0 ; Width: 0.400mm
G1 X-9.0400 Y0.0400 Z11.1341 F200.0 ; Width: 1.200mm
G1 X-8.7600 Y0.0400 Z11.2470 F200.0 ; Width: 1.200mm
G1 X-8.5200 Y0.0400 Z11.3155 F600.0 ; Width: 0.400mm
G1 X-8.2600 Y0.0400 Z11.3629 F600.0 ; Width: 0.400mm
G1 X-8.0000 Y0.0400 Z11.3838 F200.0 ; Width: 1.200mm
G1 X-5.7600 Y0.0400 Z11.3823 F600.0 ; Width: 0.400mm
G1 X-5.5800 Y0.0400 Z11.3678 F600.0 ; Width: 0.400mm
G1 X-5.4000 Y0.0400 Z11.3407 F600.0 ; Width: 0.400mm
G1 X-5.2200 Y0.0400 Z11.3007 F600.0 ; Width: 0.400mm
G1 X-5.0600 Y0.0400 Z11.2536 F200.0 ; Width: 1.200mm
G1 X-4.6800 Y0.0400 Z11.3444 F600.0 ; Width: 0.400mm
G1 X-4.5000 Y0.0400 Z11.3700 F600.0 ; Width: 0.400mm
G1 X-4.3200 Y0.0400 Z11.3831 F600.0 ; Width: 0.400mm
G1 X-1.3600 Y0.0400 Z11.3831 F600.0 ; Width: 0.400mm
M118 P0 S"29" ; Sync timer
G1 X-1.1600 Y0.0400 Z11.3678 F200.0 ; Width: 1.200mm
G1 X-0.9800 Y0.0400 Z11.3407 F200.0 ; Width: 1.200mm
G1 X-0.7800 Y0.0400 Z11.2954 F200.0 ; Width: 1.200mm
G1 X-0.6000 Y0.0400 Z11.2401 F200.0 ; Width: 1.200mm
G1 X-0.4200 Y0.0400 Z11.1702 F600.0 ; Width: 0.400mm
G1 X-0.2400 Y0.0400 Z11.0843 F600.0 ; Width: 0.400mm
G1 X-0.0800 Y0.0400 Z10.9930 F600.0 ; Width: 0.400mm
G1 X0.0800 Y0.0400 Z10.8858 F600.0 ; Width: 0.400mm
G1 X0.2200 Y0.0400 Z10.9805 F600.0 ; Width: 0.400mm
G1 X0.3600 Y0.0400 Z11.0628 F600.0 ; Width: 0.400mm
G1 X0.5000 Y0.0400 Z11.1341 F600.0 ; Width: 0.400mm
G1 X0.6600 Y0.0400 Z11.2032 F600.0 ; Width: 0.400mm
G1 X0.8200 Y0.0400 Z11.2601 F200.0 ; Width: 1.200mm
G1 X0.9800 Y0.0400 Z11.3058 F200.0 ; Width: 1.200mm
G1 X1.1400 Y0.0400 Z11.3407 F200.0 ; Width: 1.200mm
G1 X1.3200 Y0.0400 Z11.3678 F200.0 ; Width: 1.200mm
G1 X1.6000 Y0.0400 Z11.3849 F200.0 ; Width: 1.200mm
G1 X4.4400 Y0.0400 Z11.3838 F600.0 ; Width: 0.400mm
G1 X4.6600 Y0.0400 Z11.3678 F200.0 ; Width: 1.200mm
G1 X4.8600 Y0.0400 Z11.3369 F200.0 ; Width: 1.200mm
G1 X5.0600 Y0.0400 Z11.2899 F200.0 ; Width: 1.200mm
G1 X5.2600 Y0.0400 Z11.2259 F200.0 ; Width: 1.200mm
G1 X5.4600 Y0.0400 Z11.1434 F600.0 ; Width: 0.400mm
G1 X5.6400 Y0.0400 Z11.0518 F600.0 ; Width: 0.400mm
G1 X5.8223 Y0.0400 Z10.9400 F600.0 ; Width: 0.400mm
G1 X6.0000 Y0.0400 Z10.8096 F600.0 ; Width: 0.400mm
G1 X6.2705 Y0.0400 Z10.9600 F600.0 ; Width: 0.400mm
G1 X6.6000 Y0.0400 Z11.1245 F600.0 ; Width: 0.400mm
G1 X6.7600 Y0.0400 Z11.1952 F600.0 ; Width: 0.400mm
G1 X7.1200 Y0.0400 Z11.3264 F200.0 ; Width: 1.200mm
G1 X7.4000 Y0.0400 Z11.4099 F200.0 ; Width: 1.200mm
G1 X7.6800 Y0.0400 Z11.4801 F200.0 ; Width: 1.200mm
G1 X8.1400 Y0.0400 Z11.5573 F600.0 ; Width: 0.400mm
G1 X8.3600 Y0.0400 Z11.5801 F600.0 ; Width: 0.400mm
G1 X9.4200 Y0.0400 Z11.5831 F600.0 ; Width: 0.400mm
G1 X9.6800 Y0.0400 Z11.5602 F600.0 ; Width: 0.400mm
G1 X10.0200 Y0.0400 Z11.5112 F200.0 ; Width: 1.200mm
G1 X10.2000 Y0.0400 Z11.4755 F200.0 ; Width: 1.200mm
M118 P0 S"30" ; Sync timer
G1 X10.5600 Y0.0400 Z11.3801 F200.0 ; Width: 1.200mm
G1 X11.0600 Y0.0400 Z11.2032 F200.0 ; Width: 1.200mm
G1 X11.3200 Y0.0400 Z11.0941 F201.7 ; Width: 1.190mm
G1 X11.7200 Y0.0400 Z10.8890 F279.1 ; Width: 0.860mm
G1 X12.1316 Y0.0400 Z10.6200 F528.4 ; Width: 0.454mm
G1 X12.3800 Y0.0400 Z10.4335 F1200.0 ; Width: 0.200mm
G1 X12.3901 Y0.0400 Z10.4400 F200.0 ; Width: 1.200mm
G1 X12.3950 Y0.0400 Z10.4600 F1200.0 ; Width: 0.200mm
G1 X12.3950 Y0.0400 Z12.3800 F1200.0 ; Width: 0.200mm
G1 X12.3800 Y0.0400 Z12.3950 F200.0 ; Width: 1.200mm
G0 Z13.3950 F6000.0 ; Z-hop up
G0 X12.0400 Y0.0400 F6000.0 ; Travel to new path
G0 Z12.0450 F6000.0 ; Z-hop down
G1 X-12.0400 Y0.0400 Z12.0450 F1200.0 ; Width: 0.200mm
G1 X-12.0450 Y0.0400 Z11.7400 F200.0 ; Width: 1.200mm
M118 P0 S"31" ; Sync timer
G1 X-10.1600 Y0.0400 Z11.7349 F200.0 ; Width: 1.200mm
G1 X-9.9600 Y0.0400 Z11.7269 F200.0 ; Width: 1.200mm
G1 X-9.7200 Y0.0400 Z11.6992 F200.0 ; Width: 1.200mm
G1 X-9.5000 Y0.0400 Z11.6562 F600.0 ; Width: 0.400mm
G1 X-9.2800 Y0.0400 Z11.5956 F600.0 ; Width: 0.400mm
G1 X-9.0600 Y0.0400 Z11.5161 F600.0 ; Width: 0.400mm
G1 X-9.0400 Y0.0400 Z11.5161 F600.0 ; Width: 0.400mm
G1 X-8.7600 Y0.0400 Z11.6139 F600.0 ; Width: 0.400mm
G1 X-8.5200 Y0.0400 Z11.6739 F200.0 ; Width: 1.200mm
G1 X-8.2600 Y0.0400 Z11.7155 F600.0 ; Width: 0.400mm
G1 X-8.0000 Y0.0400 Z11.7339 F200.0 ; Width: 1.200mm
G1 X-5.7600 Y0.0400 Z11.7326 F600.0 ; Width: 0.400mm
G1 X-5.5800 Y0.0400 Z11.7198 F600.0 ; Width: 0.400mm
G1 X-5.4000 Y0.0400 Z11.6960 F600.0 ; Width: 0.400mm
G1 X-5.2200 Y0.0400 Z11.6609 F600.0 ; Width: 0.400mm
G1 X-5.0600 Y0.0400 Z11.6198 F200.0 ; Width: 1.200mm
G1 X-4.6800 Y0.0400 Z11.6992 F600.0 ; Width: 0.400mm
G1 X-4.5000 Y0.0400 Z11.7218 F600.0 ; Width: 0.400mm
G1 X-4.3200 Y0.0400 Z11.7333 F600.0 ; Width: 0.400mm
G1 X-1.3600 Y0.0400 Z11.7333 F600.0 ; Width: 0.400mm
G1 X-1.1600 Y0.0400 Z11.7198 F200.0 ; Width: 1.200mm
G1 X-0.9800 Y0.0400 Z11.6960 F200.0 ; Width: 1.200mm
G1 X-0.8000 Y0.0400 Z11.6609 F200.0 ; Width: 1.200mm
G1 X-0.6200 Y0.0400 Z11.6139 F600.0 ; Width: 0.400mm
G1 X-0.4400 Y0.0400 Z11.5547 F600.0 ; Width: 0.400mm
G1 X-0.2600 Y0.0400 Z11.4822 F600.0 ; Width: 0.400mm
G1 X-0.0885 Y0.0400 Z11.4000 F600.0 ; Width: 0.400mm
G1 X0.0800 Y0.0400 Z11.3054 F600.0 ; Width: 0.400mm
G1 X0.3800 Y0.0400 Z11.4643 F600.0 ; Width: 0.400mm
G1 X0.6800 Y0.0400 Z11.5826 F200.0 ; Width: 1.200mm
M118 P0 S"32" ; Sync timer
G1 X1.0000 Y0.0400 Z11.6697 F200.0 ; Width: 1.200mm
G1 X1.3200 Y0.0400 Z11.7198 F200.0 ; Width: 1.200mm
G1 X1.6000 Y0.0400 Z11.7349 F200.0 ; Width: 1.200mm
G1 X4.4400 Y0.0400 Z11.7339 F600.0 ; Width: 0.400mm
G1 X4.6600 Y0.0400 Z11.7198 F200.0 ; Width: 1.200mm
G1 X4.8600 Y0.0400 Z11.6927 F200.0 ; Width: 1.200mm
G1 X5.0600 Y0.0400 Z11.6515 F200.0 ; Width: 1.200mm
G1 X5.2600 Y0.0400 Z11.5956 F200.0 ; Width: 1.200mm
G1 X5.4600 Y0.0400 Z11.5242 F600.0 ; Width: 0.400mm
G1 X5.6600 Y0.0400 Z11.4359 F600.0 ; Width: 0.400mm
G1 X5.8400 Y0.0400 Z11.3407 F600.0 ; Width: 0.400mm
G1 X6.0200 Y0.0400 Z11.2288 F600.0 ; Width: 0.400mm
G1 X6.5200 Y0.0400 Z11.4733 F600.0 ; Width: 0.400mm
G1 X6.8800 Y0.0400 Z11.6147 F200.0 ; Width: 1.200mm
G1 X7.3000 Y0.0400 Z11.7454 F200.0 ; Width: 1.200mm
G1 X7.6600 Y0.0400 Z11.8339 F600.0 ; Width: 0.400mm
G1 X8.1000 Y0.0400 Z11.9052 F600.0 ; Width: 0.400mm
G1 X8.3400 Y0.0400 Z11.9295 F600.0 ; Width: 0.400mm
G1 X9.4000 Y0.0400 Z11.9339 F600.0 ; Width: 0.400mm
G1 X9.6600 Y0.0400 Z11.9155 F200.0 ; Width: 1.200mm
G1 X10.1000 Y0.0400 Z11.8527 F200.0 ; Width: 1.200mm
G1 X10.3000 Y0.0400 Z11.8115 F200.0 ; Width: 1.200mm
G1 X10.6600 Y0.0400 Z11.7156 F200.0 ; Width: 1.200mm
G1 X10.9800 Y0.0400 Z11.6073 F200.0 ; Width: 1.200mm
G1 X11.4000 Y0.0400 Z11.4422 F282.4 ; Width: 0.850mm
M118 P0 S"33" ; Sync timer
G1 X11.7800 Y0.0400 Z11.2556 F533.3 ; Width: 0.450mm
G1 X12.0400 Y0.0400 Z11.1053 F1200.0 ; Width: 0.200mm
G1 X12.0450 Y0.0400 Z11.1200 F200.0 ; Width: 1.200mm
G1 X12.0400 Y0.0400 Z12.0450 F200.0 ; Width: 1.200mm
G0 Z13.0450 F6000.0 ; Z-hop up
G0 X9.4301 Y0.0400 F6000.0 ; Travel to new path
G0 Z10.1800 F6000.0 ; Z-hop down
G1 X9.6400 Y0.0400 Z10.1443 F1200.0 ; Width: 0.200mm
G1 X9.8200 Y0.0400 Z10.1251 F1200.0 ; Width: 0.200mm
G1 X10.0800 Y0.0400 Z10.0625 F1200.0 ; Width: 0.200mm
G1 X10.3600 Y0.0400 Z9.9707 F1200.0 ; Width: 0.200mm
G1 X10.7391 Y0.0400 Z9.8200 F1200.0 ; Width: 0.200mm
G1 X11.0200 Y0.0400 Z9.6765 F1200.0 ; Width: 0.200mm
G1 X11.3600 Y0.0400 Z9.4511 F1200.0 ; Width: 0.200mm
G1 X11.5288 Y0.0400 Z9.3200 F1200.0 ; Width: 0.200mm
G1 X11.6400 Y0.0400 Z9.2124 F1200.0 ; Width: 0.200mm
G1 X11.7600 Y0.0400 Z9.1116 F1200.0 ; Width: 0.200mm
G1 X11.8500 Y0.0400 Z9.0200 F1200.0 ; Width: 0.200mm
G1 X12.1200 Y0.0400 Z8.7009 F1200.0 ; Width: 0.200mm
G1 X12.3000 Y0.0400 Z8.4584 F1200.0 ; Width: 0.200mm
G1 X12.4990 Y0.0400 Z8.1400 F1200.0 ; Width: 0.200mm
G1 X12.7400 Y0.0400 Z7.6562 F1200.0 ; Width: 0.200mm
G1 X12.8846 Y0.0400 Z7.2800 F1200.0 ; Width: 0.200mm
G1 X13.0225 Y0.0400 Z6.8000 F1200.0 ; Width: 0.200mm
G1 X13.0726 Y0.0400 Z6.5400 F1200.0 ; Width: 0.200mm
G1 X13.1213 Y0.0400 Z6.3400 F1200.0 ; Width: 0.200mm
G1 X13.1770 Y0.0400 Z6.0000 F1200.0 ; Width: 0.200mm
G1 X13.1851 Y0.0400 Z5.8200 F1200.0 ; Width: 0.200mm
G1 X13.2209 Y0.0400 Z5.5800 F1200.0 ; Width: 0.200mm
G1 X13.2251 Y0.0400 Z5.3800 F1200.0 ; Width: 0.200mm
G1 X13.2643 Y0.0400 Z4.9600 F1200.0 ; Width: 0.200mm
G1 X13.2650 Y0.0400 Z3.6600 F1200.0 ; Width: 0.200mm
G1 X13.2570 Y0.0400 Z3.5200 F1200.0 ; Width: 0.200mm
G1 X13.2326 Y0.0400 Z3.3800 F1200.0 ; Width: 0.200mm
G1 X13.1979 Y0.0400 Z3.2600 F1200.0 ; Width: 0.200mm
G1 X13.1583 Y0.0400 Z3.1600 F1200.0 ; Width: 0.200mm
G1 X13.0880 Y0.0400 Z3.0200 F1200.0 ; Width: 0.200mm
G1 X13.0253 Y0.0400 Z2.9200 F1200.0 ; Width: 0.200mm
G1 X12.9477 Y0.0400 Z2.8200 F1200.0 ; Width: 0.200mm
G1 X12.7655 Y0.0400 Z2.6400 F1200.0 ; Width: 0.200mm
G1 X12.6273 Y0.0400 Z2.5400 F1200.0 ; Width: 0.200mm
G1 X12.4762 Y0.0400 Z2.4600 F1200.0 ; Width: 0.200mm
G1 X12.3200 Y0.0400 Z2.4031 F1200.0 ; Width: 0.200mm
G1 X12.1400 Y0.0400 Z2.3655 F1200.0 ; Width: 0.200mm
G1 X11.9800 Y0.0400 Z2.3550 F1200.0 ; Width: 0.200mm
G1 X10.7600 Y0.0400 Z2.3549 F1200.0 ; Width: 0.200mm
G1 X10.5400 Y0.0400 Z2.3350 F1200.0 ; Width: 0.200mm
G1 X9.9800 Y0.0400 Z2.3357 F1200.0 ; Width: 0.200mm
G1 X9.7600 Y0.0400 Z2.3629 F1200.0 ; Width: 0.200mm
G1 X9.6400 Y0.0400 Z2.3954 F1200.0 ; Width: 0.200mm
G1 X9.4600 Y0.0400 Z2.4617 F1200.0 ; Width: 0.200mm
G1 X9.3000 Y0.0400 Z2.5480 F1200.0 ; Width: 0.200mm
G1 X9.1600 Y0.0400 Z2.6523 F1200.0 ; Width: 0.200mm
G1 X9.1470 Y0.0400 Z2.6400 F1200.0 ; Width: 0.200mm
G1 X9.1450 Y0.0400 Z0.1000 F1200.0 ; Width: 0.200mm
G1 X9.1470 Y0.0400 Z0.0800 F1200.0 ; Width: 0.200mm
G1 X9.1600 Y0.0400 Z0.0677 F1200.0 ; Width: 0.200mm
G1 X9.3127 Y0.0400 Z0.1800 F1200.0 ; Width: 0.200mm
G1 X9.4800 Y0.0400 Z0.2670 F1200.0 ; Width: 0.200mm
G1 X9.6600 Y0.0400 Z0.3277 F1200.0 ; Width: 0.200mm
G1 X9.8400 Y0.0400 Z0.3591 F1200.0 ; Width: 0.200mm
G1 X9.9600 Y0.0400 Z0.3650 F1200.0 ; Width: 0.200mm
G1 X11.9800 Y0.0400 Z0.3650 F1200.0 ; Width: 0.200mm
G1 X12.2000 Y0.0400 Z0.3451 F1200.0 ; Width: 0.200mm
G1 X12.3800 Y0.0400 Z0.2979 F1200.0 ; Width: 0.200mm
G1 X12.5400 Y0.0400 Z0.2295 F1200.0 ; Width: 0.200mm
G1 X12.7000 Y0.0400 Z0.1311 F1200.0 ; Width: 0.200mm
G1 X12.8322 Y0.0400 Z0.0200 F1200.0 ; Width: 0.200mm
G1 X12.9646 Y0.0400 Z-0.1200 F1200.0 ; Width: 0.200mm
G1 X13.0765 Y0.0400 Z-0.2800 F1200.0 ; Width: 0.200mm
G1 X13.1753 Y0.0400 Z-0.4800 F1200.0 ; Width: 0.200mm
G1 X13.2326 Y0.0400 Z-0.6600 F1200.0 ; Width: 0.200mm
G1 X13.2545 Y0.0400 Z-0.7800 F1200.0 ; Width: 0.200mm
G1 X13.2648 Y0.0400 Z-0.9200 F1200.0 ; Width: 0.200mm
G1 X13.2635 Y0.0400 Z-2.7800 F1200.0 ; Width: 0.200mm
G1 X13.2251 Y0.0400 Z-3.1400 F1200.0 ; Width: 0.200mm
G1 X13.2209 Y0.0400 Z-3.4000 F1200.0 ; Width: 0.200mm
G1 X13.1851 Y0.0400 Z-3.6400 F1200.0 ; Width: 0.200mm
G1 X13.1745 Y0.0400 Z-3.8200 F1200.0 ; Width: 0.200mm
G1 X13.1425 Y0.0400 Z-3.9800 F1200.0 ; Width: 0.200mm
G1 X13.1251 Y0.0400 Z-4.1200 F1200.0 ; Width: 0.200mm
G1 X13.0771 Y0.0400 Z-4.3200 F1200.0 ; Width: 0.200mm
G1 X13.0225 Y0.0400 Z-4.6200 F1200.0 ; Width: 0.200mm
G1 X12.8579 Y0.0400 Z-5.1600 F1200.0 ; Width: 0.200mm
G1 X12.7070 Y0.0400 Z-5.5400 F1200.0 ; Width: 0.200mm
G1 X12.4990 Y0.0400 Z-5.9600 F1200.0 ; Width: 0.200mm
G1 X12.3445 Y0.0400 Z-6.2200 F1200.0 ; Width: 0.200mm
G1 X12.2800 Y0.0400 Z-6.3150 F1200.0 ; Width: 0.200mm
G1 X11.9700 Y0.0400 Z-6.7200 F1200.0 ; Width: 0.200mm
G1 X11.6400 Y0.0400 Z-7.0516 F1200.0 ; Width: 0.200mm
G1 X11.4000 Y0.0400 Z-7.2562 F1200.0 ; Width: 0.200mm
G1 X11.1073 Y0.0400 Z-7.4600 F1200.0 ; Width: 0.200mm
G1 X10.8000 Y0.0400 Z-7.6291 F1200.0 ; Width: 0.200mm
G1 X10.4600 Y0.0400 Z-7.7779 F1200.0 ; Width: 0.200mm
G1 X10.2800 Y0.0400 Z-7.8369 F1200.0 ; Width: 0.200mm
G1 X9.9800 Y0.0400 Z-7.9171 F1200.0 ; Width: 0.200mm
G1 X9.6800 Y0.0400 Z-7.9745 F1200.0 ; Width: 0.200mm
G1 X9.4800 Y0.0400 Z-7.9991 F1200.0 ; Width: 0.200mm
G1 X9.3400 Y0.0400 Z-8.0051 F1200.0 ; Width: 0.200mm
G1 X9.1600 Y0.0400 Z-8.0243 F1200.0 ; Width: 0.200mm
G1 X8.7000 Y0.0400 Z-8.0235 F1116.3 ; Width: 0.215mm
G1 X8.5400 Y0.0400 Z-8.0051 F1200.0 ; Width: 0.200mm
G1 X8.4000 Y0.0400 Z-7.9991 F1200.0 ; Width: 0.200mm
G1 X8.1800 Y0.0400 Z-7.9717 F1200.0 ; Width: 0.200mm
G1 X7.8600 Y0.0400 Z-7.9077 F1200.0 ; Width: 0.200mm
G1 X7.5800 Y0.0400 Z-7.8309 F1200.0 ; Width: 0.200mm
G1 X7.3800 Y0.0400 Z-7.7632 F1200.0 ; Width: 0.200mm
G1 X7.0000 Y0.0400 Z-7.5895 F1200.0 ; Width: 0.200mm
M118 P0 S"34" ; Sync timer
G1 X6.6800 Y0.0400 Z-7.4045 F1000.0 ; Width: 0.240mm
G1 X6.5000 Y0.0400 Z-7.2807 F1200.0 ; Width: 0.200mm
G1 X6.2000 Y0.0400 Z-7.0316 F1200.0 ; Width: 0.200mm
G1 X5.9100 Y0.0400 Z-6.7400 F1200.0 ; Width: 0.200mm
G1 X5.6400 Y0.0400 Z-6.4150 F1200.0 ; Width: 0.200mm
G1 X5.6250 Y0.0400 Z-6.4400 F1200.0 ; Width: 0.200mm
G1 X5.6224 Y0.0400 Z-6.6000 F1200.0 ; Width: 0.200mm
G1 X5.6086 Y0.0400 Z-6.7200 F1200.0 ; Width: 0.200mm
G1 X5.5825 Y0.0400 Z-6.8400 F1200.0 ; Width: 0.200mm
G1 X5.5507 Y0.0400 Z-6.9400 F1200.0 ; Width: 0.200mm
G1 X5.5000 Y0.0400 Z-7.0591 F1200.0 ; Width: 0.200mm
G1 X5.4445 Y0.0400 Z-7.1600 F1200.0 ; Width: 0.200mm
G1 X5.3800 Y0.0400 Z-7.2550 F1200.0 ; Width: 0.200mm
G1 X5.3100 Y0.0400 Z-7.3400 F1200.0 ; Width: 0.200mm
G1 X5.1922 Y0.0400 Z-7.4600 F1200.0 ; Width: 0.200mm
G1 X5.1009 Y0.0400 Z-7.5400 F1200.0 ; Width: 0.200mm
G1 X5.0000 Y0.0400 Z-7.6120 F1200.0 ; Width: 0.200mm
G1 X4.9000 Y0.0400 Z-7.6695 F1200.0 ; Width: 0.200mm
G1 X4.7800 Y0.0400 Z-7.7232 F1200.0 ; Width: 0.200mm
G1 X4.6600 Y0.0400 Z-7.7625 F1200.0 ; Width: 0.200mm
G1 X4.5400 Y0.0400 Z-7.7886 F1200.0 ; Width: 0.200mm
G1 X4.4000 Y0.0400 Z-7.8035 F1200.0 ; Width: 0.200mm
G1 X2.5600 Y0.0400 Z-7.8050 F266.7 ; Width: 0.900mm
G1 X2.3600 Y0.0400 Z-7.7886 F285.7 ; Width: 0.840mm
G1 X2.2400 Y0.0400 Z-7.7625 F352.9 ; Width: 0.680mm
G1 X2.1400 Y0.0400 Z-7.7307 F421.1 ; Width: 0.570mm
G1 X1.9460 Y0.0400 Z-7.6400 F567.4 ; Width: 0.423mm
G1 X1.7745 Y0.0400 Z-7.5200 F998.9 ; Width: 0.240mm
G1 X1.6000 Y0.0400 Z-7.3510 F1200.0 ; Width: 0.200mm
G1 X1.5800 Y0.0400 Z-7.3510 F1200.0 ; Width: 0.200mm
G1 X1.4055 Y0.0400 Z-7.5200 F1200.0 ; Width: 0.200mm
G1 X1.2400 Y0.0400 Z-7.6365 F1200.0 ; Width: 0.200mm
G1 X1.0600 Y0.0400 Z-7.7232 F1200.0 ; Width: 0.200mm
G1 X0.8661 Y0.0400 Z-7.7800 F1200.0 ; Width: 0.200mm
G1 X0.7600 Y0.0400 Z-7.7970 F1200.0 ; Width: 0.200mm
G1 X0.6400 Y0.0400 Z-7.8048 F1200.0 ; Width: 0.200mm
G1 X-0.5600 Y0.0400 Z-7.8009 F1200.0 ; Width: 0.200mm
G1 X-0.6800 Y0.0400 Z-7.7851 F1200.0 ; Width: 0.200mm
G1 X-0.8000 Y0.0400 Z-7.7569 F1200.0 ; Width: 0.200mm
G1 X-0.9200 Y0.0400 Z-7.7153 F1200.0 ; Width: 0.200mm
G1 X-1.0400 Y0.0400 Z-7.6590 F1200.0 ; Width: 0.200mm
G1 X-1.1400 Y0.0400 Z-7.5989 F1200.0 ; Width: 0.200mm
G1 X-1.2400 Y0.0400 Z-7.5246 F1200.0 ; Width: 0.200mm
G1 X-1.4400 Y0.0400 Z-7.3288 F1200.0 ; Width: 0.200mm
G1 X-1.4600 Y0.0400 Z-7.3288 F1142.9 ; Width: 0.210mm
G1 X-1.5878 Y0.0400 Z-7.4600 F1200.0 ; Width: 0.200mm
G1 X-1.6800 Y0.0400 Z-7.5407 F1200.0 ; Width: 0.200mm
G1 X-1.7800 Y0.0400 Z-7.6120 F888.9 ; Width: 0.270mm
G1 X-1.8800 Y0.0400 Z-7.6695 F648.6 ; Width: 0.370mm
G1 X-2.0000 Y0.0400 Z-7.7232 F500.0 ; Width: 0.480mm
G1 X-2.1200 Y0.0400 Z-7.7625 F400.0 ; Width: 0.600mm
G1 X-2.2400 Y0.0400 Z-7.7886 F333.3 ; Width: 0.720mm
G1 X-2.3600 Y0.0400 Z-7.8024 F285.7 ; Width: 0.840mm
G1 X-4.2000 Y0.0400 Z-7.8050 F230.8 ; Width: 1.040mm
G1 X-4.3400 Y0.0400 Z-7.7970 F1200.0 ; Width: 0.200mm
G1 X-4.5200 Y0.0400 Z-7.7625 F1200.0 ; Width: 0.200mm
G1 X-4.7000 Y0.0400 Z-7.6983 F1200.0 ; Width: 0.200mm
G1 X-4.8600 Y0.0400 Z-7.6120 F1200.0 ; Width: 0.200mm
G1 X-4.9600 Y0.0400 Z-7.5407 F1200.0 ; Width: 0.200mm
G1 X-5.0400 Y0.0400 Z-7.4716 F1200.0 ; Width: 0.200mm
G1 X-5.0600 Y0.0400 Z-7.4716 F1200.0 ; Width: 0.200mm
G1 X-5.2200 Y0.0400 Z-7.5989 F1200.0 ; Width: 0.200mm
G1 X-5.3800 Y0.0400 Z-7.6891 F1200.0 ; Width: 0.200mm
G1 X-5.5600 Y0.0400 Z-7.7569 F1200.0 ; Width: 0.200mm
G1 X-5.7600 Y0.0400 Z-7.7970 F1200.0 ; Width: 0.200mm
G1 X-5.9000 Y0.0400 Z-7.8050 F1200.0 ; Width: 0.200mm
M118 P0 S"35" ; Sync timer
G1 X-7.9600 Y0.0400 Z-7.8035 F228.6 ; Width: 1.050mm
G1 X-8.1200 Y0.0400 Z-7.7851 F1200.0 ; Width: 0.200mm
G1 X-8.2800 Y0.0400 Z-7.7446 F1200.0 ; Width: 0.200mm
G1 X-8.4400 Y0.0400 Z-7.6796 F1200.0 ; Width: 0.200mm
G1 X-8.5784 Y0.0400 Z-7.6000 F1200.0 ; Width: 0.200mm
G1 X-8.7088 Y0.0400 Z-7.5000 F1200.0 ; Width: 0.200mm
G1 X-8.8400 Y0.0400 Z-7.3710 F1200.0 ; Width: 0.200mm
G1 X-8.9453 Y0.0400 Z-7.2400 F1200.0 ; Width: 0.200mm
G1 X-9.0400 Y0.0400 Z-7.0791 F1200.0 ; Width: 0.200mm
G1 X-9.0600 Y0.0400 Z-7.0791 F1200.0 ; Width: 0.200mm
G1 X-9.1280 Y0.0400 Z-7.2000 F1200.0 ; Width: 0.200mm
G1 X-9.2154 Y0.0400 Z-7.3200 F1200.0 ; Width: 0.200mm
G1 X-9.3200 Y0.0400 Z-7.4323 F1200.0 ; Width: 0.200mm
G1 X-9.4200 Y0.0400 Z-7.5207 F1200.0 ; Width: 0.200mm
G1 X-9.5400 Y0.0400 Z-7.6045 F1200.0 ; Width: 0.200mm
G1 X-9.6809 Y0.0400 Z-7.6800 F1200.0 ; Width: 0.200mm
G1 X-9.8000 Y0.0400 Z-7.7307 F1200.0 ; Width: 0.200mm
G1 X-9.9400 Y0.0400 Z-7.7726 F1200.0 ; Width: 0.200mm
G1 X-10.0600 Y0.0400 Z-7.7945 F1200.0 ; Width: 0.200mm
G1 X-10.2000 Y0.0400 Z-7.8048 F1200.0 ; Width: 0.200mm
G1 X-12.2400 Y0.0400 Z-7.8043 F230.8 ; Width: 1.040mm
G1 X-12.4000 Y0.0400 Z-7.7886 F1200.0 ; Width: 0.200mm
G1 X-12.5400 Y0.0400 Z-7.7569 F1200.0 ; Width: 0.200mm
G1 X-12.6800 Y0.0400 Z-7.7070 F1200.0 ; Width: 0.200mm
G1 X-12.8181 Y0.0400 Z-7.6400 F1200.0 ; Width: 0.200mm
G1 X-12.9400 Y0.0400 Z-7.5653 F1200.0 ; Width: 0.200mm
G1 X-13.0400 Y0.0400 Z-7.4877 F1200.0 ; Width: 0.200mm
G1 X-13.1516 Y0.0400 Z-7.3800 F1200.0 ; Width: 0.200mm
G1 X-13.2362 Y0.0400 Z-7.2800 F1200.0 ; Width: 0.200mm
G1 X-13.3400 Y0.0400 Z-7.1181 F1200.0 ; Width: 0.200mm
G1 X-13.4379 Y0.0400 Z-6.9000 F729.6 ; Width: 0.329mm
G1 X-13.4851 Y0.0400 Z-6.7200 F600.0 ; Width: 0.400mm
G1 X-13.5048 Y0.0400 Z-6.5200 F600.0 ; Width: 0.400mm
M118 P0 S"36" ; Sync timer
G1 X-13.5048 Y0.0400 Z8.7000 F600.0 ; Width: 0.400mm
G1 X-13.4917 Y0.0400 Z8.8600 F600.0 ; Width: 0.400mm
G1 X-13.4625 Y0.0400 Z9.0000 F600.0 ; Width: 0.400mm
G1 X-13.4153 Y0.0400 Z9.1400 F601.6 ; Width: 0.399mm
G1 X-13.3400 Y0.0400 Z9.2981 F1061.7 ; Width: 0.226mm
G1 X-13.2653 Y0.0400 Z9.4200 F1200.0 ; Width: 0.200mm
G1 X-13.1877 Y0.0400 Z9.5200 F1200.0 ; Width: 0.200mm
G1 X-13.0600 Y0.0400 Z9.6516 F1200.0 ; Width: 0.200mm
G1 X-12.9600 Y0.0400 Z9.7362 F1200.0 ; Width: 0.200mm
G1 X-12.8200 Y0.0400 Z9.8280 F1200.0 ; Width: 0.200mm
G1 X-12.6600 Y0.0400 Z9.9032 F1200.0 ; Width: 0.200mm
G1 X-12.5000 Y0.0400 Z9.9526 F1200.0 ; Width: 0.200mm
G1 X-12.3200 Y0.0400 Z9.9809 F1200.0 ; Width: 0.200mm
G1 X-10.1800 Y0.0400 Z9.9850 F242.4 ; Width: 0.990mm
G1 X-10.0400 Y0.0400 Z9.9770 F1200.0 ; Width: 0.200mm
G1 X-9.8800 Y0.0400 Z9.9477 F1200.0 ; Width: 0.200mm
G1 X-9.7400 Y0.0400 Z9.9032 F1200.0 ; Width: 0.200mm
G1 X-9.6019 Y0.0400 Z9.8400 F1200.0 ; Width: 0.200mm
G1 X-9.4800 Y0.0400 Z9.7653 F1200.0 ; Width: 0.200mm
G1 X-9.3600 Y0.0400 Z9.6700 F1200.0 ; Width: 0.200mm
G1 X-9.2500 Y0.0400 Z9.5600 F1200.0 ; Width: 0.200mm
G1 X-9.1411 Y0.0400 Z9.4200 F1200.0 ; Width: 0.200mm
G1 X-9.0600 Y0.0400 Z9.2791 F1200.0 ; Width: 0.200mm
G1 X-9.0400 Y0.0400 Z9.2791 F1200.0 ; Width: 0.200mm
G1 X-8.9600 Y0.0400 Z9.4184 F1200.0 ; Width: 0.200mm
G1 X-8.8677 Y0.0400 Z9.5400 F1200.0 ; Width: 0.200mm
G1 X-8.7400 Y0.0400 Z9.6700 F1200.0 ; Width: 0.200mm
G1 X-8.6200 Y0.0400 Z9.7653 F1200.0 ; Width: 0.200mm
G1 X-8.4800 Y0.0400 Z9.8495 F1200.0 ; Width: 0.200mm
G1 X-8.3400 Y0.0400 Z9.9107 F1200.0 ; Width: 0.200mm
G1 X-8.1800 Y0.0400 Z9.9571 F1200.0 ; Width: 0.200mm
G1 X-8.0200 Y0.0400 Z9.9809 F1200.0 ; Width: 0.200mm
G1 X-5.8800 Y0.0400 Z9.9850 F237.6 ; Width: 1.010mm
G1 X-5.7600 Y0.0400 Z9.9791 F1200.0 ; Width: 0.200mm
G1 X-5.5600 Y0.0400 Z9.9425 F1200.0 ; Width: 0.200mm
G1 X-5.3800 Y0.0400 Z9.8783 F1200.0 ; Width: 0.200mm
G1 X-5.2200 Y0.0400 Z9.7920 F1200.0 ; Width: 0.200mm
G1 X-5.0600 Y0.0400 Z9.6700 F1200.0 ; Width: 0.200mm
G1 X-5.0400 Y0.0400 Z9.6700 F1200.0 ; Width: 0.200mm
G1 X-4.9550 Y0.0400 Z9.7400 F1200.0 ; Width: 0.200mm
G1 X-4.8600 Y0.0400 Z9.8045 F1200.0 ; Width: 0.200mm
G1 X-4.7000 Y0.0400 Z9.8870 F1200.0 ; Width: 0.200mm
G1 X-4.5200 Y0.0400 Z9.9477 F1200.0 ; Width: 0.200mm
G1 X-4.3200 Y0.0400 Z9.9809 F1200.0 ; Width: 0.200mm
M118 P0 S"37" ; Sync timer
G1 X-1.4600 Y0.0400 Z9.9850 F452.8 ; Width: 0.530mm
G1 X-1.2400 Y0.0400 Z9.9651 F1200.0 ; Width: 0.200mm
G1 X-1.1000 Y0.0400 Z9.9309 F1200.0 ; Width: 0.200mm
G1 X-0.9600 Y0.0400 Z9.8783 F1200.0 ; Width: 0.200mm
G1 X-0.8200 Y0.0400 Z9.8045 F1200.0 ; Width: 0.200mm
G1 X-0.7000 Y0.0400 Z9.7207 F1200.0 ; Width: 0.200mm
G1 X-0.5877 Y0.0400 Z9.6200 F1200.0 ; Width: 0.200mm
G1 X-0.4793 Y0.0400 Z9.5000 F1200.0 ; Width: 0.200mm
G1 X-0.3955 Y0.0400 Z9.3800 F1200.0 ; Width: 0.200mm
G1 X-0.3204 Y0.0400 Z9.2400 F1187.9 ; Width: 0.202mm
G1 X-0.2554 Y0.0400 Z9.0800 F882.2 ; Width: 0.272mm
G1 X-0.1787 Y0.0400 Z8.8000 F699.9 ; Width: 0.343mm
G1 X-0.0775 Y0.0400 Z8.1400 F555.7 ; Width: 0.432mm
G1 X-0.0114 Y0.0400 Z7.7800 F600.0 ; Width: 0.400mm
G1 X0.0425 Y0.0400 Z7.4000 F600.0 ; Width: 0.400mm
G1 X0.0800 Y0.0400 Z7.2501 F600.0 ; Width: 0.400mm
G1 X0.1565 Y0.0400 Z7.6800 F600.0 ; Width: 0.400mm
G1 X0.1683 Y0.0400 Z7.8000 F600.0 ; Width: 0.400mm
G1 X0.2375 Y0.0400 Z8.1800 F600.0 ; Width: 0.400mm
G1 X0.2514 Y0.0400 Z8.3000 F606.8 ; Width: 0.396mm
G1 X0.3165 Y0.0400 Z8.6400 F674.1 ; Width: 0.356mm
G1 X0.3387 Y0.0400 Z8.8200 F768.3 ; Width: 0.312mm
G1 X0.4021 Y0.0400 Z9.0400 F890.4 ; Width: 0.270mm
G1 X0.4817 Y0.0400 Z9.2400 F1200.0 ; Width: 0.200mm
G1 X0.5435 Y0.0400 Z9.3600 F1200.0 ; Width: 0.200mm
G1 X0.6200 Y0.0400 Z9.4750 F1200.0 ; Width: 0.200mm
G1 X0.7084 Y0.0400 Z9.5800 F1200.0 ; Width: 0.200mm
G1 X0.8112 Y0.0400 Z9.6800 F1200.0 ; Width: 0.200mm
G1 X0.9125 Y0.0400 Z9.7600 F1200.0 ; Width: 0.200mm
G1 X1.0200 Y0.0400 Z9.8280 F1200.0 ; Width: 0.200mm
G1 X1.1400 Y0.0400 Z9.8870 F1200.0 ; Width: 0.200mm
G1 X1.2600 Y0.0400 Z9.9309 F1200.0 ; Width: 0.200mm
G1 X1.4400 Y0.0400 Z9.9717 F1200.0 ; Width: 0.200mm
G1 X1.6200 Y0.0400 Z9.9850 F1200.0 ; Width: 0.200mm
G1 X4.3800 Y0.0400 Z9.9848 F545.5 ; Width: 0.440mm
G1 X4.5600 Y0.0400 Z9.9686 F1200.0 ; Width: 0.200mm
G1 X4.7200 Y0.0400 Z9.9309 F1200.0 ; Width: 0.200mm
G1 X4.9200 Y0.0400 Z9.8495 F1200.0 ; Width: 0.200mm
G1 X5.0950 Y0.0400 Z9.7400 F1200.0 ; Width: 0.200mm
G1 X5.1800 Y0.0400 Z9.6700 F1200.0 ; Width: 0.200mm
G1 X5.2800 Y0.0400 Z9.5722 F1200.0 ; Width: 0.200mm
G1 X5.4053 Y0.0400 Z9.4200 F1200.0 ; Width: 0.200mm
G1 X5.5091 Y0.0400 Z9.2400 F1200.0 ; Width: 0.200mm
G1 X5.5769 Y0.0400 Z9.0600 F1200.0 ; Width: 0.200mm
G1 X5.6145 Y0.0400 Z8.8800 F1200.0 ; Width: 0.200mm
G1 X5.6250 Y0.0400 Z8.6400 F1200.0 ; Width: 0.200mm
G1 X5.6270 Y0.0400 Z8.6200 F1200.0 ; Width: 0.200mm
G1 X5.6400 Y0.0400 Z8.6055 F1200.0 ; Width: 0.200mm
G1 X5.8684 Y0.0400 Z8.8800 F1200.0 ; Width: 0.200mm
G1 X6.2278 Y0.0400 Z9.2400 F1200.0 ; Width: 0.200mm
G1 X6.3200 Y0.0400 Z9.3207 F1200.0 ; Width: 0.200mm
G1 X6.6000 Y0.0400 Z9.5253 F1200.0 ; Width: 0.200mm
G1 X6.8400 Y0.0400 Z9.6765 F1200.0 ; Width: 0.200mm
G1 X7.2800 Y0.0400 Z9.8953 F1200.0 ; Width: 0.200mm
G1 X7.5200 Y0.0400 Z9.9846 F1200.0 ; Width: 0.200mm
G1 X7.8000 Y0.0400 Z10.0677 F1200.0 ; Width: 0.200mm
G1 X8.0400 Y0.0400 Z10.1251 F1200.0 ; Width: 0.200mm
G1 X8.2000 Y0.0400 Z10.1435 F1200.0 ; Width: 0.200mm
G1 X8.3600 Y0.0400 Z10.1745 F1200.0 ; Width: 0.200mm
G1 X8.5200 Y0.0400 Z10.1850 F1200.0 ; Width: 0.200mm
G1 X9.4301 Y0.0400 Z10.1800 F1200.0 ; Width: 0.200mm
G0 Z11.1800 F6000.0 ; Z-hop up
G0 X9.4813 Y0.0400 F6000.0 ; Travel to new path
G0 Z9.8200 F6000.0 ; Z-hop down
G1 X9.5800 Y0.0400 Z9.7955 F1200.0 ; Width: 0.200mm
G1 X9.6800 Y0.0400 Z9.7913 F1200.0 ; Width: 0.200mm
G1 X9.7800 Y0.0400 Z9.7763 F1200.0 ; Width: 0.200mm
G1 X10.0400 Y0.0400 Z9.7090 F1200.0 ; Width: 0.200mm
G1 X10.2400 Y0.0400 Z9.6420 F1200.0 ; Width: 0.200mm
G1 X10.5400 Y0.0400 Z9.5262 F1200.0 ; Width: 0.200mm
G1 X10.8335 Y0.0400 Z9.3800 F1200.0 ; Width: 0.200mm
G1 X11.1400 Y0.0400 Z9.1781 F1200.0 ; Width: 0.200mm
G1 X11.3000 Y0.0400 Z9.0551 F1200.0 ; Width: 0.200mm
G1 X11.5769 Y0.0400 Z8.8000 F1200.0 ; Width: 0.200mm
G1 X11.8485 Y0.0400 Z8.4800 F1200.0 ; Width: 0.200mm
G1 X12.0000 Y0.0400 Z8.2772 F1200.0 ; Width: 0.200mm
G1 X12.1876 Y0.0400 Z7.9800 F1200.0 ; Width: 0.200mm
G1 X12.4175 Y0.0400 Z7.5200 F1200.0 ; Width: 0.200mm
G1 X12.5490 Y0.0400 Z7.1800 F1200.0 ; Width: 0.200mm
G1 X12.6869 Y0.0400 Z6.7000 F1200.0 ; Width: 0.200mm
G1 X12.7269 Y0.0400 Z6.4800 F1200.0 ; Width: 0.200mm
G1 X12.7763 Y0.0400 Z6.2800 F1200.0 ; Width: 0.200mm
G1 X12.7963 Y0.0400 Z6.1200 F1200.0 ; Width: 0.200mm
G1 X12.8267 Y0.0400 Z5.9800 F1200.0 ; Width: 0.200mm
G1 X12.8363 Y0.0400 Z5.7800 F1200.0 ; Width: 0.200mm
G1 X12.8713 Y0.0400 Z5.5600 F1200.0 ; Width: 0.200mm
G1 X12.8763 Y0.0400 Z5.3400 F1200.0 ; Width: 0.200mm
G1 X12.8913 Y0.0400 Z5.2400 F1200.0 ; Width: 0.200mm
G1 X12.8963 Y0.0400 Z5.1000 F1200.0 ; Width: 0.200mm
G1 X12.9150 Y0.0400 Z4.9200 F1200.0 ; Width: 0.200mm
G1 X12.9148 Y0.0400 Z3.6400 F1200.0 ; Width: 0.200mm
G1 X12.9037 Y0.0400 Z3.5200 F1200.0 ; Width: 0.200mm
G1 X12.8755 Y0.0400 Z3.4000 F1200.0 ; Width: 0.200mm
G1 X12.8282 Y0.0400 Z3.2800 F1200.0 ; Width: 0.200mm
G1 X12.7381 Y0.0400 Z3.1200 F1200.0 ; Width: 0.200mm
G1 X12.6569 Y0.0400 Z3.0200 F1200.0 ; Width: 0.200mm
G1 X12.5200 Y0.0400 Z2.8915 F1200.0 ; Width: 0.200mm
G1 X12.4000 Y0.0400 Z2.8124 F1200.0 ; Width: 0.200mm
G1 X12.2800 Y0.0400 Z2.7580 F1200.0 ; Width: 0.200mm
G1 X12.1400 Y0.0400 Z2.7198 F1200.0 ; Width: 0.200mm
G1 X12.0000 Y0.0400 Z2.7052 F1200.0 ; Width: 0.200mm
G1 X10.7400 Y0.0400 Z2.7050 F1200.0 ; Width: 0.200mm
G1 X10.5600 Y0.0400 Z2.6852 F1200.0 ; Width: 0.200mm
G1 X9.9400 Y0.0400 Z2.6887 F1200.0 ; Width: 0.200mm
G1 X9.8000 Y0.0400 Z2.7131 F1200.0 ; Width: 0.200mm
G1 X9.6200 Y0.0400 Z2.7738 F1200.0 ; Width: 0.200mm
G1 X9.5000 Y0.0400 Z2.8357 F1200.0 ; Width: 0.200mm
G1 X9.3856 Y0.0400 Z2.9200 F1200.0 ; Width: 0.200mm
G1 X9.2677 Y0.0400 Z3.0400 F1200.0 ; Width: 0.200mm
M118 P0 S"38" ; Sync timer
G1 X9.1724 Y0.0400 Z3.1800 F1200.0 ; Width: 0.200mm
G1 X9.0980 Y0.0400 Z3.3400 F1200.0 ; Width: 0.200mm
G1 X9.0586 Y0.0400 Z3.4600 F1200.0 ; Width: 0.200mm
G1 X9.0363 Y0.0400 Z3.5600 F1200.0 ; Width: 0.200mm
G1 X9.0252 Y0.0400 Z3.6800 F1200.0 ; Width: 0.200mm
G1 X9.0250 Y0.0400 Z3.9400 F1200.0 ; Width: 0.200mm
G1 X9.0450 Y0.0400 Z4.1400 F1200.0 ; Width: 0.200mm
G1 X9.0450 Y0.0400 Z4.4400 F1200.0 ; Width: 0.200mm
G1 X9.0252 Y0.0400 Z4.6200 F1200.0 ; Width: 0.200mm
G1 X9.0250 Y0.0400 Z5.0600 F1200.0 ; Width: 0.200mm
G1 X8.9671 Y0.0400 Z5.4800 F1200.0 ; Width: 0.200mm
G1 X8.9200 Y0.0400 Z5.6940 F1200.0 ; Width: 0.200mm
G1 X8.8563 Y0.0400 Z5.4400 F1200.0 ; Width: 0.200mm
G1 X8.8350 Y0.0400 Z5.2400 F1200.0 ; Width: 0.200mm
G1 X8.8329 Y0.0400 Z5.0600 F1200.0 ; Width: 0.200mm
G1 X8.8150 Y0.0400 Z4.9200 F1200.0 ; Width: 0.200mm
G1 X8.8148 Y0.0400 Z4.4600 F1200.0 ; Width: 0.200mm
G1 X8.7950 Y0.0400 Z4.2800 F1200.0 ; Width: 0.200mm
G1 X8.7950 Y0.0400 Z-2.4400 F1200.0 ; Width: 0.200mm
G1 X8.8129 Y0.0400 Z-2.5800 F1200.0 ; Width: 0.200mm
G1 X8.8150 Y0.0400 Z-2.7800 F1200.0 ; Width: 0.200mm
G1 X8.8329 Y0.0400 Z-2.9200 F1200.0 ; Width: 0.200mm
G1 X8.8363 Y0.0400 Z-3.0800 F1200.0 ; Width: 0.200mm
G1 X8.8637 Y0.0400 Z-3.2800 F1200.0 ; Width: 0.200mm
G1 X8.9200 Y0.0400 Z-3.4951 F1200.0 ; Width: 0.200mm
G1 X8.9637 Y0.0400 Z-3.3400 F1200.0 ; Width: 0.200mm
G1 X9.0037 Y0.0400 Z-3.0600 F1200.0 ; Width: 0.200mm
G1 X9.0250 Y0.0400 Z-2.8400 F1200.0 ; Width: 0.200mm
G1 X9.0271 Y0.0400 Z-2.5800 F1200.0 ; Width: 0.200mm
G1 X9.0450 Y0.0400 Z-2.4400 F1200.0 ; Width: 0.200mm
G1 X9.0450 Y0.0400 Z-2.2000 F1200.0 ; Width: 0.200mm
G1 X9.0252 Y0.0400 Z-2.0200 F1200.0 ; Width: 0.200mm
G1 X9.0250 Y0.0400 Z-1.2000 F1200.0 ; Width: 0.200mm
G1 X9.0437 Y0.0400 Z-1.0200 F1200.0 ; Width: 0.200mm
G1 X9.0459 Y0.0400 Z-0.8600 F1200.0 ; Width: 0.200mm
G1 X9.0563 Y0.0400 Z-0.7600 F1200.0 ; Width: 0.200mm
G1 X9.1056 Y0.0400 Z-0.5800 F1200.0 ; Width: 0.200mm
G1 X9.1884 Y0.0400 Z-0.4200 F1200.0 ; Width: 0.200mm
G1 X9.3000 Y0.0400 Z-0.2826 F1200.0 ; Width: 0.200mm
G1 X9.3856 Y0.0400 Z-0.2000 F1200.0 ; Width: 0.200mm
G1 X9.4628 Y0.0400 Z-0.1400 F1200.0 ; Width: 0.200mm
G1 X9.5635 Y0.0400 Z-0.0800 F1200.0 ; Width: 0.200mm
G1 X9.6800 Y0.0400 Z-0.0310 F1200.0 ; Width: 0.200mm
G1 X9.8000 Y0.0400 Z0.0002 F1200.0 ; Width: 0.200mm
G1 X9.9200 Y0.0400 Z0.0141 F1200.0 ; Width: 0.200mm
G1 X11.9800 Y0.0400 Z0.0150 F1200.0 ; Width: 0.200mm
G1 X12.1400 Y0.0400 Z0.0002 F1200.0 ; Width: 0.200mm
G1 X12.2800 Y0.0400 Z-0.0380 F1200.0 ; Width: 0.200mm
G1 X12.4135 Y0.0400 Z-0.1000 F1200.0 ; Width: 0.200mm
G1 X12.5306 Y0.0400 Z-0.1800 F1200.0 ; Width: 0.200mm
G1 X12.6400 Y0.0400 Z-0.2826 F1200.0 ; Width: 0.200mm
G1 X12.7237 Y0.0400 Z-0.3800 F1200.0 ; Width: 0.200mm
G1 X12.7982 Y0.0400 Z-0.5000 F1200.0 ; Width: 0.200mm
G1 X12.8620 Y0.0400 Z-0.6400 F1200.0 ; Width: 0.200mm
G1 X12.9002 Y0.0400 Z-0.7800 F1200.0 ; Width: 0.200mm
G1 X12.9150 Y0.0400 Z-0.9400 F1200.0 ; Width: 0.200mm
G1 X12.9129 Y0.0400 Z-2.7800 F1200.0 ; Width: 0.200mm
G1 X12.8763 Y0.0400 Z-3.1000 F1200.0 ; Width: 0.200mm
G1 X12.8713 Y0.0400 Z-3.3800 F1200.0 ; Width: 0.200mm
G1 X12.8363 Y0.0400 Z-3.6000 F1200.0 ; Width: 0.200mm
G1 X12.8267 Y0.0400 Z-3.7800 F1200.0 ; Width: 0.200mm
G1 X12.7963 Y0.0400 Z-3.9200 F1200.0 ; Width: 0.200mm
G1 X12.7802 Y0.0400 Z-4.0600 F1200.0 ; Width: 0.200mm
G1 X12.7318 Y0.0400 Z-4.2600 F1200.0 ; Width: 0.200mm
G1 X12.6814 Y0.0400 Z-4.5400 F1200.0 ; Width: 0.200mm
G1 X12.5290 Y0.0400 Z-5.0400 F1200.0 ; Width: 0.200mm
G1 X12.3862 Y0.0400 Z-5.4000 F1200.0 ; Width: 0.200mm
G1 X12.1876 Y0.0400 Z-5.8000 F1200.0 ; Width: 0.200mm
G1 X12.0443 Y0.0400 Z-6.0400 F1200.0 ; Width: 0.200mm
G1 X11.7000 Y0.0400 Z-6.4967 F1200.0 ; Width: 0.200mm
G1 X11.4000 Y0.0400 Z-6.7969 F1200.0 ; Width: 0.200mm
G1 X11.1850 Y0.0400 Z-6.9800 F1200.0 ; Width: 0.200mm
G1 X10.8935 Y0.0400 Z-7.1800 F1200.0 ; Width: 0.200mm
G1 X10.6765 Y0.0400 Z-7.3000 F1200.0 ; Width: 0.200mm
G1 X10.4000 Y0.0400 Z-7.4262 F1200.0 ; Width: 0.200mm
G1 X10.2000 Y0.0400 Z-7.4955 F1200.0 ; Width: 0.200mm
G1 X9.9400 Y0.0400 Z-7.5669 F1200.0 ; Width: 0.200mm
G1 X9.6400 Y0.0400 Z-7.6267 F1200.0 ; Width: 0.200mm
G1 X9.4400 Y0.0400 Z-7.6513 F1200.0 ; Width: 0.200mm
G1 X9.3000 Y0.0400 Z-7.6563 F1200.0 ; Width: 0.200mm
G1 X9.1400 Y0.0400 Z-7.6748 F1200.0 ; Width: 0.200mm
G1 X8.7400 Y0.0400 Z-7.6748 F1200.0 ; Width: 0.200mm
G1 X8.5800 Y0.0400 Z-7.6563 F1200.0 ; Width: 0.200mm
G1 X8.4400 Y0.0400 Z-7.6513 F1200.0 ; Width: 0.200mm
G1 X8.2200 Y0.0400 Z-7.6237 F1200.0 ; Width: 0.200mm
G1 X7.9600 Y0.0400 Z-7.5718 F1200.0 ; Width: 0.200mm
G1 X7.7000 Y0.0400 Z-7.5014 F1200.0 ; Width: 0.200mm
G1 X7.5400 Y0.0400 Z-7.4490 F1200.0 ; Width: 0.200mm
G1 X7.1600 Y0.0400 Z-7.2782 F1200.0 ; Width: 0.200mm
G1 X6.9800 Y0.0400 Z-7.1763 F1200.0 ; Width: 0.200mm
G1 X6.7628 Y0.0400 Z-7.0400 F1200.0 ; Width: 0.200mm
G1 X6.4600 Y0.0400 Z-6.7951 F1200.0 ; Width: 0.200mm
G1 X6.1800 Y0.0400 Z-6.5167 F1200.0 ; Width: 0.200mm
G1 X5.9163 Y0.0400 Z-6.2000 F1200.0 ; Width: 0.200mm
G1 X5.7884 Y0.0400 Z-6.0200 F1200.0 ; Width: 0.200mm
G1 X5.6637 Y0.0400 Z-5.8200 F1200.0 ; Width: 0.200mm
G1 X5.4625 Y0.0400 Z-5.4200 F1200.0 ; Width: 0.200mm
G1 X5.2800 Y0.0400 Z-4.9654 F1200.0 ; Width: 0.200mm
G1 X5.2748 Y0.0400 Z-6.5400 F1200.0 ; Width: 0.200mm
G1 X5.2637 Y0.0400 Z-6.6600 F1200.0 ; Width: 0.200mm
G1 X5.2355 Y0.0400 Z-6.7800 F1200.0 ; Width: 0.200mm
G1 X5.1882 Y0.0400 Z-6.9000 F1200.0 ; Width: 0.200mm
G1 X5.1181 Y0.0400 Z-7.0200 F1200.0 ; Width: 0.200mm
G1 X5.0400 Y0.0400 Z-7.1167 F1200.0 ; Width: 0.200mm
G1 X4.9200 Y0.0400 Z-7.2351 F1200.0 ; Width: 0.200mm
G1 X4.8200 Y0.0400 Z-7.3116 F1200.0 ; Width: 0.200mm
G1 X4.7200 Y0.0400 Z-7.3682 F1200.0 ; Width: 0.200mm
G1 X4.6200 Y0.0400 Z-7.4090 F1200.0 ; Width: 0.200mm
G1 X4.5000 Y0.0400 Z-7.4402 F1200.0 ; Width: 0.200mm
G1 X4.3400 Y0.0400 Z-7.4550 F1200.0 ; Width: 0.200mm
M118 P0 S"39" ; Sync timer
G1 X2.5400 Y0.0400 Z-7.4548 F260.9 ; Width: 0.920mm
G1 X2.3800 Y0.0400 Z-7.4363 F279.1 ; Width: 0.860mm
G1 X2.2200 Y0.0400 Z-7.3862 F342.9 ; Width: 0.700mm
G1 X2.0800 Y0.0400 Z-7.3116 F436.4 ; Width: 0.550mm
G1 X1.9633 Y0.0400 Z-7.2200 F569.2 ; Width: 0.422mm
G1 X1.8200 Y0.0400 Z-7.0706 F822.8 ; Width: 0.292mm
G1 X1.7218 Y0.0400 Z-6.9200 F1200.0 ; Width: 0.200mm
G1 X1.6645 Y0.0400 Z-6.7800 F1200.0 ; Width: 0.200mm
G1 X1.6333 Y0.0400 Z-6.6400 F1200.0 ; Width: 0.200mm
G1 X1.6200 Y0.0400 Z-6.2213 F1200.0 ; Width: 0.200mm
G1 X1.6114 Y0.0400 Z-6.2800 F1200.0 ; Width: 0.200mm
G1 X1.5955 Y0.0400 Z-6.3200 F1200.0 ; Width: 0.200mm
G1 X1.5837 Y0.0400 Z-6.4400 F1200.0 ; Width: 0.200mm
G1 X1.5563 Y0.0400 Z-6.5600 F1200.0 ; Width: 0.200mm
G1 X1.5318 Y0.0400 Z-6.7200 F1200.0 ; Width: 0.200mm
G1 X1.5020 Y0.0400 Z-6.8200 F1200.0 ; Width: 0.200mm
G1 X1.4582 Y0.0400 Z-6.9200 F1200.0 ; Width: 0.200mm
G1 X1.3837 Y0.0400 Z-7.0400 F1200.0 ; Width: 0.200mm
G1 X1.3000 Y0.0400 Z-7.1374 F1200.0 ; Width: 0.200mm
G1 X1.1706 Y0.0400 Z-7.2600 F1200.0 ; Width: 0.200mm
G1 X1.0400 Y0.0400 Z-7.3476 F1200.0 ; Width: 0.200mm
G1 X0.9600 Y0.0400 Z-7.3862 F1200.0 ; Width: 0.200mm
G1 X0.8600 Y0.0400 Z-7.4214 F1200.0 ; Width: 0.200mm
G1 X0.7600 Y0.0400 Z-7.4437 F1200.0 ; Width: 0.200mm
G1 X0.6600 Y0.0400 Z-7.4541 F1200.0 ; Width: 0.200mm
G1 X-0.4800 Y0.0400 Z-7.4548 F1200.0 ; Width: 0.200mm
G1 X-0.6600 Y0.0400 Z-7.4318 F1200.0 ; Width: 0.200mm
G1 X-0.8200 Y0.0400 Z-7.3775 F1200.0 ; Width: 0.200mm
G1 X-0.9800 Y0.0400 Z-7.2837 F1200.0 ; Width: 0.200mm
G1 X-1.0567 Y0.0400 Z-7.2200 F1200.0 ; Width: 0.200mm
G1 X-1.1569 Y0.0400 Z-7.1200 F1200.0 ; Width: 0.200mm
G1 X-1.2643 Y0.0400 Z-6.9800 F1200.0 ; Width: 0.200mm
G1 X-1.3262 Y0.0400 Z-6.8600 F1200.0 ; Width: 0.200mm
G1 X-1.3669 Y0.0400 Z-6.7400 F1200.0 ; Width: 0.200mm
G1 X-1.4202 Y0.0400 Z-6.5200 F1200.0 ; Width: 0.200mm
G1 X-1.4355 Y0.0400 Z-6.3800 F1200.0 ; Width: 0.200mm
G1 X-1.4602 Y0.0400 Z-6.2800 F1200.0 ; Width: 0.200mm
G1 X-1.4763 Y0.0400 Z-6.1400 F1200.0 ; Width: 0.200mm
G1 X-1.4914 Y0.0400 Z-6.1000 F1200.0 ; Width: 0.200mm
G1 X-1.5000 Y0.0400 Z-6.0413 F1200.0 ; Width: 0.200mm
G1 X-1.5107 Y0.0400 Z-6.6200 F1200.0 ; Width: 0.200mm
G1 X-1.5445 Y0.0400 Z-6.7800 F1200.0 ; Width: 0.200mm
G1 X-1.6124 Y0.0400 Z-6.9400 F1200.0 ; Width: 0.200mm
G1 X-1.6619 Y0.0400 Z-7.0200 F1200.0 ; Width: 0.200mm
G1 X-1.7249 Y0.0400 Z-7.1000 F947.1 ; Width: 0.253mm
G1 X-1.8400 Y0.0400 Z-7.2169 F700.9 ; Width: 0.342mm
G1 X-1.9150 Y0.0400 Z-7.2800 F575.2 ; Width: 0.417mm
G1 X-2.0000 Y0.0400 Z-7.3363 F498.7 ; Width: 0.481mm
G1 X-2.0800 Y0.0400 Z-7.3775 F437.5 ; Width: 0.549mm
G1 X-2.1600 Y0.0400 Z-7.4090 F387.1 ; Width: 0.620mm
G1 X-2.2600 Y0.0400 Z-7.4363 F343.2 ; Width: 0.699mm
G1 X-2.4400 Y0.0400 Z-7.4550 F298.0 ; Width: 0.805mm
G1 X-4.2000 Y0.0400 Z-7.4550 F266.7 ; Width: 0.900mm
G1 X-4.3600 Y0.0400 Z-7.4402 F1200.0 ; Width: 0.200mm
G1 X-4.4600 Y0.0400 Z-7.4155 F1200.0 ; Width: 0.200mm
G1 X-4.5600 Y0.0400 Z-7.3775 F1200.0 ; Width: 0.200mm
G1 X-4.6600 Y0.0400 Z-7.3243 F1200.0 ; Width: 0.200mm
G1 X-4.7400 Y0.0400 Z-7.2685 F1200.0 ; Width: 0.200mm
G1 X-4.9200 Y0.0400 Z-7.0944 F1200.0 ; Width: 0.200mm
G1 X-4.9800 Y0.0400 Z-7.0172 F1200.0 ; Width: 0.200mm
G1 X-5.0400 Y0.0400 Z-6.9165 F1200.0 ; Width: 0.200mm
G1 X-5.0600 Y0.0400 Z-6.9165 F1200.0 ; Width: 0.200mm
G1 X-5.1219 Y0.0400 Z-7.0200 F1200.0 ; Width: 0.200mm
G1 X-5.2000 Y0.0400 Z-7.1167 F1200.0 ; Width: 0.200mm
G1 X-5.3033 Y0.0400 Z-7.2200 F1200.0 ; Width: 0.200mm
G1 X-5.3800 Y0.0400 Z-7.2837 F1200.0 ; Width: 0.200mm
G1 X-5.4665 Y0.0400 Z-7.3400 F1200.0 ; Width: 0.200mm
G1 X-5.5600 Y0.0400 Z-7.3862 F1200.0 ; Width: 0.200mm
G1 X-5.6600 Y0.0400 Z-7.4214 F1200.0 ; Width: 0.200mm
G1 X-5.7600 Y0.0400 Z-7.4437 F1200.0 ; Width: 0.200mm
G1 X-5.9000 Y0.0400 Z-7.4550 F1200.0 ; Width: 0.200mm
G1 X-7.9200 Y0.0400 Z-7.4548 F233.0 ; Width: 1.030mm
G1 X-8.0400 Y0.0400 Z-7.4437 F1200.0 ; Width: 0.200mm
G1 X-8.1600 Y0.0400 Z-7.4155 F1200.0 ; Width: 0.200mm
G1 X-8.2800 Y0.0400 Z-7.3682 F1200.0 ; Width: 0.200mm
G1 X-8.3972 Y0.0400 Z-7.3000 F1200.0 ; Width: 0.200mm
G1 X-8.4967 Y0.0400 Z-7.2200 F1200.0 ; Width: 0.200mm
G1 X-8.6000 Y0.0400 Z-7.1144 F1200.0 ; Width: 0.200mm
G1 X-8.6800 Y0.0400 Z-7.0069 F1200.0 ; Width: 0.200mm
G1 X-8.7482 Y0.0400 Z-6.8800 F1200.0 ; Width: 0.200mm
G1 X-8.7955 Y0.0400 Z-6.7600 F1200.0 ; Width: 0.200mm
G1 X-8.8237 Y0.0400 Z-6.6400 F1200.0 ; Width: 0.200mm
G1 X-8.8350 Y0.0400 Z-6.5000 F1200.0 ; Width: 0.200mm
M118 P0 S"40" ; Sync timer
G1 X-8.8350 Y0.0400 Z-0.6400 F1200.0 ; Width: 0.200mm
G1 X-9.2600 Y0.0400 Z-0.6350 F1156.6 ; Width: 0.207mm
G1 X-9.2652 Y0.0400 Z-6.5200 F1200.0 ; Width: 0.200mm
G1 X-9.2763 Y0.0400 Z-6.6400 F1200.0 ; Width: 0.200mm
G1 X-9.3045 Y0.0400 Z-6.7600 F1200.0 ; Width: 0.200mm
G1 X-9.3425 Y0.0400 Z-6.8600 F1200.0 ; Width: 0.200mm
G1 X-9.4037 Y0.0400 Z-6.9800 F1200.0 ; Width: 0.200mm
G1 X-9.4715 Y0.0400 Z-7.0800 F1200.0 ; Width: 0.200mm
G1 X-9.5600 Y0.0400 Z-7.1774 F1200.0 ; Width: 0.200mm
G1 X-9.6400 Y0.0400 Z-7.2485 F1200.0 ; Width: 0.200mm
G1 X-9.7400 Y0.0400 Z-7.3163 F1200.0 ; Width: 0.200mm
G1 X-9.8600 Y0.0400 Z-7.3775 F1200.0 ; Width: 0.200mm
G1 X-9.9600 Y0.0400 Z-7.4155 F1200.0 ; Width: 0.200mm
G1 X-10.0800 Y0.0400 Z-7.4437 F1200.0 ; Width: 0.200mm
G1 X-10.2000 Y0.0400 Z-7.4548 F1200.0 ; Width: 0.200mm
G1 X-12.2000 Y0.0400 Z-7.4550 F222.2 ; Width: 1.080mm
G1 X-12.3200 Y0.0400 Z-7.4467 F1200.0 ; Width: 0.200mm
G1 X-12.5000 Y0.0400 Z-7.4020 F1200.0 ; Width: 0.200mm
G1 X-12.6800 Y0.0400 Z-7.3163 F1200.0 ; Width: 0.200mm
G1 X-12.8200 Y0.0400 Z-7.2151 F1200.0 ; Width: 0.200mm
G1 X-12.9000 Y0.0400 Z-7.1367 F1200.0 ; Width: 0.200mm
G1 X-12.9600 Y0.0400 Z-7.0650 F1200.0 ; Width: 0.200mm
G1 X-13.0276 Y0.0400 Z-6.9600 F1200.0 ; Width: 0.200mm
G1 X-13.1020 Y0.0400 Z-6.8000 F980.5 ; Width: 0.245mm
G1 X-13.1402 Y0.0400 Z-6.6600 F600.0 ; Width: 0.400mm
G1 X-13.1548 Y0.0400 Z-6.5200 F600.0 ; Width: 0.400mm
M118 P0 S"41" ; Sync timer
G1 X-13.1548 Y0.0400 Z8.7000 F600.0 ; Width: 0.400mm
G1 X-13.1437 Y0.0400 Z8.8200 F600.0 ; Width: 0.400mm
G1 X-13.1214 Y0.0400 Z8.9200 F600.0 ; Width: 0.400mm
G1 X-13.0862 Y0.0400 Z9.0200 F845.6 ; Width: 0.284mm
G1 X-13.0276 Y0.0400 Z9.1400 F1200.0 ; Width: 0.200mm
G1 X-12.9781 Y0.0400 Z9.2200 F1200.0 ; Width: 0.200mm
G1 X-12.9151 Y0.0400 Z9.3000 F1200.0 ; Width: 0.200mm
G1 X-12.8200 Y0.0400 Z9.3969 F1200.0 ; Width: 0.200mm
G1 X-12.7450 Y0.0400 Z9.4600 F1200.0 ; Width: 0.200mm
G1 X-12.6400 Y0.0400 Z9.5276 F1200.0 ; Width: 0.200mm
G1 X-12.5200 Y0.0400 Z9.5820 F1200.0 ; Width: 0.200mm
G1 X-12.4000 Y0.0400 Z9.6163 F1200.0 ; Width: 0.200mm
G1 X-12.2800 Y0.0400 Z9.6329 F1200.0 ; Width: 0.200mm
G1 X-10.1200 Y0.0400 Z9.6329 F240.0 ; Width: 1.000mm
G1 X-10.0200 Y0.0400 Z9.6202 F1200.0 ; Width: 0.200mm
G1 X-9.9200 Y0.0400 Z9.5955 F1200.0 ; Width: 0.200mm
G1 X-9.8257 Y0.0400 Z9.5600 F1200.0 ; Width: 0.200mm
G1 X-9.7400 Y0.0400 Z9.5163 F1200.0 ; Width: 0.200mm
G1 X-9.6600 Y0.0400 Z9.4637 F1200.0 ; Width: 0.200mm
G1 X-9.5800 Y0.0400 Z9.3969 F1200.0 ; Width: 0.200mm
G1 X-9.5000 Y0.0400 Z9.3144 F1200.0 ; Width: 0.200mm
G1 X-9.4284 Y0.0400 Z9.2200 F1200.0 ; Width: 0.200mm
G1 X-9.3518 Y0.0400 Z9.0800 F1200.0 ; Width: 0.200mm
G1 X-9.3110 Y0.0400 Z8.9800 F1200.0 ; Width: 0.200mm
G1 X-9.2798 Y0.0400 Z8.8600 F1200.0 ; Width: 0.200mm
G1 X-9.2652 Y0.0400 Z8.7200 F1200.0 ; Width: 0.200mm
G1 X-9.2650 Y0.0400 Z3.4200 F1200.0 ; Width: 0.200mm
G1 X-8.8400 Y0.0400 Z3.4150 F1156.6 ; Width: 0.207mm
G1 X-8.8350 Y0.0400 Z8.6800 F1200.0 ; Width: 0.200mm
G1 X-8.8293 Y0.0400 Z8.7800 F1200.0 ; Width: 0.200mm
G1 X-8.8069 Y0.0400 Z8.9000 F1200.0 ; Width: 0.200mm
G1 X-8.7544 Y0.0400 Z9.0600 F1200.0 ; Width: 0.200mm
G1 X-8.6963 Y0.0400 Z9.1800 F1200.0 ; Width: 0.200mm
M118 P0 S"42" ; Sync timer
G1 X-8.6285 Y0.0400 Z9.2800 F1200.0 ; Width: 0.200mm
G1 X-8.5374 Y0.0400 Z9.3800 F1200.0 ; Width: 0.200mm
G1 X-8.4400 Y0.0400 Z9.4637 F1200.0 ; Width: 0.200mm
G1 X-8.3200 Y0.0400 Z9.5382 F1200.0 ; Width: 0.200mm
G1 X-8.2000 Y0.0400 Z9.5890 F1200.0 ; Width: 0.200mm
G1 X-8.0800 Y0.0400 Z9.6202 F1200.0 ; Width: 0.200mm
G1 X-7.9400 Y0.0400 Z9.6348 F1200.0 ; Width: 0.200mm
G1 X-5.8800 Y0.0400 Z9.6350 F237.6 ; Width: 1.010mm
G1 X-5.7400 Y0.0400 Z9.6237 F1200.0 ; Width: 0.200mm
G1 X-5.6351 Y0.0400 Z9.6000 F1200.0 ; Width: 0.200mm
G1 X-5.5257 Y0.0400 Z9.5600 F1200.0 ; Width: 0.200mm
G1 X-5.4200 Y0.0400 Z9.5043 F1200.0 ; Width: 0.200mm
G1 X-5.3400 Y0.0400 Z9.4485 F1200.0 ; Width: 0.200mm
G1 X-5.2426 Y0.0400 Z9.3600 F1200.0 ; Width: 0.200mm
G1 X-5.1715 Y0.0400 Z9.2800 F1200.0 ; Width: 0.200mm
G1 X-5.1157 Y0.0400 Z9.2000 F1200.0 ; Width: 0.200mm
G1 X-5.0600 Y0.0400 Z9.0965 F1200.0 ; Width: 0.200mm
G1 X-4.9200 Y0.0400 Z9.2944 F1200.0 ; Width: 0.200mm
G1 X-4.8200 Y0.0400 Z9.3969 F1200.0 ; Width: 0.200mm
G1 X-4.7400 Y0.0400 Z9.4637 F1200.0 ; Width: 0.200mm
G1 X-4.6400 Y0.0400 Z9.5276 F1200.0 ; Width: 0.200mm
G1 X-4.5400 Y0.0400 Z9.5744 F1200.0 ; Width: 0.200mm
G1 X-4.4400 Y0.0400 Z9.6069 F1200.0 ; Width: 0.200mm
G1 X-4.3200 Y0.0400 Z9.6293 F1200.0 ; Width: 0.200mm
G1 X-4.2200 Y0.0400 Z9.6350 F1200.0 ; Width: 0.200mm
G1 X-1.4400 Y0.0400 Z9.6348 F615.4 ; Width: 0.390mm
G1 X-1.3400 Y0.0400 Z9.6267 F1200.0 ; Width: 0.200mm
G1 X-1.2400 Y0.0400 Z9.6069 F1200.0 ; Width: 0.200mm
G1 X-1.1400 Y0.0400 Z9.5744 F1200.0 ; Width: 0.200mm
G1 X-1.0400 Y0.0400 Z9.5276 F1200.0 ; Width: 0.200mm
G1 X-0.9600 Y0.0400 Z9.4781 F1200.0 ; Width: 0.200mm
G1 X-0.8800 Y0.0400 Z9.4151 F1200.0 ; Width: 0.200mm
G1 X-0.7849 Y0.0400 Z9.3200 F1200.0 ; Width: 0.200mm
G1 X-0.7200 Y0.0400 Z9.2372 F1200.0 ; Width: 0.200mm
G1 X-0.6724 Y0.0400 Z9.1600 F1200.0 ; Width: 0.200mm
G1 X-0.6138 Y0.0400 Z9.0400 F1200.0 ; Width: 0.200mm
G1 X-0.5331 Y0.0400 Z8.7800 F1200.0 ; Width: 0.200mm
G1 X-0.5133 Y0.0400 Z8.6800 F1200.0 ; Width: 0.200mm
G1 X-0.5045 Y0.0400 Z8.5800 F1200.0 ; Width: 0.200mm
G1 X-0.4763 Y0.0400 Z8.4600 F1200.0 ; Width: 0.200mm
G1 X-0.4637 Y0.0400 Z8.3200 F1200.0 ; Width: 0.200mm
G1 X-0.4363 Y0.0400 Z8.2000 F1200.0 ; Width: 0.200mm
G1 X-0.4245 Y0.0400 Z8.0800 F1200.0 ; Width: 0.200mm
G1 X-0.3998 Y0.0400 Z7.9800 F1200.0 ; Width: 0.200mm
G1 X-0.3837 Y0.0400 Z7.8400 F1200.0 ; Width: 0.200mm
G1 X-0.3563 Y0.0400 Z7.7200 F1200.0 ; Width: 0.200mm
G1 X-0.3437 Y0.0400 Z7.5800 F1200.0 ; Width: 0.200mm
G1 X-0.3163 Y0.0400 Z7.4600 F600.0 ; Width: 0.400mm
G1 X-0.3045 Y0.0400 Z7.3400 F600.0 ; Width: 0.400mm
G1 X-0.2798 Y0.0400 Z7.2400 F600.0 ; Width: 0.400mm
G1 X-0.2333 Y0.0400 Z6.9600 F600.0 ; Width: 0.400mm
G1 X-0.2237 Y0.0400 Z6.8600 F1155.1 ; Width: 0.208mm
G1 X-0.1963 Y0.0400 Z6.7400 F600.0 ; Width: 0.400mm
G1 X-0.1845 Y0.0400 Z6.6200 F1146.4 ; Width: 0.209mm
G1 X-0.1398 Y0.0400 Z6.4200 F600.0 ; Width: 0.400mm
G1 X-0.1037 Y0.0400 Z6.1600 F600.0 ; Width: 0.400mm
G1 X-0.0198 Y0.0400 Z5.7400 F600.0 ; Width: 0.400mm
G1 X-0.0037 Y0.0400 Z5.6000 F600.0 ; Width: 0.400mm
G1 X0.0267 Y0.0400 Z5.4600 F600.0 ; Width: 0.400mm
G1 X0.0363 Y0.0400 Z5.3600 F600.0 ; Width: 0.400mm
G1 X0.0800 Y0.0400 Z5.1613 F600.0 ; Width: 0.400mm
G1 X0.1237 Y0.0400 Z5.4200 F600.0 ; Width: 0.400mm
G1 X0.1363 Y0.0400 Z5.5600 F600.0 ; Width: 0.400mm
G1 X0.1845 Y0.0400 Z5.7600 F600.0 ; Width: 0.400mm
G1 X0.2398 Y0.0400 Z6.1200 F600.0 ; Width: 0.400mm
G1 X0.3045 Y0.0400 Z6.4400 F600.0 ; Width: 0.400mm
G1 X0.3163 Y0.0400 Z6.5600 F600.0 ; Width: 0.400mm
G1 X0.3445 Y0.0400 Z6.6800 F600.0 ; Width: 0.400mm
G1 X0.3563 Y0.0400 Z6.8000 F600.0 ; Width: 0.400mm
G1 X0.3845 Y0.0400 Z6.9200 F600.0 ; Width: 0.400mm
G1 X0.3933 Y0.0400 Z7.0200 F600.0 ; Width: 0.400mm
G1 X0.4245 Y0.0400 Z7.1600 F600.0 ; Width: 0.400mm
G1 X0.4398 Y0.0400 Z7.3000 F600.0 ; Width: 0.400mm
G1 X0.5045 Y0.0400 Z7.6200 F1200.0 ; Width: 0.200mm
G1 X0.5163 Y0.0400 Z7.7600 F1200.0 ; Width: 0.200mm
G1 X0.5445 Y0.0400 Z7.8800 F1200.0 ; Width: 0.200mm
G1 X0.5533 Y0.0400 Z7.9800 F1200.0 ; Width: 0.200mm
G1 X0.5837 Y0.0400 Z8.1200 F1200.0 ; Width: 0.200mm
G1 X0.5998 Y0.0400 Z8.2600 F1200.0 ; Width: 0.200mm
G1 X0.6645 Y0.0400 Z8.5800 F1200.0 ; Width: 0.200mm
G1 X0.6733 Y0.0400 Z8.7000 F1200.0 ; Width: 0.200mm
G1 X0.6931 Y0.0400 Z8.8000 F1200.0 ; Width: 0.200mm
G1 X0.7380 Y0.0400 Z8.9400 F1200.0 ; Width: 0.200mm
G1 X0.8025 Y0.0400 Z9.1000 F1200.0 ; Width: 0.200mm
G1 X0.8963 Y0.0400 Z9.2600 F1200.0 ; Width: 0.200mm
G1 X0.9631 Y0.0400 Z9.3400 F1200.0 ; Width: 0.200mm
G1 X1.0600 Y0.0400 Z9.4323 F1200.0 ; Width: 0.200mm
G1 X1.1400 Y0.0400 Z9.4916 F1200.0 ; Width: 0.200mm
G1 X1.2400 Y0.0400 Z9.5482 F1200.0 ; Width: 0.200mm
G1 X1.3200 Y0.0400 Z9.5820 F1200.0 ; Width: 0.200mm
G1 X1.4200 Y0.0400 Z9.6118 F1200.0 ; Width: 0.200mm
G1 X1.6000 Y0.0400 Z9.6348 F1200.0 ; Width: 0.200mm
G1 X4.3600 Y0.0400 Z9.6350 F545.5 ; Width: 0.440mm
G1 X4.4800 Y0.0400 Z9.6267 F1200.0 ; Width: 0.200mm
G1 X4.5800 Y0.0400 Z9.6069 F1200.0 ; Width: 0.200mm
G1 X4.7000 Y0.0400 Z9.5662 F1200.0 ; Width: 0.200mm
G1 X4.8000 Y0.0400 Z9.5163 F1200.0 ; Width: 0.200mm
G1 X4.8800 Y0.0400 Z9.4637 F1200.0 ; Width: 0.200mm
G1 X4.9567 Y0.0400 Z9.4000 F1200.0 ; Width: 0.200mm
M118 P0 S"43" ; Sync timer
G1 X5.1037 Y0.0400 Z9.2400 F1200.0 ; Width: 0.200mm
G1 X5.1975 Y0.0400 Z9.0800 F1200.0 ; Width: 0.200mm
G1 X5.2290 Y0.0400 Z9.0000 F1200.0 ; Width: 0.200mm
G1 X5.2563 Y0.0400 Z8.9000 F1200.0 ; Width: 0.200mm
G1 X5.2748 Y0.0400 Z8.7400 F1200.0 ; Width: 0.200mm
G1 X5.2800 Y0.0400 Z7.1654 F1200.0 ; Width: 0.200mm
G1 X5.3656 Y0.0400 Z7.4200 F1200.0 ; Width: 0.200mm
G1 X5.5218 Y0.0400 Z7.7600 F1200.0 ; Width: 0.200mm
G1 X5.6557 Y0.0400 Z8.0000 F1200.0 ; Width: 0.200mm
G1 X5.8800 Y0.0400 Z8.3450 F1200.0 ; Width: 0.200mm
G1 X6.1200 Y0.0400 Z8.6367 F1200.0 ; Width: 0.200mm
G1 X6.4800 Y0.0400 Z8.9969 F1200.0 ; Width: 0.200mm
G1 X6.6400 Y0.0400 Z9.1237 F1200.0 ; Width: 0.200mm
G1 X6.8931 Y0.0400 Z9.3000 F1124.5 ; Width: 0.213mm
G1 X7.0600 Y0.0400 Z9.3982 F1200.0 ; Width: 0.200mm
G1 X7.4200 Y0.0400 Z9.5744 F1200.0 ; Width: 0.200mm
G1 X7.6400 Y0.0400 Z9.6555 F1200.0 ; Width: 0.200mm
G1 X7.8600 Y0.0400 Z9.7214 F1200.0 ; Width: 0.200mm
G1 X8.0800 Y0.0400 Z9.7763 F960.0 ; Width: 0.250mm
G1 X8.2600 Y0.0400 Z9.7955 F1200.0 ; Width: 0.200mm
G1 X8.4000 Y0.0400 Z9.8267 F1200.0 ; Width: 0.200mm
G1 X8.5000 Y0.0400 Z9.8348 F1200.0 ; Width: 0.200mm
G1 X9.3400 Y0.0400 Z9.8348 F1200.0 ; Width: 0.200mm
G1 X9.4813 Y0.0400 Z9.8200 F1200.0 ; Width: 0.200mm
G0 Z10.8200 F6000.0 ; Z-hop up
G0 X9.3916 Y0.0400 F6000.0 ; Travel to new path
G0 Z9.4800 F6000.0 ; Z-hop down
G1 X9.5200 Y0.0400 Z9.4460 F1200.0 ; Width: 0.200mm
G1 X9.7000 Y0.0400 Z9.4354 F1200.0 ; Width: 0.200mm
G1 X9.8800 Y0.0400 Z9.3911 F1200.0 ; Width: 0.200mm
G1 X10.2800 Y0.0400 Z9.2532 F1200.0 ; Width: 0.200mm
G1 X10.4200 Y0.0400 Z9.1967 F1200.0 ; Width: 0.200mm
G1 X10.6529 Y0.0400 Z9.0800 F1200.0 ; Width: 0.200mm
G1 X10.8549 Y0.0400 Z8.9400 F1200.0 ; Width: 0.200mm
G1 X10.9263 Y0.0400 Z8.9000 F1200.0 ; Width: 0.200mm
G1 X11.0600 Y0.0400 Z8.8000 F1200.0 ; Width: 0.200mm
G1 X11.3400 Y0.0400 Z8.5400 F1200.0 ; Width: 0.200mm
G1 X11.5600 Y0.0400 Z8.2800 F1200.0 ; Width: 0.200mm
G1 X11.6444 Y0.0400 Z8.1600 F1200.0 ; Width: 0.200mm
G1 X11.7000 Y0.0400 Z8.0949 F1200.0 ; Width: 0.200mm
G1 X11.7669 Y0.0400 Z7.9800 F1200.0 ; Width: 0.200mm
G1 X11.8800 Y0.0400 Z7.8129 F1200.0 ; Width: 0.200mm
G1 X12.0967 Y0.0400 Z7.3800 F1200.0 ; Width: 0.200mm
G1 X12.2200 Y0.0400 Z7.0600 F1200.0 ; Width: 0.200mm
G1 X12.2567 Y0.0400 Z6.9200 F1200.0 ; Width: 0.200mm
G1 X12.2860 Y0.0400 Z6.8400 F1200.0 ; Width: 0.200mm
G1 X12.3060 Y0.0400 Z6.7400 F1200.0 ; Width: 0.200mm
G1 X12.3511 Y0.0400 Z6.6000 F1200.0 ; Width: 0.200mm
G1 X12.3816 Y0.0400 Z6.4200 F1200.0 ; Width: 0.200mm
G1 X12.4354 Y0.0400 Z6.2000 F1200.0 ; Width: 0.200mm
G1 X12.4460 Y0.0400 Z6.0800 F1200.0 ; Width: 0.200mm
G1 X12.4789 Y0.0400 Z5.9400 F1200.0 ; Width: 0.200mm
G1 X12.4860 Y0.0400 Z5.7400 F1200.0 ; Width: 0.200mm
G1 X12.5216 Y0.0400 Z5.5400 F1200.0 ; Width: 0.200mm
G1 X12.5260 Y0.0400 Z5.3000 F1200.0 ; Width: 0.200mm
G1 X12.5416 Y0.0400 Z5.2200 F1200.0 ; Width: 0.200mm
G1 X12.5460 Y0.0400 Z5.0600 F1200.0 ; Width: 0.200mm
G1 X12.5646 Y0.0400 Z4.9400 F1200.0 ; Width: 0.200mm
G1 X12.5635 Y0.0400 Z3.6200 F1200.0 ; Width: 0.200mm
G1 X12.5460 Y0.0400 Z3.5200 F1200.0 ; Width: 0.200mm
G1 X12.5167 Y0.0400 Z3.4400 F1200.0 ; Width: 0.200mm
G1 X12.4641 Y0.0400 Z3.3400 F1200.0 ; Width: 0.200mm
G1 X12.4021 Y0.0400 Z3.2600 F1200.0 ; Width: 0.200mm
G1 X12.3200 Y0.0400 Z3.1800 F1200.0 ; Width: 0.200mm
G1 X12.2400 Y0.0400 Z3.1239 F1200.0 ; Width: 0.200mm
G1 X12.1600 Y0.0400 Z3.0868 F1200.0 ; Width: 0.200mm
G1 X12.0600 Y0.0400 Z3.0611 F1200.0 ; Width: 0.200mm
G1 X11.9800 Y0.0400 Z3.0550 F1200.0 ; Width: 0.200mm
G1 X10.7000 Y0.0400 Z3.0550 F1200.0 ; Width: 0.200mm
G1 X10.5600 Y0.0400 Z3.0354 F1200.0 ; Width: 0.200mm
G1 X10.0000 Y0.0400 Z3.0354 F1200.0 ; Width: 0.200mm
G1 X9.8800 Y0.0400 Z3.0540 F1200.0 ; Width: 0.200mm
G1 X9.7800 Y0.0400 Z3.0868 F1200.0 ; Width: 0.200mm
G1 X9.7000 Y0.0400 Z3.1239 F1200.0 ; Width: 0.200mm
G1 X9.5978 Y0.0400 Z3.2000 F1200.0 ; Width: 0.200mm
G1 X9.5400 Y0.0400 Z3.2600 F1200.0 ; Width: 0.200mm
G1 X9.4959 Y0.0400 Z3.3200 F1200.0 ; Width: 0.200mm
G1 X9.4268 Y0.0400 Z3.4600 F1200.0 ; Width: 0.200mm
G1 X9.3811 Y0.0400 Z3.6200 F1200.0 ; Width: 0.200mm
G1 X9.3750 Y0.0400 Z3.9400 F1200.0 ; Width: 0.200mm
G1 X9.3950 Y0.0400 Z4.1000 F1200.0 ; Width: 0.200mm
G1 X9.3950 Y0.0400 Z4.4800 F1200.0 ; Width: 0.200mm
G1 X9.3754 Y0.0400 Z4.6200 F1200.0 ; Width: 0.200mm
G1 X9.3740 Y0.0400 Z5.1200 F1200.0 ; Width: 0.200mm
G1 X9.3140 Y0.0400 Z5.5400 F1200.0 ; Width: 0.200mm
G1 X9.2784 Y0.0400 Z5.7200 F1200.0 ; Width: 0.200mm
G1 X9.2131 Y0.0400 Z5.9200 F1200.0 ; Width: 0.200mm
G1 X9.1531 Y0.0400 Z6.0200 F1200.0 ; Width: 0.200mm
G1 X9.1177 Y0.0400 Z6.0600 F1200.0 ; Width: 0.200mm
G1 X9.1000 Y0.0400 Z6.0731 F1200.0 ; Width: 0.200mm
G1 X8.9800 Y0.0400 Z6.1146 F1200.0 ; Width: 0.200mm
G1 X8.8600 Y0.0400 Z6.1146 F1200.0 ; Width: 0.200mm
G1 X8.7600 Y0.0400 Z6.0800 F1200.0 ; Width: 0.200mm
G1 X8.7200 Y0.0400 Z6.0537 F1200.0 ; Width: 0.200mm
G1 X8.6367 Y0.0400 Z5.9400 F1200.0 ; Width: 0.200mm
G1 X8.5967 Y0.0400 Z5.8600 F1200.0 ; Width: 0.200mm
G1 X8.5660 Y0.0400 Z5.7600 F1200.0 ; Width: 0.200mm
G1 X8.5554 Y0.0400 Z5.6800 F1200.0 ; Width: 0.200mm
G1 X8.5060 Y0.0400 Z5.4800 F1200.0 ; Width: 0.200mm
G1 X8.5016 Y0.0400 Z5.3800 F1200.0 ; Width: 0.200mm
G1 X8.4860 Y0.0400 Z5.3000 F1200.0 ; Width: 0.200mm
G1 X8.4835 Y0.0400 Z5.0800 F1200.0 ; Width: 0.200mm
G1 X8.4660 Y0.0400 Z4.9800 F1200.0 ; Width: 0.200mm
G1 X8.4646 Y0.0400 Z4.4600 F1200.0 ; Width: 0.200mm
G1 X8.4450 Y0.0400 Z4.3200 F1200.0 ; Width: 0.200mm
G1 X8.4450 Y0.0400 Z-2.4800 F1200.0 ; Width: 0.200mm
G1 X8.4635 Y0.0400 Z-2.6000 F1200.0 ; Width: 0.200mm
G1 X8.4650 Y0.0400 Z-2.8200 F1200.0 ; Width: 0.200mm
G1 X8.4835 Y0.0400 Z-2.9400 F1200.0 ; Width: 0.200mm
G1 X8.4860 Y0.0400 Z-3.1200 F1200.0 ; Width: 0.200mm
G1 X8.5016 Y0.0400 Z-3.2000 F1200.0 ; Width: 0.200mm
G1 X8.5060 Y0.0400 Z-3.2800 F1200.0 ; Width: 0.200mm
G1 X8.5660 Y0.0400 Z-3.5400 F1200.0 ; Width: 0.200mm
G1 X8.6069 Y0.0400 Z-3.6800 F1200.0 ; Width: 0.200mm
G1 X8.6455 Y0.0400 Z-3.7600 F1200.0 ; Width: 0.200mm
G1 X8.7423 Y0.0400 Z-3.8800 F1200.0 ; Width: 0.200mm
G1 X8.8400 Y0.0400 Z-3.9331 F1200.0 ; Width: 0.200mm
G1 X9.0400 Y0.0400 Z-3.9331 F1200.0 ; Width: 0.200mm
G1 X9.1200 Y0.0400 Z-3.8943 F1200.0 ; Width: 0.200mm
G1 X9.1531 Y0.0400 Z-3.8600 F1200.0 ; Width: 0.200mm
G1 X9.2131 Y0.0400 Z-3.7400 F1200.0 ; Width: 0.200mm
G1 X9.2740 Y0.0400 Z-3.5600 F1200.0 ; Width: 0.200mm
G1 X9.3140 Y0.0400 Z-3.3800 F1200.0 ; Width: 0.200mm
G1 X9.3211 Y0.0400 Z-3.2800 F1200.0 ; Width: 0.200mm
G1 X9.3540 Y0.0400 Z-3.1000 F1200.0 ; Width: 0.200mm
G1 X9.3584 Y0.0400 Z-2.9800 F1200.0 ; Width: 0.200mm
G1 X9.3740 Y0.0400 Z-2.9000 F1200.0 ; Width: 0.200mm
G1 X9.3754 Y0.0400 Z-2.6200 F1200.0 ; Width: 0.200mm
G1 X9.3950 Y0.0400 Z-2.4800 F1200.0 ; Width: 0.200mm
G1 X9.3950 Y0.0400 Z-2.1600 F1200.0 ; Width: 0.200mm
G1 X9.3750 Y0.0400 Z-2.0000 F1200.0 ; Width: 0.200mm
G1 X9.3750 Y0.0400 Z-1.2000 F1200.0 ; Width: 0.200mm
G1 X9.3940 Y0.0400 Z-1.0600 F1200.0 ; Width: 0.200mm
G1 X9.3954 Y0.0400 Z-0.8800 F1200.0 ; Width: 0.200mm
G1 X9.4046 Y0.0400 Z-0.8000 F1200.0 ; Width: 0.200mm
G1 X9.4268 Y0.0400 Z-0.7200 F1200.0 ; Width: 0.200mm
G1 X9.4639 Y0.0400 Z-0.6400 F1200.0 ; Width: 0.200mm
G1 X9.5200 Y0.0400 Z-0.5600 F1200.0 ; Width: 0.200mm
G1 X9.5778 Y0.0400 Z-0.5000 F1200.0 ; Width: 0.200mm
G1 X9.6400 Y0.0400 Z-0.4438 F1200.0 ; Width: 0.200mm
G1 X9.7071 Y0.0400 Z-0.4000 F1200.0 ; Width: 0.200mm
G1 X9.7800 Y0.0400 Z-0.3668 F1200.0 ; Width: 0.200mm
G1 X9.8600 Y0.0400 Z-0.3446 F1200.0 ; Width: 0.200mm
G1 X9.9600 Y0.0400 Z-0.3350 F1200.0 ; Width: 0.200mm
G1 X12.0000 Y0.0400 Z-0.3354 F1200.0 ; Width: 0.200mm
G1 X12.1000 Y0.0400 Z-0.3489 F1200.0 ; Width: 0.200mm
G1 X12.1800 Y0.0400 Z-0.3746 F1200.0 ; Width: 0.200mm
G1 X12.2600 Y0.0400 Z-0.4159 F1200.0 ; Width: 0.200mm
G1 X12.3200 Y0.0400 Z-0.4600 F1200.0 ; Width: 0.200mm
G1 X12.4200 Y0.0400 Z-0.5600 F1200.0 ; Width: 0.200mm
G1 X12.4761 Y0.0400 Z-0.6400 F1200.0 ; Width: 0.200mm
G1 X12.5332 Y0.0400 Z-0.7600 F1200.0 ; Width: 0.200mm
G1 X12.5616 Y0.0400 Z-0.8800 F1200.0 ; Width: 0.200mm
M118 P0 S"44" ; Sync timer
G1 X12.5646 Y0.0400 Z-2.7400 F1200.0 ; Width: 0.200mm
G1 X12.5460 Y0.0400 Z-2.8600 F1200.0 ; Width: 0.200mm
G1 X12.5416 Y0.0400 Z-2.9800 F1200.0 ; Width: 0.200mm
G1 X12.5260 Y0.0400 Z-3.0600 F1200.0 ; Width: 0.200mm
G1 X12.5235 Y0.0400 Z-3.3400 F1200.0 ; Width: 0.200mm
G1 X12.4860 Y0.0400 Z-3.5600 F1200.0 ; Width: 0.200mm
G1 X12.4789 Y0.0400 Z-3.7400 F1200.0 ; Width: 0.200mm
G1 X12.4460 Y0.0400 Z-3.8800 F1200.0 ; Width: 0.200mm
G1 X12.4354 Y0.0400 Z-4.0000 F1200.0 ; Width: 0.200mm
G1 X12.3860 Y0.0400 Z-4.2000 F1200.0 ; Width: 0.200mm
G1 X12.3511 Y0.0400 Z-4.4200 F1200.0 ; Width: 0.200mm
G1 X12.2200 Y0.0400 Z-4.8600 F1200.0 ; Width: 0.200mm
G1 X12.0600 Y0.0400 Z-5.2725 F1200.0 ; Width: 0.200mm
G1 X11.8800 Y0.0400 Z-5.6329 F1200.0 ; Width: 0.200mm
G1 X11.7967 Y0.0400 Z-5.7600 F1200.0 ; Width: 0.200mm
G1 X11.7308 Y0.0400 Z-5.8800 F1200.0 ; Width: 0.200mm
G1 X11.6644 Y0.0400 Z-5.9600 F1200.0 ; Width: 0.200mm
G1 X11.4600 Y0.0400 Z-6.2400 F1200.0 ; Width: 0.200mm
G1 X11.1600 Y0.0400 Z-6.5421 F1200.0 ; Width: 0.200mm
G1 X10.9600 Y0.0400 Z-6.7108 F1200.0 ; Width: 0.200mm
G1 X10.7200 Y0.0400 Z-6.8761 F1200.0 ; Width: 0.200mm
G1 X10.6000 Y0.0400 Z-6.9367 F1200.0 ; Width: 0.200mm
G1 X10.5200 Y0.0400 Z-6.9869 F1200.0 ; Width: 0.200mm
G1 X10.4200 Y0.0400 Z-7.0269 F1200.0 ; Width: 0.200mm
G1 X10.2600 Y0.0400 Z-7.1054 F1200.0 ; Width: 0.200mm
G1 X10.1000 Y0.0400 Z-7.1600 F1200.0 ; Width: 0.200mm
G1 X9.8600 Y0.0400 Z-7.2260 F1200.0 ; Width: 0.200mm
G1 X9.7200 Y0.0400 Z-7.2460 F1200.0 ; Width: 0.200mm
G1 X9.6000 Y0.0400 Z-7.2789 F1200.0 ; Width: 0.200mm
G1 X9.5000 Y0.0400 Z-7.2860 F1200.0 ; Width: 0.200mm
G1 X9.4000 Y0.0400 Z-7.3035 F1200.0 ; Width: 0.200mm
G1 X9.2600 Y0.0400 Z-7.3060 F1200.0 ; Width: 0.200mm
G1 X9.1400 Y0.0400 Z-7.3246 F1200.0 ; Width: 0.200mm
G1 X8.7400 Y0.0400 Z-7.3246 F1200.0 ; Width: 0.200mm
G1 X8.6200 Y0.0400 Z-7.3060 F1200.0 ; Width: 0.200mm
G1 X8.4800 Y0.0400 Z-7.3035 F1200.0 ; Width: 0.200mm
G1 X8.2600 Y0.0400 Z-7.2754 F1200.0 ; Width: 0.200mm
G1 X8.1600 Y0.0400 Z-7.2460 F1200.0 ; Width: 0.200mm
G1 X8.0200 Y0.0400 Z-7.2260 F1200.0 ; Width: 0.200mm
G1 X7.8000 Y0.0400 Z-7.1660 F1200.0 ; Width: 0.200mm
G1 X7.6400 Y0.0400 Z-7.1132 F1200.0 ; Width: 0.200mm
G1 X7.3200 Y0.0400 Z-6.9669 F1200.0 ; Width: 0.200mm
G1 X7.0400 Y0.0400 Z-6.8041 F1200.0 ; Width: 0.200mm
G1 X6.9400 Y0.0400 Z-6.7362 F1043.5 ; Width: 0.230mm
G1 X6.7000 Y0.0400 Z-6.5400 F1200.0 ; Width: 0.200mm
G1 X6.4379 Y0.0400 Z-6.2800 F1200.0 ; Width: 0.200mm
G1 X6.2200 Y0.0400 Z-6.0200 F1200.0 ; Width: 0.200mm
G1 X6.0892 Y0.0400 Z-5.8400 F1200.0 ; Width: 0.200mm
G1 X5.9759 Y0.0400 Z-5.6600 F1200.0 ; Width: 0.200mm
G1 X5.7746 Y0.0400 Z-5.2600 F1200.0 ; Width: 0.200mm
G1 X5.6068 Y0.0400 Z-4.8400 F1200.0 ; Width: 0.200mm
G1 X5.5340 Y0.0400 Z-4.6000 F1200.0 ; Width: 0.200mm
G1 X5.4489 Y0.0400 Z-4.2800 F1200.0 ; Width: 0.200mm
G1 X5.3611 Y0.0400 Z-3.8000 F1200.0 ; Width: 0.200mm
G1 X5.3540 Y0.0400 Z-3.7200 F1200.0 ; Width: 0.200mm
G1 X5.3184 Y0.0400 Z-3.5200 F1200.0 ; Width: 0.200mm
G1 X5.3140 Y0.0400 Z-3.3200 F1200.0 ; Width: 0.200mm
G1 X5.2984 Y0.0400 Z-3.2400 F1200.0 ; Width: 0.200mm
G1 X5.2940 Y0.0400 Z-3.0800 F600.0 ; Width: 0.400mm
G1 X5.2754 Y0.0400 Z-2.9600 F600.0 ; Width: 0.400mm
G1 X5.2754 Y0.0400 Z5.0600 F600.0 ; Width: 0.400mm
G1 X5.2940 Y0.0400 Z5.1800 F600.0 ; Width: 0.400mm
G1 X5.2984 Y0.0400 Z5.3400 F600.0 ; Width: 0.400mm
G1 X5.3140 Y0.0400 Z5.4200 F1200.0 ; Width: 0.200mm
G1 X5.3184 Y0.0400 Z5.6600 F1200.0 ; Width: 0.200mm
G1 X5.3540 Y0.0400 Z5.8600 F1200.0 ; Width: 0.200mm
G1 X5.3584 Y0.0400 Z5.9400 F1200.0 ; Width: 0.200mm
G1 X5.3940 Y0.0400 Z6.1400 F1200.0 ; Width: 0.200mm
G1 X5.4011 Y0.0400 Z6.2200 F1200.0 ; Width: 0.200mm
G1 X5.4489 Y0.0400 Z6.4800 F1200.0 ; Width: 0.200mm
G1 X5.5600 Y0.0400 Z6.9000 F1200.0 ; Width: 0.200mm
G1 X5.6946 Y0.0400 Z7.3000 F1200.0 ; Width: 0.200mm
G1 X5.7931 Y0.0400 Z7.5000 F1200.0 ; Width: 0.200mm
G1 X5.8400 Y0.0400 Z7.6129 F1200.0 ; Width: 0.200mm
G1 X5.8836 Y0.0400 Z7.6800 F1200.0 ; Width: 0.200mm
G1 X5.9559 Y0.0400 Z7.8200 F1200.0 ; Width: 0.200mm
G1 X6.1492 Y0.0400 Z8.1200 F1200.0 ; Width: 0.200mm
G1 X6.3779 Y0.0400 Z8.4000 F1200.0 ; Width: 0.200mm
G1 X6.7400 Y0.0400 Z8.7600 F1200.0 ; Width: 0.200mm
G1 X7.0000 Y0.0400 Z8.9508 F1200.0 ; Width: 0.200mm
G1 X7.2200 Y0.0400 Z9.0869 F1200.0 ; Width: 0.200mm
G1 X7.5200 Y0.0400 Z9.2367 F1200.0 ; Width: 0.200mm
G1 X7.6400 Y0.0400 Z9.2767 F1200.0 ; Width: 0.200mm
G1 X7.7200 Y0.0400 Z9.3132 F1200.0 ; Width: 0.200mm
G1 X7.9600 Y0.0400 Z9.3860 F1200.0 ; Width: 0.200mm
G1 X8.1400 Y0.0400 Z9.4311 F1200.0 ; Width: 0.200mm
G1 X8.2200 Y0.0400 Z9.4435 F1200.0 ; Width: 0.200mm
G1 X8.3200 Y0.0400 Z9.4460 F1200.0 ; Width: 0.200mm
G1 X8.4600 Y0.0400 Z9.4816 F1200.0 ; Width: 0.200mm
G1 X9.3916 Y0.0400 Z9.4800 F1200.0 ; Width: 0.200mm
G0 Z10.4800 F6000.0 ; Z-hop up
G0 X9.3903 Y0.0400 F6000.0 ; Travel to new path
G0 Z9.1200 F6000.0 ; Z-hop down
G1 X9.4600 Y0.0400 Z9.0959 F1200.0 ; Width: 0.200mm
G1 X9.6200 Y0.0400 Z9.0939 F1200.0 ; Width: 0.200mm
G1 X9.7400 Y0.0400 Z9.0559 F1200.0 ; Width: 0.200mm
G1 X9.8000 Y0.0400 Z9.0504 F1200.0 ; Width: 0.200mm
G1 X9.9400 Y0.0400 Z8.9959 F1200.0 ; Width: 0.200mm
G1 X10.0000 Y0.0400 Z8.9844 F1200.0 ; Width: 0.200mm
G1 X10.0600 Y0.0400 Z8.9556 F1200.0 ; Width: 0.200mm
G1 X10.1600 Y0.0400 Z8.9244 F1200.0 ; Width: 0.200mm
G1 X10.2800 Y0.0400 Z8.8756 F1200.0 ; Width: 0.200mm
G1 X10.3400 Y0.0400 Z8.8339 F1200.0 ; Width: 0.200mm
G1 X10.3800 Y0.0400 Z8.8244 F1200.0 ; Width: 0.200mm
G1 X10.4800 Y0.0400 Z8.7756 F1200.0 ; Width: 0.200mm
G1 X10.6600 Y0.0400 Z8.6472 F1200.0 ; Width: 0.200mm
G1 X10.7400 Y0.0400 Z8.6036 F1200.0 ; Width: 0.200mm
M118 P0 S"45" ; Sync timer
G1 X10.8400 Y0.0400 Z8.5272 F1200.0 ; Width: 0.200mm
G1 X10.9800 Y0.0400 Z8.3872 F1200.0 ; Width: 0.200mm
G1 X11.0248 Y0.0400 Z8.3600 F1200.0 ; Width: 0.200mm
G1 X11.0672 Y0.0400 Z8.3200 F1200.0 ; Width: 0.200mm
G1 X11.1072 Y0.0400 Z8.2600 F1200.0 ; Width: 0.200mm
G1 X11.1872 Y0.0400 Z8.1800 F1200.0 ; Width: 0.200mm
G1 X11.2272 Y0.0400 Z8.1200 F1200.0 ; Width: 0.200mm
G1 X11.3000 Y0.0400 Z8.0448 F1200.0 ; Width: 0.200mm
G1 X11.3672 Y0.0400 Z7.9400 F1200.0 ; Width: 0.200mm
G1 X11.4200 Y0.0400 Z7.8848 F1200.0 ; Width: 0.200mm
G1 X11.4704 Y0.0400 Z7.7800 F1200.0 ; Width: 0.200mm
G1 X11.5200 Y0.0400 Z7.7248 F1200.0 ; Width: 0.200mm
G1 X11.5756 Y0.0400 Z7.6400 F1200.0 ; Width: 0.200mm
G1 X11.5939 Y0.0400 Z7.5800 F1200.0 ; Width: 0.200mm
G1 X11.6356 Y0.0400 Z7.5200 F1200.0 ; Width: 0.200mm
G1 X11.7756 Y0.0400 Z7.2400 F1200.0 ; Width: 0.200mm
G1 X11.7939 Y0.0400 Z7.1800 F1200.0 ; Width: 0.200mm
G1 X11.8244 Y0.0400 Z7.1200 F1200.0 ; Width: 0.200mm
G1 X11.8359 Y0.0400 Z7.0600 F1200.0 ; Width: 0.200mm
G1 X11.8844 Y0.0400 Z6.9600 F1200.0 ; Width: 0.200mm
G1 X11.9159 Y0.0400 Z6.8200 F1200.0 ; Width: 0.200mm
G1 X11.9504 Y0.0400 Z6.7400 F1200.0 ; Width: 0.200mm
G1 X11.9559 Y0.0400 Z6.6800 F1200.0 ; Width: 0.200mm
G1 X12.0104 Y0.0400 Z6.5200 F1200.0 ; Width: 0.200mm
G1 X12.0159 Y0.0400 Z6.4400 F1200.0 ; Width: 0.200mm
G1 X12.0304 Y0.0400 Z6.4000 F1200.0 ; Width: 0.200mm
G1 X12.0359 Y0.0400 Z6.3400 F1200.0 ; Width: 0.200mm
G1 X12.0939 Y0.0400 Z6.1200 F1200.0 ; Width: 0.200mm
G1 X12.0959 Y0.0400 Z6.0200 F1200.0 ; Width: 0.200mm
G1 X12.1339 Y0.0400 Z5.8800 F1200.0 ; Width: 0.200mm
G1 X12.1359 Y0.0400 Z5.6800 F1200.0 ; Width: 0.200mm
G1 X12.1504 Y0.0400 Z5.6400 F1200.0 ; Width: 0.200mm
G1 X12.1559 Y0.0400 Z5.5600 F1200.0 ; Width: 0.200mm
G1 X12.1739 Y0.0400 Z5.5000 F1200.0 ; Width: 0.200mm
G1 X12.1759 Y0.0400 Z5.2400 F1200.0 ; Width: 0.200mm
G1 X12.1939 Y0.0400 Z5.1800 F1200.0 ; Width: 0.200mm
G1 X12.1959 Y0.0400 Z5.0000 F1200.0 ; Width: 0.200mm
G1 X12.2150 Y0.0400 Z4.9200 F1200.0 ; Width: 0.200mm
G1 X12.2139 Y0.0400 Z3.6400 F1200.0 ; Width: 0.200mm
G1 X12.1956 Y0.0400 Z3.5800 F1200.0 ; Width: 0.200mm
G1 X12.1472 Y0.0400 Z3.5000 F1200.0 ; Width: 0.200mm
G1 X12.0800 Y0.0400 Z3.4364 F1200.0 ; Width: 0.200mm
G1 X12.0400 Y0.0400 Z3.4156 F1200.0 ; Width: 0.200mm
G1 X12.0000 Y0.0400 Z3.4061 F1200.0 ; Width: 0.200mm
G1 X10.6400 Y0.0400 Z3.4050 F1200.0 ; Width: 0.200mm
G1 X10.5400 Y0.0400 Z3.3850 F1200.0 ; Width: 0.200mm
G1 X10.0200 Y0.0400 Z3.3850 F1200.0 ; Width: 0.200mm
G1 X9.9600 Y0.0400 Z3.3956 F1200.0 ; Width: 0.200mm
G1 X9.8600 Y0.0400 Z3.4364 F1200.0 ; Width: 0.200mm
G1 X9.8128 Y0.0400 Z3.4800 F1200.0 ; Width: 0.200mm
G1 X9.7844 Y0.0400 Z3.5200 F1200.0 ; Width: 0.200mm
G1 X9.7556 Y0.0400 Z3.5800 F1200.0 ; Width: 0.200mm
G1 X9.7261 Y0.0400 Z3.6800 F1200.0 ; Width: 0.200mm
G1 X9.7261 Y0.0400 Z3.7400 F1200.0 ; Width: 0.200mm
G1 X9.7441 Y0.0400 Z3.8000 F1200.0 ; Width: 0.200mm
G1 X9.7261 Y0.0400 Z3.8800 F1200.0 ; Width: 0.200mm
G1 X9.7250 Y0.0400 Z3.9400 F1200.0 ; Width: 0.200mm
G1 X9.7450 Y0.0400 Z4.0400 F600.0 ; Width: 0.400mm
G1 X9.7450 Y0.0400 Z4.5400 F1200.0 ; Width: 0.200mm
G1 X9.7250 Y0.0400 Z4.6400 F600.0 ; Width: 0.400mm
G1 X9.7241 Y0.0400 Z5.1800 F1200.0 ; Width: 0.200mm
G1 X9.7061 Y0.0400 Z5.2400 F1200.0 ; Width: 0.200mm
G1 X9.7041 Y0.0400 Z5.3400 F1200.0 ; Width: 0.200mm
G1 X9.6861 Y0.0400 Z5.4000 F1200.0 ; Width: 0.200mm
G1 X9.6841 Y0.0400 Z5.4600 F1200.0 ; Width: 0.200mm
G1 X9.6661 Y0.0400 Z5.5200 F1200.0 ; Width: 0.200mm
G1 X9.6641 Y0.0400 Z5.6000 F1200.0 ; Width: 0.200mm
G1 X9.6496 Y0.0400 Z5.6400 F1200.0 ; Width: 0.200mm
G1 X9.6241 Y0.0400 Z5.8000 F1200.0 ; Width: 0.200mm
G1 X9.5444 Y0.0400 Z6.0400 F1200.0 ; Width: 0.200mm
G1 X9.5000 Y0.0400 Z6.1285 F1200.0 ; Width: 0.200mm
G1 X9.4328 Y0.0400 Z6.2400 F1200.0 ; Width: 0.200mm
G1 X9.3128 Y0.0400 Z6.3600 F1200.0 ; Width: 0.200mm
G1 X9.2200 Y0.0400 Z6.4044 F1200.0 ; Width: 0.200mm
G1 X9.1200 Y0.0400 Z6.4356 F1200.0 ; Width: 0.200mm
G1 X9.0600 Y0.0400 Z6.4650 F1200.0 ; Width: 0.200mm
G1 X8.7800 Y0.0400 Z6.4641 F1200.0 ; Width: 0.200mm
G1 X8.7200 Y0.0400 Z6.4356 F1200.0 ; Width: 0.200mm
G1 X8.6000 Y0.0400 Z6.3954 F1200.0 ; Width: 0.200mm
G1 X8.5000 Y0.0400 Z6.3328 F1200.0 ; Width: 0.200mm
G1 X8.4472 Y0.0400 Z6.2800 F1200.0 ; Width: 0.200mm
G1 X8.3472 Y0.0400 Z6.1400 F1200.0 ; Width: 0.200mm
G1 X8.2559 Y0.0400 Z5.9600 F1200.0 ; Width: 0.200mm
G1 X8.2504 Y0.0400 Z5.9200 F1200.0 ; Width: 0.200mm
G1 X8.2159 Y0.0400 Z5.8200 F1200.0 ; Width: 0.200mm
G1 X8.2104 Y0.0400 Z5.7400 F1200.0 ; Width: 0.200mm
G1 X8.1759 Y0.0400 Z5.6400 F1200.0 ; Width: 0.200mm
G1 X8.1704 Y0.0400 Z5.5800 F1200.0 ; Width: 0.200mm
G1 X8.1559 Y0.0400 Z5.5400 F1200.0 ; Width: 0.200mm
G1 X8.1539 Y0.0400 Z5.4200 F1200.0 ; Width: 0.200mm
G1 X8.1359 Y0.0400 Z5.3600 F1200.0 ; Width: 0.200mm
G1 X8.1339 Y0.0400 Z5.1000 F1200.0 ; Width: 0.200mm
G1 X8.1150 Y0.0400 Z5.0200 F600.0 ; Width: 0.400mm
G1 X8.1150 Y0.0400 Z4.4800 F600.0 ; Width: 0.400mm
G1 X8.0950 Y0.0400 Z4.3800 F1200.0 ; Width: 0.200mm
G1 X8.0950 Y0.0400 Z-2.5400 F1200.0 ; Width: 0.200mm
G1 X8.1139 Y0.0400 Z-2.6200 F1200.0 ; Width: 0.200mm
G1 X8.1150 Y0.0400 Z-2.8800 F600.0 ; Width: 0.400mm
G1 X8.1339 Y0.0400 Z-2.9600 F1200.0 ; Width: 0.200mm
G1 X8.1359 Y0.0400 Z-3.1800 F1200.0 ; Width: 0.200mm
G1 X8.1539 Y0.0400 Z-3.2400 F1200.0 ; Width: 0.200mm
G1 X8.1559 Y0.0400 Z-3.3400 F1200.0 ; Width: 0.200mm
G1 X8.1704 Y0.0400 Z-3.3800 F1200.0 ; Width: 0.200mm
G1 X8.1759 Y0.0400 Z-3.4400 F1200.0 ; Width: 0.200mm
G1 X8.2104 Y0.0400 Z-3.5400 F1200.0 ; Width: 0.200mm
G1 X8.2159 Y0.0400 Z-3.6000 F1200.0 ; Width: 0.200mm
G1 X8.2756 Y0.0400 Z-3.8000 F1200.0 ; Width: 0.200mm
G1 X8.3304 Y0.0400 Z-3.9200 F1200.0 ; Width: 0.200mm
G1 X8.3672 Y0.0400 Z-3.9800 F1200.0 ; Width: 0.200mm
G1 X8.4000 Y0.0400 Z-4.0152 F1200.0 ; Width: 0.200mm
G1 X8.4272 Y0.0400 Z-4.0600 F1200.0 ; Width: 0.200mm
G1 X8.5400 Y0.0400 Z-4.1728 F1200.0 ; Width: 0.200mm
G1 X8.7200 Y0.0400 Z-4.2696 F1200.0 ; Width: 0.200mm
G1 X8.7800 Y0.0400 Z-4.2850 F1200.0 ; Width: 0.200mm
G1 X8.9600 Y0.0400 Z-4.2896 F1200.0 ; Width: 0.200mm
G1 X9.1200 Y0.0400 Z-4.2841 F1200.0 ; Width: 0.200mm
G1 X9.2800 Y0.0400 Z-4.2096 F1200.0 ; Width: 0.200mm
G1 X9.3400 Y0.0400 Z-4.1728 F1200.0 ; Width: 0.200mm
G1 X9.4328 Y0.0400 Z-4.0800 F1200.0 ; Width: 0.200mm
G1 X9.5096 Y0.0400 Z-3.9400 F1200.0 ; Width: 0.200mm
G1 X9.5444 Y0.0400 Z-3.8600 F1200.0 ; Width: 0.200mm
G1 X9.6241 Y0.0400 Z-3.6200 F1200.0 ; Width: 0.200mm
G1 X9.6296 Y0.0400 Z-3.5600 F1200.0 ; Width: 0.200mm
G1 X9.6641 Y0.0400 Z-3.4400 F1200.0 ; Width: 0.200mm
G1 X9.6661 Y0.0400 Z-3.3400 F1200.0 ; Width: 0.200mm
G1 X9.6841 Y0.0400 Z-3.2800 F1200.0 ; Width: 0.200mm
G1 X9.6896 Y0.0400 Z-3.2000 F1200.0 ; Width: 0.200mm
G1 X9.7041 Y0.0400 Z-3.1600 F1200.0 ; Width: 0.200mm
G1 X9.7061 Y0.0400 Z-3.0200 F1200.0 ; Width: 0.200mm
G1 X9.7241 Y0.0400 Z-2.9600 F1200.0 ; Width: 0.200mm
G1 X9.7250 Y0.0400 Z-2.6400 F1200.0 ; Width: 0.200mm
G1 X9.7450 Y0.0400 Z-2.5400 F600.0 ; Width: 0.400mm
G1 X9.7450 Y0.0400 Z-2.1000 F1200.0 ; Width: 0.200mm
G1 X9.7250 Y0.0400 Z-2.0000 F600.0 ; Width: 0.400mm
G1 X9.7250 Y0.0400 Z-1.2000 F1200.0 ; Width: 0.200mm
G1 X9.7441 Y0.0400 Z-1.1200 F1200.0 ; Width: 0.200mm
G1 X9.7461 Y0.0400 Z-0.8800 F1200.0 ; Width: 0.200mm
G1 X9.7644 Y0.0400 Z-0.8200 F1200.0 ; Width: 0.200mm
G1 X9.7928 Y0.0400 Z-0.7800 F1200.0 ; Width: 0.200mm
G1 X9.8600 Y0.0400 Z-0.7164 F1200.0 ; Width: 0.200mm
G1 X9.9200 Y0.0400 Z-0.6896 F1200.0 ; Width: 0.200mm
G1 X11.9800 Y0.0400 Z-0.6850 F1200.0 ; Width: 0.200mm
G1 X12.0400 Y0.0400 Z-0.6956 F1200.0 ; Width: 0.200mm
G1 X12.1000 Y0.0400 Z-0.7328 F1200.0 ; Width: 0.200mm
G1 X12.1636 Y0.0400 Z-0.8000 F1200.0 ; Width: 0.200mm
G1 X12.2044 Y0.0400 Z-0.8800 F1200.0 ; Width: 0.200mm
G1 X12.2139 Y0.0400 Z-0.9200 F1200.0 ; Width: 0.200mm
G1 X12.2150 Y0.0400 Z-2.7200 F1200.0 ; Width: 0.200mm
G1 X12.1959 Y0.0400 Z-2.8000 F1200.0 ; Width: 0.200mm
G1 X12.1939 Y0.0400 Z-2.9400 F1200.0 ; Width: 0.200mm
G1 X12.1759 Y0.0400 Z-3.0000 F1200.0 ; Width: 0.200mm
G1 X12.1739 Y0.0400 Z-3.3200 F1200.0 ; Width: 0.200mm
G1 X12.1559 Y0.0400 Z-3.3800 F1200.0 ; Width: 0.200mm
G1 X12.1504 Y0.0400 Z-3.4600 F1200.0 ; Width: 0.200mm
G1 X12.1359 Y0.0400 Z-3.5000 F1200.0 ; Width: 0.200mm
G1 X12.1339 Y0.0400 Z-3.6800 F1200.0 ; Width: 0.200mm
G1 X12.0959 Y0.0400 Z-3.8200 F1200.0 ; Width: 0.200mm
G1 X12.0904 Y0.0400 Z-3.9400 F1200.0 ; Width: 0.200mm
G1 X12.0359 Y0.0400 Z-4.1400 F1200.0 ; Width: 0.200mm
G1 X12.0339 Y0.0400 Z-4.2000 F1200.0 ; Width: 0.200mm
G1 X12.0159 Y0.0400 Z-4.2600 F1200.0 ; Width: 0.200mm
G1 X12.0104 Y0.0400 Z-4.3400 F1200.0 ; Width: 0.200mm
G1 X11.9559 Y0.0400 Z-4.5000 F1200.0 ; Width: 0.200mm
G1 X11.9444 Y0.0400 Z-4.5600 F1200.0 ; Width: 0.200mm
G1 X11.9159 Y0.0400 Z-4.6200 F1200.0 ; Width: 0.200mm
G1 X11.8844 Y0.0400 Z-4.7600 F1200.0 ; Width: 0.200mm
G1 X11.7400 Y0.0400 Z-5.1303 F1200.0 ; Width: 0.200mm
G1 X11.5756 Y0.0400 Z-5.4600 F1200.0 ; Width: 0.200mm
G1 X11.5000 Y0.0400 Z-5.5715 F1200.0 ; Width: 0.200mm
G1 X11.4436 Y0.0400 Z-5.6800 F1200.0 ; Width: 0.200mm
G1 X11.3872 Y0.0400 Z-5.7400 F1200.0 ; Width: 0.200mm
G1 X11.3236 Y0.0400 Z-5.8400 F1200.0 ; Width: 0.200mm
G1 X11.2272 Y0.0400 Z-5.9600 F1200.0 ; Width: 0.200mm
G1 X11.2000 Y0.0400 Z-6.0048 F1200.0 ; Width: 0.200mm
G1 X10.9200 Y0.0400 Z-6.2872 F1200.0 ; Width: 0.200mm
G1 X10.8600 Y0.0400 Z-6.3272 F1200.0 ; Width: 0.200mm
G1 X10.7600 Y0.0400 Z-6.4236 F1200.0 ; Width: 0.200mm
G1 X10.5400 Y0.0400 Z-6.5756 F1200.0 ; Width: 0.200mm
G1 X10.5000 Y0.0400 Z-6.5904 F1200.0 ; Width: 0.200mm
G1 X10.3600 Y0.0400 Z-6.6756 F1200.0 ; Width: 0.200mm
G1 X10.2800 Y0.0400 Z-6.7046 F1200.0 ; Width: 0.200mm
G1 X10.1200 Y0.0400 Z-6.7844 F1200.0 ; Width: 0.200mm
G1 X10.0600 Y0.0400 Z-6.7959 F1200.0 ; Width: 0.200mm
G1 X10.0000 Y0.0400 Z-6.8244 F1200.0 ; Width: 0.200mm
G1 X9.8600 Y0.0400 Z-6.8559 F1200.0 ; Width: 0.200mm
G1 X9.7600 Y0.0400 Z-6.8904 F1200.0 ; Width: 0.200mm
G1 X9.6600 Y0.0400 Z-6.8959 F1200.0 ; Width: 0.200mm
G1 X9.5400 Y0.0400 Z-6.9339 F1200.0 ; Width: 0.200mm
G1 X9.4400 Y0.0400 Z-6.9359 F1200.0 ; Width: 0.200mm
G1 X9.3800 Y0.0400 Z-6.9539 F1200.0 ; Width: 0.200mm
G1 X9.2000 Y0.0400 Z-6.9559 F1200.0 ; Width: 0.200mm
G1 X9.1200 Y0.0400 Z-6.9750 F1200.0 ; Width: 0.200mm
G1 X8.7600 Y0.0400 Z-6.9750 F1200.0 ; Width: 0.200mm
G1 X8.6800 Y0.0400 Z-6.9559 F1200.0 ; Width: 0.200mm
G1 X8.5000 Y0.0400 Z-6.9539 F1200.0 ; Width: 0.200mm
G1 X8.4400 Y0.0400 Z-6.9359 F1200.0 ; Width: 0.200mm
G1 X8.3200 Y0.0400 Z-6.9304 F1200.0 ; Width: 0.200mm
G1 X8.2200 Y0.0400 Z-6.8959 F1200.0 ; Width: 0.200mm
G1 X8.1200 Y0.0400 Z-6.8904 F1200.0 ; Width: 0.200mm
G1 X8.0200 Y0.0400 Z-6.8559 F1200.0 ; Width: 0.200mm
G1 X7.8800 Y0.0400 Z-6.8244 F1200.0 ; Width: 0.200mm
G1 X7.8200 Y0.0400 Z-6.7959 F1200.0 ; Width: 0.200mm
G1 X7.7600 Y0.0400 Z-6.7844 F1200.0 ; Width: 0.200mm
G1 X7.7000 Y0.0400 Z-6.7504 F1200.0 ; Width: 0.200mm
G1 X7.5697 Y0.0400 Z-6.7000 F1200.0 ; Width: 0.200mm
M118 P0 S"46" ; Sync timer
G1 X7.4800 Y0.0400 Z-6.6556 F1200.0 ; Width: 0.200mm
G1 X7.3800 Y0.0400 Z-6.5904 F1200.0 ; Width: 0.200mm
G1 X7.3400 Y0.0400 Z-6.5756 F1200.0 ; Width: 0.200mm
G1 X7.2200 Y0.0400 Z-6.5036 F1200.0 ; Width: 0.200mm
G1 X7.1552 Y0.0400 Z-6.4600 F1200.0 ; Width: 0.200mm
G1 X7.1000 Y0.0400 Z-6.4072 F1200.0 ; Width: 0.200mm
G1 X7.0400 Y0.0400 Z-6.3672 F1200.0 ; Width: 0.200mm
G1 X6.9800 Y0.0400 Z-6.3072 F1200.0 ; Width: 0.200mm
G1 X6.9200 Y0.0400 Z-6.2672 F1200.0 ; Width: 0.200mm
G1 X6.6928 Y0.0400 Z-6.0400 F1200.0 ; Width: 0.200mm
G1 X6.6528 Y0.0400 Z-5.9800 F1200.0 ; Width: 0.200mm
G1 X6.5800 Y0.0400 Z-5.9048 F1200.0 ; Width: 0.200mm
G1 X6.5528 Y0.0400 Z-5.8600 F1200.0 ; Width: 0.200mm
G1 X6.4800 Y0.0400 Z-5.7848 F1200.0 ; Width: 0.200mm
G1 X6.4128 Y0.0400 Z-5.6800 F1200.0 ; Width: 0.200mm
G1 X6.3764 Y0.0400 Z-5.6400 F1200.0 ; Width: 0.200mm
G1 X6.3400 Y0.0400 Z-5.5715 F1200.0 ; Width: 0.200mm
G1 X6.2644 Y0.0400 Z-5.4600 F1200.0 ; Width: 0.200mm
G1 X6.1000 Y0.0400 Z-5.1303 F1200.0 ; Width: 0.200mm
G1 X6.0861 Y0.0400 Z-5.0800 F1200.0 ; Width: 0.200mm
G1 X5.9756 Y0.0400 Z-4.8200 F1200.0 ; Width: 0.200mm
G1 X5.9661 Y0.0400 Z-4.7800 F1200.0 ; Width: 0.200mm
G1 X5.9356 Y0.0400 Z-4.7200 F1200.0 ; Width: 0.200mm
G1 X5.9241 Y0.0400 Z-4.6600 F1200.0 ; Width: 0.200mm
G1 X5.8696 Y0.0400 Z-4.5000 F1200.0 ; Width: 0.200mm
G1 X5.8441 Y0.0400 Z-4.3800 F1200.0 ; Width: 0.200mm
G1 X5.8096 Y0.0400 Z-4.2800 F1200.0 ; Width: 0.200mm
G1 X5.7896 Y0.0400 Z-4.2000 F1200.0 ; Width: 0.200mm
G1 X5.7841 Y0.0400 Z-4.1400 F1200.0 ; Width: 0.200mm
G1 X5.7696 Y0.0400 Z-4.1000 F1200.0 ; Width: 0.200mm
G1 X5.7641 Y0.0400 Z-4.0400 F1200.0 ; Width: 0.200mm
G1 X5.7496 Y0.0400 Z-4.0000 F1200.0 ; Width: 0.200mm
G1 X5.7441 Y0.0400 Z-3.9200 F1200.0 ; Width: 0.200mm
G1 X5.7261 Y0.0400 Z-3.8600 F1200.0 ; Width: 0.200mm
G1 X5.7241 Y0.0400 Z-3.8000 F1200.0 ; Width: 0.200mm
G1 X5.7061 Y0.0400 Z-3.7400 F1200.0 ; Width: 0.200mm
G1 X5.7041 Y0.0400 Z-3.6600 F1200.0 ; Width: 0.200mm
G1 X5.6896 Y0.0400 Z-3.6200 F1200.0 ; Width: 0.200mm
G1 X5.6841 Y0.0400 Z-3.5400 F1200.0 ; Width: 0.200mm
G1 X5.6661 Y0.0400 Z-3.4800 F1200.0 ; Width: 0.200mm
G1 X5.6641 Y0.0400 Z-3.2600 F1200.0 ; Width: 0.200mm
G1 X5.6461 Y0.0400 Z-3.2000 F1200.0 ; Width: 0.200mm
G1 X5.6441 Y0.0400 Z-3.0200 F600.0 ; Width: 0.400mm
G1 X5.6250 Y0.0400 Z-2.9400 F600.0 ; Width: 0.400mm
G1 X5.6250 Y0.0400 Z5.0400 F600.0 ; Width: 0.400mm
G1 X5.6441 Y0.0400 Z5.1200 F600.0 ; Width: 0.400mm
G1 X5.6461 Y0.0400 Z5.3000 F600.0 ; Width: 0.400mm
G1 X5.6641 Y0.0400 Z5.3600 F1200.0 ; Width: 0.200mm
G1 X5.6661 Y0.0400 Z5.6200 F1200.0 ; Width: 0.200mm
G1 X5.6841 Y0.0400 Z5.6800 F1200.0 ; Width: 0.200mm
G1 X5.6896 Y0.0400 Z5.7600 F1200.0 ; Width: 0.200mm
G1 X5.7041 Y0.0400 Z5.8000 F1200.0 ; Width: 0.200mm
G1 X5.7061 Y0.0400 Z5.9000 F1200.0 ; Width: 0.200mm
G1 X5.7241 Y0.0400 Z5.9600 F1200.0 ; Width: 0.200mm
G1 X5.7261 Y0.0400 Z6.0200 F1200.0 ; Width: 0.200mm
G1 X5.7441 Y0.0400 Z6.0800 F1200.0 ; Width: 0.200mm
G1 X5.7461 Y0.0400 Z6.1600 F1200.0 ; Width: 0.200mm
G1 X5.7841 Y0.0400 Z6.3200 F1200.0 ; Width: 0.200mm
G1 X5.7896 Y0.0400 Z6.4000 F1200.0 ; Width: 0.200mm
G1 X5.8441 Y0.0400 Z6.5800 F1200.0 ; Width: 0.200mm
G1 X5.8496 Y0.0400 Z6.6400 F1200.0 ; Width: 0.200mm
G1 X5.8841 Y0.0400 Z6.7400 F1200.0 ; Width: 0.200mm
G1 X5.8956 Y0.0400 Z6.8000 F1200.0 ; Width: 0.200mm
G1 X5.9356 Y0.0400 Z6.9200 F1200.0 ; Width: 0.200mm
G1 X5.9641 Y0.0400 Z6.9800 F1200.0 ; Width: 0.200mm
G1 X5.9696 Y0.0400 Z7.0200 F1200.0 ; Width: 0.200mm
G1 X6.0156 Y0.0400 Z7.1600 F1200.0 ; Width: 0.200mm
G1 X6.1154 Y0.0400 Z7.3600 F1200.0 ; Width: 0.200mm
G1 X6.1444 Y0.0400 Z7.4400 F1200.0 ; Width: 0.200mm
G1 X6.2096 Y0.0400 Z7.5400 F1200.0 ; Width: 0.200mm
G1 X6.2564 Y0.0400 Z7.6400 F1200.0 ; Width: 0.200mm
G1 X6.2928 Y0.0400 Z7.6800 F1200.0 ; Width: 0.200mm
G1 X6.3444 Y0.0400 Z7.7800 F1200.0 ; Width: 0.200mm
G1 X6.4364 Y0.0400 Z7.9200 F1200.0 ; Width: 0.200mm
G1 X6.4928 Y0.0400 Z7.9800 F1200.0 ; Width: 0.200mm
G1 X6.5328 Y0.0400 Z8.0400 F1200.0 ; Width: 0.200mm
G1 X6.5928 Y0.0400 Z8.1000 F1200.0 ; Width: 0.200mm
G1 X6.6328 Y0.0400 Z8.1600 F1200.0 ; Width: 0.200mm
G1 X6.9600 Y0.0400 Z8.4872 F1200.0 ; Width: 0.200mm
G1 X7.0600 Y0.0400 Z8.5636 F1200.0 ; Width: 0.200mm
G1 X7.1600 Y0.0400 Z8.6272 F1200.0 ; Width: 0.200mm
G1 X7.2000 Y0.0400 Z8.6636 F1200.0 ; Width: 0.200mm
G1 X7.3800 Y0.0400 Z8.7756 F1200.0 ; Width: 0.200mm
G1 X7.6600 Y0.0400 Z8.9156 F1200.0 ; Width: 0.200mm
G1 X7.7400 Y0.0400 Z8.9359 F1200.0 ; Width: 0.200mm
G1 X7.8400 Y0.0400 Z8.9844 F1200.0 ; Width: 0.200mm
G1 X7.9200 Y0.0400 Z8.9959 F1200.0 ; Width: 0.200mm
G1 X8.0400 Y0.0400 Z9.0444 F1200.0 ; Width: 0.200mm
G1 X8.1200 Y0.0400 Z9.0559 F1200.0 ; Width: 0.200mm
G1 X8.2200 Y0.0400 Z9.0904 F1200.0 ; Width: 0.200mm
G1 X8.3800 Y0.0400 Z9.0959 F1200.0 ; Width: 0.200mm
G1 X8.5000 Y0.0400 Z9.1339 F1200.0 ; Width: 0.200mm
G1 X9.3200 Y0.0400 Z9.1350 F1200.0 ; Width: 0.200mm
G1 X9.3903 Y0.0400 Z9.1200 F1200.0 ; Width: 0.200mm
G0 Z10.1200 F6000.0 ; Z-hop up
G0 X6.1400 Y0.0400 F6000.0 ; Travel to new path
G0 Z11.6863 F6000.0 ; Z-hop down
G1 X6.1000 Y0.0400 Z11.6950 F600.0 ; Width: 0.400mm
G1 X5.9800 Y0.0400 Z11.6948 F600.0 ; Width: 0.400mm
G1 X5.9503 Y0.0400 Z11.6800 F600.0 ; Width: 0.400mm
G1 X6.0400 Y0.0400 Z11.6294 F600.0 ; Width: 0.400mm
G1 X6.1451 Y0.0400 Z11.6800 F600.0 ; Width: 0.400mm
G1 X6.1400 Y0.0400 Z11.6863 F600.0 ; Width: 0.400mm
G0 Z12.6863 F6000.0 ; Z-hop up
G0 X4.4316 Y0.0400 F6000.0 ; Travel to new path
G0 Z9.2800 F6000.0 ; Z-hop down
G1 X4.5201 Y0.0400 Z9.2600 F1200.0 ; Width: 0.200mm
G1 X4.6200 Y0.0400 Z9.2161 F1200.0 ; Width: 0.200mm
G1 X4.7000 Y0.0400 Z9.1600 F1200.0 ; Width: 0.200mm
G1 X4.7821 Y0.0400 Z9.0800 F1200.0 ; Width: 0.200mm
G1 X4.8441 Y0.0400 Z9.0000 F920.9 ; Width: 0.261mm
G1 X4.8854 Y0.0400 Z8.9200 F600.0 ; Width: 0.400mm
G1 X4.9111 Y0.0400 Z8.8400 F600.0 ; Width: 0.400mm
G1 X4.9246 Y0.0400 Z8.7400 F600.0 ; Width: 0.400mm
M118 P0 S"47" ; Sync timer
G1 X4.9250 Y0.0400 Z-6.5200 F600.0 ; Width: 0.400mm
G1 X4.9060 Y0.0400 Z-6.6600 F600.0 ; Width: 0.400mm
G1 X4.8600 Y0.0400 Z-6.7729 F661.3 ; Width: 0.363mm
G1 X4.7800 Y0.0400 Z-6.8822 F1200.0 ; Width: 0.200mm
G1 X4.6800 Y0.0400 Z-6.9800 F1200.0 ; Width: 0.200mm
G1 X4.6200 Y0.0400 Z-7.0241 F1200.0 ; Width: 0.200mm
G1 X4.5525 Y0.0400 Z-7.0600 F1200.0 ; Width: 0.200mm
G1 X4.4800 Y0.0400 Z-7.0860 F1200.0 ; Width: 0.200mm
G1 X4.3400 Y0.0400 Z-7.1050 F1200.0 ; Width: 0.200mm
G1 X2.5600 Y0.0400 Z-7.1050 F244.5 ; Width: 0.982mm
G1 X2.4800 Y0.0400 Z-7.0989 F386.4 ; Width: 0.621mm
G1 X2.3600 Y0.0400 Z-7.0654 F433.2 ; Width: 0.554mm
G1 X2.2451 Y0.0400 Z-7.0000 F540.9 ; Width: 0.444mm
G1 X2.1179 Y0.0400 Z-6.8800 F675.1 ; Width: 0.356mm
G1 X2.0439 Y0.0400 Z-6.7800 F925.4 ; Width: 0.259mm
G1 X1.9940 Y0.0400 Z-6.6600 F1030.1 ; Width: 0.233mm
G1 X1.9750 Y0.0400 Z-6.5200 F1167.1 ; Width: 0.206mm
G1 X1.9750 Y0.0400 Z-1.9400 F1048.0 ; Width: 0.229mm
G1 X1.9600 Y0.0400 Z-1.8516 F600.0 ; Width: 0.400mm
G1 X1.9060 Y0.0400 Z-2.1800 F600.0 ; Width: 0.400mm
G1 X1.8989 Y0.0400 Z-2.2800 F600.0 ; Width: 0.400mm
G1 X1.8660 Y0.0400 Z-2.4600 F600.0 ; Width: 0.400mm
G1 X1.8589 Y0.0400 Z-2.5600 F600.0 ; Width: 0.400mm
M118 P0 S"48" ; Sync timer
G1 X1.8260 Y0.0400 Z-2.7000 F600.0 ; Width: 0.400mm
G1 X1.8216 Y0.0400 Z-2.7800 F600.0 ; Width: 0.400mm
G1 X1.7860 Y0.0400 Z-2.9600 F600.0 ; Width: 0.400mm
G1 X1.7789 Y0.0400 Z-3.0600 F600.0 ; Width: 0.400mm
G1 X1.7460 Y0.0400 Z-3.2200 F600.0 ; Width: 0.400mm
G1 X1.7354 Y0.0400 Z-3.3200 F600.0 ; Width: 0.400mm
G1 X1.7060 Y0.0400 Z-3.4400 F1200.0 ; Width: 0.200mm
G1 X1.6989 Y0.0400 Z-3.5600 F1200.0 ; Width: 0.200mm
G1 X1.6660 Y0.0400 Z-3.7000 F1200.0 ; Width: 0.200mm
G1 X1.6554 Y0.0400 Z-3.8200 F1200.0 ; Width: 0.200mm
G1 X1.6260 Y0.0400 Z-3.9400 F1200.0 ; Width: 0.200mm
G1 X1.6189 Y0.0400 Z-4.0400 F1200.0 ; Width: 0.200mm
G1 X1.5860 Y0.0400 Z-4.2000 F1200.0 ; Width: 0.200mm
G1 X1.5789 Y0.0400 Z-4.3200 F1200.0 ; Width: 0.200mm
G1 X1.5460 Y0.0400 Z-4.4600 F1200.0 ; Width: 0.200mm
G1 X1.4660 Y0.0400 Z-4.9400 F1200.0 ; Width: 0.200mm
G1 X1.4554 Y0.0400 Z-5.0600 F1200.0 ; Width: 0.200mm
G1 X1.4311 Y0.0400 Z-5.1800 F1200.0 ; Width: 0.200mm
G1 X1.4054 Y0.0400 Z-5.2600 F1200.0 ; Width: 0.200mm
G1 X1.3989 Y0.0400 Z-5.3800 F1200.0 ; Width: 0.200mm
G1 X1.3660 Y0.0400 Z-5.5200 F1200.0 ; Width: 0.200mm
G1 X1.3616 Y0.0400 Z-5.6200 F1200.0 ; Width: 0.200mm
G1 X1.3260 Y0.0400 Z-5.8000 F1200.0 ; Width: 0.200mm
G1 X1.3154 Y0.0400 Z-5.9000 F1200.0 ; Width: 0.200mm
G1 X1.2854 Y0.0400 Z-6.0000 F1200.0 ; Width: 0.200mm
G1 X1.2789 Y0.0400 Z-6.1400 F1200.0 ; Width: 0.200mm
G1 X1.2460 Y0.0400 Z-6.2600 F1200.0 ; Width: 0.200mm
G1 X1.2389 Y0.0400 Z-6.3800 F1200.0 ; Width: 0.200mm
G1 X1.2060 Y0.0400 Z-6.5200 F1200.0 ; Width: 0.200mm
G1 X1.1954 Y0.0400 Z-6.6200 F1200.0 ; Width: 0.200mm
G1 X1.1732 Y0.0400 Z-6.7000 F1200.0 ; Width: 0.200mm
G1 X1.1469 Y0.0400 Z-6.7600 F1200.0 ; Width: 0.200mm
G1 X1.0800 Y0.0400 Z-6.8600 F1200.0 ; Width: 0.200mm
G1 X0.9349 Y0.0400 Z-7.0000 F1200.0 ; Width: 0.200mm
G1 X0.8200 Y0.0400 Z-7.0654 F1200.0 ; Width: 0.200mm
G1 X0.6800 Y0.0400 Z-7.1016 F1200.0 ; Width: 0.200mm
G1 X-0.5000 Y0.0400 Z-7.1035 F1200.0 ; Width: 0.200mm
G1 X-0.6400 Y0.0400 Z-7.0732 F1200.0 ; Width: 0.200mm
G1 X-0.7129 Y0.0400 Z-7.0400 F1200.0 ; Width: 0.200mm
G1 X-0.7749 Y0.0400 Z-7.0000 F1200.0 ; Width: 0.200mm
G1 X-0.9021 Y0.0400 Z-6.8800 F1200.0 ; Width: 0.200mm
G1 X-0.9761 Y0.0400 Z-6.7800 F1200.0 ; Width: 0.200mm
G1 X-1.0200 Y0.0400 Z-6.6800 F1200.0 ; Width: 0.200mm
G1 X-1.0754 Y0.0400 Z-6.4600 F1200.0 ; Width: 0.200mm
G1 X-1.0854 Y0.0400 Z-6.3200 F1200.0 ; Width: 0.200mm
G1 X-1.1154 Y0.0400 Z-6.2200 F1200.0 ; Width: 0.200mm
G1 X-1.1260 Y0.0400 Z-6.1000 F1200.0 ; Width: 0.200mm
G1 X-1.1616 Y0.0400 Z-5.9400 F1200.0 ; Width: 0.200mm
G1 X-1.1654 Y0.0400 Z-5.8400 F1200.0 ; Width: 0.200mm
G1 X-1.1989 Y0.0400 Z-5.7200 F1200.0 ; Width: 0.200mm
G1 X-1.2060 Y0.0400 Z-5.6000 F1200.0 ; Width: 0.200mm
G1 X-1.2416 Y0.0400 Z-5.4400 F1200.0 ; Width: 0.200mm
G1 X-1.2460 Y0.0400 Z-5.3400 F1200.0 ; Width: 0.200mm
G1 X-1.2754 Y0.0400 Z-5.2400 F1200.0 ; Width: 0.200mm
G1 X-1.2854 Y0.0400 Z-5.1000 F1200.0 ; Width: 0.200mm
G1 X-1.3154 Y0.0400 Z-5.0000 F1200.0 ; Width: 0.200mm
G1 X-1.3260 Y0.0400 Z-4.9000 F1200.0 ; Width: 0.200mm
G1 X-1.3589 Y0.0400 Z-4.7400 F1200.0 ; Width: 0.200mm
G1 X-1.3660 Y0.0400 Z-4.6600 F1200.0 ; Width: 0.200mm
G1 X-1.4016 Y0.0400 Z-4.4600 F1200.0 ; Width: 0.200mm
G1 X-1.4054 Y0.0400 Z-4.3800 F1200.0 ; Width: 0.200mm
G1 X-1.4589 Y0.0400 Z-4.1800 F1200.0 ; Width: 0.200mm
G1 X-1.4660 Y0.0400 Z-4.0600 F1200.0 ; Width: 0.200mm
G1 X-1.4989 Y0.0400 Z-3.9000 F1200.0 ; Width: 0.200mm
G1 X-1.5260 Y0.0400 Z-3.6800 F1200.0 ; Width: 0.200mm
G1 X-1.5789 Y0.0400 Z-3.4400 F1200.0 ; Width: 0.200mm
G1 X-1.5860 Y0.0400 Z-3.3200 F1200.0 ; Width: 0.200mm
G1 X-1.6189 Y0.0400 Z-3.1800 F600.0 ; Width: 0.400mm
G1 X-1.6260 Y0.0400 Z-3.0800 F600.0 ; Width: 0.400mm
G1 X-1.6589 Y0.0400 Z-2.9400 F600.0 ; Width: 0.400mm
G1 X-1.6660 Y0.0400 Z-2.8400 F600.0 ; Width: 0.400mm
G1 X-1.6989 Y0.0400 Z-2.7000 F600.0 ; Width: 0.400mm
G1 X-1.7060 Y0.0400 Z-2.5800 F600.0 ; Width: 0.400mm
G1 X-1.7389 Y0.0400 Z-2.4600 F600.0 ; Width: 0.400mm
G1 X-1.7460 Y0.0400 Z-2.3400 F600.0 ; Width: 0.400mm
G1 X-1.7789 Y0.0400 Z-2.2200 F600.0 ; Width: 0.400mm
G1 X-1.7854 Y0.0400 Z-2.1000 F600.0 ; Width: 0.400mm
G1 X-1.8154 Y0.0400 Z-2.0000 F600.0 ; Width: 0.400mm
G1 X-1.8254 Y0.0400 Z-1.8400 F600.0 ; Width: 0.400mm
G1 X-1.8400 Y0.0400 Z-1.8001 F600.0 ; Width: 0.400mm
G1 X-1.8512 Y0.0400 Z-1.8200 F600.0 ; Width: 0.400mm
G1 X-1.8550 Y0.0400 Z-1.8600 F1200.0 ; Width: 0.200mm
G1 X-1.8550 Y0.0400 Z-6.5200 F1200.0 ; Width: 0.200mm
G1 X-1.8689 Y0.0400 Z-6.6400 F1200.0 ; Width: 0.200mm
G1 X-1.9131 Y0.0400 Z-6.7600 F1200.0 ; Width: 0.200mm
G1 X-1.9800 Y0.0400 Z-6.8600 F1200.0 ; Width: 0.200mm
G1 X-2.1251 Y0.0400 Z-7.0000 F898.4 ; Width: 0.267mm
G1 X-2.2400 Y0.0400 Z-7.0654 F653.7 ; Width: 0.367mm
G1 X-2.3800 Y0.0400 Z-7.1016 F495.3 ; Width: 0.485mm
G1 X-4.2200 Y0.0400 Z-7.1046 F255.3 ; Width: 0.940mm
G1 X-4.3400 Y0.0400 Z-7.0860 F1200.0 ; Width: 0.200mm
G1 X-4.4529 Y0.0400 Z-7.0400 F1200.0 ; Width: 0.200mm
G1 X-4.5622 Y0.0400 Z-6.9600 F1200.0 ; Width: 0.200mm
G1 X-4.6600 Y0.0400 Z-6.8600 F1200.0 ; Width: 0.200mm
G1 X-4.7041 Y0.0400 Z-6.8000 F794.6 ; Width: 0.302mm
G1 X-4.7400 Y0.0400 Z-6.7325 F600.0 ; Width: 0.400mm
G1 X-4.7660 Y0.0400 Z-6.6600 F600.0 ; Width: 0.400mm
G1 X-4.7850 Y0.0400 Z-6.5200 F600.0 ; Width: 0.400mm
M118 P0 S"49" ; Sync timer
G1 X-4.7850 Y0.0400 Z8.7200 F600.0 ; Width: 0.400mm
G1 X-4.7660 Y0.0400 Z8.8600 F600.0 ; Width: 0.400mm
G1 X-4.7200 Y0.0400 Z8.9729 F595.5 ; Width: 0.403mm
G1 X-4.6421 Y0.0400 Z9.0800 F1051.9 ; Width: 0.228mm
G1 X-4.5600 Y0.0400 Z9.1600 F1200.0 ; Width: 0.200mm
G1 X-4.5063 Y0.0400 Z9.2000 F1200.0 ; Width: 0.200mm
G1 X-4.3800 Y0.0400 Z9.2600 F1200.0 ; Width: 0.200mm
G1 X-4.2400 Y0.0400 Z9.2846 F1200.0 ; Width: 0.200mm
G1 X-1.4200 Y0.0400 Z9.2835 F533.3 ; Width: 0.450mm
G1 X-1.3200 Y0.0400 Z9.2660 F1200.0 ; Width: 0.200mm
G1 X-1.2200 Y0.0400 Z9.2269 F1200.0 ; Width: 0.200mm
G1 X-1.1200 Y0.0400 Z9.1600 F1200.0 ; Width: 0.200mm
G1 X-1.0400 Y0.0400 Z9.0800 F1200.0 ; Width: 0.200mm
G1 X-0.9839 Y0.0400 Z9.0000 F1200.0 ; Width: 0.200mm
G1 X-0.9346 Y0.0400 Z8.9000 F1200.0 ; Width: 0.200mm
G1 X-0.8646 Y0.0400 Z8.6600 F1200.0 ; Width: 0.200mm
G1 X-0.8540 Y0.0400 Z8.5200 F1200.0 ; Width: 0.200mm
G1 X-0.8246 Y0.0400 Z8.4200 F1200.0 ; Width: 0.200mm
G1 X-0.8140 Y0.0400 Z8.2800 F1200.0 ; Width: 0.200mm
G1 X-0.7811 Y0.0400 Z8.1400 F1200.0 ; Width: 0.200mm
G1 X-0.7746 Y0.0400 Z8.0200 F1200.0 ; Width: 0.200mm
G1 X-0.7446 Y0.0400 Z7.9200 F1200.0 ; Width: 0.200mm
G1 X-0.7340 Y0.0400 Z7.8000 F1200.0 ; Width: 0.200mm
G1 X-0.6984 Y0.0400 Z7.6400 F1200.0 ; Width: 0.200mm
G1 X-0.6940 Y0.0400 Z7.5400 F1200.0 ; Width: 0.200mm
G1 X-0.6611 Y0.0400 Z7.4000 F1200.0 ; Width: 0.200mm
G1 X-0.6546 Y0.0400 Z7.2800 F1200.0 ; Width: 0.200mm
G1 X-0.6246 Y0.0400 Z7.1800 F1200.0 ; Width: 0.200mm
G1 X-0.5811 Y0.0400 Z6.9200 F1200.0 ; Width: 0.200mm
G1 X-0.5740 Y0.0400 Z6.8200 F1200.0 ; Width: 0.200mm
G1 X-0.5411 Y0.0400 Z6.6800 F1200.0 ; Width: 0.200mm
G1 X-0.5340 Y0.0400 Z6.5600 F1200.0 ; Width: 0.200mm
G1 X-0.5089 Y0.0400 Z6.4800 F1200.0 ; Width: 0.200mm
G1 X-0.4846 Y0.0400 Z6.3600 F1200.0 ; Width: 0.200mm
G1 X-0.4540 Y0.0400 Z6.1200 F1200.0 ; Width: 0.200mm
G1 X-0.3646 Y0.0400 Z5.6800 F1200.0 ; Width: 0.200mm
G1 X-0.3540 Y0.0400 Z5.5600 F1200.0 ; Width: 0.200mm
G1 X-0.3211 Y0.0400 Z5.4200 F1200.0 ; Width: 0.200mm
G1 X-0.3140 Y0.0400 Z5.3200 F1200.0 ; Width: 0.200mm
G1 X-0.2846 Y0.0400 Z5.2000 F600.0 ; Width: 0.400mm
G1 X-0.2740 Y0.0400 Z5.1000 F600.0 ; Width: 0.400mm
G1 X-0.2411 Y0.0400 Z4.9600 F600.0 ; Width: 0.400mm
G1 X-0.2340 Y0.0400 Z4.8400 F600.0 ; Width: 0.400mm
G1 X-0.2011 Y0.0400 Z4.7200 F600.0 ; Width: 0.400mm
G1 X-0.1940 Y0.0400 Z4.6400 F600.0 ; Width: 0.400mm
G1 X-0.1611 Y0.0400 Z4.4800 F600.0 ; Width: 0.400mm
G1 X-0.1540 Y0.0400 Z4.3800 F600.0 ; Width: 0.400mm
G1 X-0.1211 Y0.0400 Z4.2400 F600.0 ; Width: 0.400mm
G1 X-0.1140 Y0.0400 Z4.1200 F600.0 ; Width: 0.400mm
G1 X-0.0811 Y0.0400 Z4.0000 F600.0 ; Width: 0.400mm
G1 X-0.0740 Y0.0400 Z3.9200 F600.0 ; Width: 0.400mm
G1 X-0.0384 Y0.0400 Z3.7400 F600.0 ; Width: 0.400mm
G1 X-0.0340 Y0.0400 Z3.6400 F600.0 ; Width: 0.400mm
G1 X-0.0011 Y0.0400 Z3.4800 F600.0 ; Width: 0.400mm
G1 X0.0060 Y0.0400 Z3.4000 F600.0 ; Width: 0.400mm
G1 X0.0600 Y0.0400 Z3.0916 F600.0 ; Width: 0.400mm
G1 X0.0800 Y0.0400 Z3.1316 F600.0 ; Width: 0.400mm
G1 X0.1146 Y0.0400 Z3.2600 F600.0 ; Width: 0.400mm
G1 X0.1211 Y0.0400 Z3.3800 F600.0 ; Width: 0.400mm
G1 X0.1540 Y0.0400 Z3.5000 F600.0 ; Width: 0.400mm
G1 X0.1584 Y0.0400 Z3.6000 F600.0 ; Width: 0.400mm
G1 X0.1940 Y0.0400 Z3.7600 F600.0 ; Width: 0.400mm
G1 X0.2046 Y0.0400 Z3.8800 F600.0 ; Width: 0.400mm
G1 X0.2346 Y0.0400 Z3.9800 F600.0 ; Width: 0.400mm
G1 X0.2446 Y0.0400 Z4.1200 F600.0 ; Width: 0.400mm
G1 X0.2740 Y0.0400 Z4.2200 F600.0 ; Width: 0.400mm
G1 X0.2846 Y0.0400 Z4.3200 F600.0 ; Width: 0.400mm
G1 X0.3140 Y0.0400 Z4.4400 F600.0 ; Width: 0.400mm
G1 X0.3211 Y0.0400 Z4.5400 F600.0 ; Width: 0.400mm
G1 X0.3540 Y0.0400 Z4.6800 F600.0 ; Width: 0.400mm
M118 P0 S"50" ; Sync timer
G1 X0.3646 Y0.0400 Z4.8200 F600.0 ; Width: 0.400mm
G1 X0.3940 Y0.0400 Z4.9200 F600.0 ; Width: 0.400mm
G1 X0.4340 Y0.0400 Z5.1400 F600.0 ; Width: 0.400mm
G1 X0.4411 Y0.0400 Z5.2200 F600.0 ; Width: 0.400mm
G1 X0.4740 Y0.0400 Z5.3800 F600.0 ; Width: 0.400mm
G1 X0.4811 Y0.0400 Z5.5000 F600.0 ; Width: 0.400mm
G1 X0.5346 Y0.0400 Z5.7000 F1200.0 ; Width: 0.200mm
G1 X0.5411 Y0.0400 Z5.8000 F1200.0 ; Width: 0.200mm
G1 X0.5740 Y0.0400 Z5.9600 F1200.0 ; Width: 0.200mm
G1 X0.5846 Y0.0400 Z6.0600 F1200.0 ; Width: 0.200mm
G1 X0.6289 Y0.0400 Z6.3000 F1200.0 ; Width: 0.200mm
G1 X0.6546 Y0.0400 Z6.3800 F1200.0 ; Width: 0.200mm
G1 X0.6611 Y0.0400 Z6.5000 F1200.0 ; Width: 0.200mm
G1 X0.6940 Y0.0400 Z6.6200 F1200.0 ; Width: 0.200mm
G1 X0.7011 Y0.0400 Z6.7400 F1200.0 ; Width: 0.200mm
G1 X0.7340 Y0.0400 Z6.8600 F1200.0 ; Width: 0.200mm
G1 X0.7411 Y0.0400 Z6.9800 F1200.0 ; Width: 0.200mm
G1 X0.7746 Y0.0400 Z7.1000 F1200.0 ; Width: 0.200mm
G1 X0.7811 Y0.0400 Z7.2200 F1200.0 ; Width: 0.200mm
G1 X0.8146 Y0.0400 Z7.3400 F1200.0 ; Width: 0.200mm
G1 X0.8246 Y0.0400 Z7.4600 F1200.0 ; Width: 0.200mm
G1 X0.8540 Y0.0400 Z7.5600 F1200.0 ; Width: 0.200mm
G1 X0.8611 Y0.0400 Z7.7000 F1200.0 ; Width: 0.200mm
G1 X0.8940 Y0.0400 Z7.8200 F1200.0 ; Width: 0.200mm
G1 X0.8984 Y0.0400 Z7.9200 F1200.0 ; Width: 0.200mm
G1 X0.9340 Y0.0400 Z8.0800 F1200.0 ; Width: 0.200mm
G1 X0.9411 Y0.0400 Z8.1800 F1200.0 ; Width: 0.200mm
G1 X0.9740 Y0.0400 Z8.3000 F1200.0 ; Width: 0.200mm
G1 X0.9846 Y0.0400 Z8.4200 F1200.0 ; Width: 0.200mm
G1 X1.0140 Y0.0400 Z8.5200 F1200.0 ; Width: 0.200mm
G1 X1.0246 Y0.0400 Z8.6800 F1200.0 ; Width: 0.200mm
G1 X1.0668 Y0.0400 Z8.8200 F1200.0 ; Width: 0.200mm
G1 X1.1146 Y0.0400 Z8.9400 F1200.0 ; Width: 0.200mm
G1 X1.1692 Y0.0400 Z9.0400 F1200.0 ; Width: 0.200mm
G1 X1.2600 Y0.0400 Z9.1421 F1200.0 ; Width: 0.200mm
G1 X1.3600 Y0.0400 Z9.2161 F1200.0 ; Width: 0.200mm
G1 X1.4600 Y0.0400 Z9.2600 F1200.0 ; Width: 0.200mm
G1 X1.5800 Y0.0400 Z9.2835 F1200.0 ; Width: 0.200mm
G1 X4.4316 Y0.0400 Z9.2800 F538.3 ; Width: 0.446mm
G0 Z10.2800 F6000.0 ; Z-hop up
G0 X4.4303 Y0.0400 F6000.0 ; Travel to new path
G0 Z8.9200 F6000.0 ; Z-hop down
G1 X4.4800 Y0.0400 Z8.8872 F1200.0 ; Width: 0.200mm
G1 X4.5436 Y0.0400 Z8.8200 F1200.0 ; Width: 0.200mm
G1 X4.5644 Y0.0400 Z8.7800 F1200.0 ; Width: 0.200mm
G1 X4.5750 Y0.0400 Z8.7200 F1200.0 ; Width: 0.200mm
G1 X4.5750 Y0.0400 Z-6.5200 F1200.0 ; Width: 0.200mm
G1 X4.5556 Y0.0400 Z-6.6000 F1200.0 ; Width: 0.200mm
G1 X4.5272 Y0.0400 Z-6.6400 F1200.0 ; Width: 0.200mm
G1 X4.4448 Y0.0400 Z-6.7200 F1200.0 ; Width: 0.200mm
G1 X4.4000 Y0.0400 Z-6.7444 F1200.0 ; Width: 0.200mm
G1 X4.3600 Y0.0400 Z-6.7539 F1200.0 ; Width: 0.200mm
G1 X2.5600 Y0.0400 Z-6.7550 F266.7 ; Width: 0.900mm
G1 X2.5000 Y0.0400 Z-6.7444 F875.5 ; Width: 0.274mm
G1 X2.4400 Y0.0400 Z-6.7072 F1092.7 ; Width: 0.220mm
G1 X2.3600 Y0.0400 Z-6.6248 F1200.0 ; Width: 0.200mm
G1 X2.3296 Y0.0400 Z-6.5600 F1200.0 ; Width: 0.200mm
M118 P0 S"51" ; Sync timer
G1 X2.3200 Y0.0400 Z2.5697 F1200.0 ; Width: 0.200mm
G1 X2.3134 Y0.0400 Z2.4400 F1200.0 ; Width: 0.200mm
G1 X2.2959 Y0.0400 Z2.4000 F1200.0 ; Width: 0.200mm
G1 X2.2904 Y0.0400 Z2.3400 F600.0 ; Width: 0.400mm
G1 X2.2759 Y0.0400 Z2.3000 F600.0 ; Width: 0.400mm
G1 X2.2739 Y0.0400 Z2.2400 F600.0 ; Width: 0.400mm
G1 X2.2559 Y0.0400 Z2.1800 F600.0 ; Width: 0.400mm
G1 X2.2504 Y0.0400 Z2.1000 F600.0 ; Width: 0.400mm
G1 X2.2159 Y0.0400 Z2.0200 F600.0 ; Width: 0.400mm
G1 X2.2139 Y0.0400 Z1.8800 F600.0 ; Width: 0.400mm
G1 X2.1959 Y0.0400 Z1.8200 F600.0 ; Width: 0.400mm
G1 X2.1939 Y0.0400 Z1.7200 F600.0 ; Width: 0.400mm
G1 X2.1759 Y0.0400 Z1.6600 F600.0 ; Width: 0.400mm
G1 X2.1704 Y0.0400 Z1.6000 F1200.0 ; Width: 0.200mm
G1 X2.1359 Y0.0400 Z1.5000 F600.0 ; Width: 0.400mm
G1 X2.1304 Y0.0400 Z1.3600 F600.0 ; Width: 0.400mm
G1 X2.0959 Y0.0400 Z1.2600 F600.0 ; Width: 0.400mm
G1 X2.0939 Y0.0400 Z1.1200 F600.0 ; Width: 0.400mm
G1 X2.0559 Y0.0400 Z0.9800 F600.0 ; Width: 0.400mm
G1 X2.0539 Y0.0400 Z0.8600 F600.0 ; Width: 0.400mm
G1 X2.0444 Y0.0400 Z0.8200 F600.0 ; Width: 0.400mm
G1 X2.0159 Y0.0400 Z0.7600 F600.0 ; Width: 0.400mm
G1 X2.0104 Y0.0400 Z0.6400 F600.0 ; Width: 0.400mm
G1 X1.9759 Y0.0400 Z0.5400 F600.0 ; Width: 0.400mm
G1 X1.9739 Y0.0400 Z0.4000 F600.0 ; Width: 0.400mm
G1 X1.9359 Y0.0400 Z0.2800 F600.0 ; Width: 0.400mm
G1 X1.9304 Y0.0400 Z0.1400 F600.0 ; Width: 0.400mm
G1 X1.8959 Y0.0400 Z0.0600 F600.0 ; Width: 0.400mm
G1 X1.8939 Y0.0400 Z-0.0800 F600.0 ; Width: 0.400mm
G1 X1.8559 Y0.0400 Z-0.2000 F600.0 ; Width: 0.400mm
G1 X1.8539 Y0.0400 Z-0.3400 F600.0 ; Width: 0.400mm
G1 X1.8444 Y0.0400 Z-0.3800 F600.0 ; Width: 0.400mm
G1 X1.8159 Y0.0400 Z-0.4400 F600.0 ; Width: 0.400mm
G1 X1.8139 Y0.0400 Z-0.5600 F600.0 ; Width: 0.400mm
G1 X1.7759 Y0.0400 Z-0.6800 F600.0 ; Width: 0.400mm
G1 X1.7739 Y0.0400 Z-0.8200 F600.0 ; Width: 0.400mm
G1 X1.7359 Y0.0400 Z-0.9400 F600.0 ; Width: 0.400mm
G1 X1.7339 Y0.0400 Z-1.0600 F600.0 ; Width: 0.400mm
G1 X1.6959 Y0.0400 Z-1.2000 F1200.0 ; Width: 0.200mm
G1 X1.6939 Y0.0400 Z-1.2600 F1200.0 ; Width: 0.200mm
G1 X1.6759 Y0.0400 Z-1.3200 F1200.0 ; Width: 0.200mm
G1 X1.6739 Y0.0400 Z-1.4000 F1200.0 ; Width: 0.200mm
G1 X1.6559 Y0.0400 Z-1.4600 F1200.0 ; Width: 0.200mm
G1 X1.6539 Y0.0400 Z-1.5600 F1200.0 ; Width: 0.200mm
G1 X1.6359 Y0.0400 Z-1.6200 F1200.0 ; Width: 0.200mm
G1 X1.6339 Y0.0400 Z-1.7000 F1200.0 ; Width: 0.200mm
G1 X1.5959 Y0.0400 Z-1.8600 F1200.0 ; Width: 0.200mm
G1 X1.5939 Y0.0400 Z-1.9400 F1200.0 ; Width: 0.200mm
G1 X1.5759 Y0.0400 Z-2.0000 F1200.0 ; Width: 0.200mm
G1 X1.5704 Y0.0400 Z-2.0800 F1200.0 ; Width: 0.200mm
G1 X1.5559 Y0.0400 Z-2.1200 F1200.0 ; Width: 0.200mm
G1 X1.5539 Y0.0400 Z-2.2200 F1200.0 ; Width: 0.200mm
G1 X1.5359 Y0.0400 Z-2.2800 F1200.0 ; Width: 0.200mm
G1 X1.5304 Y0.0400 Z-2.3600 F1200.0 ; Width: 0.200mm
G1 X1.5159 Y0.0400 Z-2.4000 F1200.0 ; Width: 0.200mm
G1 X1.5139 Y0.0400 Z-2.5000 F1200.0 ; Width: 0.200mm
G1 X1.4759 Y0.0400 Z-2.6400 F1200.0 ; Width: 0.200mm
G1 X1.4739 Y0.0400 Z-2.7400 F1200.0 ; Width: 0.200mm
G1 X1.4359 Y0.0400 Z-2.9000 F1200.0 ; Width: 0.200mm
G1 X1.4339 Y0.0400 Z-3.0000 F1200.0 ; Width: 0.200mm
G1 X1.3959 Y0.0400 Z-3.1600 F1200.0 ; Width: 0.200mm
G1 X1.3904 Y0.0400 Z-3.2600 F1200.0 ; Width: 0.200mm
G1 X1.3559 Y0.0400 Z-3.3800 F1200.0 ; Width: 0.200mm
G1 X1.3539 Y0.0400 Z-3.5000 F1200.0 ; Width: 0.200mm
G1 X1.3159 Y0.0400 Z-3.6400 F1200.0 ; Width: 0.200mm
G1 X1.3104 Y0.0400 Z-3.7600 F1200.0 ; Width: 0.200mm
G1 X1.2759 Y0.0400 Z-3.8800 F1200.0 ; Width: 0.200mm
G1 X1.2739 Y0.0400 Z-3.9800 F1200.0 ; Width: 0.200mm
G1 X1.2359 Y0.0400 Z-4.1400 F1200.0 ; Width: 0.200mm
G1 X1.2339 Y0.0400 Z-4.2600 F1200.0 ; Width: 0.200mm
G1 X1.1959 Y0.0400 Z-4.4000 F1200.0 ; Width: 0.200mm
G1 X1.1939 Y0.0400 Z-4.4600 F1200.0 ; Width: 0.200mm
G1 X1.1759 Y0.0400 Z-4.5200 F1200.0 ; Width: 0.200mm
G1 X1.1739 Y0.0400 Z-4.5800 F1200.0 ; Width: 0.200mm
G1 X1.1559 Y0.0400 Z-4.6400 F1200.0 ; Width: 0.200mm
G1 X1.1504 Y0.0400 Z-4.7200 F1200.0 ; Width: 0.200mm
G1 X1.1359 Y0.0400 Z-4.7600 F1200.0 ; Width: 0.200mm
G1 X1.1339 Y0.0400 Z-4.8200 F1200.0 ; Width: 0.200mm
G1 X1.1159 Y0.0400 Z-4.8800 F1200.0 ; Width: 0.200mm
G1 X1.1139 Y0.0400 Z-4.9800 F1200.0 ; Width: 0.200mm
G1 X1.0959 Y0.0400 Z-5.0400 F1200.0 ; Width: 0.200mm
G1 X1.0904 Y0.0400 Z-5.1000 F1200.0 ; Width: 0.200mm
G1 X1.0559 Y0.0400 Z-5.1800 F1200.0 ; Width: 0.200mm
G1 X1.0539 Y0.0400 Z-5.3200 F1200.0 ; Width: 0.200mm
G1 X1.0159 Y0.0400 Z-5.4600 F1200.0 ; Width: 0.200mm
G1 X1.0139 Y0.0400 Z-5.5800 F1200.0 ; Width: 0.200mm
G1 X0.9759 Y0.0400 Z-5.7400 F1200.0 ; Width: 0.200mm
G1 X0.9704 Y0.0400 Z-5.8400 F1200.0 ; Width: 0.200mm
G1 X0.9359 Y0.0400 Z-5.9200 F1200.0 ; Width: 0.200mm
G1 X0.9339 Y0.0400 Z-6.0800 F1200.0 ; Width: 0.200mm
G1 X0.8959 Y0.0400 Z-6.2000 F1200.0 ; Width: 0.200mm
G1 X0.8939 Y0.0400 Z-6.3200 F1200.0 ; Width: 0.200mm
G1 X0.8559 Y0.0400 Z-6.4600 F1200.0 ; Width: 0.200mm
G1 X0.8539 Y0.0400 Z-6.5400 F1200.0 ; Width: 0.200mm
G1 X0.8444 Y0.0400 Z-6.5800 F1200.0 ; Width: 0.200mm
G1 X0.8072 Y0.0400 Z-6.6400 F1200.0 ; Width: 0.200mm
G1 X0.7248 Y0.0400 Z-6.7200 F1200.0 ; Width: 0.200mm
G1 X0.6800 Y0.0400 Z-6.7444 F1200.0 ; Width: 0.200mm
G1 X0.6200 Y0.0400 Z-6.7550 F1200.0 ; Width: 0.200mm
G1 X-0.4800 Y0.0400 Z-6.7539 F1200.0 ; Width: 0.200mm
G1 X-0.5200 Y0.0400 Z-6.7444 F1200.0 ; Width: 0.200mm
G1 X-0.5600 Y0.0400 Z-6.7236 F1200.0 ; Width: 0.200mm
G1 X-0.6636 Y0.0400 Z-6.6200 F1200.0 ; Width: 0.200mm
G1 X-0.6904 Y0.0400 Z-6.5600 F1200.0 ; Width: 0.200mm
G1 X-0.6959 Y0.0400 Z-6.4800 F1200.0 ; Width: 0.200mm
G1 X-0.7304 Y0.0400 Z-6.4000 F1200.0 ; Width: 0.200mm
G1 X-0.7359 Y0.0400 Z-6.2400 F1200.0 ; Width: 0.200mm
G1 X-0.7704 Y0.0400 Z-6.1600 F1200.0 ; Width: 0.200mm
G1 X-0.7759 Y0.0400 Z-6.0400 F1200.0 ; Width: 0.200mm
G1 X-0.8139 Y0.0400 Z-5.9000 F1200.0 ; Width: 0.200mm
G1 X-0.8159 Y0.0400 Z-5.7600 F1200.0 ; Width: 0.200mm
G1 X-0.8444 Y0.0400 Z-5.7000 F1200.0 ; Width: 0.200mm
G1 X-0.8539 Y0.0400 Z-5.6600 F1200.0 ; Width: 0.200mm
G1 X-0.8559 Y0.0400 Z-5.5400 F1200.0 ; Width: 0.200mm
G1 X-0.8939 Y0.0400 Z-5.4000 F1200.0 ; Width: 0.200mm
G1 X-0.8959 Y0.0400 Z-5.2800 F1200.0 ; Width: 0.200mm
G1 X-0.9339 Y0.0400 Z-5.1600 F1200.0 ; Width: 0.200mm
G1 X-0.9350 Y0.0400 Z-5.0200 F1200.0 ; Width: 0.200mm
G1 X-0.9704 Y0.0400 Z-4.9400 F1200.0 ; Width: 0.200mm
G1 X-0.9759 Y0.0400 Z-4.8400 F1200.0 ; Width: 0.200mm
G1 X-1.0139 Y0.0400 Z-4.6800 F1200.0 ; Width: 0.200mm
G1 X-1.0159 Y0.0400 Z-4.6000 F1200.0 ; Width: 0.200mm
G1 X-1.0304 Y0.0400 Z-4.5600 F1200.0 ; Width: 0.200mm
G1 X-1.0359 Y0.0400 Z-4.4800 F1200.0 ; Width: 0.200mm
G1 X-1.0539 Y0.0400 Z-4.4200 F1200.0 ; Width: 0.200mm
G1 X-1.0559 Y0.0400 Z-4.3000 F1200.0 ; Width: 0.200mm
G1 X-1.0844 Y0.0400 Z-4.2400 F1200.0 ; Width: 0.200mm
G1 X-1.1139 Y0.0400 Z-4.1200 F1200.0 ; Width: 0.200mm
G1 X-1.1159 Y0.0400 Z-4.0000 F1200.0 ; Width: 0.200mm
G1 X-1.1539 Y0.0400 Z-3.8400 F1200.0 ; Width: 0.200mm
G1 X-1.1559 Y0.0400 Z-3.7600 F1200.0 ; Width: 0.200mm
G1 X-1.1739 Y0.0400 Z-3.7000 F1200.0 ; Width: 0.200mm
G1 X-1.1759 Y0.0400 Z-3.6200 F1200.0 ; Width: 0.200mm
G1 X-1.2339 Y0.0400 Z-3.3800 F1200.0 ; Width: 0.200mm
G1 X-1.2359 Y0.0400 Z-3.2600 F1200.0 ; Width: 0.200mm
G1 X-1.2704 Y0.0400 Z-3.1400 F1200.0 ; Width: 0.200mm
G1 X-1.2759 Y0.0400 Z-3.0200 F1200.0 ; Width: 0.200mm
G1 X-1.3139 Y0.0400 Z-2.8800 F1200.0 ; Width: 0.200mm
G1 X-1.3159 Y0.0400 Z-2.7800 F1200.0 ; Width: 0.200mm
G1 X-1.3539 Y0.0400 Z-2.6400 F1200.0 ; Width: 0.200mm
G1 X-1.3559 Y0.0400 Z-2.5200 F1200.0 ; Width: 0.200mm
G1 X-1.3939 Y0.0400 Z-2.4000 F1200.0 ; Width: 0.200mm
G1 X-1.3959 Y0.0400 Z-2.2800 F1200.0 ; Width: 0.200mm
G1 X-1.4339 Y0.0400 Z-2.1600 F1200.0 ; Width: 0.200mm
G1 X-1.4359 Y0.0400 Z-2.0200 F1200.0 ; Width: 0.200mm
G1 X-1.4644 Y0.0400 Z-1.9600 F1200.0 ; Width: 0.200mm
G1 X-1.4739 Y0.0400 Z-1.9200 F1200.0 ; Width: 0.200mm
G1 X-1.4759 Y0.0400 Z-1.7600 F1200.0 ; Width: 0.200mm
G1 X-1.5104 Y0.0400 Z-1.6800 F1200.0 ; Width: 0.200mm
G1 X-1.5159 Y0.0400 Z-1.5600 F1200.0 ; Width: 0.200mm
G1 X-1.5539 Y0.0400 Z-1.4200 F1200.0 ; Width: 0.200mm
G1 X-1.5559 Y0.0400 Z-1.3000 F1200.0 ; Width: 0.200mm
G1 X-1.5939 Y0.0400 Z-1.1600 F1200.0 ; Width: 0.200mm
G1 X-1.5959 Y0.0400 Z-1.0400 F600.0 ; Width: 0.400mm
G1 X-1.6304 Y0.0400 Z-0.9600 F600.0 ; Width: 0.400mm
G1 X-1.6359 Y0.0400 Z-0.8200 F600.0 ; Width: 0.400mm
G1 X-1.6739 Y0.0400 Z-0.7000 F600.0 ; Width: 0.400mm
G1 X-1.6759 Y0.0400 Z-0.5600 F600.0 ; Width: 0.400mm
G1 X-1.7139 Y0.0400 Z-0.4400 F600.0 ; Width: 0.400mm
G1 X-1.7159 Y0.0400 Z-0.3000 F600.0 ; Width: 0.400mm
G1 X-1.7504 Y0.0400 Z-0.2000 F600.0 ; Width: 0.400mm
G1 X-1.7559 Y0.0400 Z-0.1200 F600.0 ; Width: 0.400mm
G1 X-1.7739 Y0.0400 Z-0.0600 F600.0 ; Width: 0.400mm
G1 X-1.7759 Y0.0400 Z-0.0000 F600.0 ; Width: 0.400mm
G1 X-1.7939 Y0.0400 Z0.0600 F600.0 ; Width: 0.400mm
G1 X-1.7959 Y0.0400 Z0.1800 F600.0 ; Width: 0.400mm
G1 X-1.8304 Y0.0400 Z0.3000 F600.0 ; Width: 0.400mm
G1 X-1.8359 Y0.0400 Z0.4000 F600.0 ; Width: 0.400mm
G1 X-1.8739 Y0.0400 Z0.5400 F600.0 ; Width: 0.400mm
G1 X-1.8759 Y0.0400 Z0.6200 F600.0 ; Width: 0.400mm
G1 X-1.8904 Y0.0400 Z0.6600 F600.0 ; Width: 0.400mm
G1 X-1.8959 Y0.0400 Z0.7400 F600.0 ; Width: 0.400mm
G1 X-1.9139 Y0.0400 Z0.8000 F600.0 ; Width: 0.400mm
G1 X-1.9159 Y0.0400 Z0.9000 F600.0 ; Width: 0.400mm
G1 X-1.9304 Y0.0400 Z0.9400 F600.0 ; Width: 0.400mm
G1 X-1.9359 Y0.0400 Z1.0000 F600.0 ; Width: 0.400mm
G1 X-1.9739 Y0.0400 Z1.1600 F600.0 ; Width: 0.400mm
G1 X-1.9759 Y0.0400 Z1.2400 F600.0 ; Width: 0.400mm
G1 X-1.9939 Y0.0400 Z1.3000 F600.0 ; Width: 0.400mm
G1 X-1.9959 Y0.0400 Z1.3800 F600.0 ; Width: 0.400mm
G1 X-2.0104 Y0.0400 Z1.4200 F600.0 ; Width: 0.400mm
G1 X-2.0159 Y0.0400 Z1.5000 F600.0 ; Width: 0.400mm
G1 X-2.0504 Y0.0400 Z1.6400 F600.0 ; Width: 0.400mm
G1 X-2.0559 Y0.0400 Z1.7200 F600.0 ; Width: 0.400mm
G1 X-2.0739 Y0.0400 Z1.7800 F600.0 ; Width: 0.400mm
G1 X-2.0759 Y0.0400 Z1.8400 F600.0 ; Width: 0.400mm
G1 X-2.0939 Y0.0400 Z1.9000 F600.0 ; Width: 0.400mm
G1 X-2.0959 Y0.0400 Z1.9800 F600.0 ; Width: 0.400mm
G1 X-2.1104 Y0.0400 Z2.0200 F600.0 ; Width: 0.400mm
G1 X-2.1159 Y0.0400 Z2.1000 F600.0 ; Width: 0.400mm
G1 X-2.1339 Y0.0400 Z2.1600 F600.0 ; Width: 0.400mm
G1 X-2.1359 Y0.0400 Z2.2400 F600.0 ; Width: 0.400mm
G1 X-2.1739 Y0.0400 Z2.4000 F600.0 ; Width: 0.400mm
G1 X-2.1759 Y0.0400 Z2.4800 F1200.0 ; Width: 0.200mm
G1 X-2.1934 Y0.0400 Z2.5200 F1200.0 ; Width: 0.200mm
G1 X-2.2000 Y0.0400 Z2.6297 F1200.0 ; Width: 0.200mm
M118 P0 S"52" ; Sync timer
G1 X-2.2096 Y0.0400 Z-6.5600 F1200.0 ; Width: 0.200mm
G1 X-2.2400 Y0.0400 Z-6.6248 F1200.0 ; Width: 0.200mm
G1 X-2.3200 Y0.0400 Z-6.7072 F1200.0 ; Width: 0.200mm
G1 X-2.3600 Y0.0400 Z-6.7356 F1070.9 ; Width: 0.224mm
G1 X-2.4200 Y0.0400 Z-6.7539 F937.0 ; Width: 0.256mm
G1 X-4.2000 Y0.0400 Z-6.7550 F263.7 ; Width: 0.910mm
G1 X-4.2800 Y0.0400 Z-6.7356 F1200.0 ; Width: 0.200mm
G1 X-4.3200 Y0.0400 Z-6.7072 F200.0 ; Width: 1.200mm
G1 X-4.4036 Y0.0400 Z-6.6200 F200.0 ; Width: 1.200mm
G1 X-4.4244 Y0.0400 Z-6.5800 F200.0 ; Width: 1.200mm
G1 X-4.4350 Y0.0400 Z-6.5200 F200.0 ; Width: 1.200mm
M118 P0 S"53" ; Sync timer
G1 X-4.4350 Y0.0400 Z8.7200 F200.0 ; Width: 1.200mm
G1 X-4.4156 Y0.0400 Z8.8000 F200.0 ; Width: 1.200mm
G1 X-4.3872 Y0.0400 Z8.8400 F200.0 ; Width: 1.200mm
G1 X-4.3200 Y0.0400 Z8.9036 F200.0 ; Width: 1.200mm
G1 X-4.2800 Y0.0400 Z8.9244 F1200.0 ; Width: 0.200mm
G1 X-4.2200 Y0.0400 Z8.9350 F1200.0 ; Width: 0.200mm
G1 X-1.4600 Y0.0400 Z8.9350 F571.4 ; Width: 0.420mm
G1 X-1.4000 Y0.0400 Z8.9244 F1200.0 ; Width: 0.200mm
G1 X-1.3600 Y0.0400 Z8.9036 F1200.0 ; Width: 0.200mm
G1 X-1.3128 Y0.0400 Z8.8600 F1200.0 ; Width: 0.200mm
G1 X-1.2844 Y0.0400 Z8.8200 F1200.0 ; Width: 0.200mm
G1 X-1.2556 Y0.0400 Z8.7600 F1200.0 ; Width: 0.200mm
G1 X-1.2441 Y0.0400 Z8.6800 F1200.0 ; Width: 0.200mm
G1 X-1.2156 Y0.0400 Z8.6200 F1200.0 ; Width: 0.200mm
G1 X-1.2061 Y0.0400 Z8.5800 F1200.0 ; Width: 0.200mm
G1 X-1.2041 Y0.0400 Z8.4600 F1200.0 ; Width: 0.200mm
G1 X-1.1696 Y0.0400 Z8.3600 F1200.0 ; Width: 0.200mm
G1 X-1.1641 Y0.0400 Z8.2200 F1200.0 ; Width: 0.200mm
G1 X-1.1261 Y0.0400 Z8.0800 F1200.0 ; Width: 0.200mm
G1 X-1.1241 Y0.0400 Z7.9400 F1200.0 ; Width: 0.200mm
G1 X-1.0896 Y0.0400 Z7.8600 F1200.0 ; Width: 0.200mm
G1 X-1.0841 Y0.0400 Z7.7400 F1200.0 ; Width: 0.200mm
G1 X-1.0461 Y0.0400 Z7.6000 F1200.0 ; Width: 0.200mm
G1 X-1.0441 Y0.0400 Z7.4800 F1200.0 ; Width: 0.200mm
G1 X-1.0061 Y0.0400 Z7.3400 F1200.0 ; Width: 0.200mm
G1 X-1.0041 Y0.0400 Z7.2000 F1200.0 ; Width: 0.200mm
G1 X-0.9696 Y0.0400 Z7.1200 F1200.0 ; Width: 0.200mm
G1 X-0.9641 Y0.0400 Z7.0400 F1200.0 ; Width: 0.200mm
G1 X-0.9461 Y0.0400 Z6.9800 F1200.0 ; Width: 0.200mm
G1 X-0.9441 Y0.0400 Z6.9200 F1200.0 ; Width: 0.200mm
G1 X-0.9261 Y0.0400 Z6.8600 F1200.0 ; Width: 0.200mm
G1 X-0.9241 Y0.0400 Z6.7600 F1200.0 ; Width: 0.200mm
G1 X-0.8861 Y0.0400 Z6.6200 F1200.0 ; Width: 0.200mm
G1 X-0.8841 Y0.0400 Z6.5000 F1200.0 ; Width: 0.200mm
G1 X-0.8496 Y0.0400 Z6.4000 F1200.0 ; Width: 0.200mm
G1 X-0.8441 Y0.0400 Z6.3400 F1200.0 ; Width: 0.200mm
G1 X-0.8296 Y0.0400 Z6.3000 F1200.0 ; Width: 0.200mm
G1 X-0.8241 Y0.0400 Z6.2000 F1200.0 ; Width: 0.200mm
G1 X-0.8061 Y0.0400 Z6.1400 F1200.0 ; Width: 0.200mm
G1 X-0.8041 Y0.0400 Z6.0600 F1200.0 ; Width: 0.200mm
G1 X-0.7696 Y0.0400 Z5.9400 F1200.0 ; Width: 0.200mm
G1 X-0.7641 Y0.0400 Z5.8600 F1200.0 ; Width: 0.200mm
G1 X-0.7461 Y0.0400 Z5.8000 F1200.0 ; Width: 0.200mm
G1 X-0.7441 Y0.0400 Z5.7400 F1200.0 ; Width: 0.200mm
G1 X-0.7061 Y0.0400 Z5.6000 F1200.0 ; Width: 0.200mm
G1 X-0.7041 Y0.0400 Z5.5000 F1200.0 ; Width: 0.200mm
G1 X-0.6661 Y0.0400 Z5.3600 F1200.0 ; Width: 0.200mm
G1 X-0.6641 Y0.0400 Z5.2600 F1200.0 ; Width: 0.200mm
G1 X-0.6296 Y0.0400 Z5.1400 F1200.0 ; Width: 0.200mm
G1 X-0.6241 Y0.0400 Z5.0400 F1200.0 ; Width: 0.200mm
G1 X-0.5861 Y0.0400 Z4.9000 F1200.0 ; Width: 0.200mm
G1 X-0.5841 Y0.0400 Z4.7800 F1200.0 ; Width: 0.200mm
G1 X-0.5496 Y0.0400 Z4.6800 F1200.0 ; Width: 0.200mm
G1 X-0.5441 Y0.0400 Z4.5800 F1200.0 ; Width: 0.200mm
G1 X-0.5061 Y0.0400 Z4.4200 F1200.0 ; Width: 0.200mm
G1 X-0.5041 Y0.0400 Z4.3200 F1200.0 ; Width: 0.200mm
G1 X-0.4661 Y0.0400 Z4.1800 F1200.0 ; Width: 0.200mm
G1 X-0.4641 Y0.0400 Z4.0600 F1200.0 ; Width: 0.200mm
G1 X-0.4296 Y0.0400 Z3.9600 F1200.0 ; Width: 0.200mm
G1 X-0.4241 Y0.0400 Z3.8600 F1200.0 ; Width: 0.200mm
G1 X-0.3861 Y0.0400 Z3.7000 F1200.0 ; Width: 0.200mm
G1 X-0.3841 Y0.0400 Z3.5800 F1200.0 ; Width: 0.200mm
G1 X-0.3496 Y0.0400 Z3.4400 F1200.0 ; Width: 0.200mm
G1 X-0.3441 Y0.0400 Z3.3400 F600.0 ; Width: 0.400mm
G1 X-0.3061 Y0.0400 Z3.1800 F600.0 ; Width: 0.400mm
G1 X-0.3041 Y0.0400 Z3.1000 F600.0 ; Width: 0.400mm
G1 X-0.2861 Y0.0400 Z3.0400 F600.0 ; Width: 0.400mm
G1 X-0.2841 Y0.0400 Z2.9600 F600.0 ; Width: 0.400mm
G1 X-0.2661 Y0.0400 Z2.9000 F600.0 ; Width: 0.400mm
G1 X-0.2641 Y0.0400 Z2.8000 F600.0 ; Width: 0.400mm
G1 X-0.2496 Y0.0400 Z2.7600 F600.0 ; Width: 0.400mm
G1 X-0.2241 Y0.0400 Z2.6000 F600.0 ; Width: 0.400mm
G1 X-0.2096 Y0.0400 Z2.5600 F600.0 ; Width: 0.400mm
G1 X-0.2041 Y0.0400 Z2.4600 F600.0 ; Width: 0.400mm
G1 X-0.1661 Y0.0400 Z2.3200 F600.0 ; Width: 0.400mm
G1 X-0.1641 Y0.0400 Z2.2000 F600.0 ; Width: 0.400mm
G1 X-0.1296 Y0.0400 Z2.1000 F600.0 ; Width: 0.400mm
M118 P0 S"54" ; Sync timer
G1 X-0.1241 Y0.0400 Z1.9800 F600.0 ; Width: 0.400mm
G1 X-0.0861 Y0.0400 Z1.8600 F600.0 ; Width: 0.400mm
G1 X-0.0841 Y0.0400 Z1.7400 F600.0 ; Width: 0.400mm
G1 X-0.0461 Y0.0400 Z1.6200 F600.0 ; Width: 0.400mm
G1 X-0.0441 Y0.0400 Z1.5000 F600.0 ; Width: 0.400mm
G1 X-0.0156 Y0.0400 Z1.4400 F600.0 ; Width: 0.400mm
G1 X-0.0061 Y0.0400 Z1.4000 F600.0 ; Width: 0.400mm
G1 X-0.0041 Y0.0400 Z1.2800 F600.0 ; Width: 0.400mm
G1 X0.0244 Y0.0400 Z1.2200 F600.0 ; Width: 0.400mm
G1 X0.0339 Y0.0400 Z1.1800 F600.0 ; Width: 0.400mm
G1 X0.0359 Y0.0400 Z1.0200 F600.0 ; Width: 0.400mm
G1 X0.0600 Y0.0400 Z0.9703 F600.0 ; Width: 0.400mm
G1 X0.0841 Y0.0400 Z1.0400 F600.0 ; Width: 0.400mm
G1 X0.0896 Y0.0400 Z1.1000 F600.0 ; Width: 0.400mm
G1 X0.1041 Y0.0400 Z1.1400 F600.0 ; Width: 0.400mm
G1 X0.1096 Y0.0400 Z1.2400 F600.0 ; Width: 0.400mm
G1 X0.1441 Y0.0400 Z1.3200 F600.0 ; Width: 0.400mm
G1 X0.1461 Y0.0400 Z1.4600 F600.0 ; Width: 0.400mm
G1 X0.1841 Y0.0400 Z1.6200 F600.0 ; Width: 0.400mm
G1 X0.1861 Y0.0400 Z1.7000 F600.0 ; Width: 0.400mm
G1 X0.1956 Y0.0400 Z1.7400 F600.0 ; Width: 0.400mm
G1 X0.2241 Y0.0400 Z1.8000 F600.0 ; Width: 0.400mm
G1 X0.2261 Y0.0400 Z1.9200 F600.0 ; Width: 0.400mm
G1 X0.2641 Y0.0400 Z2.0400 F600.0 ; Width: 0.400mm
G1 X0.2661 Y0.0400 Z2.1600 F600.0 ; Width: 0.400mm
G1 X0.3041 Y0.0400 Z2.3000 F600.0 ; Width: 0.400mm
G1 X0.3096 Y0.0400 Z2.4000 F600.0 ; Width: 0.400mm
G1 X0.3441 Y0.0400 Z2.4800 F600.0 ; Width: 0.400mm
G1 X0.3461 Y0.0400 Z2.6200 F600.0 ; Width: 0.400mm
G1 X0.3841 Y0.0400 Z2.7400 F600.0 ; Width: 0.400mm
G1 X0.3861 Y0.0400 Z2.8400 F600.0 ; Width: 0.400mm
G1 X0.4241 Y0.0400 Z2.9800 F600.0 ; Width: 0.400mm
G1 X0.4296 Y0.0400 Z3.1000 F600.0 ; Width: 0.400mm
G1 X0.4641 Y0.0400 Z3.1800 F600.0 ; Width: 0.400mm
G1 X0.4661 Y0.0400 Z3.3200 F1200.0 ; Width: 0.200mm
G1 X0.5041 Y0.0400 Z3.4400 F1200.0 ; Width: 0.200mm
G1 X0.5061 Y0.0400 Z3.5600 F1200.0 ; Width: 0.200mm
G1 X0.5441 Y0.0400 Z3.7000 F1200.0 ; Width: 0.200mm
G1 X0.5496 Y0.0400 Z3.8200 F1200.0 ; Width: 0.200mm
G1 X0.5841 Y0.0400 Z3.9000 F1200.0 ; Width: 0.200mm
G1 X0.5861 Y0.0400 Z4.0400 F1200.0 ; Width: 0.200mm
G1 X0.6241 Y0.0400 Z4.1600 F1200.0 ; Width: 0.200mm
G1 X0.6296 Y0.0400 Z4.2600 F1200.0 ; Width: 0.200mm
G1 X0.6641 Y0.0400 Z4.3800 F1200.0 ; Width: 0.200mm
G1 X0.6661 Y0.0400 Z4.4800 F1200.0 ; Width: 0.200mm
G1 X0.7041 Y0.0400 Z4.6200 F1200.0 ; Width: 0.200mm
G1 X0.7061 Y0.0400 Z4.7400 F1200.0 ; Width: 0.200mm
G1 X0.7441 Y0.0400 Z4.8600 F1200.0 ; Width: 0.200mm
G1 X0.7496 Y0.0400 Z4.9400 F1200.0 ; Width: 0.200mm
G1 X0.7841 Y0.0400 Z5.0800 F1200.0 ; Width: 0.200mm
G1 X0.7861 Y0.0400 Z5.1600 F1200.0 ; Width: 0.200mm
G1 X0.8241 Y0.0400 Z5.3200 F1200.0 ; Width: 0.200mm
G1 X0.8296 Y0.0400 Z5.4600 F1200.0 ; Width: 0.200mm
G1 X0.8556 Y0.0400 Z5.5600 F1200.0 ; Width: 0.200mm
G1 X0.8841 Y0.0400 Z5.6200 F1200.0 ; Width: 0.200mm
G1 X0.8861 Y0.0400 Z5.7400 F1200.0 ; Width: 0.200mm
G1 X0.9241 Y0.0400 Z5.9000 F1200.0 ; Width: 0.200mm
G1 X0.9296 Y0.0400 Z6.0000 F1200.0 ; Width: 0.200mm
G1 X0.9641 Y0.0400 Z6.1400 F1200.0 ; Width: 0.200mm
G1 X0.9696 Y0.0400 Z6.2200 F1200.0 ; Width: 0.200mm
G1 X1.0041 Y0.0400 Z6.3000 F1200.0 ; Width: 0.200mm
G1 X1.0061 Y0.0400 Z6.4400 F1200.0 ; Width: 0.200mm
G1 X1.0441 Y0.0400 Z6.5600 F1200.0 ; Width: 0.200mm
G1 X1.0461 Y0.0400 Z6.6800 F1200.0 ; Width: 0.200mm
G1 X1.0841 Y0.0400 Z6.8000 F1200.0 ; Width: 0.200mm
G1 X1.0896 Y0.0400 Z6.9400 F1200.0 ; Width: 0.200mm
G1 X1.1250 Y0.0400 Z7.0200 F1200.0 ; Width: 0.200mm
G1 X1.1261 Y0.0400 Z7.1600 F1200.0 ; Width: 0.200mm
G1 X1.1356 Y0.0400 Z7.2000 F1200.0 ; Width: 0.200mm
G1 X1.1641 Y0.0400 Z7.2600 F1200.0 ; Width: 0.200mm
G1 X1.1661 Y0.0400 Z7.3800 F1200.0 ; Width: 0.200mm
G1 X1.2041 Y0.0400 Z7.5000 F1200.0 ; Width: 0.200mm
G1 X1.2061 Y0.0400 Z7.6400 F1200.0 ; Width: 0.200mm
G1 X1.2441 Y0.0400 Z7.7600 F1200.0 ; Width: 0.200mm
G1 X1.2461 Y0.0400 Z7.8800 F1200.0 ; Width: 0.200mm
G1 X1.2841 Y0.0400 Z8.0200 F1200.0 ; Width: 0.200mm
G1 X1.2896 Y0.0400 Z8.1400 F1200.0 ; Width: 0.200mm
G1 X1.3241 Y0.0400 Z8.2400 F1200.0 ; Width: 0.200mm
G1 X1.3296 Y0.0400 Z8.3600 F1200.0 ; Width: 0.200mm
G1 X1.3641 Y0.0400 Z8.4600 F1200.0 ; Width: 0.200mm
G1 X1.3696 Y0.0400 Z8.6200 F1200.0 ; Width: 0.200mm
G1 X1.4444 Y0.0400 Z8.8200 F1200.0 ; Width: 0.200mm
G1 X1.4728 Y0.0400 Z8.8600 F1200.0 ; Width: 0.200mm
G1 X1.5200 Y0.0400 Z8.9036 F1200.0 ; Width: 0.200mm
G1 X1.5600 Y0.0400 Z8.9244 F1200.0 ; Width: 0.200mm
G1 X1.6200 Y0.0400 Z8.9350 F1200.0 ; Width: 0.200mm
G1 X4.3600 Y0.0400 Z8.9350 F558.1 ; Width: 0.430mm
G1 X4.4303 Y0.0400 Z8.9200 F1200.0 ; Width: 0.200mm
G0 Z9.9200 F6000.0 ; Z-hop up
G0 X2.3800 Y0.0400 F6000.0 ; Travel to new path
G0 Z3.4497 F6000.0 ; Z-hop down
G1 X2.3759 Y0.0400 Z3.4400 F600.0 ; Width: 0.400mm
G1 X2.3750 Y0.0400 Z3.4200 F600.0 ; Width: 0.400mm
G1 X2.3750 Y0.0400 Z3.4000 F1200.0 ; Width: 0.200mm
G1 X2.3747 Y0.0400 Z3.3800 F1200.0 ; Width: 0.200mm
G1 X2.3750 Y0.0400 Z3.3600 F1200.0 ; Width: 0.200mm
G1 X2.3747 Y0.0400 Z3.3400 F1200.0 ; Width: 0.200mm
G1 X2.3734 Y0.0400 Z3.3200 F1200.0 ; Width: 0.200mm
G1 X2.3690 Y0.0400 Z3.3000 F1200.0 ; Width: 0.200mm
G1 X2.3600 Y0.0400 Z3.2897 F1200.0 ; Width: 0.200mm
G1 X2.3559 Y0.0400 Z3.2800 F1200.0 ; Width: 0.200mm
G1 X2.3539 Y0.0400 Z3.2600 F1200.0 ; Width: 0.200mm
G1 X2.3504 Y0.0400 Z3.2400 F1200.0 ; Width: 0.200mm
G1 X2.3444 Y0.0400 Z3.2200 F1200.0 ; Width: 0.200mm
G1 X2.3400 Y0.0400 Z3.2097 F1200.0 ; Width: 0.200mm
G1 X2.3359 Y0.0400 Z3.2000 F1200.0 ; Width: 0.200mm
G1 X2.3350 Y0.0400 Z3.1800 F600.0 ; Width: 0.400mm
G1 X2.3350 Y0.0400 Z3.1600 F600.0 ; Width: 0.400mm
G1 X2.3350 Y0.0400 Z3.1400 F600.0 ; Width: 0.400mm
G1 X2.3350 Y0.0400 Z3.1200 F600.0 ; Width: 0.400mm
G1 X2.3339 Y0.0400 Z3.1000 F1200.0 ; Width: 0.200mm
G1 X2.3339 Y0.0400 Z3.0800 F1200.0 ; Width: 0.200mm
G1 X2.3350 Y0.0400 Z3.0600 F1200.0 ; Width: 0.200mm
G1 X2.3339 Y0.0400 Z3.0400 F1200.0 ; Width: 0.200mm
G1 X2.3304 Y0.0400 Z3.0200 F600.0 ; Width: 0.400mm
G1 X2.3244 Y0.0400 Z3.0000 F600.0 ; Width: 0.400mm
G1 X2.3200 Y0.0400 Z2.9897 F1200.0 ; Width: 0.200mm
G1 X2.3156 Y0.0400 Z2.9800 F1200.0 ; Width: 0.200mm
G1 X2.3104 Y0.0400 Z2.9600 F1200.0 ; Width: 0.200mm
G1 X2.3044 Y0.0400 Z2.9400 F1200.0 ; Width: 0.200mm
G1 X2.3000 Y0.0400 Z2.9297 F1200.0 ; Width: 0.200mm
G1 X2.2959 Y0.0400 Z2.9200 F1200.0 ; Width: 0.200mm
G1 X2.3000 Y0.0400 Z2.9156 F1200.0 ; Width: 0.200mm
G1 X2.3200 Y0.0400 Z2.9150 F1200.0 ; Width: 0.200mm
G1 X2.3400 Y0.0400 Z2.9139 F600.0 ; Width: 0.400mm
G1 X2.3600 Y0.0400 Z2.9104 F1200.0 ; Width: 0.200mm
G1 X2.3800 Y0.0400 Z2.9090 F1200.0 ; Width: 0.200mm
G1 X2.3850 Y0.0400 Z2.9200 F600.0 ; Width: 0.400mm
G1 X2.3850 Y0.0400 Z2.9400 F600.0 ; Width: 0.400mm
G1 X2.3850 Y0.0400 Z2.9600 F600.0 ; Width: 0.400mm
G1 X2.3850 Y0.0400 Z2.9800 F600.0 ; Width: 0.400mm
G1 X2.3850 Y0.0400 Z3.0000 F600.0 ; Width: 0.400mm
G1 X2.3850 Y0.0400 Z3.0200 F600.0 ; Width: 0.400mm
G1 X2.3850 Y0.0400 Z3.0400 F600.0 ; Width: 0.400mm
G1 X2.3850 Y0.0400 Z3.0600 F600.0 ; Width: 0.400mm
G1 X2.3850 Y0.0400 Z3.0800 F600.0 ; Width: 0.400mm
G1 X2.3850 Y0.0400 Z3.1000 F600.0 ; Width: 0.400mm
G1 X2.3850 Y0.0400 Z3.1200 F600.0 ; Width: 0.400mm
G1 X2.3850 Y0.0400 Z3.1400 F600.0 ; Width: 0.400mm
G1 X2.3850 Y0.0400 Z3.1600 F600.0 ; Width: 0.400mm
G1 X2.3850 Y0.0400 Z3.1800 F600.0 ; Width: 0.400mm
G1 X2.3850 Y0.0400 Z3.2000 F600.0 ; Width: 0.400mm
G1 X2.3850 Y0.0400 Z3.2200 F600.0 ; Width: 0.400mm
G1 X2.3850 Y0.0400 Z3.2400 F600.0 ; Width: 0.400mm
G1 X2.3850 Y0.0400 Z3.2600 F600.0 ; Width: 0.400mm
G1 X2.3850 Y0.0400 Z3.2800 F600.0 ; Width: 0.400mm
G1 X2.3850 Y0.0400 Z3.3000 F600.0 ; Width: 0.400mm
G1 X2.3850 Y0.0400 Z3.3200 F600.0 ; Width: 0.400mm
G1 X2.3850 Y0.0400 Z3.3400 F600.0 ; Width: 0.400mm
G1 X2.3850 Y0.0400 Z3.3600 F600.0 ; Width: 0.400mm
G1 X2.3850 Y0.0400 Z3.3800 F600.0 ; Width: 0.400mm
G1 X2.3850 Y0.0400 Z3.4000 F600.0 ; Width: 0.400mm
G1 X2.3850 Y0.0400 Z3.4200 F600.0 ; Width: 0.400mm
G1 X2.3841 Y0.0400 Z3.4400 F600.0 ; Width: 0.400mm
G1 X2.3800 Y0.0400 Z3.4497 F600.0 ; Width: 0.400mm
G0 Z4.4497 F6000.0 ; Z-hop up
G0 X-2.2800 Y0.0400 F6000.0 ; Travel to new path
G0 Z3.5497 F6000.0 ; Z-hop down
G1 X-2.2841 Y0.0400 Z3.5400 F600.0 ; Width: 0.400mm
G1 X-2.2850 Y0.0400 Z3.5200 F600.0 ; Width: 0.400mm
G1 X-2.2850 Y0.0400 Z3.5000 F600.0 ; Width: 0.400mm
G1 X-2.2850 Y0.0400 Z3.4800 F600.0 ; Width: 0.400mm
G1 X-2.2850 Y0.0400 Z3.4600 F600.0 ; Width: 0.400mm
G1 X-2.2850 Y0.0400 Z3.4400 F600.0 ; Width: 0.400mm
G1 X-2.2850 Y0.0400 Z3.4200 F600.0 ; Width: 0.400mm
G1 X-2.2850 Y0.0400 Z3.4000 F600.0 ; Width: 0.400mm
G1 X-2.2850 Y0.0400 Z3.3800 F600.0 ; Width: 0.400mm
G1 X-2.2850 Y0.0400 Z3.3600 F600.0 ; Width: 0.400mm
G1 X-2.2850 Y0.0400 Z3.3400 F600.0 ; Width: 0.400mm
G1 X-2.2850 Y0.0400 Z3.3200 F600.0 ; Width: 0.400mm
G1 X-2.2850 Y0.0400 Z3.3000 F600.0 ; Width: 0.400mm
G1 X-2.2850 Y0.0400 Z3.2800 F600.0 ; Width: 0.400mm
G1 X-2.2850 Y0.0400 Z3.2600 F600.0 ; Width: 0.400mm
G1 X-2.2850 Y0.0400 Z3.2400 F600.0 ; Width: 0.400mm
G1 X-2.2850 Y0.0400 Z3.2200 F600.0 ; Width: 0.400mm
G1 X-2.2850 Y0.0400 Z3.2000 F600.0 ; Width: 0.400mm
G1 X-2.2850 Y0.0400 Z3.1800 F600.0 ; Width: 0.400mm
G1 X-2.2850 Y0.0400 Z3.1600 F600.0 ; Width: 0.400mm
G1 X-2.2850 Y0.0400 Z3.1400 F600.0 ; Width: 0.400mm
G1 X-2.2850 Y0.0400 Z3.1200 F600.0 ; Width: 0.400mm
G1 X-2.2850 Y0.0400 Z3.1000 F600.0 ; Width: 0.400mm
G1 X-2.2850 Y0.0400 Z3.0800 F600.0 ; Width: 0.400mm
G1 X-2.2850 Y0.0400 Z3.0600 F600.0 ; Width: 0.400mm
G1 X-2.2850 Y0.0400 Z3.0400 F600.0 ; Width: 0.400mm
G1 X-2.2850 Y0.0400 Z3.0200 F600.0 ; Width: 0.400mm
G1 X-2.2850 Y0.0400 Z3.0000 F600.0 ; Width: 0.400mm
G1 X-2.2850 Y0.0400 Z2.9800 F600.0 ; Width: 0.400mm
G1 X-2.2841 Y0.0400 Z2.9600 F600.0 ; Width: 0.400mm
G1 X-2.2800 Y0.0400 Z2.9559 F600.0 ; Width: 0.400mm
G1 X-2.2703 Y0.0400 Z2.9600 F600.0 ; Width: 0.400mm
G1 X-2.2600 Y0.0400 Z2.9644 F1200.0 ; Width: 0.200mm
G1 X-2.2400 Y0.0400 Z2.9704 F1200.0 ; Width: 0.200mm
G1 X-2.2200 Y0.0400 Z2.9739 F1200.0 ; Width: 0.200mm
G1 X-2.2000 Y0.0400 Z2.9750 F1200.0 ; Width: 0.200mm
G1 X-2.1947 Y0.0400 Z2.9800 F1200.0 ; Width: 0.200mm
G1 X-2.1950 Y0.0400 Z3.0000 F1200.0 ; Width: 0.200mm
G1 X-2.1959 Y0.0400 Z3.0200 F1200.0 ; Width: 0.200mm
G1 X-2.2000 Y0.0400 Z3.0297 F600.0 ; Width: 0.400mm
G1 X-2.2044 Y0.0400 Z3.0400 F600.0 ; Width: 0.400mm
G1 X-2.2104 Y0.0400 Z3.0600 F600.0 ; Width: 0.400mm
G1 X-2.2139 Y0.0400 Z3.0800 F600.0 ; Width: 0.400mm
G1 X-2.2150 Y0.0400 Z3.1000 F600.0 ; Width: 0.400mm
G1 X-2.2159 Y0.0400 Z3.1200 F600.0 ; Width: 0.400mm
G1 X-2.2200 Y0.0400 Z3.1297 F1200.0 ; Width: 0.200mm
G1 X-2.2244 Y0.0400 Z3.1400 F600.0 ; Width: 0.400mm
G1 X-2.2304 Y0.0400 Z3.1600 F1200.0 ; Width: 0.200mm
G1 X-2.2339 Y0.0400 Z3.1800 F1200.0 ; Width: 0.200mm
G1 X-2.2350 Y0.0400 Z3.2000 F1200.0 ; Width: 0.200mm
G1 X-2.2350 Y0.0400 Z3.2200 F1200.0 ; Width: 0.200mm
G1 X-2.2350 Y0.0400 Z3.2400 F1200.0 ; Width: 0.200mm
G1 X-2.2350 Y0.0400 Z3.2600 F1200.0 ; Width: 0.200mm
G1 X-2.2359 Y0.0400 Z3.2800 F1200.0 ; Width: 0.200mm
G1 X-2.2400 Y0.0400 Z3.2897 F1200.0 ; Width: 0.200mm
G1 X-2.2444 Y0.0400 Z3.3000 F1200.0 ; Width: 0.200mm
G1 X-2.2504 Y0.0400 Z3.3200 F1200.0 ; Width: 0.200mm
G1 X-2.2539 Y0.0400 Z3.3400 F1200.0 ; Width: 0.200mm
G1 X-2.2559 Y0.0400 Z3.3600 F1200.0 ; Width: 0.200mm
G1 X-2.2600 Y0.0400 Z3.3697 F1200.0 ; Width: 0.200mm
G1 X-2.2690 Y0.0400 Z3.3800 F600.0 ; Width: 0.400mm
G1 X-2.2734 Y0.0400 Z3.4000 F1200.0 ; Width: 0.200mm
G1 X-2.2747 Y0.0400 Z3.4200 F1200.0 ; Width: 0.200mm
G1 X-2.2750 Y0.0400 Z3.4400 F600.0 ; Width: 0.400mm
G1 X-2.2747 Y0.0400 Z3.4600 F600.0 ; Width: 0.400mm
G1 X-2.2750 Y0.0400 Z3.4800 F600.0 ; Width: 0.400mm
G1 X-2.2750 Y0.0400 Z3.5000 F600.0 ; Width: 0.400mm
G1 X-2.2750 Y0.0400 Z3.5200 F600.0 ; Width: 0.400mm
G1 X-2.2759 Y0.0400 Z3.5400 F600.0 ; Width: 0.400mm
G1 X-2.2800 Y0.0400 Z3.5497 F600.0 ; Width: 0.400mm
G0 Z4.5497 F6000.0 ; Z-hop up
G0 X-5.8097 Y0.0400 F6000.0 ; Travel to new path
G0 Z8.9200 F6000.0 ; Z-hop down
G1 X-5.7600 Y0.0400 Z8.8872 F1200.0 ; Width: 0.200mm
G1 X-5.7164 Y0.0400 Z8.8400 F1200.0 ; Width: 0.200mm
G1 X-5.6756 Y0.0400 Z8.7600 F1200.0 ; Width: 0.200mm
G1 X-5.6650 Y0.0400 Z8.7000 F1200.0 ; Width: 0.200mm
M118 P0 S"55" ; Sync timer
G1 X-5.6650 Y0.0400 Z-6.5200 F1200.0 ; Width: 0.200mm
G1 X-5.6756 Y0.0400 Z-6.5800 F1200.0 ; Width: 0.200mm
G1 X-5.7128 Y0.0400 Z-6.6400 F1200.0 ; Width: 0.200mm
G1 X-5.7952 Y0.0400 Z-6.7200 F1200.0 ; Width: 0.200mm
G1 X-5.8400 Y0.0400 Z-6.7444 F1200.0 ; Width: 0.200mm
G1 X-5.9000 Y0.0400 Z-6.7550 F1200.0 ; Width: 0.200mm
G1 X-7.9000 Y0.0400 Z-6.7550 F235.3 ; Width: 1.020mm
G1 X-7.9600 Y0.0400 Z-6.7444 F1200.0 ; Width: 0.200mm
G1 X-8.0000 Y0.0400 Z-6.7236 F1200.0 ; Width: 0.200mm
G1 X-8.0836 Y0.0400 Z-6.6400 F1200.0 ; Width: 0.200mm
G1 X-8.1244 Y0.0400 Z-6.5600 F1200.0 ; Width: 0.200mm
G1 X-8.1350 Y0.0400 Z-6.5000 F1200.0 ; Width: 0.200mm
G1 X-8.1350 Y0.0400 Z0.0600 F1200.0 ; Width: 0.200mm
G1 X-9.9600 Y0.0400 Z0.0650 F264.5 ; Width: 0.907mm
G1 X-9.9650 Y0.0400 Z-6.5000 F1200.0 ; Width: 0.200mm
G1 X-9.9756 Y0.0400 Z-6.5600 F1200.0 ; Width: 0.200mm
G1 X-10.0164 Y0.0400 Z-6.6400 F1200.0 ; Width: 0.200mm
G1 X-10.0600 Y0.0400 Z-6.6872 F1200.0 ; Width: 0.200mm
G1 X-10.1400 Y0.0400 Z-6.7356 F1200.0 ; Width: 0.200mm
G1 X-10.2000 Y0.0400 Z-6.7539 F1200.0 ; Width: 0.200mm
M118 P0 S"56" ; Sync timer
G1 X-12.2000 Y0.0400 Z-6.7550 F235.3 ; Width: 1.020mm
G1 X-12.2600 Y0.0400 Z-6.7444 F200.0 ; Width: 1.200mm
G1 X-12.3400 Y0.0400 Z-6.7036 F200.0 ; Width: 1.200mm
G1 X-12.4000 Y0.0400 Z-6.6448 F600.0 ; Width: 0.400mm
G1 X-12.4444 Y0.0400 Z-6.5600 F600.0 ; Width: 0.400mm
G1 X-12.4550 Y0.0400 Z-6.5000 F600.0 ; Width: 0.400mm
G1 X-12.4550 Y0.0400 Z8.6800 F600.0 ; Width: 0.400mm
G1 X-12.4444 Y0.0400 Z8.7400 F600.0 ; Width: 0.400mm
G1 X-12.4036 Y0.0400 Z8.8200 F200.0 ; Width: 1.200mm
G1 X-12.3400 Y0.0400 Z8.8872 F200.0 ; Width: 1.200mm
G1 X-12.2800 Y0.0400 Z8.9244 F1200.0 ; Width: 0.200mm
G1 X-12.2200 Y0.0400 Z8.9350 F1200.0 ; Width: 0.200mm
M118 P0 S"57" ; Sync timer
G1 X-10.1800 Y0.0400 Z8.9350 F240.0 ; Width: 1.000mm
G1 X-10.1000 Y0.0400 Z8.9156 F1200.0 ; Width: 0.200mm
G1 X-10.0600 Y0.0400 Z8.8872 F1200.0 ; Width: 0.200mm
G1 X-10.0164 Y0.0400 Z8.8400 F1200.0 ; Width: 0.200mm
G1 X-9.9756 Y0.0400 Z8.7600 F1200.0 ; Width: 0.200mm
G1 X-9.9650 Y0.0400 Z8.7000 F1200.0 ; Width: 0.200mm
G1 X-9.9650 Y0.0400 Z2.7200 F1200.0 ; Width: 0.200mm
G1 X-8.1400 Y0.0400 Z2.7150 F264.5 ; Width: 0.908mm
G1 X-8.1350 Y0.0400 Z8.6800 F1200.0 ; Width: 0.200mm
G1 X-8.1304 Y0.0400 Z8.7200 F1200.0 ; Width: 0.200mm
G1 X-8.1044 Y0.0400 Z8.8000 F1200.0 ; Width: 0.200mm
G1 X-8.0800 Y0.0400 Z8.8448 F1200.0 ; Width: 0.200mm
G1 X-8.0200 Y0.0400 Z8.9036 F1200.0 ; Width: 0.200mm
G1 X-7.9800 Y0.0400 Z8.9244 F1200.0 ; Width: 0.200mm
G1 X-7.9200 Y0.0400 Z8.9350 F1200.0 ; Width: 0.200mm
G1 X-5.8800 Y0.0400 Z8.9350 F240.0 ; Width: 1.000mm
G1 X-5.8097 Y0.0400 Z8.9200 F1200.0 ; Width: 0.200mm
G0 Z9.9200 F6000.0 ; Z-hop up
G0 X-5.8084 Y0.0400 F6000.0 ; Travel to new path
G0 Z9.2800 F6000.0 ; Z-hop down
G1 X-5.7199 Y0.0400 Z9.2600 F1200.0 ; Width: 0.200mm
G1 X-5.6200 Y0.0400 Z9.2161 F1200.0 ; Width: 0.200mm
G1 X-5.5400 Y0.0400 Z9.1600 F1200.0 ; Width: 0.200mm
G1 X-5.4600 Y0.0400 Z9.0800 F1200.0 ; Width: 0.200mm
G1 X-5.4039 Y0.0400 Z9.0000 F1115.5 ; Width: 0.215mm
M118 P0 S"58" ; Sync timer
G1 X-5.3546 Y0.0400 Z8.9000 F600.0 ; Width: 0.400mm
G1 X-5.3289 Y0.0400 Z8.8200 F600.0 ; Width: 0.400mm
G1 X-5.3154 Y0.0400 Z8.7200 F600.0 ; Width: 0.400mm
G1 X-5.3150 Y0.0400 Z-6.5200 F600.0 ; Width: 0.400mm
G1 X-5.3246 Y0.0400 Z-6.6200 F600.0 ; Width: 0.400mm
G1 X-5.3546 Y0.0400 Z-6.7200 F631.0 ; Width: 0.380mm
G1 X-5.3959 Y0.0400 Z-6.8000 F980.6 ; Width: 0.245mm
G1 X-5.4400 Y0.0400 Z-6.8600 F1200.0 ; Width: 0.200mm
G1 X-5.5851 Y0.0400 Z-7.0000 F1200.0 ; Width: 0.200mm
G1 X-5.6471 Y0.0400 Z-7.0400 F1200.0 ; Width: 0.200mm
G1 X-5.7200 Y0.0400 Z-7.0732 F1200.0 ; Width: 0.200mm
G1 X-5.8000 Y0.0400 Z-7.0954 F1200.0 ; Width: 0.200mm
G1 X-5.8800 Y0.0400 Z-7.1046 F1200.0 ; Width: 0.200mm
M118 P0 S"59" ; Sync timer
G1 X-7.9600 Y0.0400 Z-7.1016 F226.4 ; Width: 1.060mm
G1 X-8.0800 Y0.0400 Z-7.0732 F1200.0 ; Width: 0.200mm
G1 X-8.1863 Y0.0400 Z-7.0200 F1200.0 ; Width: 0.200mm
G1 X-8.2800 Y0.0400 Z-6.9422 F1200.0 ; Width: 0.200mm
G1 X-8.3800 Y0.0400 Z-6.8263 F1200.0 ; Width: 0.200mm
G1 X-8.4600 Y0.0400 Z-6.6600 F1200.0 ; Width: 0.200mm
G1 X-8.4789 Y0.0400 Z-6.5800 F1200.0 ; Width: 0.200mm
G1 X-8.4850 Y0.0400 Z-6.5000 F1200.0 ; Width: 0.200mm
G1 X-8.4850 Y0.0400 Z-0.3000 F1200.0 ; Width: 0.200mm
G1 X-8.5000 Y0.0400 Z-0.2850 F1200.0 ; Width: 0.200mm
G1 X-9.6000 Y0.0400 Z-0.2850 F436.4 ; Width: 0.550mm
G1 X-9.6150 Y0.0400 Z-0.3000 F1200.0 ; Width: 0.200mm
G1 X-9.6150 Y0.0400 Z-6.5000 F1200.0 ; Width: 0.200mm
G1 X-9.6246 Y0.0400 Z-6.6000 F1200.0 ; Width: 0.200mm
G1 X-9.6546 Y0.0400 Z-6.7000 F1200.0 ; Width: 0.200mm
G1 X-9.7000 Y0.0400 Z-6.7929 F1200.0 ; Width: 0.200mm
G1 X-9.7400 Y0.0400 Z-6.8549 F1200.0 ; Width: 0.200mm
G1 X-9.8600 Y0.0400 Z-6.9762 F1200.0 ; Width: 0.200mm
G1 X-9.9200 Y0.0400 Z-7.0161 F1200.0 ; Width: 0.200mm
G1 X-10.0200 Y0.0400 Z-7.0654 F1200.0 ; Width: 0.200mm
G1 X-10.1600 Y0.0400 Z-7.1016 F1200.0 ; Width: 0.200mm
G1 X-12.2000 Y0.0400 Z-7.1050 F230.8 ; Width: 1.040mm
G1 X-12.3000 Y0.0400 Z-7.0954 F1200.0 ; Width: 0.200mm
G1 X-12.4000 Y0.0400 Z-7.0654 F1200.0 ; Width: 0.200mm
G1 X-12.4929 Y0.0400 Z-7.0200 F1200.0 ; Width: 0.200mm
G1 X-12.5549 Y0.0400 Z-6.9800 F1200.0 ; Width: 0.200mm
G1 X-12.6400 Y0.0400 Z-6.9022 F1200.0 ; Width: 0.200mm
G1 X-12.6800 Y0.0400 Z-6.8549 F1200.0 ; Width: 0.200mm
G1 X-12.7269 Y0.0400 Z-6.7800 F1040.9 ; Width: 0.231mm
G1 X-12.7732 Y0.0400 Z-6.6800 F600.0 ; Width: 0.400mm
G1 X-12.7954 Y0.0400 Z-6.6000 F600.0 ; Width: 0.400mm
G1 X-12.8046 Y0.0400 Z-6.5200 F600.0 ; Width: 0.400mm
M118 P0 S"60" ; Sync timer
G1 X-12.8050 Y0.0400 Z8.6800 F600.0 ; Width: 0.400mm
G1 X-12.7954 Y0.0400 Z8.7800 F600.0 ; Width: 0.400mm
G1 X-12.7654 Y0.0400 Z8.8800 F834.8 ; Width: 0.288mm
G1 X-12.7161 Y0.0400 Z8.9800 F1200.0 ; Width: 0.200mm
G1 X-12.6762 Y0.0400 Z9.0400 F1200.0 ; Width: 0.200mm
G1 X-12.5400 Y0.0400 Z9.1762 F1200.0 ; Width: 0.200mm
G1 X-12.4729 Y0.0400 Z9.2200 F1200.0 ; Width: 0.200mm
G1 X-12.4000 Y0.0400 Z9.2532 F1200.0 ; Width: 0.200mm
G1 X-12.2600 Y0.0400 Z9.2835 F1200.0 ; Width: 0.200mm
G1 X-10.1400 Y0.0400 Z9.2835 F240.0 ; Width: 1.000mm
G1 X-10.0200 Y0.0400 Z9.2600 F1200.0 ; Width: 0.200mm
G1 X-9.9200 Y0.0400 Z9.2161 F1200.0 ; Width: 0.200mm
G1 X-9.8400 Y0.0400 Z9.1600 F1200.0 ; Width: 0.200mm
G1 X-9.7400 Y0.0400 Z9.0549 F1200.0 ; Width: 0.200mm
G1 X-9.6931 Y0.0400 Z8.9800 F1200.0 ; Width: 0.200mm
G1 X-9.6468 Y0.0400 Z8.8800 F1200.0 ; Width: 0.200mm
G1 X-9.6246 Y0.0400 Z8.8000 F1200.0 ; Width: 0.200mm
G1 X-9.6154 Y0.0400 Z8.7200 F1200.0 ; Width: 0.200mm
M118 P0 S"61" ; Sync timer
G1 X-9.6150 Y0.0400 Z3.0800 F1200.0 ; Width: 0.200mm
G1 X-9.6000 Y0.0400 Z3.0650 F1200.0 ; Width: 0.200mm
G1 X-8.5000 Y0.0400 Z3.0650 F436.4 ; Width: 0.550mm
G1 X-8.4850 Y0.0400 Z3.0800 F1200.0 ; Width: 0.200mm
G1 X-8.4850 Y0.0400 Z8.6800 F1200.0 ; Width: 0.200mm
G1 X-8.4711 Y0.0400 Z8.8000 F1200.0 ; Width: 0.200mm
G1 X-8.4200 Y0.0400 Z8.9525 F1200.0 ; Width: 0.200mm
G1 X-8.3841 Y0.0400 Z9.0200 F1200.0 ; Width: 0.200mm
G1 X-8.3400 Y0.0400 Z9.0800 F1200.0 ; Width: 0.200mm
G1 X-8.2349 Y0.0400 Z9.1800 F1200.0 ; Width: 0.200mm
G1 X-8.1200 Y0.0400 Z9.2454 F1200.0 ; Width: 0.200mm
G1 X-7.9800 Y0.0400 Z9.2816 F1200.0 ; Width: 0.200mm
G1 X-5.8084 Y0.0400 Z9.2800 F236.6 ; Width: 1.014mm
G0 Z10.2800 F6000.0 ; Z-hop up
G0 X12.7400 Y0.0400 F6000.0 ; Travel to new path
G0 Z1.4310 F6000.0 ; Z-hop down
G1 X12.7200 Y0.0400 Z1.4287 F600.0 ; Width: 0.400mm
G1 X12.4772 Y0.0400 Z1.3600 F600.0 ; Width: 0.400mm
G1 X12.7400 Y0.0400 Z1.2890 F600.0 ; Width: 0.400mm
G1 X12.7400 Y0.0400 Z1.4310 F600.0 ; Width: 0.400mm
G0 Z2.4310 F6000.0 ; Z-hop up
G0 X13.0800 Y0.0400 F6000.0 ; Travel to new path
G0 Z2.0002 F6000.0 ; Z-hop down
G1 X12.8800 Y0.0400 Z1.8783 F1200.0 ; Width: 0.200mm
G1 X12.6600 Y0.0400 Z1.7791 F1200.0 ; Width: 0.200mm
G1 X12.4400 Y0.0400 Z1.7108 F1200.0 ; Width: 0.200mm
G1 X12.2000 Y0.0400 Z1.6676 F1200.0 ; Width: 0.200mm
G1 X12.0000 Y0.0400 Z1.6551 F705.9 ; Width: 0.340mm
G1 X10.8200 Y0.0400 Z1.6550 F200.0 ; Width: 1.200mm
G1 X10.5600 Y0.0400 Z1.6351 F600.0 ; Width: 0.400mm
G1 X10.0000 Y0.0400 Z1.6351 F600.0 ; Width: 0.400mm
G1 X9.8600 Y0.0400 Z1.6417 F600.0 ; Width: 0.400mm
G1 X9.8450 Y0.0400 Z1.6200 F600.0 ; Width: 0.400mm
G1 X9.8450 Y0.0400 Z1.0800 F600.0 ; Width: 0.400mm
G1 X9.8600 Y0.0400 Z1.0628 F200.0 ; Width: 1.200mm
M118 P0 S"62" ; Sync timer
G1 X11.9800 Y0.0400 Z1.0650 F200.0 ; Width: 1.200mm
G1 X12.2000 Y0.0400 Z1.0524 F1200.0 ; Width: 0.200mm
G1 X12.4400 Y0.0400 Z1.0092 F1200.0 ; Width: 0.200mm
G1 X12.6600 Y0.0400 Z0.9409 F1200.0 ; Width: 0.200mm
G1 X12.8800 Y0.0400 Z0.8417 F1200.0 ; Width: 0.200mm
G1 X13.0800 Y0.0400 Z0.7198 F1200.0 ; Width: 0.200mm
G1 X13.0950 Y0.0400 Z0.7400 F1156.6 ; Width: 0.208mm
G1 X13.0950 Y0.0400 Z1.9800 F1200.0 ; Width: 0.200mm
G1 X13.0800 Y0.0400 Z2.0002 F1156.6 ; Width: 0.208mm
G0 Z3.0002 F6000.0 ; Z-hop up
G0 X13.4400 Y0.0400 F6000.0 ; Travel to new path
G0 Z2.9375 F6000.0 ; Z-hop down
G1 X13.3523 Y0.0400 Z2.7800 F1200.0 ; Width: 0.200mm
G1 X13.2400 Y0.0400 Z2.6239 F1200.0 ; Width: 0.200mm
G1 X13.0873 Y0.0400 Z2.4600 F1200.0 ; Width: 0.200mm
G1 X12.9600 Y0.0400 Z2.3470 F1200.0 ; Width: 0.200mm
G1 X12.8200 Y0.0400 Z2.2477 F1200.0 ; Width: 0.200mm
G1 X12.6600 Y0.0400 Z2.1594 F1200.0 ; Width: 0.200mm
G1 X12.5000 Y0.0400 Z2.0933 F1200.0 ; Width: 0.200mm
G1 X12.3200 Y0.0400 Z2.0421 F1200.0 ; Width: 0.200mm
G1 X12.1800 Y0.0400 Z2.0178 F1200.0 ; Width: 0.200mm
G1 X12.0200 Y0.0400 Z2.0055 F1200.0 ; Width: 0.200mm
G1 X10.8000 Y0.0400 Z2.0050 F263.7 ; Width: 0.910mm
G1 X10.5800 Y0.0400 Z1.9855 F200.0 ; Width: 1.200mm
G1 X10.0000 Y0.0400 Z1.9851 F600.0 ; Width: 0.400mm
G1 X9.7600 Y0.0400 Z2.0066 F600.0 ; Width: 0.400mm
G1 X9.5000 Y0.0400 Z2.0688 F600.0 ; Width: 0.400mm
G1 X9.5000 Y0.0400 Z0.6510 F600.0 ; Width: 0.400mm
G1 X9.7400 Y0.0400 Z0.6996 F600.0 ; Width: 0.400mm
G1 X9.9400 Y0.0400 Z0.7149 F200.0 ; Width: 1.200mm
M118 P0 S"63" ; Sync timer
G1 X12.0000 Y0.0400 Z0.7149 F200.0 ; Width: 1.200mm
G1 X12.1600 Y0.0400 Z0.7047 F1200.0 ; Width: 0.200mm
G1 X12.3200 Y0.0400 Z0.6779 F1200.0 ; Width: 0.200mm
G1 X12.5000 Y0.0400 Z0.6267 F1200.0 ; Width: 0.200mm
G1 X12.6600 Y0.0400 Z0.5606 F1200.0 ; Width: 0.200mm
G1 X12.8200 Y0.0400 Z0.4723 F1200.0 ; Width: 0.200mm
G1 X12.9600 Y0.0400 Z0.3730 F1200.0 ; Width: 0.200mm
G1 X13.0873 Y0.0400 Z0.2600 F1200.0 ; Width: 0.200mm
G1 X13.2400 Y0.0400 Z0.0961 F1200.0 ; Width: 0.200mm
G1 X13.3523 Y0.0400 Z-0.0600 F1200.0 ; Width: 0.200mm
G1 X13.4400 Y0.0400 Z-0.2175 F1200.0 ; Width: 0.200mm
G1 X13.4400 Y0.0400 Z2.9375 F1200.0 ; Width: 0.200mm
G0 Z3.9375 F6000.0 ; Z-hop up
G0 X13.4400 Y0.0400 F6000.0 ; Travel to new path
G0 Z-4.3125 F6000.0 ; Z-hop down
G1 X13.3685 Y0.0400 Z-4.6800 F1200.0 ; Width: 0.200mm
G1 X13.2263 Y0.0400 Z-5.1600 F1200.0 ; Width: 0.200mm
G1 X13.1721 Y0.0400 Z-5.3200 F996.7 ; Width: 0.241mm
G1 X13.0100 Y0.0400 Z-5.7200 F687.8 ; Width: 0.349mm
G1 X12.8103 Y0.0400 Z-6.1200 F453.0 ; Width: 0.530mm
G1 X12.6323 Y0.0400 Z-6.4200 F333.9 ; Width: 0.719mm
G1 X12.3086 Y0.0400 Z-6.8600 F247.5 ; Width: 0.970mm
G1 X12.2000 Y0.0400 Z-6.9867 F202.4 ; Width: 1.186mm
G1 X11.8800 Y0.0400 Z-7.3064 F200.0 ; Width: 1.200mm
G1 X11.6311 Y0.0400 Z-7.5200 F200.0 ; Width: 1.200mm
G1 X11.3000 Y0.0400 Z-7.7523 F600.0 ; Width: 0.400mm
G1 X11.0000 Y0.0400 Z-7.9208 F600.0 ; Width: 0.400mm
G1 X10.6600 Y0.0400 Z-8.0762 F600.0 ; Width: 0.400mm
G1 X10.3800 Y0.0400 Z-8.1723 F600.0 ; Width: 0.400mm
G1 X10.0400 Y0.0400 Z-8.2621 F600.0 ; Width: 0.400mm
G1 X9.7800 Y0.0400 Z-8.3134 F600.0 ; Width: 0.400mm
G1 X9.5600 Y0.0400 Z-8.3422 F600.0 ; Width: 0.400mm
G1 X9.1200 Y0.0400 Z-8.3750 F600.0 ; Width: 0.400mm
G1 X8.7000 Y0.0400 Z-8.3739 F600.0 ; Width: 0.400mm
G1 X8.3800 Y0.0400 Z-8.3488 F600.0 ; Width: 0.400mm
G1 X8.1200 Y0.0400 Z-8.3166 F600.0 ; Width: 0.400mm
G1 X7.8400 Y0.0400 Z-8.2621 F600.0 ; Width: 0.400mm
G1 X7.4600 Y0.0400 Z-8.1601 F600.0 ; Width: 0.400mm
G1 X7.2400 Y0.0400 Z-8.0843 F600.0 ; Width: 0.400mm
G1 X6.9600 Y0.0400 Z-7.9606 F600.0 ; Width: 0.400mm
G1 X6.8000 Y0.0400 Z-7.8795 F600.0 ; Width: 0.400mm
G1 X6.5000 Y0.0400 Z-7.7047 F600.0 ; Width: 0.400mm
G1 X6.3400 Y0.0400 Z-7.5984 F600.0 ; Width: 0.400mm
G1 X6.1639 Y0.0400 Z-7.4600 F600.0 ; Width: 0.400mm
G1 X5.9800 Y0.0400 Z-7.3049 F600.0 ; Width: 0.400mm
G1 X5.8400 Y0.0400 Z-7.1673 F600.0 ; Width: 0.400mm
G1 X5.7200 Y0.0400 Z-7.3792 F600.0 ; Width: 0.400mm
G1 X5.6000 Y0.0400 Z-7.5401 F600.0 ; Width: 0.400mm
G1 X5.4000 Y0.0400 Z-7.7449 F600.0 ; Width: 0.400mm
G1 X5.2200 Y0.0400 Z-7.8862 F200.0 ; Width: 1.200mm
G1 X5.0213 Y0.0400 Z-8.0000 F200.0 ; Width: 1.200mm
G1 X4.8200 Y0.0400 Z-8.0801 F200.0 ; Width: 1.200mm
G1 X4.6000 Y0.0400 Z-8.1334 F200.0 ; Width: 1.200mm
M118 P0 S"64" ; Sync timer
G1 X4.3800 Y0.0400 Z-8.1545 F200.0 ; Width: 1.200mm
G1 X2.5600 Y0.0400 Z-8.1550 F600.0 ; Width: 0.400mm
G1 X2.3800 Y0.0400 Z-8.1447 F200.0 ; Width: 1.200mm
G1 X2.1800 Y0.0400 Z-8.1085 F600.0 ; Width: 0.400mm
G1 X1.9693 Y0.0400 Z-8.0400 F600.0 ; Width: 0.400mm
G1 X1.7800 Y0.0400 Z-7.9483 F600.0 ; Width: 0.400mm
G1 X1.6000 Y0.0400 Z-7.8286 F600.0 ; Width: 0.400mm
G1 X1.5800 Y0.0400 Z-7.8286 F600.0 ; Width: 0.400mm
G1 X1.4000 Y0.0400 Z-7.9483 F600.0 ; Width: 0.400mm
G1 X1.2200 Y0.0400 Z-8.0362 F600.0 ; Width: 0.400mm
G1 X1.0400 Y0.0400 Z-8.0980 F600.0 ; Width: 0.400mm
G1 X0.8600 Y0.0400 Z-8.1366 F200.0 ; Width: 1.200mm
G1 X0.6400 Y0.0400 Z-8.1549 F200.0 ; Width: 1.200mm
G1 X-0.5600 Y0.0400 Z-8.1518 F600.0 ; Width: 0.400mm
G1 X-0.8000 Y0.0400 Z-8.1179 F600.0 ; Width: 0.400mm
G1 X-1.0200 Y0.0400 Z-8.0521 F600.0 ; Width: 0.400mm
G1 X-1.2400 Y0.0400 Z-7.9483 F600.0 ; Width: 0.400mm
G1 X-1.4400 Y0.0400 Z-7.8130 F600.0 ; Width: 0.400mm
G1 X-1.4600 Y0.0400 Z-7.8130 F600.0 ; Width: 0.400mm
G1 X-1.5800 Y0.0400 Z-7.8995 F600.0 ; Width: 0.400mm
G1 X-1.7000 Y0.0400 Z-7.9703 F200.0 ; Width: 1.200mm
G1 X-1.9000 Y0.0400 Z-8.0595 F200.0 ; Width: 1.200mm
G1 X-2.1200 Y0.0400 Z-8.1221 F200.0 ; Width: 1.200mm
G1 X-2.3600 Y0.0400 Z-8.1530 F200.0 ; Width: 1.200mm
G1 X-4.2000 Y0.0400 Z-8.1550 F600.0 ; Width: 0.400mm
G1 X-4.3400 Y0.0400 Z-8.1488 F200.0 ; Width: 1.200mm
G1 X-4.5200 Y0.0400 Z-8.1221 F600.0 ; Width: 0.400mm
G1 X-4.7000 Y0.0400 Z-8.0735 F600.0 ; Width: 0.400mm
G1 X-4.8800 Y0.0400 Z-8.0006 F600.0 ; Width: 0.400mm
G1 X-5.0400 Y0.0400 Z-7.9123 F600.0 ; Width: 0.400mm
G1 X-5.0600 Y0.0400 Z-7.9123 F600.0 ; Width: 0.400mm
G1 X-5.2200 Y0.0400 Z-8.0006 F600.0 ; Width: 0.400mm
G1 X-5.4000 Y0.0400 Z-8.0735 F600.0 ; Width: 0.400mm
G1 X-5.5800 Y0.0400 Z-8.1221 F600.0 ; Width: 0.400mm
G1 X-5.7600 Y0.0400 Z-8.1488 F200.0 ; Width: 1.200mm
G1 X-5.9000 Y0.0400 Z-8.1550 F200.0 ; Width: 1.200mm
G1 X-7.9600 Y0.0400 Z-8.1539 F600.0 ; Width: 0.400mm
G1 X-8.1200 Y0.0400 Z-8.1396 F200.0 ; Width: 1.200mm
G1 X-8.2600 Y0.0400 Z-8.1133 F200.0 ; Width: 1.200mm
G1 X-8.4000 Y0.0400 Z-8.0735 F200.0 ; Width: 1.200mm
G1 X-8.5400 Y0.0400 Z-8.0191 F200.0 ; Width: 1.200mm
G1 X-8.6800 Y0.0400 Z-7.9483 F600.0 ; Width: 0.400mm
G1 X-8.8000 Y0.0400 Z-7.8725 F600.0 ; Width: 0.400mm
G1 X-8.9201 Y0.0400 Z-7.7800 F600.0 ; Width: 0.400mm
G1 X-9.0400 Y0.0400 Z-7.6673 F600.0 ; Width: 0.400mm
G1 X-9.0600 Y0.0400 Z-7.6673 F600.0 ; Width: 0.400mm
G1 X-9.1800 Y0.0400 Z-7.7768 F600.0 ; Width: 0.400mm
G1 X-9.3000 Y0.0400 Z-7.8662 F214.3 ; Width: 1.120mm
M118 P0 S"65" ; Sync timer
G1 X-9.5200 Y0.0400 Z-7.9909 F208.7 ; Width: 1.150mm
G1 X-9.7400 Y0.0400 Z-8.0801 F200.0 ; Width: 1.200mm
G1 X-9.9800 Y0.0400 Z-8.1366 F200.0 ; Width: 1.200mm
G1 X-10.2000 Y0.0400 Z-8.1549 F200.0 ; Width: 1.200mm
G1 X-12.2600 Y0.0400 Z-8.1539 F600.0 ; Width: 0.400mm
G1 X-12.4200 Y0.0400 Z-8.1396 F600.0 ; Width: 0.400mm
G1 X-12.5800 Y0.0400 Z-8.1085 F600.0 ; Width: 0.400mm
G1 X-12.7400 Y0.0400 Z-8.0595 F600.0 ; Width: 0.400mm
G1 X-12.8800 Y0.0400 Z-8.0006 F600.0 ; Width: 0.400mm
G1 X-13.0400 Y0.0400 Z-7.9167 F200.0 ; Width: 1.200mm
G1 X-13.1800 Y0.0400 Z-7.8237 F200.0 ; Width: 1.200mm
G1 X-13.3000 Y0.0400 Z-7.7249 F200.0 ; Width: 1.200mm
G1 X-13.4400 Y0.0400 Z-7.5859 F200.0 ; Width: 1.200mm
M118 P0 S"66" ; Sync timer
G1 X-13.4450 Y0.0400 Z-13.4400 F200.0 ; Width: 1.200mm
M118 P0 S"67" ; Sync timer
G1 X13.4400 Y0.0400 Z-13.4450 F430.5 ; Width: 0.558mm
G1 X13.4400 Y0.0400 Z-4.3125 F1200.0 ; Width: 0.200mm
G0 Z-3.3125 F6000.0 ; Z-hop up
G0 X13.0800 Y0.0400 F6000.0 ; Travel to new path
G0 Z-6.3547 F6000.0 ; Z-hop down
G1 X12.8656 Y0.0400 Z-6.7000 F1200.0 ; Width: 0.200mm
G1 X12.5809 Y0.0400 Z-7.0800 F672.8 ; Width: 0.357mm
G1 X12.4611 Y0.0400 Z-7.2200 F429.4 ; Width: 0.559mm
G1 X12.1212 Y0.0400 Z-7.5600 F304.3 ; Width: 0.789mm
G1 X11.9000 Y0.0400 Z-7.7524 F224.4 ; Width: 1.069mm
G1 X11.7800 Y0.0400 Z-7.8456 F200.0 ; Width: 1.200mm
G1 X11.4800 Y0.0400 Z-8.0525 F200.0 ; Width: 1.200mm
G1 X11.0800 Y0.0400 Z-8.2709 F200.0 ; Width: 1.200mm
G1 X10.7800 Y0.0400 Z-8.4053 F600.0 ; Width: 0.400mm
G1 X10.5000 Y0.0400 Z-8.5017 F600.0 ; Width: 0.400mm
G1 X10.1600 Y0.0400 Z-8.5940 F600.0 ; Width: 0.400mm
G1 X9.8600 Y0.0400 Z-8.6547 F600.0 ; Width: 0.400mm
G1 X9.5600 Y0.0400 Z-8.6946 F600.0 ; Width: 0.400mm
G1 X9.2600 Y0.0400 Z-8.7199 F600.0 ; Width: 0.400mm
G1 X8.7000 Y0.0400 Z-8.7241 F600.0 ; Width: 0.400mm
G1 X8.3000 Y0.0400 Z-8.6924 F600.0 ; Width: 0.400mm
G1 X8.0400 Y0.0400 Z-8.6582 F600.0 ; Width: 0.400mm
G1 X7.7600 Y0.0400 Z-8.6030 F600.0 ; Width: 0.400mm
G1 X7.3800 Y0.0400 Z-8.5017 F600.0 ; Width: 0.400mm
G1 X7.0800 Y0.0400 Z-8.3971 F600.0 ; Width: 0.400mm
G1 X6.8200 Y0.0400 Z-8.2816 F600.0 ; Width: 0.400mm
G1 X6.6400 Y0.0400 Z-8.1909 F600.0 ; Width: 0.400mm
G1 X6.2600 Y0.0400 Z-7.9669 F600.0 ; Width: 0.400mm
G1 X6.1050 Y0.0400 Z-7.8600 F600.0 ; Width: 0.400mm
G1 X5.9200 Y0.0400 Z-7.7124 F600.0 ; Width: 0.400mm
G1 X5.7000 Y0.0400 Z-7.9424 F600.0 ; Width: 0.400mm
G1 X5.5709 Y0.0400 Z-8.0600 F600.0 ; Width: 0.400mm
G1 X5.4000 Y0.0400 Z-8.1869 F600.0 ; Width: 0.400mm
G1 X5.2200 Y0.0400 Z-8.2921 F200.0 ; Width: 1.200mm
M118 P0 S"68" ; Sync timer
G1 X5.0200 Y0.0400 Z-8.3809 F200.0 ; Width: 1.200mm
G1 X4.8200 Y0.0400 Z-8.4442 F200.0 ; Width: 1.200mm
G1 X4.6200 Y0.0400 Z-8.4845 F200.0 ; Width: 1.200mm
G1 X4.4000 Y0.0400 Z-8.5041 F200.0 ; Width: 1.200mm
G1 X2.5600 Y0.0400 Z-8.5050 F600.0 ; Width: 0.400mm
G1 X2.3800 Y0.0400 Z-8.4966 F200.0 ; Width: 1.200mm
G1 X2.1800 Y0.0400 Z-8.4671 F600.0 ; Width: 0.400mm
G1 X1.9800 Y0.0400 Z-8.4155 F600.0 ; Width: 0.400mm
G1 X1.7800 Y0.0400 Z-8.3399 F600.0 ; Width: 0.400mm
G1 X1.6000 Y0.0400 Z-8.2485 F600.0 ; Width: 0.400mm
G1 X1.5800 Y0.0400 Z-8.2485 F600.0 ; Width: 0.400mm
G1 X1.4600 Y0.0400 Z-8.3121 F600.0 ; Width: 0.400mm
G1 X1.3200 Y0.0400 Z-8.3732 F600.0 ; Width: 0.400mm
G1 X1.1000 Y0.0400 Z-8.4442 F600.0 ; Width: 0.400mm
G1 X0.8600 Y0.0400 Z-8.4900 F200.0 ; Width: 1.200mm
G1 X0.6200 Y0.0400 Z-8.5050 F200.0 ; Width: 1.200mm
G1 X-0.4800 Y0.0400 Z-8.5049 F600.0 ; Width: 0.400mm
G1 X-0.7000 Y0.0400 Z-8.4900 F200.0 ; Width: 1.200mm
G1 X-0.9000 Y0.0400 Z-8.4540 F600.0 ; Width: 0.400mm
G1 X-1.0800 Y0.0400 Z-8.4024 F600.0 ; Width: 0.400mm
G1 X-1.2600 Y0.0400 Z-8.3309 F600.0 ; Width: 0.400mm
G1 X-1.4400 Y0.0400 Z-8.2369 F600.0 ; Width: 0.400mm
G1 X-1.4600 Y0.0400 Z-8.2369 F600.0 ; Width: 0.400mm
G1 X-1.5800 Y0.0400 Z-8.3022 F200.0 ; Width: 1.200mm
G1 X-1.7200 Y0.0400 Z-8.3653 F200.0 ; Width: 1.200mm
G1 X-1.9400 Y0.0400 Z-8.4389 F200.0 ; Width: 1.200mm
G1 X-2.1800 Y0.0400 Z-8.4874 F200.0 ; Width: 1.200mm
G1 X-2.4400 Y0.0400 Z-8.5050 F200.0 ; Width: 1.200mm
G1 X-4.3400 Y0.0400 Z-8.4999 F600.0 ; Width: 0.400mm
G1 X-4.5200 Y0.0400 Z-8.4782 F600.0 ; Width: 0.400mm
G1 X-4.7000 Y0.0400 Z-8.4389 F600.0 ; Width: 0.400mm
G1 X-4.8800 Y0.0400 Z-8.3809 F600.0 ; Width: 0.400mm
G1 X-5.0400 Y0.0400 Z-8.3121 F600.0 ; Width: 0.400mm
G1 X-5.0600 Y0.0400 Z-8.3121 F600.0 ; Width: 0.400mm
G1 X-5.2400 Y0.0400 Z-8.3883 F600.0 ; Width: 0.400mm
G1 X-5.4200 Y0.0400 Z-8.4442 F600.0 ; Width: 0.400mm
G1 X-5.6000 Y0.0400 Z-8.4815 F600.0 ; Width: 0.400mm
G1 X-5.7800 Y0.0400 Z-8.5013 F600.0 ; Width: 0.400mm
G1 X-8.0200 Y0.0400 Z-8.5013 F600.0 ; Width: 0.400mm
G1 X-8.1600 Y0.0400 Z-8.4874 F200.0 ; Width: 1.200mm
G1 X-8.3000 Y0.0400 Z-8.4630 F200.0 ; Width: 1.200mm
M118 P0 S"69" ; Sync timer
G1 X-8.5600 Y0.0400 Z-8.3883 F200.0 ; Width: 1.200mm
G1 X-8.8000 Y0.0400 Z-8.2817 F200.0 ; Width: 1.200mm
G1 X-8.9200 Y0.0400 Z-8.2125 F600.0 ; Width: 0.400mm
G1 X-9.0400 Y0.0400 Z-8.1311 F600.0 ; Width: 0.400mm
G1 X-9.0600 Y0.0400 Z-8.1256 F600.0 ; Width: 0.400mm
G1 X-9.1800 Y0.0400 Z-8.2049 F600.0 ; Width: 0.400mm
G1 X-9.3000 Y0.0400 Z-8.2721 F600.0 ; Width: 0.400mm
G1 X-9.4400 Y0.0400 Z-8.3399 F600.0 ; Width: 0.400mm
G1 X-9.5800 Y0.0400 Z-8.3955 F200.0 ; Width: 1.200mm
G1 X-9.7200 Y0.0400 Z-8.4389 F200.0 ; Width: 1.200mm
G1 X-9.8600 Y0.0400 Z-8.4710 F200.0 ; Width: 1.200mm
G1 X-10.0000 Y0.0400 Z-8.4924 F212.4 ; Width: 1.130mm
G1 X-10.1400 Y0.0400 Z-8.5033 F208.7 ; Width: 1.150mm
G1 X-12.3400 Y0.0400 Z-8.4999 F600.0 ; Width: 0.400mm
G1 X-12.5400 Y0.0400 Z-8.4747 F600.0 ; Width: 0.400mm
G1 X-12.7200 Y0.0400 Z-8.4334 F600.0 ; Width: 0.400mm
G1 X-12.9000 Y0.0400 Z-8.3732 F600.0 ; Width: 0.400mm
G1 X-13.0800 Y0.0400 Z-8.2921 F200.0 ; Width: 1.200mm
G1 X-13.0917 Y0.0400 Z-8.3000 F200.0 ; Width: 1.200mm
G1 X-13.0950 Y0.0400 Z-8.3200 F200.0 ; Width: 1.200mm
M118 P0 S"70" ; Sync timer
G1 X-13.0950 Y0.0400 Z-13.0800 F200.0 ; Width: 1.200mm
G1 X-13.0800 Y0.0400 Z-13.0950 F200.0 ; Width: 1.200mm
M118 P0 S"71" ; Sync timer
G1 X13.0800 Y0.0400 Z-13.0950 F500.0 ; Width: 0.480mm
G1 X13.0950 Y0.0400 Z-13.0800 F1081.7 ; Width: 0.222mm
G1 X13.0950 Y0.0400 Z-6.4000 F1200.0 ; Width: 0.200mm
G1 X13.0944 Y0.0400 Z-6.3800 F1200.0 ; Width: 0.200mm
G1 X13.0800 Y0.0400 Z-6.3547 F1083.1 ; Width: 0.222mm
G0 Z-5.3547 F6000.0 ; Z-hop up
G0 X12.7400 Y0.0400 F6000.0 ; Travel to new path
G0 Z-7.4340 F6000.0 ; Z-hop down
G1 X12.3556 Y0.0400 Z-7.8200 F1200.0 ; Width: 0.200mm
G1 X12.0400 Y0.0400 Z-8.0886 F442.7 ; Width: 0.542mm
G1 X11.6600 Y0.0400 Z-8.3528 F269.7 ; Width: 0.890mm
M118 P0 S"72" ; Sync timer
G1 X11.2400 Y0.0400 Z-8.5825 F200.0 ; Width: 1.200mm
G1 X10.9600 Y0.0400 Z-8.7094 F200.0 ; Width: 1.200mm
G1 X10.8200 Y0.0400 Z-8.7643 F200.0 ; Width: 1.200mm
G1 X10.5800 Y0.0400 Z-8.8431 F200.0 ; Width: 1.200mm
G1 X10.2600 Y0.0400 Z-8.9300 F200.0 ; Width: 1.200mm
G1 X9.8400 Y0.0400 Z-9.0124 F600.0 ; Width: 0.400mm
G1 X9.5800 Y0.0400 Z-9.0443 F600.0 ; Width: 0.400mm
G1 X9.2400 Y0.0400 Z-9.0718 F600.0 ; Width: 0.400mm
G1 X8.7000 Y0.0400 Z-9.0742 F600.0 ; Width: 0.400mm
G1 X8.3000 Y0.0400 Z-9.0443 F600.0 ; Width: 0.400mm
G1 X7.9600 Y0.0400 Z-8.9996 F600.0 ; Width: 0.400mm
G1 X7.5600 Y0.0400 Z-8.9145 F600.0 ; Width: 0.400mm
G1 X7.2800 Y0.0400 Z-8.8372 F600.0 ; Width: 0.400mm
G1 X7.0600 Y0.0400 Z-8.7643 F600.0 ; Width: 0.400mm
G1 X6.7000 Y0.0400 Z-8.6117 F600.0 ; Width: 0.400mm
G1 X6.5000 Y0.0400 Z-8.5130 F600.0 ; Width: 0.400mm
G1 X6.2800 Y0.0400 Z-8.3888 F600.0 ; Width: 0.400mm
G1 X5.9600 Y0.0400 Z-8.1870 F600.0 ; Width: 0.400mm
G1 X5.9400 Y0.0400 Z-8.1973 F600.0 ; Width: 0.400mm
G1 X5.7600 Y0.0400 Z-8.3574 F600.0 ; Width: 0.400mm
G1 X5.6000 Y0.0400 Z-8.4742 F600.0 ; Width: 0.400mm
G1 X5.4200 Y0.0400 Z-8.5823 F600.0 ; Width: 0.400mm
G1 X5.2400 Y0.0400 Z-8.6694 F200.0 ; Width: 1.200mm
G1 X5.0400 Y0.0400 Z-8.7446 F200.0 ; Width: 1.200mm
G1 X4.8400 Y0.0400 Z-8.7994 F200.0 ; Width: 1.200mm
G1 X4.6400 Y0.0400 Z-8.8351 F200.0 ; Width: 1.200mm
G1 X4.4200 Y0.0400 Z-8.8536 F200.0 ; Width: 1.200mm
G1 X2.5600 Y0.0400 Z-8.8550 F600.0 ; Width: 0.400mm
G1 X2.4000 Y0.0400 Z-8.8494 F200.0 ; Width: 1.200mm
G1 X2.2000 Y0.0400 Z-8.8263 F600.0 ; Width: 0.400mm
G1 X2.0000 Y0.0400 Z-8.7850 F600.0 ; Width: 0.400mm
G1 X1.8000 Y0.0400 Z-8.7243 F600.0 ; Width: 0.400mm
G1 X1.6000 Y0.0400 Z-8.6425 F600.0 ; Width: 0.400mm
G1 X1.5800 Y0.0400 Z-8.6425 F600.0 ; Width: 0.400mm
G1 X1.4000 Y0.0400 Z-8.7171 F600.0 ; Width: 0.400mm
G1 X1.2000 Y0.0400 Z-8.7798 F600.0 ; Width: 0.400mm
G1 X1.0200 Y0.0400 Z-8.8196 F600.0 ; Width: 0.400mm
G1 X0.8400 Y0.0400 Z-8.8443 F200.0 ; Width: 1.200mm
G1 X0.6400 Y0.0400 Z-8.8549 F200.0 ; Width: 1.200mm
G1 X-0.5400 Y0.0400 Z-8.8536 F600.0 ; Width: 0.400mm
G1 X-0.7800 Y0.0400 Z-8.8324 F600.0 ; Width: 0.400mm
G1 X-1.0000 Y0.0400 Z-8.7900 F600.0 ; Width: 0.400mm
G1 X-1.2000 Y0.0400 Z-8.7313 F600.0 ; Width: 0.400mm
G1 X-1.4400 Y0.0400 Z-8.6331 F600.0 ; Width: 0.400mm
G1 X-1.4600 Y0.0400 Z-8.6331 F200.0 ; Width: 1.200mm
G1 X-1.6800 Y0.0400 Z-8.7243 F200.0 ; Width: 1.200mm
M118 P0 S"73" ; Sync timer
G1 X-1.9000 Y0.0400 Z-8.7900 F200.0 ; Width: 1.200mm
G1 X-2.1200 Y0.0400 Z-8.8324 F200.0 ; Width: 1.200mm
G1 X-2.3600 Y0.0400 Z-8.8536 F600.0 ; Width: 0.400mm
G1 X-4.3400 Y0.0400 Z-8.8507 F600.0 ; Width: 0.400mm
G1 X-4.5200 Y0.0400 Z-8.8324 F600.0 ; Width: 0.400mm
G1 X-4.6800 Y0.0400 Z-8.8038 F600.0 ; Width: 0.400mm
G1 X-4.8600 Y0.0400 Z-8.7572 F600.0 ; Width: 0.400mm
G1 X-5.0400 Y0.0400 Z-8.6942 F600.0 ; Width: 0.400mm
G1 X-5.0600 Y0.0400 Z-8.6942 F600.0 ; Width: 0.400mm
G1 X-5.2400 Y0.0400 Z-8.7572 F600.0 ; Width: 0.400mm
G1 X-5.4200 Y0.0400 Z-8.8038 F600.0 ; Width: 0.400mm
G1 X-5.6000 Y0.0400 Z-8.8351 F600.0 ; Width: 0.400mm
G1 X-5.7800 Y0.0400 Z-8.8518 F200.0 ; Width: 1.200mm
G1 X-7.9600 Y0.0400 Z-8.8542 F600.0 ; Width: 0.400mm
G1 X-8.2400 Y0.0400 Z-8.8294 F600.0 ; Width: 0.400mm
G1 X-8.5200 Y0.0400 Z-8.7689 F600.0 ; Width: 0.400mm
G1 X-8.7800 Y0.0400 Z-8.6779 F600.0 ; Width: 0.400mm
G1 X-9.0600 Y0.0400 Z-8.5402 F600.0 ; Width: 0.400mm
G1 X-9.3000 Y0.0400 Z-8.6607 F600.0 ; Width: 0.400mm
G1 X-9.5400 Y0.0400 Z-8.7510 F600.0 ; Width: 0.400mm
G1 X-9.8000 Y0.0400 Z-8.8159 F600.0 ; Width: 0.400mm
G1 X-10.0600 Y0.0400 Z-8.8494 F600.0 ; Width: 0.400mm
G1 X-10.2200 Y0.0400 Z-8.8550 F200.0 ; Width: 1.200mm
G1 X-12.2400 Y0.0400 Z-8.8546 F200.0 ; Width: 1.200mm
G1 X-12.4800 Y0.0400 Z-8.8377 F200.0 ; Width: 1.200mm
G1 X-12.7400 Y0.0400 Z-8.7932 F200.0 ; Width: 1.200mm
M118 P0 S"74" ; Sync timer
G1 X-12.7450 Y0.0400 Z-12.7400 F200.0 ; Width: 1.200mm
M118 P0 S"75" ; Sync timer
G1 X12.7400 Y0.0400 Z-12.7450 F446.5 ; Width: 0.537mm
G1 X12.7400 Y0.0400 Z-7.4340 F624.4 ; Width: 0.384mm
G0 Z-6.4340 F6000.0 ; Z-hop up
G0 X12.3800 Y0.0400 F6000.0 ; Travel to new path
G0 Z-8.2630 F6000.0 ; Z-hop down
G1 X12.2400 Y0.0400 Z-8.3762 F1200.0 ; Width: 0.200mm
G1 X12.0400 Y0.0400 Z-8.5201 F1000.0 ; Width: 0.240mm
G1 X11.7800 Y0.0400 Z-8.6890 F510.6 ; Width: 0.470mm
G1 X11.4200 Y0.0400 Z-8.8845 F307.7 ; Width: 0.780mm
G1 X11.1200 Y0.0400 Z-9.0215 F216.2 ; Width: 1.110mm
G1 X10.9600 Y0.0400 Z-9.0859 F200.0 ; Width: 1.200mm
G1 X10.7000 Y0.0400 Z-9.1726 F200.0 ; Width: 1.200mm
G1 X10.4000 Y0.0400 Z-9.2554 F200.0 ; Width: 1.200mm
G1 X10.0200 Y0.0400 Z-9.3369 F200.0 ; Width: 1.200mm
G1 X9.6400 Y0.0400 Z-9.3900 F600.0 ; Width: 0.400mm
G1 X9.2200 Y0.0400 Z-9.4231 F600.0 ; Width: 0.400mm
G1 X8.6800 Y0.0400 Z-9.4238 F600.0 ; Width: 0.400mm
G1 X8.2800 Y0.0400 Z-9.3940 F600.0 ; Width: 0.400mm
G1 X7.9200 Y0.0400 Z-9.3479 F600.0 ; Width: 0.400mm
G1 X7.5400 Y0.0400 Z-9.2707 F600.0 ; Width: 0.400mm
G1 X7.1600 Y0.0400 Z-9.1664 F600.0 ; Width: 0.400mm
G1 X6.8031 Y0.0400 Z-9.0400 F600.0 ; Width: 0.400mm
G1 X6.3600 Y0.0400 Z-8.8347 F600.0 ; Width: 0.400mm
G1 X6.0000 Y0.0400 Z-8.6290 F600.0 ; Width: 0.400mm
G1 X5.9800 Y0.0400 Z-8.6296 F600.0 ; Width: 0.400mm
G1 X5.8000 Y0.0400 Z-8.7615 F600.0 ; Width: 0.400mm
G1 X5.6000 Y0.0400 Z-8.8828 F600.0 ; Width: 0.400mm
G1 X5.4200 Y0.0400 Z-8.9725 F600.0 ; Width: 0.400mm
G1 X5.2400 Y0.0400 Z-9.0459 F200.0 ; Width: 1.200mm
M118 P0 S"76" ; Sync timer
G1 X5.0400 Y0.0400 Z-9.1099 F200.0 ; Width: 1.200mm
G1 X4.8400 Y0.0400 Z-9.1569 F200.0 ; Width: 1.200mm
G1 X4.6400 Y0.0400 Z-9.1878 F200.0 ; Width: 1.200mm
G1 X4.4200 Y0.0400 Z-9.2038 F200.0 ; Width: 1.200mm
G1 X2.4000 Y0.0400 Z-9.2001 F600.0 ; Width: 0.400mm
G1 X2.2000 Y0.0400 Z-9.1802 F600.0 ; Width: 0.400mm
G1 X2.0000 Y0.0400 Z-9.1446 F600.0 ; Width: 0.400mm
G1 X1.8000 Y0.0400 Z-9.0926 F600.0 ; Width: 0.400mm
G1 X1.6000 Y0.0400 Z-9.0232 F600.0 ; Width: 0.400mm
G1 X1.5800 Y0.0400 Z-9.0232 F600.0 ; Width: 0.400mm
G1 X1.4000 Y0.0400 Z-9.0864 F600.0 ; Width: 0.400mm
G1 X1.2000 Y0.0400 Z-9.1401 F600.0 ; Width: 0.400mm
G1 X1.0200 Y0.0400 Z-9.1743 F600.0 ; Width: 0.400mm
G1 X0.8400 Y0.0400 Z-9.1958 F600.0 ; Width: 0.400mm
G1 X0.6400 Y0.0400 Z-9.2049 F200.0 ; Width: 1.200mm
G1 X-0.5400 Y0.0400 Z-9.2038 F600.0 ; Width: 0.400mm
G1 X-0.7600 Y0.0400 Z-9.1878 F600.0 ; Width: 0.400mm
G1 X-0.9800 Y0.0400 Z-9.1530 F600.0 ; Width: 0.400mm
G1 X-1.1800 Y0.0400 Z-9.1043 F600.0 ; Width: 0.400mm
G1 X-1.4400 Y0.0400 Z-9.0152 F600.0 ; Width: 0.400mm
G1 X-1.4600 Y0.0400 Z-9.0152 F200.0 ; Width: 1.200mm
G1 X-1.6800 Y0.0400 Z-9.0926 F200.0 ; Width: 1.200mm
G1 X-1.9000 Y0.0400 Z-9.1489 F200.0 ; Width: 1.200mm
G1 X-2.1200 Y0.0400 Z-9.1854 F200.0 ; Width: 1.200mm
G1 X-2.3600 Y0.0400 Z-9.2038 F200.0 ; Width: 1.200mm
G1 X-4.3400 Y0.0400 Z-9.2013 F600.0 ; Width: 0.400mm
G1 X-4.5200 Y0.0400 Z-9.1854 F600.0 ; Width: 0.400mm
G1 X-4.6800 Y0.0400 Z-9.1607 F600.0 ; Width: 0.400mm
G1 X-5.0600 Y0.0400 Z-9.0670 F600.0 ; Width: 0.400mm
G1 X-5.2400 Y0.0400 Z-9.1207 F600.0 ; Width: 0.400mm
G1 X-5.4200 Y0.0400 Z-9.1607 F600.0 ; Width: 0.400mm
G1 X-5.6000 Y0.0400 Z-9.1878 F600.0 ; Width: 0.400mm
G1 X-5.7800 Y0.0400 Z-9.2023 F600.0 ; Width: 0.400mm
G1 X-7.9600 Y0.0400 Z-9.2043 F600.0 ; Width: 0.400mm
G1 X-8.2400 Y0.0400 Z-9.1829 F600.0 ; Width: 0.400mm
G1 X-8.5200 Y0.0400 Z-9.1307 F600.0 ; Width: 0.400mm
G1 X-8.8000 Y0.0400 Z-9.0459 F600.0 ; Width: 0.400mm
G1 X-9.0600 Y0.0400 Z-8.9348 F200.0 ; Width: 1.200mm
G1 X-9.2800 Y0.0400 Z-9.0309 F600.0 ; Width: 0.400mm
G1 X-9.5200 Y0.0400 Z-9.1099 F600.0 ; Width: 0.400mm
G1 X-9.7600 Y0.0400 Z-9.1644 F600.0 ; Width: 0.400mm
G1 X-10.0200 Y0.0400 Z-9.1974 F600.0 ; Width: 0.400mm
M118 P0 S"77" ; Sync timer
G1 X-10.2200 Y0.0400 Z-9.2050 F600.0 ; Width: 0.400mm
G1 X-12.2000 Y0.0400 Z-9.2050 F200.0 ; Width: 1.200mm
G1 X-12.3800 Y0.0400 Z-9.1988 F200.0 ; Width: 1.200mm
G1 X-12.3950 Y0.0400 Z-9.2200 F200.0 ; Width: 1.200mm
G1 X-12.3950 Y0.0400 Z-12.3800 F200.0 ; Width: 1.200mm
G1 X-12.3800 Y0.0400 Z-12.3950 F200.0 ; Width: 1.200mm
M118 P0 S"78" ; Sync timer
G1 X12.3800 Y0.0400 Z-12.3950 F444.4 ; Width: 0.540mm
G1 X12.3950 Y0.0400 Z-12.3800 F1200.0 ; Width: 0.200mm
G1 X12.3950 Y0.0400 Z-8.3000 F1200.0 ; Width: 0.200mm
G1 X12.3944 Y0.0400 Z-8.2800 F1200.0 ; Width: 0.200mm
G1 X12.3800 Y0.0400 Z-8.2630 F1200.0 ; Width: 0.200mm
G0 Z-7.2630 F6000.0 ; Z-hop up
G0 X12.0400 Y0.0400 F6000.0 ; Travel to new path
G0 Z-8.9423 F6000.0 ; Z-hop down
G1 X11.6400 Y0.0400 Z-9.1659 F1200.0 ; Width: 0.200mm
G1 X11.2800 Y0.0400 Z-9.3333 F413.8 ; Width: 0.580mm
G1 X11.0653 Y0.0400 Z-9.4200 F276.7 ; Width: 0.867mm
G1 X10.7800 Y0.0400 Z-9.5139 F214.8 ; Width: 1.117mm
G1 X10.4000 Y0.0400 Z-9.6162 F200.0 ; Width: 1.200mm
G1 X10.0000 Y0.0400 Z-9.6960 F200.0 ; Width: 1.200mm
G1 X9.6400 Y0.0400 Z-9.7418 F200.0 ; Width: 1.200mm
G1 X9.2000 Y0.0400 Z-9.7739 F200.0 ; Width: 1.200mm
G1 X8.6600 Y0.0400 Z-9.7733 F600.0 ; Width: 0.400mm
G1 X8.2600 Y0.0400 Z-9.7436 F600.0 ; Width: 0.400mm
M118 P0 S"79" ; Sync timer
G1 X7.8800 Y0.0400 Z-9.6960 F600.0 ; Width: 0.400mm
G1 X7.5000 Y0.0400 Z-9.6209 F600.0 ; Width: 0.400mm
G1 X7.0800 Y0.0400 Z-9.5080 F600.0 ; Width: 0.400mm
G1 X6.7400 Y0.0400 Z-9.3920 F600.0 ; Width: 0.400mm
G1 X6.3484 Y0.0400 Z-9.2200 F600.0 ; Width: 0.400mm
G1 X6.0200 Y0.0400 Z-9.0454 F600.0 ; Width: 0.400mm
G1 X6.0000 Y0.0400 Z-9.0488 F600.0 ; Width: 0.400mm
G1 X5.8200 Y0.0400 Z-9.1607 F600.0 ; Width: 0.400mm
G1 X5.6200 Y0.0400 Z-9.2656 F600.0 ; Width: 0.400mm
G1 X5.4400 Y0.0400 Z-9.3442 F600.0 ; Width: 0.400mm
G1 X5.2400 Y0.0400 Z-9.4156 F200.0 ; Width: 1.200mm
G1 X5.0400 Y0.0400 Z-9.4715 F200.0 ; Width: 1.200mm
G1 X4.8400 Y0.0400 Z-9.5127 F200.0 ; Width: 1.200mm
G1 X4.6400 Y0.0400 Z-9.5398 F200.0 ; Width: 1.200mm
G1 X4.4200 Y0.0400 Z-9.5539 F200.0 ; Width: 1.200mm
G1 X2.4000 Y0.0400 Z-9.5507 F600.0 ; Width: 0.400mm
G1 X2.2000 Y0.0400 Z-9.5331 F600.0 ; Width: 0.400mm
G1 X2.0000 Y0.0400 Z-9.5018 F600.0 ; Width: 0.400mm
G1 X1.8000 Y0.0400 Z-9.4563 F600.0 ; Width: 0.400mm
G1 X1.6000 Y0.0400 Z-9.3959 F600.0 ; Width: 0.400mm
G1 X1.2000 Y0.0400 Z-9.4979 F600.0 ; Width: 0.400mm
G1 X1.0200 Y0.0400 Z-9.5280 F600.0 ; Width: 0.400mm
G1 X0.8400 Y0.0400 Z-9.5469 F600.0 ; Width: 0.400mm
G1 X0.6400 Y0.0400 Z-9.5549 F600.0 ; Width: 0.400mm
G1 X-0.5400 Y0.0400 Z-9.5539 F600.0 ; Width: 0.400mm
G1 X-0.7600 Y0.0400 Z-9.5398 F600.0 ; Width: 0.400mm
G1 X-0.9800 Y0.0400 Z-9.5092 F600.0 ; Width: 0.400mm
G1 X-1.1800 Y0.0400 Z-9.4666 F600.0 ; Width: 0.400mm
G1 X-1.4400 Y0.0400 Z-9.3890 F600.0 ; Width: 0.400mm
G1 X-1.4600 Y0.0400 Z-9.3890 F600.0 ; Width: 0.400mm
G1 X-1.6800 Y0.0400 Z-9.4563 F200.0 ; Width: 1.200mm
G1 X-1.9000 Y0.0400 Z-9.5056 F200.0 ; Width: 1.200mm
G1 X-2.1200 Y0.0400 Z-9.5377 F200.0 ; Width: 1.200mm
G1 X-2.3600 Y0.0400 Z-9.5539 F200.0 ; Width: 1.200mm
G1 X-4.3400 Y0.0400 Z-9.5517 F600.0 ; Width: 0.400mm
G1 X-4.6800 Y0.0400 Z-9.5160 F600.0 ; Width: 0.400mm
G1 X-5.0600 Y0.0400 Z-9.4339 F600.0 ; Width: 0.400mm
G1 X-5.2400 Y0.0400 Z-9.4809 F600.0 ; Width: 0.400mm
G1 X-5.4200 Y0.0400 Z-9.5160 F600.0 ; Width: 0.400mm
G1 X-5.6000 Y0.0400 Z-9.5398 F600.0 ; Width: 0.400mm
G1 X-5.7800 Y0.0400 Z-9.5526 F600.0 ; Width: 0.400mm
M118 P0 S"80" ; Sync timer
G1 X-7.9600 Y0.0400 Z-9.5544 F600.0 ; Width: 0.400mm
G1 X-8.2400 Y0.0400 Z-9.5355 F600.0 ; Width: 0.400mm
G1 X-8.5200 Y0.0400 Z-9.4897 F600.0 ; Width: 0.400mm
G1 X-8.8000 Y0.0400 Z-9.4156 F600.0 ; Width: 0.400mm
G1 X-9.0600 Y0.0400 Z-9.3195 F600.0 ; Width: 0.400mm
G1 X-9.2800 Y0.0400 Z-9.4026 F600.0 ; Width: 0.400mm
G1 X-9.5200 Y0.0400 Z-9.4715 F600.0 ; Width: 0.400mm
G1 X-9.7400 Y0.0400 Z-9.5160 F200.0 ; Width: 1.200mm
G1 X-9.9800 Y0.0400 Z-9.5453 F200.0 ; Width: 1.200mm
G1 X-10.2000 Y0.0400 Z-9.5549 F200.0 ; Width: 1.200mm
G1 X-12.0400 Y0.0400 Z-9.5550 F200.0 ; Width: 1.200mm
G1 X-12.0450 Y0.0400 Z-12.0400 F200.0 ; Width: 1.200mm
M118 P0 S"81" ; Sync timer
G1 X12.0400 Y0.0400 Z-12.0450 F446.5 ; Width: 0.537mm
G1 X12.0450 Y0.0400 Z-12.0400 F596.3 ; Width: 0.402mm
G1 X12.0400 Y0.0400 Z-8.9423 F596.3 ; Width: 0.402mm
G0 Z-7.9423 F6000.0 ; Z-hop up
G0 X6.0400 Y0.0400 F6000.0 ; Travel to new path
G0 Z-9.4572 F6000.0 ; Z-hop down
G1 X6.0200 Y0.0400 Z-9.4494 F960.0 ; Width: 0.250mm
G1 X5.8000 Y0.0400 Z-9.5673 F1200.0 ; Width: 0.200mm
G1 X5.5800 Y0.0400 Z-9.6651 F685.7 ; Width: 0.350mm
G1 X5.4000 Y0.0400 Z-9.7315 F436.4 ; Width: 0.550mm
G1 X5.2200 Y0.0400 Z-9.7864 F328.8 ; Width: 0.730mm
G1 X5.0200 Y0.0400 Z-9.8347 F260.9 ; Width: 0.920mm
G1 X4.8200 Y0.0400 Z-9.8702 F214.3 ; Width: 1.120mm
G1 X4.6200 Y0.0400 Z-9.8932 F200.0 ; Width: 1.200mm
G1 X4.4200 Y0.0400 Z-9.9040 F200.0 ; Width: 1.200mm
G1 X2.4000 Y0.0400 Z-9.9011 F600.0 ; Width: 0.400mm
G1 X2.2000 Y0.0400 Z-9.8855 F600.0 ; Width: 0.400mm
G1 X2.0000 Y0.0400 Z-9.8575 F600.0 ; Width: 0.400mm
G1 X1.8000 Y0.0400 Z-9.8170 F600.0 ; Width: 0.400mm
G1 X1.6000 Y0.0400 Z-9.7634 F600.0 ; Width: 0.400mm
G1 X1.2000 Y0.0400 Z-9.8540 F600.0 ; Width: 0.400mm
M118 P0 S"82" ; Sync timer
G1 X0.8400 Y0.0400 Z-9.8977 F600.0 ; Width: 0.400mm
G1 X0.6400 Y0.0400 Z-9.9049 F600.0 ; Width: 0.400mm
G1 X-0.5400 Y0.0400 Z-9.9040 F600.0 ; Width: 0.400mm
G1 X-0.7600 Y0.0400 Z-9.8914 F600.0 ; Width: 0.400mm
G1 X-0.9800 Y0.0400 Z-9.8641 F600.0 ; Width: 0.400mm
G1 X-1.1800 Y0.0400 Z-9.8261 F600.0 ; Width: 0.400mm
G1 X-1.4600 Y0.0400 Z-9.7573 F600.0 ; Width: 0.400mm
G1 X-1.6800 Y0.0400 Z-9.8170 F600.0 ; Width: 0.400mm
G1 X-1.9000 Y0.0400 Z-9.8609 F600.0 ; Width: 0.400mm
G1 X-2.1200 Y0.0400 Z-9.8896 F200.0 ; Width: 1.200mm
G1 X-2.3600 Y0.0400 Z-9.9040 F200.0 ; Width: 1.200mm
G1 X-4.3400 Y0.0400 Z-9.9021 F600.0 ; Width: 0.400mm
G1 X-4.6800 Y0.0400 Z-9.8702 F600.0 ; Width: 0.400mm
G1 X-5.0600 Y0.0400 Z-9.7971 F600.0 ; Width: 0.400mm
G1 X-5.2400 Y0.0400 Z-9.8388 F600.0 ; Width: 0.400mm
G1 X-5.4200 Y0.0400 Z-9.8702 F600.0 ; Width: 0.400mm
G1 X-5.7800 Y0.0400 Z-9.9028 F600.0 ; Width: 0.400mm
G1 X-7.9600 Y0.0400 Z-9.9045 F600.0 ; Width: 0.400mm
G1 X-8.2400 Y0.0400 Z-9.8876 F600.0 ; Width: 0.400mm
G1 X-8.5200 Y0.0400 Z-9.8467 F200.0 ; Width: 1.200mm
G1 X-8.8000 Y0.0400 Z-9.7809 F200.0 ; Width: 1.200mm
G1 X-9.0600 Y0.0400 Z-9.6961 F600.0 ; Width: 0.400mm
G1 X-9.2800 Y0.0400 Z-9.7694 F600.0 ; Width: 0.400mm
G1 X-9.5000 Y0.0400 Z-9.8261 F600.0 ; Width: 0.400mm
G1 X-9.7200 Y0.0400 Z-9.8672 F600.0 ; Width: 0.400mm
G1 X-9.9600 Y0.0400 Z-9.8948 F600.0 ; Width: 0.400mm
G1 X-10.2000 Y0.0400 Z-9.9049 F200.0 ; Width: 1.200mm
G1 X-11.6800 Y0.0400 Z-9.9050 F200.0 ; Width: 1.200mm
G1 X-11.6950 Y0.0400 Z-9.9200 F200.0 ; Width: 1.200mm
M118 P0 S"83" ; Sync timer
G1 X-11.6950 Y0.0400 Z-11.6800 F200.0 ; Width: 1.200mm
G1 X-11.6800 Y0.0400 Z-11.6950 F200.0 ; Width: 1.200mm
M118 P0 S"84" ; Sync timer
G1 X11.6800 Y0.0400 Z-11.6950 F444.4 ; Width: 0.540mm
G1 X11.6950 Y0.0400 Z-11.6800 F200.0 ; Width: 1.200mm
M118 P0 S"85" ; Sync timer
G1 X11.6950 Y0.0400 Z-9.5600 F200.0 ; Width: 1.200mm
G1 X11.6885 Y0.0400 Z-9.5400 F200.0 ; Width: 1.200mm
G1 X11.6800 Y0.0400 Z-9.5359 F200.0 ; Width: 1.200mm
G1 X11.3000 Y0.0400 Z-9.7051 F600.0 ; Width: 0.400mm
G1 X10.9600 Y0.0400 Z-9.8247 F600.0 ; Width: 0.400mm
G1 X10.5200 Y0.0400 Z-9.9473 F600.0 ; Width: 0.400mm
G1 X10.1600 Y0.0400 Z-10.0228 F600.0 ; Width: 0.400mm
G1 X9.7400 Y0.0400 Z-10.0832 F600.0 ; Width: 0.400mm
G1 X9.3600 Y0.0400 Z-10.1163 F200.0 ; Width: 1.200mm
G1 X9.1600 Y0.0400 Z-10.1248 F200.0 ; Width: 1.200mm
G1 X8.7200 Y0.0400 Z-10.1248 F600.0 ; Width: 0.400mm
G1 X8.2400 Y0.0400 Z-10.0932 F200.0 ; Width: 1.200mm
G1 X7.9200 Y0.0400 Z-10.0558 F200.0 ; Width: 1.200mm
G1 X7.7200 Y0.0400 Z-10.0228 F200.0 ; Width: 1.200mm
G1 X7.3600 Y0.0400 Z-9.9473 F200.0 ; Width: 1.200mm
G1 X6.9800 Y0.0400 Z-9.8434 F212.4 ; Width: 1.130mm
G1 X6.6600 Y0.0400 Z-9.7361 F307.7 ; Width: 0.780mm
G1 X6.2800 Y0.0400 Z-9.5741 F558.1 ; Width: 0.430mm
G1 X6.0400 Y0.0400 Z-9.4572 F1200.0 ; Width: 0.200mm
G0 Z-8.4572 F6000.0 ; Z-hop up
G0 X6.0600 Y0.0400 F6000.0 ; Travel to new path
G0 Z-9.8580 F6000.0 ; Z-hop down
G1 X6.0200 Y0.0400 Z-9.8485 F1200.0 ; Width: 0.200mm
G1 X5.8200 Y0.0400 Z-9.9438 F1200.0 ; Width: 0.200mm
G1 X5.6200 Y0.0400 Z-10.0249 F705.9 ; Width: 0.340mm
G1 X5.4200 Y0.0400 Z-10.0927 F444.4 ; Width: 0.540mm
G1 X5.2000 Y0.0400 Z-10.1530 F320.0 ; Width: 0.750mm
G1 X5.0200 Y0.0400 Z-10.1915 F252.6 ; Width: 0.950mm
G1 X4.8200 Y0.0400 Z-10.2235 F210.5 ; Width: 1.140mm
G1 X4.6200 Y0.0400 Z-10.2443 F200.0 ; Width: 1.200mm
G1 X4.4200 Y0.0400 Z-10.2541 F200.0 ; Width: 1.200mm
G1 X2.4000 Y0.0400 Z-10.2515 F600.0 ; Width: 0.400mm
G1 X2.2000 Y0.0400 Z-10.2373 F600.0 ; Width: 0.400mm
G1 X2.0000 Y0.0400 Z-10.2121 F600.0 ; Width: 0.400mm
G1 X1.8000 Y0.0400 Z-10.1756 F600.0 ; Width: 0.400mm
G1 X1.6000 Y0.0400 Z-10.1274 F600.0 ; Width: 0.400mm
G1 X1.2000 Y0.0400 Z-10.2089 F600.0 ; Width: 0.400mm
G1 X0.8400 Y0.0400 Z-10.2484 F600.0 ; Width: 0.400mm
G1 X0.6400 Y0.0400 Z-10.2549 F600.0 ; Width: 0.400mm
M118 P0 S"86" ; Sync timer
G1 X-0.5400 Y0.0400 Z-10.2541 F600.0 ; Width: 0.400mm
G1 X-0.7600 Y0.0400 Z-10.2427 F600.0 ; Width: 0.400mm
G1 X-0.9800 Y0.0400 Z-10.2180 F600.0 ; Width: 0.400mm
G1 X-1.1800 Y0.0400 Z-10.1838 F600.0 ; Width: 0.400mm
G1 X-1.4600 Y0.0400 Z-10.1219 F600.0 ; Width: 0.400mm
G1 X-1.6800 Y0.0400 Z-10.1756 F600.0 ; Width: 0.400mm
G1 X-1.9000 Y0.0400 Z-10.2151 F600.0 ; Width: 0.400mm
G1 X-2.1200 Y0.0400 Z-10.2410 F200.0 ; Width: 1.200mm
G1 X-2.3600 Y0.0400 Z-10.2541 F200.0 ; Width: 1.200mm
G1 X-4.3400 Y0.0400 Z-10.2523 F200.0 ; Width: 1.200mm
G1 X-4.6800 Y0.0400 Z-10.2235 F600.0 ; Width: 0.400mm
G1 X-5.0600 Y0.0400 Z-10.1577 F600.0 ; Width: 0.400mm
G1 X-5.4200 Y0.0400 Z-10.2235 F600.0 ; Width: 0.400mm
G1 X-5.7800 Y0.0400 Z-10.2530 F600.0 ; Width: 0.400mm
G1 X-7.9600 Y0.0400 Z-10.2545 F600.0 ; Width: 0.400mm
G1 X-8.2400 Y0.0400 Z-10.2392 F200.0 ; Width: 1.200mm
G1 X-8.5200 Y0.0400 Z-10.2023 F200.0 ; Width: 1.200mm
G1 X-8.8000 Y0.0400 Z-10.1431 F600.0 ; Width: 0.400mm
G1 X-9.0600 Y0.0400 Z-10.0671 F600.0 ; Width: 0.400mm
G1 X-9.2600 Y0.0400 Z-10.1274 F600.0 ; Width: 0.400mm
G1 X-9.4800 Y0.0400 Z-10.1797 F600.0 ; Width: 0.400mm
G1 X-9.7000 Y0.0400 Z-10.2180 F600.0 ; Width: 0.400mm
G1 X-9.9200 Y0.0400 Z-10.2427 F200.0 ; Width: 1.200mm
G1 X-10.1800 Y0.0400 Z-10.2548 F200.0 ; Width: 1.200mm
M118 P0 S"87" ; Sync timer
G1 X-11.3400 Y0.0400 Z-10.2550 F200.0 ; Width: 1.200mm
G1 X-11.3450 Y0.0400 Z-11.3400 F200.0 ; Width: 1.200mm
G1 X-11.3400 Y0.0400 Z-11.3450 F200.0 ; Width: 1.200mm
M118 P0 S"88" ; Sync timer
G1 X11.3450 Y0.0400 Z-11.3400 F442.4 ; Width: 0.542mm
G1 X11.3400 Y0.0400 Z-10.0696 F200.0 ; Width: 1.200mm
G1 X10.9800 Y0.0400 Z-10.1848 F200.0 ; Width: 1.200mm
M118 P0 S"89" ; Sync timer
G1 X10.6200 Y0.0400 Z-10.2831 F200.0 ; Width: 1.200mm
G1 X10.0600 Y0.0400 Z-10.3951 F200.0 ; Width: 1.200mm
G1 X9.7200 Y0.0400 Z-10.4373 F600.0 ; Width: 0.400mm
G1 X9.3200 Y0.0400 Z-10.4696 F600.0 ; Width: 0.400mm
G1 X8.6200 Y0.0400 Z-10.4723 F600.0 ; Width: 0.400mm
G1 X8.1800 Y0.0400 Z-10.4392 F200.0 ; Width: 1.200mm
G1 X7.8600 Y0.0400 Z-10.4008 F200.0 ; Width: 1.200mm
G1 X7.6600 Y0.0400 Z-10.3677 F200.0 ; Width: 1.200mm
G1 X7.3000 Y0.0400 Z-10.2930 F200.0 ; Width: 1.200mm
G1 X6.9000 Y0.0400 Z-10.1848 F230.8 ; Width: 1.040mm
G1 X6.6000 Y0.0400 Z-10.0866 F347.8 ; Width: 0.690mm
G1 X6.3800 Y0.0400 Z-10.0011 F558.1 ; Width: 0.430mm
G1 X6.0600 Y0.0400 Z-9.8580 F1200.0 ; Width: 0.200mm
G0 Z-8.8580 F6000.0 ; Z-hop up
G0 X6.0400 Y0.0400 F6000.0 ; Travel to new path
G0 Z-10.2333 F6000.0 ; Z-hop down
G1 X5.6200 Y0.0400 Z-10.3960 F1142.9 ; Width: 0.210mm
G1 X5.4200 Y0.0400 Z-10.4574 F461.5 ; Width: 0.520mm
G1 X5.2200 Y0.0400 Z-10.5076 F333.3 ; Width: 0.720mm
G1 X5.0200 Y0.0400 Z-10.5471 F260.9 ; Width: 0.920mm
G1 X4.8200 Y0.0400 Z-10.5763 F214.3 ; Width: 1.120mm
G1 X4.6200 Y0.0400 Z-10.5952 F200.0 ; Width: 1.200mm
G1 X4.4000 Y0.0400 Z-10.6046 F200.0 ; Width: 1.200mm
G1 X2.4000 Y0.0400 Z-10.6018 F600.0 ; Width: 0.400mm
G1 X2.2000 Y0.0400 Z-10.5889 F600.0 ; Width: 0.400mm
G1 X2.0000 Y0.0400 Z-10.5659 F600.0 ; Width: 0.400mm
G1 X1.8000 Y0.0400 Z-10.5326 F600.0 ; Width: 0.400mm
G1 X1.6000 Y0.0400 Z-10.4888 F600.0 ; Width: 0.400mm
G1 X1.2000 Y0.0400 Z-10.5630 F600.0 ; Width: 0.400mm
G1 X0.8400 Y0.0400 Z-10.5990 F600.0 ; Width: 0.400mm
G1 X0.6400 Y0.0400 Z-10.6050 F600.0 ; Width: 0.400mm
G1 X-0.5400 Y0.0400 Z-10.6042 F600.0 ; Width: 0.400mm
G1 X-0.7800 Y0.0400 Z-10.5923 F600.0 ; Width: 0.400mm
G1 X-1.0000 Y0.0400 Z-10.5686 F600.0 ; Width: 0.400mm
G1 X-1.2200 Y0.0400 Z-10.5326 F600.0 ; Width: 0.400mm
G1 X-1.4400 Y0.0400 Z-10.4839 F600.0 ; Width: 0.400mm
G1 X-1.7200 Y0.0400 Z-10.5401 F600.0 ; Width: 0.400mm
G1 X-1.9200 Y0.0400 Z-10.5713 F600.0 ; Width: 0.400mm
M118 P0 S"90" ; Sync timer
G1 X-2.1400 Y0.0400 Z-10.5938 F200.0 ; Width: 1.200mm
G1 X-2.3600 Y0.0400 Z-10.6042 F200.0 ; Width: 1.200mm
G1 X-4.3400 Y0.0400 Z-10.6026 F200.0 ; Width: 1.200mm
G1 X-4.6800 Y0.0400 Z-10.5763 F600.0 ; Width: 0.400mm
G1 X-5.0600 Y0.0400 Z-10.5164 F600.0 ; Width: 0.400mm
G1 X-5.4200 Y0.0400 Z-10.5763 F600.0 ; Width: 0.400mm
G1 X-5.7800 Y0.0400 Z-10.6032 F600.0 ; Width: 0.400mm
G1 X-7.9600 Y0.0400 Z-10.6046 F600.0 ; Width: 0.400mm
G1 X-8.2400 Y0.0400 Z-10.5906 F200.0 ; Width: 1.200mm
G1 X-8.5200 Y0.0400 Z-10.5570 F200.0 ; Width: 1.200mm
G1 X-8.8000 Y0.0400 Z-10.5031 F200.0 ; Width: 1.200mm
G1 X-9.0600 Y0.0400 Z-10.4342 F600.0 ; Width: 0.400mm
G1 X-9.2600 Y0.0400 Z-10.4888 F600.0 ; Width: 0.400mm
G1 X-9.4600 Y0.0400 Z-10.5326 F600.0 ; Width: 0.400mm
G1 X-9.6600 Y0.0400 Z-10.5659 F600.0 ; Width: 0.400mm
G1 X-9.8600 Y0.0400 Z-10.5889 F600.0 ; Width: 0.400mm
G1 X-10.1600 Y0.0400 Z-10.6046 F200.0 ; Width: 1.200mm
G1 X-10.9800 Y0.0400 Z-10.6050 F200.0 ; Width: 1.200mm
G1 X-10.9950 Y0.0400 Z-10.6200 F200.0 ; Width: 1.200mm
G1 X-10.9950 Y0.0400 Z-10.9800 F200.0 ; Width: 1.200mm
G1 X-10.9800 Y0.0400 Z-10.9950 F200.0 ; Width: 1.200mm
M118 P0 S"91" ; Sync timer
G1 X10.9800 Y0.0400 Z-10.9950 F444.4 ; Width: 0.540mm
G1 X10.9950 Y0.0400 Z-10.9800 F200.0 ; Width: 1.200mm
G1 X10.9950 Y0.0400 Z-10.5800 F200.0 ; Width: 1.200mm
G1 X10.9939 Y0.0400 Z-10.5600 F200.0 ; Width: 1.200mm
G1 X10.9800 Y0.0400 Z-10.5483 F200.0 ; Width: 1.200mm
G1 X10.6400 Y0.0400 Z-10.6384 F600.0 ; Width: 0.400mm
G1 X10.3000 Y0.0400 Z-10.7087 F600.0 ; Width: 0.400mm
G1 X10.1000 Y0.0400 Z-10.7430 F600.0 ; Width: 0.400mm
G1 X9.8000 Y0.0400 Z-10.7809 F600.0 ; Width: 0.400mm
G1 X9.2400 Y0.0400 Z-10.8232 F600.0 ; Width: 0.400mm
G1 X8.7200 Y0.0400 Z-10.8248 F200.0 ; Width: 1.200mm
G1 X8.5000 Y0.0400 Z-10.8166 F200.0 ; Width: 1.200mm
G1 X8.1200 Y0.0400 Z-10.7851 F200.0 ; Width: 1.200mm
G1 X7.8000 Y0.0400 Z-10.7459 F200.0 ; Width: 1.200mm
G1 X7.6000 Y0.0400 Z-10.7126 F200.0 ; Width: 1.200mm
G1 X7.2400 Y0.0400 Z-10.6384 F200.0 ; Width: 1.200mm
G1 X6.8200 Y0.0400 Z-10.5260 F242.4 ; Width: 0.990mm
G1 X6.5400 Y0.0400 Z-10.4360 F375.0 ; Width: 0.640mm
G1 X6.3000 Y0.0400 Z-10.3470 F631.6 ; Width: 0.380mm
G1 X6.0400 Y0.0400 Z-10.2333 F1200.0 ; Width: 0.200mm
G0 Z-9.2333 F6000.0 ; Z-hop up
G0 X6.0400 Y0.0400 F6000.0 ; Travel to new path
G0 Z-10.6165 F6000.0 ; Z-hop down
M118 P0 S"92" ; Sync timer (Travel)
G1 X6.0200 Y0.0400 Z-10.6196 F600.0 ; Width: 0.400mm
G1 X5.9700 Y0.0400 Z-10.6400 F600.0 ; Width: 0.400mm
G1 X6.0000 Y0.0400 Z-10.6450 F600.0 ; Width: 0.400mm
G1 X6.0933 Y0.0400 Z-10.6400 F600.0 ; Width: 0.400mm
G1 X6.0400 Y0.0400 Z-10.6165 F600.0 ; Width: 0.400mm
G0 Z-9.6165 F6000.0 ; Z-hop up
G0 X0.1200 Y0.0400 F6000.0 ; Travel to new path
G0 Z-1.5448 F6000.0 ; Z-hop down
G1 X0.0000 Y0.0400 Z-1.5448 F600.0 ; Width: 0.400mm
G1 X-0.0114 Y0.0400 Z-1.5600 F600.0 ; Width: 0.400mm
G1 X0.0600 Y0.0400 Z-2.0139 F600.0 ; Width: 0.400mm
G1 X0.0800 Y0.0400 Z-1.9499 F600.0 ; Width: 0.400mm
G1 X0.1385 Y0.0400 Z-1.5600 F600.0 ; Width: 0.400mm
G1 X0.1200 Y0.0400 Z-1.5448 F600.0 ; Width: 0.400mm
G0 Z-0.5448 F6000.0 ; Z-hop up
G0 X-0.4400 Y0.0400 F6000.0 ; Travel to new path
G0 Z-1.0381 F6000.0 ; Z-hop down
G1 X-0.4471 Y0.0400 Z-1.0600 F1200.0 ; Width: 0.200mm
G1 X-0.4037 Y0.0400 Z-1.3600 F1200.0 ; Width: 0.200mm
G1 X-0.3798 Y0.0400 Z-1.4600 F1200.0 ; Width: 0.200mm
G1 X-0.3363 Y0.0400 Z-1.7200 F1200.0 ; Width: 0.200mm
G1 X-0.3237 Y0.0400 Z-1.8600 F1200.0 ; Width: 0.200mm
G1 X-0.2563 Y0.0400 Z-2.2200 F1200.0 ; Width: 0.200mm
G1 X-0.2437 Y0.0400 Z-2.3400 F1200.0 ; Width: 0.200mm
G1 X-0.2163 Y0.0400 Z-2.4600 F1200.0 ; Width: 0.200mm
G1 X-0.2037 Y0.0400 Z-2.5800 F1200.0 ; Width: 0.200mm
G1 X-0.1363 Y0.0400 Z-2.9600 F1200.0 ; Width: 0.200mm
G1 X-0.1237 Y0.0400 Z-3.1000 F1200.0 ; Width: 0.200mm
G1 X-0.0963 Y0.0400 Z-3.2200 F1200.0 ; Width: 0.200mm
G1 X-0.0837 Y0.0400 Z-3.3400 F1200.0 ; Width: 0.200mm
G1 X-0.0363 Y0.0400 Z-3.5600 F1200.0 ; Width: 0.200mm
G1 X-0.0107 Y0.0400 Z-3.7400 F1200.0 ; Width: 0.200mm
G1 X-0.0045 Y0.0400 Z-3.8400 F1200.0 ; Width: 0.200mm
G1 X0.0202 Y0.0400 Z-3.9400 F1200.0 ; Width: 0.200mm
G1 X0.0600 Y0.0400 Z-4.1787 F1200.0 ; Width: 0.200mm
G1 X0.0800 Y0.0400 Z-4.1387 F1200.0 ; Width: 0.200mm
G1 X0.1037 Y0.0400 Z-4.0400 F1200.0 ; Width: 0.200mm
G1 X0.1133 Y0.0400 Z-3.9200 F1200.0 ; Width: 0.200mm
G1 X0.1437 Y0.0400 Z-3.7800 F1200.0 ; Width: 0.200mm
G1 X0.1563 Y0.0400 Z-3.6400 F1200.0 ; Width: 0.200mm
G1 X0.1845 Y0.0400 Z-3.5200 F1200.0 ; Width: 0.200mm
G1 X0.1963 Y0.0400 Z-3.4000 F1200.0 ; Width: 0.200mm
G1 X0.2237 Y0.0400 Z-3.2800 F1200.0 ; Width: 0.200mm
G1 X0.2333 Y0.0400 Z-3.1800 F1200.0 ; Width: 0.200mm
G1 X0.2798 Y0.0400 Z-2.9000 F1200.0 ; Width: 0.200mm
G1 X0.3045 Y0.0400 Z-2.8000 F1200.0 ; Width: 0.200mm
G1 X0.3163 Y0.0400 Z-2.6600 F1200.0 ; Width: 0.200mm
G1 X0.3437 Y0.0400 Z-2.5400 F1200.0 ; Width: 0.200mm
G1 X0.3533 Y0.0400 Z-2.4400 F1200.0 ; Width: 0.200mm
G1 X0.3837 Y0.0400 Z-2.3000 F1200.0 ; Width: 0.200mm
G1 X0.3998 Y0.0400 Z-2.1600 F1200.0 ; Width: 0.200mm
G1 X0.4245 Y0.0400 Z-2.0600 F600.0 ; Width: 0.400mm
G1 X0.4333 Y0.0400 Z-1.9400 F600.0 ; Width: 0.400mm
G1 X0.4637 Y0.0400 Z-1.7800 F600.0 ; Width: 0.400mm
G1 X0.4763 Y0.0400 Z-1.6600 F600.0 ; Width: 0.400mm
G1 X0.5437 Y0.0400 Z-1.3200 F1167.7 ; Width: 0.206mm
G1 X0.5533 Y0.0400 Z-1.2000 F1033.5 ; Width: 0.232mm
G1 X0.5757 Y0.0400 Z-1.0800 F1087.2 ; Width: 0.221mm
G1 X0.5600 Y0.0400 Z-1.0643 F1118.5 ; Width: 0.215mm
G1 X0.4200 Y0.0400 Z-1.1344 F1200.0 ; Width: 0.200mm
G1 X0.2800 Y0.0400 Z-1.1763 F1200.0 ; Width: 0.200mm
G1 X0.1600 Y0.0400 Z-1.1929 F1200.0 ; Width: 0.200mm
G1 X0.0200 Y0.0400 Z-1.1941 F1200.0 ; Width: 0.200mm
G1 X-0.1000 Y0.0400 Z-1.1802 F1200.0 ; Width: 0.200mm
G1 X-0.2200 Y0.0400 Z-1.1490 F1200.0 ; Width: 0.200mm
G1 X-0.3400 Y0.0400 Z-1.0982 F1200.0 ; Width: 0.200mm
G1 X-0.4400 Y0.0400 Z-1.0381 F1200.0 ; Width: 0.200mm
G0 Z-0.0381 F6000.0 ; Z-hop up
G0 X3.4600 Y0.0400 F6000.0 ; Travel to new path
G0 Z4.2987 F6000.0 ; Z-hop down
G1 X3.4550 Y0.0400 Z4.2600 F600.0 ; Width: 0.400mm
G1 X3.4600 Y0.0400 Z-5.6050 F600.0 ; Width: 0.400mm
G1 X3.4650 Y0.0400 Z-5.6000 F600.0 ; Width: 0.400mm
M118 P0 S"93" ; Sync timer
G1 X3.4600 Y0.0400 Z4.2987 F600.0 ; Width: 0.400mm
G0 Z5.2987 F6000.0 ; Z-hop up
G0 X3.1000 Y0.0400 F6000.0 ; Travel to new path
G0 Z7.4350 F6000.0 ; Z-hop down
G1 X2.7000 Y0.0400 Z7.4349 F1200.0 ; Width: 0.200mm
G1 X2.6851 Y0.0400 Z7.4200 F589.0 ; Width: 0.407mm
G1 X2.6571 Y0.0400 Z7.3000 F559.6 ; Width: 0.429mm
G1 X2.5651 Y0.0400 Z6.7000 F600.0 ; Width: 0.400mm
G1 X2.5277 Y0.0400 Z6.5400 F600.0 ; Width: 0.400mm
G1 X2.5400 Y0.0400 Z6.5259 F600.0 ; Width: 0.400mm
G1 X2.6600 Y0.0400 Z6.5209 F600.0 ; Width: 0.400mm
G1 X2.7800 Y0.0400 Z6.5051 F600.0 ; Width: 0.400mm
G1 X2.9400 Y0.0400 Z6.4646 F600.0 ; Width: 0.400mm
G1 X3.1000 Y0.0400 Z6.3996 F1200.0 ; Width: 0.200mm
G1 X3.1150 Y0.0400 Z6.4200 F589.0 ; Width: 0.408mm
G1 X3.1150 Y0.0400 Z7.4200 F1200.0 ; Width: 0.200mm
G1 X3.1000 Y0.0400 Z7.4350 F589.0 ; Width: 0.408mm
G0 Z8.4350 F6000.0 ; Z-hop up
G0 X3.4600 Y0.0400 F6000.0 ; Travel to new path
G0 Z7.7850 F6000.0 ; Z-hop down
G1 X2.3885 Y0.0400 Z7.7800 F1200.0 ; Width: 0.200mm
G1 X2.3718 Y0.0400 Z7.7200 F1200.0 ; Width: 0.200mm
G1 X2.3437 Y0.0400 Z7.5000 F850.4 ; Width: 0.282mm
G1 X2.2918 Y0.0400 Z7.2400 F568.4 ; Width: 0.422mm
G1 X2.2202 Y0.0400 Z6.7600 F411.0 ; Width: 0.584mm
G1 X2.1763 Y0.0400 Z6.5800 F600.0 ; Width: 0.400mm
G1 X2.1667 Y0.0400 Z6.4600 F600.0 ; Width: 0.400mm
G1 X2.1076 Y0.0400 Z6.0800 F600.0 ; Width: 0.400mm
G1 X2.1200 Y0.0400 Z6.0676 F600.0 ; Width: 0.400mm
G1 X2.2400 Y0.0400 Z6.1220 F600.0 ; Width: 0.400mm
G1 X2.3600 Y0.0400 Z6.1563 F1200.0 ; Width: 0.200mm
G1 X2.5400 Y0.0400 Z6.1750 F1200.0 ; Width: 0.200mm
G1 X2.6400 Y0.0400 Z6.1713 F1190.9 ; Width: 0.202mm
G1 X2.7400 Y0.0400 Z6.1563 F796.0 ; Width: 0.302mm
G1 X2.8400 Y0.0400 Z6.1290 F597.7 ; Width: 0.402mm
G1 X2.9400 Y0.0400 Z6.0882 F478.5 ; Width: 0.502mm
G1 X3.0400 Y0.0400 Z6.0316 F510.6 ; Width: 0.470mm
G1 X3.1200 Y0.0400 Z5.9723 F631.6 ; Width: 0.380mm
G1 X3.2200 Y0.0400 Z5.8774 F827.6 ; Width: 0.290mm
G1 X3.2885 Y0.0400 Z5.8000 F1166.4 ; Width: 0.206mm
G1 X3.3443 Y0.0400 Z5.7200 F1200.0 ; Width: 0.200mm
G1 X3.3975 Y0.0400 Z5.6200 F1200.0 ; Width: 0.200mm
G1 X3.4514 Y0.0400 Z5.4800 F1200.0 ; Width: 0.200mm
G1 X3.4600 Y0.0400 Z5.4213 F335.3 ; Width: 0.716mm
G1 X3.4600 Y0.0400 Z7.7850 F387.1 ; Width: 0.620mm
G0 Z8.7850 F6000.0 ; Z-hop up
G0 X3.8000 Y0.0400 F6000.0 ; Travel to new path
G0 Z8.1350 F6000.0 ; Z-hop down
G1 X2.1000 Y0.0400 Z8.1350 F1200.0 ; Width: 0.200mm
G1 X2.0847 Y0.0400 Z8.1200 F1200.0 ; Width: 0.200mm
G1 X2.0060 Y0.0400 Z7.6600 F1200.0 ; Width: 0.200mm
G1 X1.9989 Y0.0400 Z7.5600 F1200.0 ; Width: 0.200mm
G1 X1.9660 Y0.0400 Z7.4200 F1200.0 ; Width: 0.200mm
G1 X1.9189 Y0.0400 Z7.1000 F1200.0 ; Width: 0.200mm
G1 X1.8860 Y0.0400 Z6.9400 F1200.0 ; Width: 0.200mm
G1 X1.8789 Y0.0400 Z6.8400 F1200.0 ; Width: 0.200mm
G1 X1.8260 Y0.0400 Z6.6200 F1200.0 ; Width: 0.200mm
G1 X1.8216 Y0.0400 Z6.5200 F1200.0 ; Width: 0.200mm
G1 X1.7989 Y0.0400 Z6.3600 F1200.0 ; Width: 0.200mm
G1 X1.7660 Y0.0400 Z6.2000 F1200.0 ; Width: 0.200mm
G1 X1.7589 Y0.0400 Z6.1200 F1200.0 ; Width: 0.200mm
G1 X1.7060 Y0.0400 Z5.9200 F1200.0 ; Width: 0.200mm
G1 X1.6789 Y0.0400 Z5.6800 F1200.0 ; Width: 0.200mm
G1 X1.6154 Y0.0400 Z5.3200 F1200.0 ; Width: 0.200mm
G1 X1.5860 Y0.0400 Z5.2200 F1200.0 ; Width: 0.200mm
G1 X1.5789 Y0.0400 Z5.1000 F1200.0 ; Width: 0.200mm
G1 X1.5060 Y0.0400 Z4.7200 F1200.0 ; Width: 0.200mm
G1 X1.4989 Y0.0400 Z4.6200 F1200.0 ; Width: 0.200mm
G1 X1.4660 Y0.0400 Z4.4800 F1200.0 ; Width: 0.200mm
G1 X1.4589 Y0.0400 Z4.3800 F1200.0 ; Width: 0.200mm
G1 X1.4260 Y0.0400 Z4.2200 F1200.0 ; Width: 0.200mm
G1 X1.4189 Y0.0400 Z4.1400 F1200.0 ; Width: 0.200mm
M118 P0 S"94" ; Sync timer
G1 X1.3860 Y0.0400 Z4.0200 F1200.0 ; Width: 0.200mm
G1 X1.3789 Y0.0400 Z3.9200 F1200.0 ; Width: 0.200mm
G1 X1.3460 Y0.0400 Z3.7800 F1200.0 ; Width: 0.200mm
G1 X1.3389 Y0.0400 Z3.6800 F1200.0 ; Width: 0.200mm
G1 X1.2860 Y0.0400 Z3.4000 F1200.0 ; Width: 0.200mm
G1 X1.2589 Y0.0400 Z3.2000 F1200.0 ; Width: 0.200mm
G1 X1.2260 Y0.0400 Z3.0400 F1200.0 ; Width: 0.200mm
G1 X1.2189 Y0.0400 Z2.9600 F1200.0 ; Width: 0.200mm
G1 X1.1860 Y0.0400 Z2.8200 F1200.0 ; Width: 0.200mm
G1 X1.1789 Y0.0400 Z2.7400 F1200.0 ; Width: 0.200mm
G1 X1.1460 Y0.0400 Z2.5800 F1200.0 ; Width: 0.200mm
G1 X1.1389 Y0.0400 Z2.4800 F1200.0 ; Width: 0.200mm
G1 X1.0260 Y0.0400 Z1.8800 F1200.0 ; Width: 0.200mm
G1 X1.0154 Y0.0400 Z1.7800 F1200.0 ; Width: 0.200mm
G1 X0.9860 Y0.0400 Z1.6600 F1200.0 ; Width: 0.200mm
G1 X0.9789 Y0.0400 Z1.5600 F1200.0 ; Width: 0.200mm
G1 X0.9460 Y0.0400 Z1.4200 F1200.0 ; Width: 0.200mm
G1 X0.9389 Y0.0400 Z1.3200 F1200.0 ; Width: 0.200mm
G1 X0.9060 Y0.0400 Z1.1600 F1200.0 ; Width: 0.200mm
G1 X0.8989 Y0.0400 Z1.0800 F1200.0 ; Width: 0.200mm
G1 X0.8660 Y0.0400 Z0.9600 F1200.0 ; Width: 0.200mm
G1 X0.8589 Y0.0400 Z0.8800 F1200.0 ; Width: 0.200mm
G1 X0.8260 Y0.0400 Z0.7200 F1200.0 ; Width: 0.200mm
G1 X0.8189 Y0.0400 Z0.6200 F1200.0 ; Width: 0.200mm
G1 X0.7860 Y0.0400 Z0.4600 F1200.0 ; Width: 0.200mm
G1 X0.7789 Y0.0400 Z0.3600 F1200.0 ; Width: 0.200mm
G1 X0.7460 Y0.0400 Z0.2400 F1200.0 ; Width: 0.200mm
G1 X0.7389 Y0.0400 Z0.1400 F1200.0 ; Width: 0.200mm
G1 X0.7060 Y0.0400 Z-0.0200 F1200.0 ; Width: 0.200mm
G1 X0.6954 Y0.0400 Z-0.1200 F1200.0 ; Width: 0.200mm
G1 X0.6660 Y0.0400 Z-0.2400 F1200.0 ; Width: 0.200mm
G1 X0.6511 Y0.0400 Z-0.3800 F1200.0 ; Width: 0.200mm
G1 X0.6200 Y0.0400 Z-0.4725 F1200.0 ; Width: 0.200mm
G1 X0.5641 Y0.0400 Z-0.5800 F1200.0 ; Width: 0.200mm
G1 X0.5200 Y0.0400 Z-0.6400 F1200.0 ; Width: 0.200mm
G1 X0.4400 Y0.0400 Z-0.7200 F1200.0 ; Width: 0.200mm
G1 X0.3600 Y0.0400 Z-0.7761 F1200.0 ; Width: 0.200mm
G1 X0.2800 Y0.0400 Z-0.8132 F1200.0 ; Width: 0.200mm
G1 X0.2000 Y0.0400 Z-0.8354 F1200.0 ; Width: 0.200mm
G1 X0.1000 Y0.0400 Z-0.8450 F1200.0 ; Width: 0.200mm
G1 X0.0000 Y0.0400 Z-0.8416 F1200.0 ; Width: 0.200mm
G1 X-0.0800 Y0.0400 Z-0.8260 F1200.0 ; Width: 0.200mm
G1 X-0.1800 Y0.0400 Z-0.7869 F1200.0 ; Width: 0.200mm
G1 X-0.2549 Y0.0400 Z-0.7400 F1200.0 ; Width: 0.200mm
G1 X-0.3600 Y0.0400 Z-0.6422 F1200.0 ; Width: 0.200mm
G1 X-0.4108 Y0.0400 Z-0.5800 F1200.0 ; Width: 0.200mm
G1 X-0.4567 Y0.0400 Z-0.5000 F1200.0 ; Width: 0.200mm
G1 X-0.4911 Y0.0400 Z-0.4000 F1200.0 ; Width: 0.200mm
G1 X-0.5060 Y0.0400 Z-0.2800 F1200.0 ; Width: 0.200mm
G1 X-0.5389 Y0.0400 Z-0.1200 F1200.0 ; Width: 0.200mm
G1 X-0.5460 Y0.0400 Z-0.0400 F1200.0 ; Width: 0.200mm
G1 X-0.5711 Y0.0400 Z0.0400 F1200.0 ; Width: 0.200mm
G1 X-0.5989 Y0.0400 Z0.1800 F1200.0 ; Width: 0.200mm
G1 X-0.6260 Y0.0400 Z0.4200 F1200.0 ; Width: 0.200mm
G1 X-0.7189 Y0.0400 Z0.8600 F1200.0 ; Width: 0.200mm
G1 X-0.7460 Y0.0400 Z1.1200 F1200.0 ; Width: 0.200mm
G1 X-0.7711 Y0.0400 Z1.2000 F1200.0 ; Width: 0.200mm
G1 X-0.7954 Y0.0400 Z1.3200 F1200.0 ; Width: 0.200mm
G1 X-0.8060 Y0.0400 Z1.4200 F1200.0 ; Width: 0.200mm
G1 X-0.8389 Y0.0400 Z1.5600 F1200.0 ; Width: 0.200mm
G1 X-0.8460 Y0.0400 Z1.6600 F1200.0 ; Width: 0.200mm
G1 X-0.9189 Y0.0400 Z2.0000 F1200.0 ; Width: 0.200mm
G1 X-0.9260 Y0.0400 Z2.1000 F1200.0 ; Width: 0.200mm
G1 X-0.9616 Y0.0400 Z2.2800 F1200.0 ; Width: 0.200mm
G1 X-0.9660 Y0.0400 Z2.3600 F1200.0 ; Width: 0.200mm
G1 X-1.0354 Y0.0400 Z2.7000 F1200.0 ; Width: 0.200mm
G1 X-1.0460 Y0.0400 Z2.8200 F1200.0 ; Width: 0.200mm
G1 X-1.0789 Y0.0400 Z2.9600 F1200.0 ; Width: 0.200mm
G1 X-1.0860 Y0.0400 Z3.0600 F1200.0 ; Width: 0.200mm
G1 X-1.1154 Y0.0400 Z3.1800 F1200.0 ; Width: 0.200mm
G1 X-1.1260 Y0.0400 Z3.2800 F1200.0 ; Width: 0.200mm
G1 X-1.1589 Y0.0400 Z3.4400 F1200.0 ; Width: 0.200mm
G1 X-1.1660 Y0.0400 Z3.5600 F1200.0 ; Width: 0.200mm
G1 X-1.1954 Y0.0400 Z3.6600 F1200.0 ; Width: 0.200mm
G1 X-1.2060 Y0.0400 Z3.7800 F1200.0 ; Width: 0.200mm
G1 X-1.2389 Y0.0400 Z3.9200 F1200.0 ; Width: 0.200mm
G1 X-1.2460 Y0.0400 Z4.0200 F1200.0 ; Width: 0.200mm
G1 X-1.2789 Y0.0400 Z4.1600 F1200.0 ; Width: 0.200mm
G1 X-1.2860 Y0.0400 Z4.2800 F1200.0 ; Width: 0.200mm
G1 X-1.3154 Y0.0400 Z4.3800 F1200.0 ; Width: 0.200mm
G1 X-1.3260 Y0.0400 Z4.4800 F1200.0 ; Width: 0.200mm
G1 X-1.3589 Y0.0400 Z4.6200 F1200.0 ; Width: 0.200mm
G1 X-1.3660 Y0.0400 Z4.7200 F1200.0 ; Width: 0.200mm
G1 X-1.3989 Y0.0400 Z4.8600 F1200.0 ; Width: 0.200mm
G1 X-1.4060 Y0.0400 Z4.9800 F1200.0 ; Width: 0.200mm
G1 X-1.4354 Y0.0400 Z5.0800 F1200.0 ; Width: 0.200mm
G1 X-1.4460 Y0.0400 Z5.1800 F1200.0 ; Width: 0.200mm
G1 X-1.4789 Y0.0400 Z5.3200 F1200.0 ; Width: 0.200mm
G1 X-1.4860 Y0.0400 Z5.4200 F1200.0 ; Width: 0.200mm
G1 X-1.5189 Y0.0400 Z5.5600 F1200.0 ; Width: 0.200mm
G1 X-1.5260 Y0.0400 Z5.6600 F1200.0 ; Width: 0.200mm
G1 X-1.5589 Y0.0400 Z5.7800 F1200.0 ; Width: 0.200mm
G1 X-1.5660 Y0.0400 Z5.8800 F1200.0 ; Width: 0.200mm
G1 X-1.5989 Y0.0400 Z6.0400 F1200.0 ; Width: 0.200mm
G1 X-1.6060 Y0.0400 Z6.1200 F1200.0 ; Width: 0.200mm
G1 X-1.6389 Y0.0400 Z6.2600 F1200.0 ; Width: 0.200mm
G1 X-1.6460 Y0.0400 Z6.3400 F1200.0 ; Width: 0.200mm
G1 X-1.6789 Y0.0400 Z6.5000 F1200.0 ; Width: 0.200mm
G1 X-1.6860 Y0.0400 Z6.6000 F1200.0 ; Width: 0.200mm
G1 X-1.7189 Y0.0400 Z6.7600 F1200.0 ; Width: 0.200mm
G1 X-1.7260 Y0.0400 Z6.8400 F1200.0 ; Width: 0.200mm
G1 X-1.7589 Y0.0400 Z6.9800 F1200.0 ; Width: 0.200mm
G1 X-1.7660 Y0.0400 Z7.0800 F1200.0 ; Width: 0.200mm
G1 X-1.8016 Y0.0400 Z7.2400 F1200.0 ; Width: 0.200mm
G1 X-1.8060 Y0.0400 Z7.3400 F1200.0 ; Width: 0.200mm
G1 X-1.8460 Y0.0400 Z7.5800 F1200.0 ; Width: 0.200mm
G1 X-1.8789 Y0.0400 Z7.7200 F1200.0 ; Width: 0.200mm
G1 X-1.8860 Y0.0400 Z7.8200 F1200.0 ; Width: 0.200mm
G1 X-1.9154 Y0.0400 Z7.9400 F1200.0 ; Width: 0.200mm
G1 X-1.9260 Y0.0400 Z8.0600 F1200.0 ; Width: 0.200mm
G1 X-1.9400 Y0.0400 Z8.1237 F1200.0 ; Width: 0.200mm
G1 X-1.9600 Y0.0400 Z8.1350 F1200.0 ; Width: 0.200mm
G1 X-3.6400 Y0.0400 Z8.1350 F1200.0 ; Width: 0.200mm
G1 X-3.6550 Y0.0400 Z8.1200 F255.0 ; Width: 0.941mm
M118 P0 S"95" ; Sync timer
G1 X-3.6550 Y0.0400 Z-5.9400 F231.9 ; Width: 1.035mm
G1 X-3.6400 Y0.0400 Z-5.9550 F212.9 ; Width: 1.128mm
G1 X-3.0000 Y0.0400 Z-5.9550 F266.7 ; Width: 0.900mm
G1 X-2.9850 Y0.0400 Z-5.9400 F600.0 ; Width: 0.400mm
G1 X-2.9846 Y0.0400 Z5.3000 F600.0 ; Width: 0.400mm
G1 X-2.9660 Y0.0400 Z5.4200 F600.0 ; Width: 0.400mm
G1 X-2.9269 Y0.0400 Z5.5200 F600.0 ; Width: 0.400mm
G1 X-2.8762 Y0.0400 Z5.6000 F600.0 ; Width: 0.400mm
G1 X-2.7822 Y0.0400 Z5.7000 F600.0 ; Width: 0.400mm
G1 X-2.7063 Y0.0400 Z5.7600 F600.0 ; Width: 0.400mm
G1 X-2.6200 Y0.0400 Z5.8054 F600.0 ; Width: 0.400mm
G1 X-2.5200 Y0.0400 Z5.8354 F600.0 ; Width: 0.400mm
G1 X-2.4200 Y0.0400 Z5.8450 F470.6 ; Width: 0.510mm
G1 X-2.3000 Y0.0400 Z5.8354 F600.0 ; Width: 0.400mm
G1 X-2.1875 Y0.0400 Z5.8000 F845.8 ; Width: 0.284mm
G1 X-2.0851 Y0.0400 Z5.7400 F1200.0 ; Width: 0.200mm
G1 X-1.9979 Y0.0400 Z5.6600 F1200.0 ; Width: 0.200mm
G1 X-1.9359 Y0.0400 Z5.5800 F1200.0 ; Width: 0.200mm
G1 X-1.8868 Y0.0400 Z5.4800 F1200.0 ; Width: 0.200mm
G1 X-1.8540 Y0.0400 Z5.3800 F1200.0 ; Width: 0.200mm
G1 X-1.8046 Y0.0400 Z5.1600 F1200.0 ; Width: 0.200mm
G1 X-1.7940 Y0.0400 Z5.0200 F1200.0 ; Width: 0.200mm
G1 X-1.7584 Y0.0400 Z4.8600 F1200.0 ; Width: 0.200mm
G1 X-1.7540 Y0.0400 Z4.7600 F1200.0 ; Width: 0.200mm
G1 X-1.7246 Y0.0400 Z4.6400 F1200.0 ; Width: 0.200mm
G1 X-1.7140 Y0.0400 Z4.5200 F1200.0 ; Width: 0.200mm
G1 X-1.6846 Y0.0400 Z4.4000 F1200.0 ; Width: 0.200mm
G1 X-1.6740 Y0.0400 Z4.2800 F1200.0 ; Width: 0.200mm
G1 X-1.6411 Y0.0400 Z4.1200 F1200.0 ; Width: 0.200mm
G1 X-1.6340 Y0.0400 Z4.0000 F1200.0 ; Width: 0.200mm
G1 X-1.6011 Y0.0400 Z3.8800 F1200.0 ; Width: 0.200mm
G1 X-1.5940 Y0.0400 Z3.8000 F1200.0 ; Width: 0.200mm
G1 X-1.5611 Y0.0400 Z3.6400 F1200.0 ; Width: 0.200mm
G1 X-1.5540 Y0.0400 Z3.5400 F1200.0 ; Width: 0.200mm
G1 X-1.5211 Y0.0400 Z3.3800 F1200.0 ; Width: 0.200mm
G1 X-1.5140 Y0.0400 Z3.2600 F1200.0 ; Width: 0.200mm
G1 X-1.4811 Y0.0400 Z3.1400 F1200.0 ; Width: 0.200mm
G1 X-1.4740 Y0.0400 Z3.0600 F1200.0 ; Width: 0.200mm
M118 P0 S"96" ; Sync timer
G1 X-1.4384 Y0.0400 Z2.8800 F1200.0 ; Width: 0.200mm
G1 X-1.4340 Y0.0400 Z2.7800 F1200.0 ; Width: 0.200mm
G1 X-1.4046 Y0.0400 Z2.6800 F1200.0 ; Width: 0.200mm
G1 X-1.3940 Y0.0400 Z2.5400 F1200.0 ; Width: 0.200mm
G1 X-1.3646 Y0.0400 Z2.4200 F1200.0 ; Width: 0.200mm
G1 X-1.3540 Y0.0400 Z2.3000 F1200.0 ; Width: 0.200mm
G1 X-1.3211 Y0.0400 Z2.1600 F1200.0 ; Width: 0.200mm
G1 X-1.3140 Y0.0400 Z2.0400 F1200.0 ; Width: 0.200mm
G1 X-1.2846 Y0.0400 Z1.9400 F1200.0 ; Width: 0.200mm
G1 X-1.2740 Y0.0400 Z1.8200 F1200.0 ; Width: 0.200mm
G1 X-1.2411 Y0.0400 Z1.6800 F1200.0 ; Width: 0.200mm
G1 X-1.2340 Y0.0400 Z1.5800 F1200.0 ; Width: 0.200mm
G1 X-1.1984 Y0.0400 Z1.4000 F1200.0 ; Width: 0.200mm
G1 X-1.1940 Y0.0400 Z1.3200 F1200.0 ; Width: 0.200mm
G1 X-1.1611 Y0.0400 Z1.1800 F1200.0 ; Width: 0.200mm
G1 X-1.1540 Y0.0400 Z1.0600 F1200.0 ; Width: 0.200mm
G1 X-1.1246 Y0.0400 Z0.9400 F1200.0 ; Width: 0.200mm
G1 X-1.1140 Y0.0400 Z0.8200 F1200.0 ; Width: 0.200mm
G1 X-1.0811 Y0.0400 Z0.6800 F1200.0 ; Width: 0.200mm
G1 X-1.0740 Y0.0400 Z0.5800 F1200.0 ; Width: 0.200mm
G1 X-1.0411 Y0.0400 Z0.4400 F1200.0 ; Width: 0.200mm
G1 X-1.0340 Y0.0400 Z0.3600 F1200.0 ; Width: 0.200mm
G1 X-0.9984 Y0.0400 Z0.1600 F1200.0 ; Width: 0.200mm
G1 X-0.9940 Y0.0400 Z0.0800 F1200.0 ; Width: 0.200mm
G1 X-0.9611 Y0.0400 Z-0.0600 F1200.0 ; Width: 0.200mm
G1 X-0.9540 Y0.0400 Z-0.1600 F1200.0 ; Width: 0.200mm
G1 X-0.9211 Y0.0400 Z-0.3000 F1200.0 ; Width: 0.200mm
G1 X-0.9140 Y0.0400 Z-0.4000 F1200.0 ; Width: 0.200mm
G1 X-0.8011 Y0.0400 Z-1.0400 F1200.0 ; Width: 0.200mm
G1 X-0.7940 Y0.0400 Z-1.1200 F1200.0 ; Width: 0.200mm
G1 X-0.7584 Y0.0400 Z-1.3200 F1200.0 ; Width: 0.200mm
G1 X-0.7540 Y0.0400 Z-1.4000 F1200.0 ; Width: 0.200mm
G1 X-0.7246 Y0.0400 Z-1.5200 F1200.0 ; Width: 0.200mm
G1 X-0.7140 Y0.0400 Z-1.6200 F1200.0 ; Width: 0.200mm
G1 X-0.6811 Y0.0400 Z-1.7800 F1200.0 ; Width: 0.200mm
G1 X-0.6740 Y0.0400 Z-1.9000 F1200.0 ; Width: 0.200mm
G1 X-0.6011 Y0.0400 Z-2.2800 F1200.0 ; Width: 0.200mm
G1 X-0.5940 Y0.0400 Z-2.3800 F1200.0 ; Width: 0.200mm
G1 X-0.5646 Y0.0400 Z-2.5000 F1200.0 ; Width: 0.200mm
G1 X-0.5540 Y0.0400 Z-2.6200 F1200.0 ; Width: 0.200mm
G1 X-0.4811 Y0.0400 Z-3.0200 F1200.0 ; Width: 0.200mm
G1 X-0.4740 Y0.0400 Z-3.1400 F1200.0 ; Width: 0.200mm
G1 X-0.4411 Y0.0400 Z-3.2800 F1200.0 ; Width: 0.200mm
G1 X-0.4340 Y0.0400 Z-3.3800 F1200.0 ; Width: 0.200mm
G1 X-0.3811 Y0.0400 Z-3.6200 F1200.0 ; Width: 0.200mm
G1 X-0.3584 Y0.0400 Z-3.7800 F1200.0 ; Width: 0.200mm
G1 X-0.3540 Y0.0400 Z-3.9000 F1200.0 ; Width: 0.200mm
G1 X-0.3246 Y0.0400 Z-4.0000 F1200.0 ; Width: 0.200mm
G1 X-0.2611 Y0.0400 Z-4.3600 F1200.0 ; Width: 0.200mm
G1 X-0.2346 Y0.0400 Z-4.6200 F1200.0 ; Width: 0.200mm
G1 X-0.2089 Y0.0400 Z-4.7000 F1200.0 ; Width: 0.200mm
G1 X-0.1811 Y0.0400 Z-4.8400 F1200.0 ; Width: 0.200mm
G1 X-0.1740 Y0.0400 Z-4.9200 F1200.0 ; Width: 0.200mm
G1 X-0.1184 Y0.0400 Z-5.2400 F1200.0 ; Width: 0.200mm
G1 X-0.1140 Y0.0400 Z-5.3400 F1200.0 ; Width: 0.200mm
G1 X-0.0611 Y0.0400 Z-5.5800 F1200.0 ; Width: 0.200mm
G1 X-0.0540 Y0.0400 Z-5.6800 F1200.0 ; Width: 0.200mm
G1 X-0.0140 Y0.0400 Z-5.9200 F1200.0 ; Width: 0.200mm
G1 X0.0000 Y0.0400 Z-5.9527 F1200.0 ; Width: 0.200mm
G1 X0.0200 Y0.0400 Z-5.9550 F1200.0 ; Width: 0.200mm
G1 X0.1200 Y0.0400 Z-5.9550 F1200.0 ; Width: 0.200mm
G1 X0.1400 Y0.0400 Z-5.9437 F1200.0 ; Width: 0.200mm
G1 X0.1740 Y0.0400 Z-5.8000 F1200.0 ; Width: 0.200mm
G1 X0.1811 Y0.0400 Z-5.7000 F1200.0 ; Width: 0.200mm
G1 X0.2540 Y0.0400 Z-5.3000 F1200.0 ; Width: 0.200mm
G1 X0.2611 Y0.0400 Z-5.2000 F1200.0 ; Width: 0.200mm
G1 X0.2940 Y0.0400 Z-5.0600 F1200.0 ; Width: 0.200mm
G1 X0.3011 Y0.0400 Z-4.9600 F1200.0 ; Width: 0.200mm
G1 X0.3740 Y0.0400 Z-4.5600 F1200.0 ; Width: 0.200mm
G1 X0.3811 Y0.0400 Z-4.4600 F1200.0 ; Width: 0.200mm
G1 X0.4140 Y0.0400 Z-4.3400 F1200.0 ; Width: 0.200mm
G1 X0.4211 Y0.0400 Z-4.2200 F1200.0 ; Width: 0.200mm
G1 X0.4540 Y0.0400 Z-4.0800 F1200.0 ; Width: 0.200mm
G1 X0.4646 Y0.0400 Z-3.9400 F1200.0 ; Width: 0.200mm
G1 X0.4940 Y0.0400 Z-3.8200 F1200.0 ; Width: 0.200mm
G1 X0.5011 Y0.0400 Z-3.7000 F1200.0 ; Width: 0.200mm
G1 X0.5340 Y0.0400 Z-3.5800 F1200.0 ; Width: 0.200mm
G1 X0.5411 Y0.0400 Z-3.4600 F1200.0 ; Width: 0.200mm
G1 X0.5740 Y0.0400 Z-3.3200 F1200.0 ; Width: 0.200mm
G1 X0.5811 Y0.0400 Z-3.2200 F1200.0 ; Width: 0.200mm
G1 X0.6140 Y0.0400 Z-3.0600 F1200.0 ; Width: 0.200mm
G1 X0.6246 Y0.0400 Z-2.9600 F1200.0 ; Width: 0.200mm
G1 X0.6540 Y0.0400 Z-2.8600 F1200.0 ; Width: 0.200mm
G1 X0.6611 Y0.0400 Z-2.7200 F1200.0 ; Width: 0.200mm
G1 X0.6940 Y0.0400 Z-2.5800 F1200.0 ; Width: 0.200mm
G1 X0.7011 Y0.0400 Z-2.4800 F1200.0 ; Width: 0.200mm
G1 X0.7340 Y0.0400 Z-2.3400 F1200.0 ; Width: 0.200mm
G1 X0.7411 Y0.0400 Z-2.2400 F1200.0 ; Width: 0.200mm
G1 X0.7740 Y0.0400 Z-2.1200 F1200.0 ; Width: 0.200mm
G1 X0.7784 Y0.0400 Z-2.0000 F1200.0 ; Width: 0.200mm
G1 X0.8140 Y0.0400 Z-1.8200 F1200.0 ; Width: 0.200mm
G1 X0.8211 Y0.0400 Z-1.7200 F1200.0 ; Width: 0.200mm
G1 X0.8540 Y0.0400 Z-1.6000 F1200.0 ; Width: 0.200mm
G1 X0.8611 Y0.0400 Z-1.5000 F1200.0 ; Width: 0.200mm
G1 X0.8940 Y0.0400 Z-1.3600 F1200.0 ; Width: 0.200mm
G1 X0.8984 Y0.0400 Z-1.2600 F1200.0 ; Width: 0.200mm
G1 X0.9340 Y0.0400 Z-1.0800 F1200.0 ; Width: 0.200mm
G1 X0.9446 Y0.0400 Z-0.9800 F1200.0 ; Width: 0.200mm
G1 X0.9740 Y0.0400 Z-0.8600 F1200.0 ; Width: 0.200mm
G1 X0.9784 Y0.0400 Z-0.7800 F1200.0 ; Width: 0.200mm
G1 X1.0140 Y0.0400 Z-0.6000 F1200.0 ; Width: 0.200mm
G1 X1.0211 Y0.0400 Z-0.5000 F1200.0 ; Width: 0.200mm
G1 X1.0540 Y0.0400 Z-0.3600 F1200.0 ; Width: 0.200mm
G1 X1.0940 Y0.0400 Z-0.1200 F1200.0 ; Width: 0.200mm
G1 X1.1011 Y0.0400 Z-0.0200 F1200.0 ; Width: 0.200mm
G1 X1.1340 Y0.0400 Z0.1200 F1200.0 ; Width: 0.200mm
G1 X1.1446 Y0.0400 Z0.2400 F1200.0 ; Width: 0.200mm
G1 X1.1940 Y0.0400 Z0.4600 F1200.0 ; Width: 0.200mm
G1 X1.2211 Y0.0400 Z0.7200 F1200.0 ; Width: 0.200mm
G1 X1.2846 Y0.0400 Z1.0600 F1200.0 ; Width: 0.200mm
G1 X1.3140 Y0.0400 Z1.1800 F1200.0 ; Width: 0.200mm
G1 X1.3184 Y0.0400 Z1.2800 F1200.0 ; Width: 0.200mm
G1 X1.3411 Y0.0400 Z1.4400 F1200.0 ; Width: 0.200mm
G1 X1.3940 Y0.0400 Z1.6800 F1200.0 ; Width: 0.200mm
G1 X1.4011 Y0.0400 Z1.7800 F1200.0 ; Width: 0.200mm
G1 X1.4340 Y0.0400 Z1.9400 F1200.0 ; Width: 0.200mm
G1 X1.4384 Y0.0400 Z2.0200 F1200.0 ; Width: 0.200mm
G1 X1.4811 Y0.0400 Z2.3000 F1200.0 ; Width: 0.200mm
G1 X1.5146 Y0.0400 Z2.4200 F1200.0 ; Width: 0.200mm
G1 X1.5184 Y0.0400 Z2.5200 F1200.0 ; Width: 0.200mm
G1 X1.5540 Y0.0400 Z2.7000 F1200.0 ; Width: 0.200mm
G1 X1.5611 Y0.0400 Z2.8000 F1200.0 ; Width: 0.200mm
G1 X1.6046 Y0.0400 Z3.0600 F1200.0 ; Width: 0.200mm
G1 X1.6340 Y0.0400 Z3.1800 F1200.0 ; Width: 0.200mm
G1 X1.6384 Y0.0400 Z3.2800 F1200.0 ; Width: 0.200mm
G1 X1.6740 Y0.0400 Z3.4600 F1200.0 ; Width: 0.200mm
G1 X1.6811 Y0.0400 Z3.5600 F1200.0 ; Width: 0.200mm
G1 X1.7140 Y0.0400 Z3.7000 F1200.0 ; Width: 0.200mm
G1 X1.7246 Y0.0400 Z3.8000 F1200.0 ; Width: 0.200mm
G1 X1.7540 Y0.0400 Z3.9200 F1200.0 ; Width: 0.200mm
G1 X1.7611 Y0.0400 Z4.0400 F1200.0 ; Width: 0.200mm
G1 X1.8340 Y0.0400 Z4.4400 F1200.0 ; Width: 0.200mm
G1 X1.8446 Y0.0400 Z4.5600 F1200.0 ; Width: 0.200mm
G1 X1.8740 Y0.0400 Z4.6800 F1200.0 ; Width: 0.200mm
G1 X1.8811 Y0.0400 Z4.8000 F1200.0 ; Width: 0.200mm
G1 X1.9140 Y0.0400 Z4.9400 F1200.0 ; Width: 0.200mm
G1 X1.9740 Y0.0400 Z5.3400 F1200.0 ; Width: 0.200mm
G1 X2.0068 Y0.0400 Z5.4400 F1200.0 ; Width: 0.200mm
G1 X2.0439 Y0.0400 Z5.5200 F1200.0 ; Width: 0.200mm
G1 X2.1000 Y0.0400 Z5.6000 F1200.0 ; Width: 0.200mm
G1 X2.1778 Y0.0400 Z5.6800 F1200.0 ; Width: 0.200mm
G1 X2.2400 Y0.0400 Z5.7308 F1200.0 ; Width: 0.200mm
G1 X2.3000 Y0.0400 Z5.7669 F1200.0 ; Width: 0.200mm
G1 X2.3800 Y0.0400 Z5.8000 F1000.0 ; Width: 0.240mm
G1 X2.4600 Y0.0400 Z5.8189 F750.0 ; Width: 0.320mm
G1 X2.5400 Y0.0400 Z5.8250 F600.0 ; Width: 0.400mm
G1 X2.6400 Y0.0400 Z5.8189 F489.8 ; Width: 0.490mm
G1 X2.7200 Y0.0400 Z5.8000 F564.7 ; Width: 0.425mm
G1 X2.8000 Y0.0400 Z5.7669 F666.7 ; Width: 0.360mm
G1 X2.8600 Y0.0400 Z5.7308 F600.0 ; Width: 0.400mm
G1 X2.9222 Y0.0400 Z5.6800 F600.0 ; Width: 0.400mm
G1 X3.0162 Y0.0400 Z5.5800 F600.0 ; Width: 0.400mm
G1 X3.0669 Y0.0400 Z5.5000 F600.0 ; Width: 0.400mm
G1 X3.1111 Y0.0400 Z5.3800 F600.0 ; Width: 0.400mm
G1 X3.1250 Y0.0400 Z5.2600 F364.7 ; Width: 0.658mm
G1 X3.1246 Y0.0400 Z4.4400 F410.4 ; Width: 0.585mm
G1 X3.1050 Y0.0400 Z4.3000 F505.5 ; Width: 0.475mm
M118 P0 S"97" ; Sync timer
G1 X3.1050 Y0.0400 Z-5.9400 F623.4 ; Width: 0.385mm
G1 X3.1200 Y0.0400 Z-5.9550 F768.0 ; Width: 0.312mm
G1 X3.8000 Y0.0400 Z-5.9550 F705.9 ; Width: 0.340mm
G1 X3.8150 Y0.0400 Z-5.9400 F271.1 ; Width: 0.885mm
G1 X3.8150 Y0.0400 Z8.1200 F1200.0 ; Width: 0.200mm
G1 X3.8000 Y0.0400 Z8.1350 F324.1 ; Width: 0.741mm
G0 Z9.1350 F6000.0 ; Z-hop up
G0 X4.1600 Y0.0400 F6000.0 ; Travel to new path
G0 Z8.4850 F6000.0 ; Z-hop down
G1 X1.8000 Y0.0400 Z8.4850 F1170.7 ; Width: 0.205mm
G1 X1.7800 Y0.0400 Z8.4697 F1200.0 ; Width: 0.200mm
G1 X1.7739 Y0.0400 Z8.3400 F1200.0 ; Width: 0.200mm
G1 X1.7359 Y0.0400 Z8.2000 F1200.0 ; Width: 0.200mm
G1 X1.7304 Y0.0400 Z8.1000 F1200.0 ; Width: 0.200mm
G1 X1.6959 Y0.0400 Z7.9800 F1200.0 ; Width: 0.200mm
G1 X1.6939 Y0.0400 Z7.9000 F1200.0 ; Width: 0.200mm
G1 X1.6759 Y0.0400 Z7.8400 F1200.0 ; Width: 0.200mm
G1 X1.6704 Y0.0400 Z7.7600 F1200.0 ; Width: 0.200mm
G1 X1.6559 Y0.0400 Z7.7200 F1200.0 ; Width: 0.200mm
G1 X1.6539 Y0.0400 Z7.6200 F1200.0 ; Width: 0.200mm
G1 X1.6159 Y0.0400 Z7.4800 F1200.0 ; Width: 0.200mm
G1 X1.6139 Y0.0400 Z7.4200 F1200.0 ; Width: 0.200mm
G1 X1.5959 Y0.0400 Z7.3600 F1200.0 ; Width: 0.200mm
G1 X1.5939 Y0.0400 Z7.3000 F1200.0 ; Width: 0.200mm
G1 X1.5759 Y0.0400 Z7.2400 F1200.0 ; Width: 0.200mm
G1 X1.5739 Y0.0400 Z7.1600 F1200.0 ; Width: 0.200mm
G1 X1.5359 Y0.0400 Z7.0000 F1200.0 ; Width: 0.200mm
G1 X1.5339 Y0.0400 Z6.9000 F1200.0 ; Width: 0.200mm
G1 X1.4759 Y0.0400 Z6.6800 F1200.0 ; Width: 0.200mm
G1 X1.4739 Y0.0400 Z6.5600 F1200.0 ; Width: 0.200mm
G1 X1.4559 Y0.0400 Z6.5000 F1200.0 ; Width: 0.200mm
G1 X1.4504 Y0.0400 Z6.4000 F1200.0 ; Width: 0.200mm
G1 X1.4159 Y0.0400 Z6.2600 F1200.0 ; Width: 0.200mm
G1 X1.4139 Y0.0400 Z6.1800 F1200.0 ; Width: 0.200mm
G1 X1.3904 Y0.0400 Z6.0800 F1200.0 ; Width: 0.200mm
G1 X1.3559 Y0.0400 Z5.9800 F1200.0 ; Width: 0.200mm
G1 X1.3539 Y0.0400 Z5.8800 F1200.0 ; Width: 0.200mm
G1 X1.3359 Y0.0400 Z5.8200 F1200.0 ; Width: 0.200mm
G1 X1.3339 Y0.0400 Z5.7400 F1200.0 ; Width: 0.200mm
G1 X1.2959 Y0.0400 Z5.5800 F1200.0 ; Width: 0.200mm
G1 X1.2939 Y0.0400 Z5.5200 F1200.0 ; Width: 0.200mm
G1 X1.2759 Y0.0400 Z5.4600 F1200.0 ; Width: 0.200mm
G1 X1.2704 Y0.0400 Z5.3800 F1200.0 ; Width: 0.200mm
G1 X1.2359 Y0.0400 Z5.2800 F1200.0 ; Width: 0.200mm
G1 X1.2339 Y0.0400 Z5.1600 F1200.0 ; Width: 0.200mm
G1 X1.2159 Y0.0400 Z5.1000 F1200.0 ; Width: 0.200mm
G1 X1.2139 Y0.0400 Z5.0400 F1200.0 ; Width: 0.200mm
G1 X1.1759 Y0.0400 Z4.8800 F1200.0 ; Width: 0.200mm
G1 X1.1704 Y0.0400 Z4.8200 F1200.0 ; Width: 0.200mm
G1 X1.1559 Y0.0400 Z4.7800 F1200.0 ; Width: 0.200mm
G1 X1.1539 Y0.0400 Z4.6800 F1200.0 ; Width: 0.200mm
G1 X1.1159 Y0.0400 Z4.5400 F1200.0 ; Width: 0.200mm
G1 X1.1139 Y0.0400 Z4.4400 F1200.0 ; Width: 0.200mm
G1 X1.0759 Y0.0400 Z4.2800 F1200.0 ; Width: 0.200mm
G1 X1.0704 Y0.0400 Z4.1800 F1200.0 ; Width: 0.200mm
G1 X1.0359 Y0.0400 Z4.0800 F1200.0 ; Width: 0.200mm
G1 X1.0339 Y0.0400 Z3.9800 F1200.0 ; Width: 0.200mm
G1 X0.9959 Y0.0400 Z3.8400 F1200.0 ; Width: 0.200mm
G1 X0.9939 Y0.0400 Z3.7400 F1200.0 ; Width: 0.200mm
G1 X0.9559 Y0.0400 Z3.5800 F1200.0 ; Width: 0.200mm
G1 X0.9539 Y0.0400 Z3.5200 F1200.0 ; Width: 0.200mm
G1 X0.9359 Y0.0400 Z3.4600 F1200.0 ; Width: 0.200mm
G1 X0.9304 Y0.0400 Z3.3800 F1200.0 ; Width: 0.200mm
G1 X0.9159 Y0.0400 Z3.3400 F1200.0 ; Width: 0.200mm
G1 X0.9139 Y0.0400 Z3.2600 F1200.0 ; Width: 0.200mm
G1 X0.8759 Y0.0400 Z3.1000 F1200.0 ; Width: 0.200mm
G1 X0.8704 Y0.0400 Z3.0000 F1200.0 ; Width: 0.200mm
G1 X0.8359 Y0.0400 Z2.8800 F1200.0 ; Width: 0.200mm
G1 X0.8304 Y0.0400 Z2.7800 F1200.0 ; Width: 0.200mm
G1 X0.7959 Y0.0400 Z2.6400 F1200.0 ; Width: 0.200mm
G1 X0.7939 Y0.0400 Z2.5400 F1200.0 ; Width: 0.200mm
G1 X0.7559 Y0.0400 Z2.3800 F1200.0 ; Width: 0.200mm
G1 X0.7539 Y0.0400 Z2.3200 F1200.0 ; Width: 0.200mm
G1 X0.7359 Y0.0400 Z2.2600 F1200.0 ; Width: 0.200mm
G1 X0.7304 Y0.0400 Z2.2000 F1200.0 ; Width: 0.200mm
G1 X0.7159 Y0.0400 Z2.1600 F1200.0 ; Width: 0.200mm
G1 X0.7104 Y0.0400 Z2.0800 F1200.0 ; Width: 0.200mm
G1 X0.6759 Y0.0400 Z1.9400 F1200.0 ; Width: 0.200mm
G1 X0.6704 Y0.0400 Z1.8400 F1200.0 ; Width: 0.200mm
G1 X0.6359 Y0.0400 Z1.7200 F1200.0 ; Width: 0.200mm
G1 X0.6339 Y0.0400 Z1.6200 F1200.0 ; Width: 0.200mm
G1 X0.5959 Y0.0400 Z1.4800 F1200.0 ; Width: 0.200mm
G1 X0.5939 Y0.0400 Z1.3800 F1200.0 ; Width: 0.200mm
G1 X0.5559 Y0.0400 Z1.2200 F1200.0 ; Width: 0.200mm
G1 X0.5539 Y0.0400 Z1.1400 F1200.0 ; Width: 0.200mm
G1 X0.5159 Y0.0400 Z1.0200 F1200.0 ; Width: 0.200mm
G1 X0.5139 Y0.0400 Z0.9400 F1200.0 ; Width: 0.200mm
G1 X0.4759 Y0.0400 Z0.7800 F1200.0 ; Width: 0.200mm
G1 X0.4739 Y0.0400 Z0.6800 F1200.0 ; Width: 0.200mm
G1 X0.4359 Y0.0400 Z0.5200 F1200.0 ; Width: 0.200mm
G1 X0.4339 Y0.0400 Z0.4200 F1200.0 ; Width: 0.200mm
G1 X0.3959 Y0.0400 Z0.3000 F1200.0 ; Width: 0.200mm
G1 X0.3939 Y0.0400 Z0.2000 F1200.0 ; Width: 0.200mm
G1 X0.3559 Y0.0400 Z0.0400 F1200.0 ; Width: 0.200mm
G1 X0.3504 Y0.0400 Z-0.0600 F1200.0 ; Width: 0.200mm
G1 X0.3159 Y0.0400 Z-0.1800 F1200.0 ; Width: 0.200mm
G1 X0.3104 Y0.0400 Z-0.3000 F1200.0 ; Width: 0.200mm
G1 X0.2636 Y0.0400 Z-0.4000 F1200.0 ; Width: 0.200mm
G1 X0.2200 Y0.0400 Z-0.4472 F1200.0 ; Width: 0.200mm
G1 X0.1600 Y0.0400 Z-0.4844 F976.1 ; Width: 0.246mm
G1 X0.1000 Y0.0400 Z-0.4950 F600.0 ; Width: 0.400mm
G1 X0.0200 Y0.0400 Z-0.4904 F600.0 ; Width: 0.400mm
G1 X-0.0400 Y0.0400 Z-0.4636 F909.6 ; Width: 0.264mm
G1 X-0.1200 Y0.0400 Z-0.3848 F1200.0 ; Width: 0.200mm
G1 X-0.1504 Y0.0400 Z-0.3200 F1200.0 ; Width: 0.200mm
G1 X-0.1559 Y0.0400 Z-0.2200 F1200.0 ; Width: 0.200mm
G1 X-0.1939 Y0.0400 Z-0.0600 F1200.0 ; Width: 0.200mm
G1 X-0.1959 Y0.0400 Z0.0200 F1200.0 ; Width: 0.200mm
G1 X-0.2304 Y0.0400 Z0.1200 F1200.0 ; Width: 0.200mm
G1 X-0.2359 Y0.0400 Z0.1800 F1200.0 ; Width: 0.200mm
G1 X-0.2539 Y0.0400 Z0.2400 F1200.0 ; Width: 0.200mm
G1 X-0.2559 Y0.0400 Z0.3200 F1200.0 ; Width: 0.200mm
G1 X-0.2739 Y0.0400 Z0.3800 F1200.0 ; Width: 0.200mm
G1 X-0.2759 Y0.0400 Z0.4800 F1200.0 ; Width: 0.200mm
G1 X-0.3104 Y0.0400 Z0.6000 F1200.0 ; Width: 0.200mm
G1 X-0.3159 Y0.0400 Z0.6600 F1200.0 ; Width: 0.200mm
G1 X-0.3339 Y0.0400 Z0.7200 F1200.0 ; Width: 0.200mm
G1 X-0.3359 Y0.0400 Z0.7800 F1200.0 ; Width: 0.200mm
G1 X-0.3739 Y0.0400 Z0.9200 F1200.0 ; Width: 0.200mm
G1 X-0.3759 Y0.0400 Z1.0200 F1200.0 ; Width: 0.200mm
G1 X-0.3939 Y0.0400 Z1.0800 F1200.0 ; Width: 0.200mm
G1 X-0.3959 Y0.0400 Z1.1800 F1200.0 ; Width: 0.200mm
G1 X-0.4304 Y0.0400 Z1.2800 F1200.0 ; Width: 0.200mm
G1 X-0.4359 Y0.0400 Z1.3400 F1200.0 ; Width: 0.200mm
G1 X-0.4539 Y0.0400 Z1.4000 F1200.0 ; Width: 0.200mm
G1 X-0.4559 Y0.0400 Z1.4800 F1200.0 ; Width: 0.200mm
G1 X-0.4939 Y0.0400 Z1.6200 F1200.0 ; Width: 0.200mm
G1 X-0.4959 Y0.0400 Z1.7200 F1200.0 ; Width: 0.200mm
G1 X-0.5104 Y0.0400 Z1.7600 F1200.0 ; Width: 0.200mm
G1 X-0.5359 Y0.0400 Z1.9200 F1200.0 ; Width: 0.200mm
G1 X-0.5739 Y0.0400 Z2.0600 F1200.0 ; Width: 0.200mm
G1 X-0.5759 Y0.0400 Z2.1600 F1200.0 ; Width: 0.200mm
G1 X-0.6139 Y0.0400 Z2.3200 F1200.0 ; Width: 0.200mm
G1 X-0.6159 Y0.0400 Z2.4200 F1200.0 ; Width: 0.200mm
G1 X-0.6504 Y0.0400 Z2.5400 F1200.0 ; Width: 0.200mm
G1 X-0.6559 Y0.0400 Z2.6200 F1200.0 ; Width: 0.200mm
G1 X-0.6904 Y0.0400 Z2.7600 F1200.0 ; Width: 0.200mm
G1 X-0.6959 Y0.0400 Z2.8800 F1200.0 ; Width: 0.200mm
G1 X-0.7339 Y0.0400 Z3.0200 F1200.0 ; Width: 0.200mm
G1 X-0.7359 Y0.0400 Z3.1200 F1200.0 ; Width: 0.200mm
G1 X-0.7704 Y0.0400 Z3.2400 F1200.0 ; Width: 0.200mm
G1 X-0.7759 Y0.0400 Z3.3400 F1200.0 ; Width: 0.200mm
G1 X-0.8139 Y0.0400 Z3.5000 F1200.0 ; Width: 0.200mm
G1 X-0.8159 Y0.0400 Z3.6200 F1200.0 ; Width: 0.200mm
G1 X-0.8504 Y0.0400 Z3.7200 F1200.0 ; Width: 0.200mm
G1 X-0.8559 Y0.0400 Z3.8400 F1200.0 ; Width: 0.200mm
G1 X-0.8939 Y0.0400 Z3.9800 F1200.0 ; Width: 0.200mm
G1 X-0.8959 Y0.0400 Z4.0800 F1200.0 ; Width: 0.200mm
G1 X-0.9339 Y0.0400 Z4.2200 F1200.0 ; Width: 0.200mm
G1 X-0.9359 Y0.0400 Z4.3400 F1200.0 ; Width: 0.200mm
G1 X-0.9704 Y0.0400 Z4.4400 F1200.0 ; Width: 0.200mm
G1 X-0.9759 Y0.0400 Z4.5400 F1200.0 ; Width: 0.200mm
G1 X-1.0139 Y0.0400 Z4.6800 F1200.0 ; Width: 0.200mm
G1 X-1.0159 Y0.0400 Z4.7800 F1200.0 ; Width: 0.200mm
G1 X-1.0539 Y0.0400 Z4.9200 F1200.0 ; Width: 0.200mm
G1 X-1.0559 Y0.0400 Z5.0400 F1200.0 ; Width: 0.200mm
G1 X-1.0904 Y0.0400 Z5.1400 F1200.0 ; Width: 0.200mm
G1 X-1.0959 Y0.0400 Z5.2400 F1200.0 ; Width: 0.200mm
M118 P0 S"98" ; Sync timer
G1 X-1.1339 Y0.0400 Z5.3800 F1200.0 ; Width: 0.200mm
G1 X-1.1359 Y0.0400 Z5.4800 F1200.0 ; Width: 0.200mm
G1 X-1.1739 Y0.0400 Z5.6200 F1200.0 ; Width: 0.200mm
G1 X-1.1759 Y0.0400 Z5.7200 F1200.0 ; Width: 0.200mm
G1 X-1.2139 Y0.0400 Z5.8400 F1200.0 ; Width: 0.200mm
G1 X-1.2159 Y0.0400 Z5.9400 F1200.0 ; Width: 0.200mm
G1 X-1.2539 Y0.0400 Z6.1000 F1200.0 ; Width: 0.200mm
G1 X-1.2559 Y0.0400 Z6.1800 F1200.0 ; Width: 0.200mm
G1 X-1.2904 Y0.0400 Z6.3000 F1200.0 ; Width: 0.200mm
G1 X-1.2959 Y0.0400 Z6.4000 F1200.0 ; Width: 0.200mm
G1 X-1.3339 Y0.0400 Z6.5600 F1200.0 ; Width: 0.200mm
G1 X-1.3359 Y0.0400 Z6.6600 F1200.0 ; Width: 0.200mm
G1 X-1.3739 Y0.0400 Z6.8200 F1200.0 ; Width: 0.200mm
G1 X-1.3759 Y0.0400 Z6.9000 F1200.0 ; Width: 0.200mm
G1 X-1.4139 Y0.0400 Z7.0400 F1200.0 ; Width: 0.200mm
G1 X-1.4159 Y0.0400 Z7.1400 F1200.0 ; Width: 0.200mm
G1 X-1.4539 Y0.0400 Z7.2800 F1200.0 ; Width: 0.200mm
G1 X-1.4559 Y0.0400 Z7.4000 F1200.0 ; Width: 0.200mm
G1 X-1.4739 Y0.0400 Z7.4600 F1200.0 ; Width: 0.200mm
G1 X-1.4759 Y0.0400 Z7.5200 F1200.0 ; Width: 0.200mm
G1 X-1.4939 Y0.0400 Z7.5800 F1200.0 ; Width: 0.200mm
G1 X-1.4959 Y0.0400 Z7.6400 F1200.0 ; Width: 0.200mm
G1 X-1.5339 Y0.0400 Z7.7800 F1200.0 ; Width: 0.200mm
G1 X-1.5359 Y0.0400 Z7.8800 F1200.0 ; Width: 0.200mm
G1 X-1.5739 Y0.0400 Z8.0200 F1200.0 ; Width: 0.200mm
G1 X-1.5759 Y0.0400 Z8.1200 F1200.0 ; Width: 0.200mm
G1 X-1.6139 Y0.0400 Z8.2800 F1200.0 ; Width: 0.200mm
G1 X-1.6159 Y0.0400 Z8.3600 F1200.0 ; Width: 0.200mm
G1 X-1.6534 Y0.0400 Z8.4800 F1200.0 ; Width: 0.200mm
G1 X-4.0050 Y0.0400 Z8.4800 F437.0 ; Width: 0.549mm
M118 P0 S"99" ; Sync timer
G1 X-4.0000 Y0.0400 Z-6.3050 F200.0 ; Width: 1.200mm
G1 X-2.6350 Y0.0400 Z-6.3000 F212.8 ; Width: 1.128mm
M118 P0 S"100" ; Sync timer
G1 X-2.6350 Y0.0400 Z5.2800 F532.3 ; Width: 0.451mm
G1 X-2.6244 Y0.0400 Z5.3400 F500.0 ; Width: 0.480mm
G1 X-2.5872 Y0.0400 Z5.4000 F519.8 ; Width: 0.462mm
G1 X-2.5000 Y0.0400 Z5.4756 F548.6 ; Width: 0.437mm
G1 X-2.4200 Y0.0400 Z5.4950 F600.0 ; Width: 0.400mm
G1 X-2.3600 Y0.0400 Z5.4904 F600.0 ; Width: 0.400mm
G1 X-2.3200 Y0.0400 Z5.4756 F869.9 ; Width: 0.276mm
G1 X-2.2800 Y0.0400 Z5.4472 F887.7 ; Width: 0.270mm
G1 X-2.2364 Y0.0400 Z5.4000 F1025.2 ; Width: 0.234mm
G1 X-2.1896 Y0.0400 Z5.2800 F600.0 ; Width: 0.400mm
G1 X-2.1841 Y0.0400 Z5.2200 F600.0 ; Width: 0.400mm
G1 X-2.1496 Y0.0400 Z5.1000 F600.0 ; Width: 0.400mm
G1 X-2.1441 Y0.0400 Z4.9600 F600.0 ; Width: 0.400mm
G1 X-2.1061 Y0.0400 Z4.8200 F600.0 ; Width: 0.400mm
G1 X-2.1041 Y0.0400 Z4.7000 F600.0 ; Width: 0.400mm
G1 X-2.0696 Y0.0400 Z4.5800 F600.0 ; Width: 0.400mm
G1 X-2.0641 Y0.0400 Z4.4600 F600.0 ; Width: 0.400mm
G1 X-2.0296 Y0.0400 Z4.3400 F600.0 ; Width: 0.400mm
G1 X-2.0241 Y0.0400 Z4.2200 F600.0 ; Width: 0.400mm
G1 X-1.9861 Y0.0400 Z4.0600 F600.0 ; Width: 0.400mm
G1 X-1.9841 Y0.0400 Z3.9400 F600.0 ; Width: 0.400mm
G1 X-1.9461 Y0.0400 Z3.8200 F600.0 ; Width: 0.400mm
G1 X-1.9441 Y0.0400 Z3.7400 F600.0 ; Width: 0.400mm
G1 X-1.9061 Y0.0400 Z3.5800 F600.0 ; Width: 0.400mm
G1 X-1.9041 Y0.0400 Z3.4800 F600.0 ; Width: 0.400mm
G1 X-1.8661 Y0.0400 Z3.3200 F600.0 ; Width: 0.400mm
G1 X-1.8641 Y0.0400 Z3.2000 F600.0 ; Width: 0.400mm
G1 X-1.8296 Y0.0400 Z3.1000 F600.0 ; Width: 0.400mm
G1 X-1.8241 Y0.0400 Z3.0000 F600.0 ; Width: 0.400mm
G1 X-1.7861 Y0.0400 Z2.8400 F600.0 ; Width: 0.400mm
G1 X-1.7841 Y0.0400 Z2.7200 F1200.0 ; Width: 0.200mm
G1 X-1.7496 Y0.0400 Z2.6200 F1200.0 ; Width: 0.200mm
G1 X-1.7441 Y0.0400 Z2.4800 F1200.0 ; Width: 0.200mm
G1 X-1.7096 Y0.0400 Z2.3600 F1200.0 ; Width: 0.200mm
G1 X-1.7041 Y0.0400 Z2.2400 F1200.0 ; Width: 0.200mm
G1 X-1.6661 Y0.0400 Z2.1000 F1200.0 ; Width: 0.200mm
G1 X-1.6641 Y0.0400 Z1.9800 F1200.0 ; Width: 0.200mm
G1 X-1.6296 Y0.0400 Z1.8800 F1200.0 ; Width: 0.200mm
G1 X-1.6241 Y0.0400 Z1.7600 F1200.0 ; Width: 0.200mm
G1 X-1.5861 Y0.0400 Z1.6200 F1200.0 ; Width: 0.200mm
G1 X-1.5841 Y0.0400 Z1.5200 F1200.0 ; Width: 0.200mm
G1 X-1.5461 Y0.0400 Z1.3600 F1200.0 ; Width: 0.200mm
G1 X-1.5441 Y0.0400 Z1.2600 F1200.0 ; Width: 0.200mm
G1 X-1.5061 Y0.0400 Z1.1200 F1200.0 ; Width: 0.200mm
G1 X-1.5041 Y0.0400 Z1.0000 F1200.0 ; Width: 0.200mm
G1 X-1.4696 Y0.0400 Z0.8800 F1200.0 ; Width: 0.200mm
G1 X-1.4641 Y0.0400 Z0.7600 F1200.0 ; Width: 0.200mm
G1 X-1.4261 Y0.0400 Z0.6200 F1200.0 ; Width: 0.200mm
G1 X-1.4241 Y0.0400 Z0.5200 F1200.0 ; Width: 0.200mm
G1 X-1.3861 Y0.0400 Z0.3800 F1200.0 ; Width: 0.200mm
G1 X-1.3841 Y0.0400 Z0.3000 F1200.0 ; Width: 0.200mm
G1 X-1.3696 Y0.0400 Z0.2600 F1200.0 ; Width: 0.200mm
G1 X-1.3641 Y0.0400 Z0.1800 F1200.0 ; Width: 0.200mm
G1 X-1.3461 Y0.0400 Z0.1200 F1200.0 ; Width: 0.200mm
G1 X-1.3441 Y0.0400 Z0.0200 F1200.0 ; Width: 0.200mm
G1 X-1.3061 Y0.0400 Z-0.1200 F1200.0 ; Width: 0.200mm
G1 X-1.3041 Y0.0400 Z-0.2200 F1200.0 ; Width: 0.200mm
G1 X-1.2696 Y0.0400 Z-0.3400 F1200.0 ; Width: 0.200mm
G1 X-1.2641 Y0.0400 Z-0.4600 F1200.0 ; Width: 0.200mm
G1 X-1.2296 Y0.0400 Z-0.6000 F1200.0 ; Width: 0.200mm
G1 X-1.2241 Y0.0400 Z-0.7000 F1200.0 ; Width: 0.200mm
G1 X-1.1861 Y0.0400 Z-0.8600 F1200.0 ; Width: 0.200mm
G1 X-1.1841 Y0.0400 Z-0.9400 F1200.0 ; Width: 0.200mm
G1 X-1.1461 Y0.0400 Z-1.1000 F1200.0 ; Width: 0.200mm
G1 X-1.1441 Y0.0400 Z-1.1800 F1200.0 ; Width: 0.200mm
G1 X-1.1296 Y0.0400 Z-1.2200 F1200.0 ; Width: 0.200mm
G1 X-1.1241 Y0.0400 Z-1.3000 F1200.0 ; Width: 0.200mm
G1 X-1.1061 Y0.0400 Z-1.3600 F1200.0 ; Width: 0.200mm
G1 X-1.1041 Y0.0400 Z-1.4600 F1200.0 ; Width: 0.200mm
G1 X-1.0696 Y0.0400 Z-1.5800 F1200.0 ; Width: 0.200mm
G1 X-1.0641 Y0.0400 Z-1.6800 F1200.0 ; Width: 0.200mm
G1 X-1.0261 Y0.0400 Z-1.8400 F1200.0 ; Width: 0.200mm
G1 X-1.0241 Y0.0400 Z-1.9600 F1200.0 ; Width: 0.200mm
G1 X-1.0096 Y0.0400 Z-2.0000 F1200.0 ; Width: 0.200mm
G1 X-1.0041 Y0.0400 Z-2.0600 F1200.0 ; Width: 0.200mm
G1 X-0.9861 Y0.0400 Z-2.1200 F1200.0 ; Width: 0.200mm
G1 X-0.9841 Y0.0400 Z-2.1800 F1200.0 ; Width: 0.200mm
G1 X-0.9496 Y0.0400 Z-2.3200 F1200.0 ; Width: 0.200mm
G1 X-0.9441 Y0.0400 Z-2.4400 F1200.0 ; Width: 0.200mm
G1 X-0.9096 Y0.0400 Z-2.5600 F1200.0 ; Width: 0.200mm
G1 X-0.9041 Y0.0400 Z-2.6800 F1200.0 ; Width: 0.200mm
G1 X-0.8696 Y0.0400 Z-2.8200 F1200.0 ; Width: 0.200mm
G1 X-0.8641 Y0.0400 Z-2.9000 F1200.0 ; Width: 0.200mm
G1 X-0.8461 Y0.0400 Z-2.9600 F1200.0 ; Width: 0.200mm
G1 X-0.8441 Y0.0400 Z-3.0200 F1200.0 ; Width: 0.200mm
G1 X-0.8261 Y0.0400 Z-3.0800 F1200.0 ; Width: 0.200mm
G1 X-0.8241 Y0.0400 Z-3.2000 F1200.0 ; Width: 0.200mm
G1 X-0.7896 Y0.0400 Z-3.3200 F1200.0 ; Width: 0.200mm
G1 X-0.7841 Y0.0400 Z-3.4400 F1200.0 ; Width: 0.200mm
G1 X-0.7496 Y0.0400 Z-3.5600 F1200.0 ; Width: 0.200mm
G1 X-0.7441 Y0.0400 Z-3.6200 F1200.0 ; Width: 0.200mm
G1 X-0.7261 Y0.0400 Z-3.6800 F1200.0 ; Width: 0.200mm
G1 X-0.7241 Y0.0400 Z-3.7600 F1200.0 ; Width: 0.200mm
G1 X-0.7061 Y0.0400 Z-3.8200 F1200.0 ; Width: 0.200mm
G1 X-0.7041 Y0.0400 Z-3.9600 F1200.0 ; Width: 0.200mm
G1 X-0.6696 Y0.0400 Z-4.0600 F1200.0 ; Width: 0.200mm
G1 X-0.6641 Y0.0400 Z-4.1400 F1200.0 ; Width: 0.200mm
G1 X-0.6461 Y0.0400 Z-4.2000 F1200.0 ; Width: 0.200mm
G1 X-0.6441 Y0.0400 Z-4.2600 F1200.0 ; Width: 0.200mm
G1 X-0.6061 Y0.0400 Z-4.4200 F1200.0 ; Width: 0.200mm
G1 X-0.6041 Y0.0400 Z-4.5200 F1200.0 ; Width: 0.200mm
G1 X-0.5861 Y0.0400 Z-4.5800 F1200.0 ; Width: 0.200mm
G1 X-0.5841 Y0.0400 Z-4.7000 F1200.0 ; Width: 0.200mm
G1 X-0.5496 Y0.0400 Z-4.7800 F1200.0 ; Width: 0.200mm
G1 X-0.5441 Y0.0400 Z-4.8400 F1200.0 ; Width: 0.200mm
G1 X-0.5261 Y0.0400 Z-4.9000 F1200.0 ; Width: 0.200mm
G1 X-0.5241 Y0.0400 Z-4.9800 F1200.0 ; Width: 0.200mm
G1 X-0.5096 Y0.0400 Z-5.0200 F1200.0 ; Width: 0.200mm
G1 X-0.5041 Y0.0400 Z-5.1000 F1200.0 ; Width: 0.200mm
G1 X-0.4861 Y0.0400 Z-5.1600 F1200.0 ; Width: 0.200mm
G1 X-0.4841 Y0.0400 Z-5.2200 F1200.0 ; Width: 0.200mm
G1 X-0.4661 Y0.0400 Z-5.2800 F1200.0 ; Width: 0.200mm
G1 X-0.4641 Y0.0400 Z-5.4000 F1200.0 ; Width: 0.200mm
G1 X-0.4296 Y0.0400 Z-5.5200 F1200.0 ; Width: 0.200mm
G1 X-0.4241 Y0.0400 Z-5.5800 F1200.0 ; Width: 0.200mm
G1 X-0.4061 Y0.0400 Z-5.6400 F1200.0 ; Width: 0.200mm
G1 X-0.4041 Y0.0400 Z-5.7400 F1200.0 ; Width: 0.200mm
G1 X-0.3861 Y0.0400 Z-5.8000 F1200.0 ; Width: 0.200mm
G1 X-0.3841 Y0.0400 Z-5.8600 F1200.0 ; Width: 0.200mm
G1 X-0.3661 Y0.0400 Z-5.9200 F1200.0 ; Width: 0.200mm
G1 X-0.3641 Y0.0400 Z-5.9800 F1200.0 ; Width: 0.200mm
G1 X-0.3461 Y0.0400 Z-6.0400 F1200.0 ; Width: 0.200mm
G1 X-0.3441 Y0.0400 Z-6.1000 F1200.0 ; Width: 0.200mm
G1 X-0.3261 Y0.0400 Z-6.1600 F1200.0 ; Width: 0.200mm
G1 X-0.3241 Y0.0400 Z-6.2200 F1200.0 ; Width: 0.200mm
G1 X-0.3041 Y0.0400 Z-6.3000 F1200.0 ; Width: 0.200mm
G1 X-0.2800 Y0.0400 Z-6.3050 F1200.0 ; Width: 0.200mm
G1 X0.4400 Y0.0400 Z-6.3050 F1200.0 ; Width: 0.200mm
G1 X0.4641 Y0.0400 Z-6.2400 F1200.0 ; Width: 0.200mm
G1 X0.4661 Y0.0400 Z-6.1800 F1200.0 ; Width: 0.200mm
G1 X0.4841 Y0.0400 Z-6.1200 F1200.0 ; Width: 0.200mm
G1 X0.4861 Y0.0400 Z-6.0000 F1200.0 ; Width: 0.200mm
G1 X0.5241 Y0.0400 Z-5.8600 F1200.0 ; Width: 0.200mm
G1 X0.5261 Y0.0400 Z-5.7600 F1200.0 ; Width: 0.200mm
G1 X0.5641 Y0.0400 Z-5.6000 F1200.0 ; Width: 0.200mm
G1 X0.5661 Y0.0400 Z-5.5400 F1200.0 ; Width: 0.200mm
G1 X0.5841 Y0.0400 Z-5.4800 F1200.0 ; Width: 0.200mm
G1 X0.5896 Y0.0400 Z-5.4000 F1200.0 ; Width: 0.200mm
G1 X0.6041 Y0.0400 Z-5.3600 F1200.0 ; Width: 0.200mm
G1 X0.6096 Y0.0400 Z-5.2400 F1200.0 ; Width: 0.200mm
G1 X0.6441 Y0.0400 Z-5.1200 F1200.0 ; Width: 0.200mm
G1 X0.6461 Y0.0400 Z-5.0200 F1200.0 ; Width: 0.200mm
G1 X0.6841 Y0.0400 Z-4.8600 F1200.0 ; Width: 0.200mm
G1 X0.6896 Y0.0400 Z-4.7600 F1200.0 ; Width: 0.200mm
G1 X0.7241 Y0.0400 Z-4.6200 F1200.0 ; Width: 0.200mm
G1 X0.7261 Y0.0400 Z-4.5200 F1200.0 ; Width: 0.200mm
G1 X0.7641 Y0.0400 Z-4.4000 F1200.0 ; Width: 0.200mm
G1 X0.7661 Y0.0400 Z-4.2800 F1200.0 ; Width: 0.200mm
G1 X0.8041 Y0.0400 Z-4.1400 F1200.0 ; Width: 0.200mm
G1 X0.8061 Y0.0400 Z-4.0200 F1200.0 ; Width: 0.200mm
G1 X0.8441 Y0.0400 Z-3.8800 F1200.0 ; Width: 0.200mm
G1 X0.8461 Y0.0400 Z-3.7600 F1200.0 ; Width: 0.200mm
G1 X0.8841 Y0.0400 Z-3.6400 F1200.0 ; Width: 0.200mm
G1 X0.8861 Y0.0400 Z-3.5200 F1200.0 ; Width: 0.200mm
G1 X0.9241 Y0.0400 Z-3.3800 F1200.0 ; Width: 0.200mm
G1 X0.9261 Y0.0400 Z-3.2800 F1200.0 ; Width: 0.200mm
G1 X0.9641 Y0.0400 Z-3.1200 F1200.0 ; Width: 0.200mm
G1 X0.9696 Y0.0400 Z-3.0200 F1200.0 ; Width: 0.200mm
G1 X1.0041 Y0.0400 Z-2.9200 F1200.0 ; Width: 0.200mm
G1 X1.0061 Y0.0400 Z-2.7800 F1200.0 ; Width: 0.200mm
G1 X1.0441 Y0.0400 Z-2.6400 F1200.0 ; Width: 0.200mm
G1 X1.0461 Y0.0400 Z-2.5400 F1200.0 ; Width: 0.200mm
G1 X1.0841 Y0.0400 Z-2.4000 F1200.0 ; Width: 0.200mm
G1 X1.0896 Y0.0400 Z-2.2800 F1200.0 ; Width: 0.200mm
G1 X1.1241 Y0.0400 Z-2.1800 F1200.0 ; Width: 0.200mm
G1 X1.1261 Y0.0400 Z-2.0400 F1200.0 ; Width: 0.200mm
G1 X1.1641 Y0.0400 Z-1.8800 F1200.0 ; Width: 0.200mm
G1 X1.1661 Y0.0400 Z-1.7800 F1200.0 ; Width: 0.200mm
G1 X1.2041 Y0.0400 Z-1.6600 F1200.0 ; Width: 0.200mm
G1 X1.2061 Y0.0400 Z-1.5600 F1200.0 ; Width: 0.200mm
G1 X1.2441 Y0.0400 Z-1.4200 F1200.0 ; Width: 0.200mm
G1 X1.2461 Y0.0400 Z-1.3000 F1200.0 ; Width: 0.200mm
G1 X1.2841 Y0.0400 Z-1.1400 F1200.0 ; Width: 0.200mm
G1 X1.2896 Y0.0400 Z-1.0400 F1200.0 ; Width: 0.200mm
G1 X1.3241 Y0.0400 Z-0.9200 F1200.0 ; Width: 0.200mm
G1 X1.3296 Y0.0400 Z-0.8000 F1200.0 ; Width: 0.200mm
G1 X1.3641 Y0.0400 Z-0.6600 F1200.0 ; Width: 0.200mm
G1 X1.3661 Y0.0400 Z-0.5600 F1200.0 ; Width: 0.200mm
G1 X1.4041 Y0.0400 Z-0.4200 F1200.0 ; Width: 0.200mm
G1 X1.4061 Y0.0400 Z-0.3600 F1200.0 ; Width: 0.200mm
G1 X1.4241 Y0.0400 Z-0.3000 F1200.0 ; Width: 0.200mm
G1 X1.4296 Y0.0400 Z-0.2200 F1200.0 ; Width: 0.200mm
G1 X1.4441 Y0.0400 Z-0.1800 F1200.0 ; Width: 0.200mm
G1 X1.4461 Y0.0400 Z-0.0800 F1200.0 ; Width: 0.200mm
G1 X1.4841 Y0.0400 Z0.0600 F1200.0 ; Width: 0.200mm
G1 X1.4896 Y0.0400 Z0.1800 F1200.0 ; Width: 0.200mm
G1 X1.5441 Y0.0400 Z0.4000 F1200.0 ; Width: 0.200mm
G1 X1.5461 Y0.0400 Z0.5000 F1200.0 ; Width: 0.200mm
G1 X1.5641 Y0.0400 Z0.5600 F1200.0 ; Width: 0.200mm
G1 X1.5661 Y0.0400 Z0.6600 F1200.0 ; Width: 0.200mm
G1 X1.6041 Y0.0400 Z0.8200 F1200.0 ; Width: 0.200mm
G1 X1.6096 Y0.0400 Z0.8800 F1200.0 ; Width: 0.200mm
G1 X1.6241 Y0.0400 Z0.9200 F1200.0 ; Width: 0.200mm
G1 X1.6296 Y0.0400 Z1.0000 F1200.0 ; Width: 0.200mm
G1 X1.6641 Y0.0400 Z1.1200 F1200.0 ; Width: 0.200mm
G1 X1.6661 Y0.0400 Z1.2400 F1200.0 ; Width: 0.200mm
G1 X1.6841 Y0.0400 Z1.3000 F1200.0 ; Width: 0.200mm
G1 X1.6861 Y0.0400 Z1.3800 F1200.0 ; Width: 0.200mm
G1 X1.7041 Y0.0400 Z1.4400 F1200.0 ; Width: 0.200mm
G1 X1.7096 Y0.0400 Z1.5000 F1200.0 ; Width: 0.200mm
G1 X1.7441 Y0.0400 Z1.6200 F1200.0 ; Width: 0.200mm
G1 X1.7461 Y0.0400 Z1.7200 F1200.0 ; Width: 0.200mm
G1 X1.7841 Y0.0400 Z1.8800 F1200.0 ; Width: 0.200mm
G1 X1.7861 Y0.0400 Z1.9800 F1200.0 ; Width: 0.200mm
G1 X1.8041 Y0.0400 Z2.0400 F1200.0 ; Width: 0.200mm
G1 X1.8061 Y0.0400 Z2.1200 F1200.0 ; Width: 0.200mm
G1 X1.8241 Y0.0400 Z2.1800 F1200.0 ; Width: 0.200mm
G1 X1.8261 Y0.0400 Z2.2400 F1200.0 ; Width: 0.200mm
G1 X1.8356 Y0.0400 Z2.2800 F1200.0 ; Width: 0.200mm
G1 X1.8641 Y0.0400 Z2.3400 F1200.0 ; Width: 0.200mm
G1 X1.8661 Y0.0400 Z2.4800 F1200.0 ; Width: 0.200mm
G1 X1.9041 Y0.0400 Z2.6400 F1200.0 ; Width: 0.200mm
G1 X1.9061 Y0.0400 Z2.7400 F600.0 ; Width: 0.400mm
G1 X1.9241 Y0.0400 Z2.8000 F600.0 ; Width: 0.400mm
G1 X1.9261 Y0.0400 Z2.8600 F600.0 ; Width: 0.400mm
G1 X1.9441 Y0.0400 Z2.9200 F600.0 ; Width: 0.400mm
G1 X1.9496 Y0.0400 Z3.0000 F600.0 ; Width: 0.400mm
G1 X1.9841 Y0.0400 Z3.1200 F600.0 ; Width: 0.400mm
G1 X1.9861 Y0.0400 Z3.2400 F600.0 ; Width: 0.400mm
G1 X2.0241 Y0.0400 Z3.4000 F600.0 ; Width: 0.400mm
G1 X2.0261 Y0.0400 Z3.5000 F600.0 ; Width: 0.400mm
G1 X2.0641 Y0.0400 Z3.6400 F600.0 ; Width: 0.400mm
G1 X2.0696 Y0.0400 Z3.7400 F600.0 ; Width: 0.400mm
M118 P0 S"101" ; Sync timer
G1 X2.1041 Y0.0400 Z3.8600 F600.0 ; Width: 0.400mm
G1 X2.1061 Y0.0400 Z3.9800 F600.0 ; Width: 0.400mm
G1 X2.1441 Y0.0400 Z4.1400 F600.0 ; Width: 0.400mm
G1 X2.1496 Y0.0400 Z4.2400 F600.0 ; Width: 0.400mm
G1 X2.1841 Y0.0400 Z4.3800 F600.0 ; Width: 0.400mm
G1 X2.1896 Y0.0400 Z4.5000 F600.0 ; Width: 0.400mm
G1 X2.2241 Y0.0400 Z4.6200 F600.0 ; Width: 0.400mm
G1 X2.2261 Y0.0400 Z4.7400 F600.0 ; Width: 0.400mm
G1 X2.2641 Y0.0400 Z4.8800 F600.0 ; Width: 0.400mm
G1 X2.2661 Y0.0400 Z4.9600 F600.0 ; Width: 0.400mm
G1 X2.2841 Y0.0400 Z5.0200 F600.0 ; Width: 0.400mm
G1 X2.2896 Y0.0400 Z5.1000 F600.0 ; Width: 0.400mm
G1 X2.3041 Y0.0400 Z5.1400 F1200.0 ; Width: 0.200mm
G1 X2.3096 Y0.0400 Z5.2400 F1200.0 ; Width: 0.200mm
G1 X2.3356 Y0.0400 Z5.3200 F1200.0 ; Width: 0.200mm
G1 X2.3600 Y0.0400 Z5.3648 F1200.0 ; Width: 0.200mm
G1 X2.4352 Y0.0400 Z5.4400 F1200.0 ; Width: 0.200mm
G1 X2.5000 Y0.0400 Z5.4704 F994.0 ; Width: 0.241mm
G1 X2.5800 Y0.0400 Z5.4739 F600.0 ; Width: 0.400mm
G1 X2.6400 Y0.0400 Z5.4556 F600.0 ; Width: 0.400mm
G1 X2.6872 Y0.0400 Z5.4200 F600.0 ; Width: 0.400mm
G1 X2.7556 Y0.0400 Z5.3400 F600.0 ; Width: 0.400mm
G1 X2.7750 Y0.0400 Z5.2600 F520.4 ; Width: 0.461mm
G1 X2.7750 Y0.0400 Z4.4600 F515.7 ; Width: 0.465mm
G1 X2.7550 Y0.0400 Z4.3600 F559.0 ; Width: 0.429mm
G1 X2.7550 Y0.0400 Z-6.3000 F607.6 ; Width: 0.395mm
G1 X2.7600 Y0.0400 Z-6.3050 F744.7 ; Width: 0.322mm
G1 X4.1650 Y0.0400 Z-6.3000 F344.1 ; Width: 0.697mm
M118 P0 S"102" ; Sync timer
G1 X4.1600 Y0.0400 Z8.4850 F200.0 ; Width: 1.200mm
G0 Z9.4850 F6000.0 ; Z-hop up
G0 X8.9200 Y0.0400 F6000.0 ; Travel to new path
G0 Z8.0037 F6000.0 ; Z-hop down
G1 X8.4800 Y0.0400 Z7.9531 F1200.0 ; Width: 0.200mm
G1 X8.1200 Y0.0400 Z7.8510 F1200.0 ; Width: 0.200mm
G1 X7.9000 Y0.0400 Z7.7510 F1200.0 ; Width: 0.200mm
G1 X7.7350 Y0.0400 Z7.6400 F1200.0 ; Width: 0.200mm
G1 X7.5650 Y0.0400 Z7.5000 F1200.0 ; Width: 0.200mm
G1 X7.3781 Y0.0400 Z7.2800 F1200.0 ; Width: 0.200mm
G1 X7.2690 Y0.0400 Z7.1200 F1200.0 ; Width: 0.200mm
G1 X7.1716 Y0.0400 Z6.9400 F1200.0 ; Width: 0.200mm
G1 X7.0890 Y0.0400 Z6.7600 F1200.0 ; Width: 0.200mm
G1 X7.0069 Y0.0400 Z6.5200 F1200.0 ; Width: 0.200mm
G1 X6.9094 Y0.0400 Z6.1400 F1200.0 ; Width: 0.200mm
G1 X6.8763 Y0.0400 Z5.9600 F1200.0 ; Width: 0.200mm
G1 X6.8602 Y0.0400 Z5.8200 F1200.0 ; Width: 0.200mm
G1 X6.8363 Y0.0400 Z5.7200 F1200.0 ; Width: 0.200mm
G1 X6.8293 Y0.0400 Z5.5800 F1200.0 ; Width: 0.200mm
G1 X6.7963 Y0.0400 Z5.4000 F1200.0 ; Width: 0.200mm
G1 X6.7929 Y0.0400 Z5.1600 F1200.0 ; Width: 0.200mm
G1 X6.7763 Y0.0400 Z5.0400 F600.0 ; Width: 0.400mm
G1 X6.7729 Y0.0400 Z4.8800 F600.0 ; Width: 0.400mm
G1 X6.7550 Y0.0400 Z4.7400 F600.0 ; Width: 0.400mm
G1 X6.7550 Y0.0400 Z-2.6800 F600.0 ; Width: 0.400mm
G1 X6.7729 Y0.0400 Z-2.8200 F600.0 ; Width: 0.400mm
G1 X6.7763 Y0.0400 Z-2.9600 F1200.0 ; Width: 0.200mm
G1 X6.7929 Y0.0400 Z-3.0800 F1200.0 ; Width: 0.200mm
G1 X6.7963 Y0.0400 Z-3.2800 F1200.0 ; Width: 0.200mm
G1 X6.8237 Y0.0400 Z-3.4000 F1200.0 ; Width: 0.200mm
G1 X6.8363 Y0.0400 Z-3.5400 F1200.0 ; Width: 0.200mm
G1 X6.8763 Y0.0400 Z-3.7800 F1200.0 ; Width: 0.200mm
G1 X6.9490 Y0.0400 Z-4.1000 F1200.0 ; Width: 0.200mm
G1 X7.0469 Y0.0400 Z-4.4200 F1200.0 ; Width: 0.200mm
G1 X7.1490 Y0.0400 Z-4.6800 F1200.0 ; Width: 0.200mm
G1 X7.2582 Y0.0400 Z-4.9000 F1200.0 ; Width: 0.200mm
G1 X7.3981 Y0.0400 Z-5.1200 F1200.0 ; Width: 0.200mm
G1 X7.5174 Y0.0400 Z-5.2600 F1200.0 ; Width: 0.200mm
G1 X7.6377 Y0.0400 Z-5.3800 F1200.0 ; Width: 0.200mm
G1 X7.7600 Y0.0400 Z-5.4819 F1200.0 ; Width: 0.200mm
G1 X7.9000 Y0.0400 Z-5.5724 F1200.0 ; Width: 0.200mm
G1 X8.0200 Y0.0400 Z-5.6338 F1200.0 ; Width: 0.200mm
G1 X8.2000 Y0.0400 Z-5.7110 F1200.0 ; Width: 0.200mm
G1 X8.4000 Y0.0400 Z-5.7637 F1200.0 ; Width: 0.200mm
G1 X8.6000 Y0.0400 Z-5.8045 F1200.0 ; Width: 0.200mm
G1 X8.7200 Y0.0400 Z-5.8087 F1200.0 ; Width: 0.200mm
G1 X8.8400 Y0.0400 Z-5.8250 F1200.0 ; Width: 0.200mm
G1 X9.0600 Y0.0400 Z-5.8250 F1200.0 ; Width: 0.200mm
G1 X9.1800 Y0.0400 Z-5.8087 F1200.0 ; Width: 0.200mm
G1 X9.3000 Y0.0400 Z-5.8045 F1200.0 ; Width: 0.200mm
G1 X9.4600 Y0.0400 Z-5.7707 F1200.0 ; Width: 0.200mm
G1 X9.6800 Y0.0400 Z-5.7110 F1200.0 ; Width: 0.200mm
G1 X9.8451 Y0.0400 Z-5.6400 F1200.0 ; Width: 0.200mm
G1 X10.0229 Y0.0400 Z-5.5400 F1200.0 ; Width: 0.200mm
G1 X10.2223 Y0.0400 Z-5.3800 F1200.0 ; Width: 0.200mm
G1 X10.3600 Y0.0400 Z-5.2423 F1200.0 ; Width: 0.200mm
G1 X10.4818 Y0.0400 Z-5.0800 F1200.0 ; Width: 0.200mm
G1 X10.6200 Y0.0400 Z-4.8451 F1200.0 ; Width: 0.200mm
G1 X10.7110 Y0.0400 Z-4.6600 F1200.0 ; Width: 0.200mm
G1 X10.8131 Y0.0400 Z-4.3800 F1200.0 ; Width: 0.200mm
G1 X10.9106 Y0.0400 Z-4.0200 F1200.0 ; Width: 0.200mm
G1 X10.9837 Y0.0400 Z-3.6600 F1200.0 ; Width: 0.200mm
G1 X10.9907 Y0.0400 Z-3.5600 F1200.0 ; Width: 0.200mm
G1 X11.0237 Y0.0400 Z-3.3400 F1200.0 ; Width: 0.200mm
G1 X11.0287 Y0.0400 Z-3.2200 F1200.0 ; Width: 0.200mm
G1 X11.0437 Y0.0400 Z-3.1200 F1200.0 ; Width: 0.200mm
G1 X11.0487 Y0.0400 Z-2.9600 F1200.0 ; Width: 0.200mm
G1 X11.0650 Y0.0400 Z-2.8400 F1200.0 ; Width: 0.200mm
G1 X11.0650 Y0.0400 Z-1.8200 F1200.0 ; Width: 0.200mm
G1 X11.0600 Y0.0400 Z-1.8150 F1200.0 ; Width: 0.200mm
G1 X10.8750 Y0.0400 Z-1.8200 F1200.0 ; Width: 0.200mm
G1 X10.8713 Y0.0400 Z-2.9400 F1200.0 ; Width: 0.200mm
G1 X10.8363 Y0.0400 Z-3.2000 F1200.0 ; Width: 0.200mm
G1 X10.8293 Y0.0400 Z-3.3800 F1200.0 ; Width: 0.200mm
G1 X10.7963 Y0.0400 Z-3.5400 F1200.0 ; Width: 0.200mm
G1 X10.7837 Y0.0400 Z-3.6800 F1200.0 ; Width: 0.200mm
G1 X10.6755 Y0.0400 Z-4.1000 F1200.0 ; Width: 0.200mm
G1 X10.5682 Y0.0400 Z-4.3800 F1200.0 ; Width: 0.200mm
G1 X10.4200 Y0.0400 Z-4.6372 F1200.0 ; Width: 0.200mm
G1 X10.2800 Y0.0400 Z-4.8167 F1200.0 ; Width: 0.200mm
G1 X10.0200 Y0.0400 Z-5.0723 F1200.0 ; Width: 0.200mm
G1 X9.9400 Y0.0400 Z-5.1316 F1200.0 ; Width: 0.200mm
G1 X9.7800 Y0.0400 Z-5.2276 F1200.0 ; Width: 0.200mm
G1 X9.6000 Y0.0400 Z-5.3175 F1200.0 ; Width: 0.200mm
G1 X9.4800 Y0.0400 Z-5.3614 F1200.0 ; Width: 0.200mm
G1 X9.2400 Y0.0400 Z-5.4163 F1200.0 ; Width: 0.200mm
G1 X9.1400 Y0.0400 Z-5.4313 F1200.0 ; Width: 0.200mm
G1 X8.8200 Y0.0400 Z-5.4350 F1200.0 ; Width: 0.200mm
G1 X8.7200 Y0.0400 Z-5.4293 F1200.0 ; Width: 0.200mm
G1 X8.6200 Y0.0400 Z-5.4118 F1200.0 ; Width: 0.200mm
G1 X8.4000 Y0.0400 Z-5.3555 F1200.0 ; Width: 0.200mm
G1 X8.2800 Y0.0400 Z-5.3144 F1200.0 ; Width: 0.200mm
G1 X8.1800 Y0.0400 Z-5.2676 F1200.0 ; Width: 0.200mm
G1 X7.9800 Y0.0400 Z-5.1563 F1200.0 ; Width: 0.200mm
G1 X7.8800 Y0.0400 Z-5.0885 F1200.0 ; Width: 0.200mm
G1 X7.7033 Y0.0400 Z-4.9400 F1200.0 ; Width: 0.200mm
G1 X7.5477 Y0.0400 Z-4.7800 F1200.0 ; Width: 0.200mm
G1 X7.4400 Y0.0400 Z-4.6372 F1200.0 ; Width: 0.200mm
G1 X7.3418 Y0.0400 Z-4.4800 F1200.0 ; Width: 0.200mm
G1 X7.2538 Y0.0400 Z-4.3000 F1200.0 ; Width: 0.200mm
G1 X7.1445 Y0.0400 Z-4.0000 F1200.0 ; Width: 0.200mm
G1 X7.0837 Y0.0400 Z-3.7600 F1200.0 ; Width: 0.200mm
G1 X7.0363 Y0.0400 Z-3.5000 F1200.0 ; Width: 0.200mm
G1 X6.9859 Y0.0400 Z-3.0000 F1200.0 ; Width: 0.200mm
M118 P0 S"103" ; Sync timer
G1 X6.9852 Y0.0400 Z5.1400 F1200.0 ; Width: 0.200mm
G1 X7.0287 Y0.0400 Z5.6200 F1200.0 ; Width: 0.200mm
G1 X7.0533 Y0.0400 Z5.8000 F1200.0 ; Width: 0.200mm
G1 X7.1386 Y0.0400 Z6.2000 F1200.0 ; Width: 0.200mm
G1 X7.2718 Y0.0400 Z6.5400 F1200.0 ; Width: 0.200mm
G1 X7.3437 Y0.0400 Z6.6800 F1200.0 ; Width: 0.200mm
G1 X7.4563 Y0.0400 Z6.8600 F1200.0 ; Width: 0.200mm
G1 X7.5649 Y0.0400 Z7.0000 F1200.0 ; Width: 0.200mm
G1 X7.7000 Y0.0400 Z7.1369 F1200.0 ; Width: 0.200mm
G1 X7.8800 Y0.0400 Z7.2885 F1200.0 ; Width: 0.200mm
G1 X7.9800 Y0.0400 Z7.3563 F1200.0 ; Width: 0.200mm
G1 X8.1800 Y0.0400 Z7.4575 F1200.0 ; Width: 0.200mm
G1 X8.3400 Y0.0400 Z7.5220 F1200.0 ; Width: 0.200mm
G1 X8.4400 Y0.0400 Z7.5518 F1200.0 ; Width: 0.200mm
G1 X8.6200 Y0.0400 Z7.5867 F1200.0 ; Width: 0.200mm
G1 X8.8600 Y0.0400 Z7.6129 F1200.0 ; Width: 0.200mm
G1 X8.9800 Y0.0400 Z7.6141 F1200.0 ; Width: 0.200mm
G1 X9.2600 Y0.0400 Z7.5837 F1200.0 ; Width: 0.200mm
G1 X9.4400 Y0.0400 Z7.5414 F1200.0 ; Width: 0.200mm
G1 X9.6543 Y0.0400 Z7.4600 F1200.0 ; Width: 0.200mm
G1 X9.8535 Y0.0400 Z7.3600 F1200.0 ; Width: 0.200mm
G1 X9.9600 Y0.0400 Z7.2885 F1200.0 ; Width: 0.200mm
G1 X10.1200 Y0.0400 Z7.1551 F1200.0 ; Width: 0.200mm
G1 X10.2551 Y0.0400 Z7.0200 F1200.0 ; Width: 0.200mm
G1 X10.3981 Y0.0400 Z6.8400 F1200.0 ; Width: 0.200mm
G1 X10.5076 Y0.0400 Z6.6600 F1200.0 ; Width: 0.200mm
G1 X10.5882 Y0.0400 Z6.5000 F1200.0 ; Width: 0.200mm
G1 X10.6690 Y0.0400 Z6.3000 F1200.0 ; Width: 0.200mm
G1 X10.7269 Y0.0400 Z6.1000 F1200.0 ; Width: 0.200mm
G1 X10.7802 Y0.0400 Z5.8600 F1200.0 ; Width: 0.200mm
G1 X10.8267 Y0.0400 Z5.5800 F1200.0 ; Width: 0.200mm
G1 X10.8363 Y0.0400 Z5.4000 F1200.0 ; Width: 0.200mm
G1 X10.8741 Y0.0400 Z5.0400 F1200.0 ; Width: 0.200mm
G1 X10.8800 Y0.0400 Z4.5550 F1200.0 ; Width: 0.200mm
G1 X11.0652 Y0.0400 Z4.5600 F1200.0 ; Width: 0.200mm
G1 X11.0650 Y0.0400 Z5.1000 F1200.0 ; Width: 0.200mm
G1 X11.0287 Y0.0400 Z5.4000 F1200.0 ; Width: 0.200mm
G1 X11.0237 Y0.0400 Z5.5000 F1200.0 ; Width: 0.200mm
G1 X10.9907 Y0.0400 Z5.7400 F1200.0 ; Width: 0.200mm
G1 X10.9837 Y0.0400 Z5.8600 F1200.0 ; Width: 0.200mm
G1 X10.8763 Y0.0400 Z6.3400 F1200.0 ; Width: 0.200mm
G1 X10.7980 Y0.0400 Z6.6200 F1200.0 ; Width: 0.200mm
G1 X10.7110 Y0.0400 Z6.8400 F1200.0 ; Width: 0.200mm
G1 X10.5818 Y0.0400 Z7.1000 F1200.0 ; Width: 0.200mm
G1 X10.4019 Y0.0400 Z7.3600 F1200.0 ; Width: 0.200mm
G1 X10.2423 Y0.0400 Z7.5400 F1200.0 ; Width: 0.200mm
G1 X10.0800 Y0.0400 Z7.6676 F1200.0 ; Width: 0.200mm
G1 X10.0000 Y0.0400 Z7.7218 F1200.0 ; Width: 0.200mm
G1 X9.7800 Y0.0400 Z7.8310 F1200.0 ; Width: 0.200mm
G1 X9.6400 Y0.0400 Z7.8825 F1200.0 ; Width: 0.200mm
G1 X9.4600 Y0.0400 Z7.9331 F1200.0 ; Width: 0.200mm
G1 X9.3000 Y0.0400 Z7.9637 F1200.0 ; Width: 0.200mm
G1 X9.1600 Y0.0400 Z7.9707 F1200.0 ; Width: 0.200mm
G1 X8.9200 Y0.0400 Z8.0037 F1200.0 ; Width: 0.200mm
G0 Z9.0037 F6000.0 ; Z-hop up
G0 X9.0200 Y0.0400 F6000.0 ; Travel to new path
G0 Z8.3411 F6000.0 ; Z-hop down
G1 X8.9600 Y0.0400 Z8.3540 F1200.0 ; Width: 0.200mm
G1 X8.8600 Y0.0400 Z8.3540 F1200.0 ; Width: 0.200mm
G1 X8.6200 Y0.0400 Z8.3184 F1200.0 ; Width: 0.200mm
G1 X8.5000 Y0.0400 Z8.3140 F1200.0 ; Width: 0.200mm
G1 X8.2600 Y0.0400 Z8.2611 F1200.0 ; Width: 0.200mm
G1 X8.1200 Y0.0400 Z8.2211 F1200.0 ; Width: 0.200mm
G1 X7.8800 Y0.0400 Z8.1331 F1200.0 ; Width: 0.200mm
G1 X7.7200 Y0.0400 Z8.0531 F1200.0 ; Width: 0.200mm
G1 X7.5400 Y0.0400 Z7.9331 F1200.0 ; Width: 0.200mm
G1 X7.4400 Y0.0400 Z7.8556 F1200.0 ; Width: 0.200mm
G1 X7.3044 Y0.0400 Z7.7400 F1200.0 ; Width: 0.200mm
G1 X7.1044 Y0.0400 Z7.5000 F1200.0 ; Width: 0.200mm
G1 X6.9669 Y0.0400 Z7.3000 F1200.0 ; Width: 0.200mm
G1 X6.8469 Y0.0400 Z7.0800 F1200.0 ; Width: 0.200mm
G1 X6.7669 Y0.0400 Z6.9000 F1200.0 ; Width: 0.200mm
G1 X6.6460 Y0.0400 Z6.5400 F1200.0 ; Width: 0.200mm
G1 X6.5660 Y0.0400 Z6.2200 F1200.0 ; Width: 0.200mm
G1 X6.5260 Y0.0400 Z6.0000 F1200.0 ; Width: 0.200mm
G1 X6.5189 Y0.0400 Z5.9000 F1200.0 ; Width: 0.200mm
G1 X6.4860 Y0.0400 Z5.7600 F1200.0 ; Width: 0.200mm
G1 X6.4816 Y0.0400 Z5.6200 F1200.0 ; Width: 0.200mm
G1 X6.4460 Y0.0400 Z5.4400 F1200.0 ; Width: 0.200mm
G1 X6.4435 Y0.0400 Z5.1800 F1200.0 ; Width: 0.200mm
G1 X6.4260 Y0.0400 Z5.0800 F600.0 ; Width: 0.400mm
G1 X6.4235 Y0.0400 Z4.9000 F600.0 ; Width: 0.400mm
G1 X6.4050 Y0.0400 Z4.7800 F600.0 ; Width: 0.400mm
M118 P0 S"104" ; Sync timer
G1 X6.4050 Y0.0400 Z-2.7200 F600.0 ; Width: 0.400mm
G1 X6.4235 Y0.0400 Z-2.8400 F600.0 ; Width: 0.400mm
G1 X6.4260 Y0.0400 Z-3.0000 F1200.0 ; Width: 0.200mm
G1 X6.4435 Y0.0400 Z-3.1000 F1200.0 ; Width: 0.200mm
G1 X6.4460 Y0.0400 Z-3.3200 F1200.0 ; Width: 0.200mm
G1 X6.4789 Y0.0400 Z-3.4600 F1200.0 ; Width: 0.200mm
G1 X6.4860 Y0.0400 Z-3.5800 F1200.0 ; Width: 0.200mm
G1 X6.5660 Y0.0400 Z-4.0200 F1200.0 ; Width: 0.200mm
G1 X6.6389 Y0.0400 Z-4.3000 F1200.0 ; Width: 0.200mm
G1 X6.7669 Y0.0400 Z-4.6800 F1200.0 ; Width: 0.200mm
G1 X6.8269 Y0.0400 Z-4.8200 F1200.0 ; Width: 0.200mm
G1 X6.9567 Y0.0400 Z-5.0800 F1200.0 ; Width: 0.200mm
G1 X7.1244 Y0.0400 Z-5.3400 F1200.0 ; Width: 0.200mm
G1 X7.2200 Y0.0400 Z-5.4578 F1200.0 ; Width: 0.200mm
G1 X7.4022 Y0.0400 Z-5.6400 F1200.0 ; Width: 0.200mm
G1 X7.5400 Y0.0400 Z-5.7556 F1200.0 ; Width: 0.200mm
G1 X7.7000 Y0.0400 Z-5.8633 F1200.0 ; Width: 0.200mm
G1 X7.8600 Y0.0400 Z-5.9468 F1200.0 ; Width: 0.200mm
G1 X8.0600 Y0.0400 Z-6.0331 F1200.0 ; Width: 0.200mm
G1 X8.3000 Y0.0400 Z-6.1011 F1200.0 ; Width: 0.200mm
G1 X8.4600 Y0.0400 Z-6.1289 F1200.0 ; Width: 0.200mm
G1 X8.5400 Y0.0400 Z-6.1546 F1200.0 ; Width: 0.200mm
G1 X8.6800 Y0.0400 Z-6.1565 F1200.0 ; Width: 0.200mm
G1 X8.8000 Y0.0400 Z-6.1750 F1200.0 ; Width: 0.200mm
G1 X9.1000 Y0.0400 Z-6.1750 F1200.0 ; Width: 0.200mm
G1 X9.2200 Y0.0400 Z-6.1565 F1200.0 ; Width: 0.200mm
G1 X9.3600 Y0.0400 Z-6.1546 F1200.0 ; Width: 0.200mm
G1 X9.4400 Y0.0400 Z-6.1289 F1200.0 ; Width: 0.200mm
G1 X9.5600 Y0.0400 Z-6.1089 F1200.0 ; Width: 0.200mm
G1 X9.6600 Y0.0400 Z-6.0740 F1200.0 ; Width: 0.200mm
G1 X9.7600 Y0.0400 Z-6.0546 F1200.0 ; Width: 0.200mm
G1 X9.8200 Y0.0400 Z-6.0331 F1200.0 ; Width: 0.200mm
G1 X10.0000 Y0.0400 Z-5.9546 F1200.0 ; Width: 0.200mm
G1 X10.2200 Y0.0400 Z-5.8331 F1200.0 ; Width: 0.200mm
G1 X10.4578 Y0.0400 Z-5.6400 F1200.0 ; Width: 0.200mm
G1 X10.6356 Y0.0400 Z-5.4600 F1200.0 ; Width: 0.200mm
G1 X10.7800 Y0.0400 Z-5.2651 F1200.0 ; Width: 0.200mm
G1 X10.9033 Y0.0400 Z-5.0600 F1200.0 ; Width: 0.200mm
G1 X11.0331 Y0.0400 Z-4.8000 F1200.0 ; Width: 0.200mm
G1 X11.1433 Y0.0400 Z-4.5000 F1200.0 ; Width: 0.200mm
G1 X11.2540 Y0.0400 Z-4.1000 F1200.0 ; Width: 0.200mm
G1 X11.2646 Y0.0400 Z-4.0200 F1200.0 ; Width: 0.200mm
G1 X11.3340 Y0.0400 Z-3.7000 F1200.0 ; Width: 0.200mm
G1 X11.3384 Y0.0400 Z-3.6000 F1200.0 ; Width: 0.200mm
G1 X11.3740 Y0.0400 Z-3.3800 F1200.0 ; Width: 0.200mm
G1 X11.3765 Y0.0400 Z-3.2600 F1200.0 ; Width: 0.200mm
G1 X11.3940 Y0.0400 Z-3.1600 F1200.0 ; Width: 0.200mm
G1 X11.3965 Y0.0400 Z-3.0000 F1200.0 ; Width: 0.200mm
G1 X11.4150 Y0.0400 Z-2.8800 F1200.0 ; Width: 0.200mm
G1 X11.4150 Y0.0400 Z-1.6600 F1200.0 ; Width: 0.200mm
G1 X11.4350 Y0.0400 Z-1.4800 F1200.0 ; Width: 0.200mm
G1 X11.4200 Y0.0400 Z-1.4650 F1200.0 ; Width: 0.200mm
G1 X10.5400 Y0.0400 Z-1.4650 F1200.0 ; Width: 0.200mm
G1 X10.5250 Y0.0400 Z-1.4800 F1200.0 ; Width: 0.200mm
G1 X10.5246 Y0.0400 Z-2.8800 F1200.0 ; Width: 0.200mm
G1 X10.4860 Y0.0400 Z-3.1600 F1200.0 ; Width: 0.200mm
G1 X10.4816 Y0.0400 Z-3.3400 F1200.0 ; Width: 0.200mm
G1 X10.4460 Y0.0400 Z-3.5000 F1200.0 ; Width: 0.200mm
G1 X10.4311 Y0.0400 Z-3.6600 F1200.0 ; Width: 0.200mm
G1 X10.3400 Y0.0400 Z-4.0000 F1200.0 ; Width: 0.200mm
G1 X10.2732 Y0.0400 Z-4.1800 F1200.0 ; Width: 0.200mm
G1 X10.2400 Y0.0400 Z-4.2529 F1200.0 ; Width: 0.200mm
G1 X10.1441 Y0.0400 Z-4.4200 F1200.0 ; Width: 0.200mm
G1 X10.0562 Y0.0400 Z-4.5400 F1200.0 ; Width: 0.200mm
G1 X9.7800 Y0.0400 Z-4.8162 F1200.0 ; Width: 0.200mm
G1 X9.6200 Y0.0400 Z-4.9161 F1200.0 ; Width: 0.200mm
G1 X9.4400 Y0.0400 Z-5.0054 F1200.0 ; Width: 0.200mm
G1 X9.3600 Y0.0400 Z-5.0311 F1200.0 ; Width: 0.200mm
G1 X9.1600 Y0.0400 Z-5.0754 F1200.0 ; Width: 0.200mm
G1 X9.0800 Y0.0400 Z-5.0846 F1200.0 ; Width: 0.200mm
G1 X8.8200 Y0.0400 Z-5.0850 F1200.0 ; Width: 0.200mm
G1 X8.7000 Y0.0400 Z-5.0711 F1200.0 ; Width: 0.200mm
G1 X8.5200 Y0.0400 Z-5.0260 F1200.0 ; Width: 0.200mm
G1 X8.4000 Y0.0400 Z-4.9854 F1200.0 ; Width: 0.200mm
G1 X8.1600 Y0.0400 Z-4.8561 F1200.0 ; Width: 0.200mm
G1 X8.1000 Y0.0400 Z-4.8162 F1200.0 ; Width: 0.200mm
G1 X7.9400 Y0.0400 Z-4.6821 F1200.0 ; Width: 0.200mm
G1 X7.8379 Y0.0400 Z-4.5800 F1200.0 ; Width: 0.200mm
G1 X7.7400 Y0.0400 Z-4.4549 F1200.0 ; Width: 0.200mm
G1 X7.6639 Y0.0400 Z-4.3400 F1200.0 ; Width: 0.200mm
G1 X7.5833 Y0.0400 Z-4.1800 F1200.0 ; Width: 0.200mm
G1 X7.5268 Y0.0400 Z-4.0400 F1200.0 ; Width: 0.200mm
G1 X7.4740 Y0.0400 Z-3.8800 F1200.0 ; Width: 0.200mm
G1 X7.4246 Y0.0400 Z-3.6800 F1200.0 ; Width: 0.200mm
G1 X7.3784 Y0.0400 Z-3.4200 F1200.0 ; Width: 0.200mm
G1 X7.3740 Y0.0400 Z-3.3000 F1200.0 ; Width: 0.200mm
G1 X7.3584 Y0.0400 Z-3.2200 F1200.0 ; Width: 0.200mm
G1 X7.3540 Y0.0400 Z-3.1000 F1200.0 ; Width: 0.200mm
G1 X7.3350 Y0.0400 Z-2.9600 F1200.0 ; Width: 0.200mm
G1 X7.3354 Y0.0400 Z5.1400 F1200.0 ; Width: 0.200mm
G1 X7.3540 Y0.0400 Z5.2600 F1200.0 ; Width: 0.200mm
G1 X7.3565 Y0.0400 Z5.3800 F1200.0 ; Width: 0.200mm
G1 X7.3740 Y0.0400 Z5.4800 F1200.0 ; Width: 0.200mm
G1 X7.3784 Y0.0400 Z5.6000 F1200.0 ; Width: 0.200mm
G1 X7.4011 Y0.0400 Z5.7600 F1200.0 ; Width: 0.200mm
G1 X7.4289 Y0.0400 Z5.9000 F1200.0 ; Width: 0.200mm
G1 X7.4540 Y0.0400 Z5.9800 F1200.0 ; Width: 0.200mm
G1 X7.4740 Y0.0400 Z6.1000 F1200.0 ; Width: 0.200mm
G1 X7.5833 Y0.0400 Z6.3800 F1200.0 ; Width: 0.200mm
G1 X7.7159 Y0.0400 Z6.6200 F1200.0 ; Width: 0.200mm
G1 X7.8400 Y0.0400 Z6.7822 F1200.0 ; Width: 0.200mm
G1 X7.9600 Y0.0400 Z6.9000 F1200.0 ; Width: 0.200mm
G1 X8.1200 Y0.0400 Z7.0308 F1200.0 ; Width: 0.200mm
G1 X8.3275 Y0.0400 Z7.1400 F1200.0 ; Width: 0.200mm
G1 X8.4600 Y0.0400 Z7.1932 F1200.0 ; Width: 0.200mm
G1 X8.5400 Y0.0400 Z7.2154 F1200.0 ; Width: 0.200mm
G1 X8.6600 Y0.0400 Z7.2389 F1200.0 ; Width: 0.200mm
G1 X8.7800 Y0.0400 Z7.2460 F1200.0 ; Width: 0.200mm
G1 X8.9000 Y0.0400 Z7.2646 F1200.0 ; Width: 0.200mm
G1 X8.9800 Y0.0400 Z7.2635 F1200.0 ; Width: 0.200mm
G1 X9.0800 Y0.0400 Z7.2460 F1200.0 ; Width: 0.200mm
G1 X9.2000 Y0.0400 Z7.2389 F1200.0 ; Width: 0.200mm
G1 X9.4000 Y0.0400 Z7.1854 F1200.0 ; Width: 0.200mm
G1 X9.5200 Y0.0400 Z7.1367 F1200.0 ; Width: 0.200mm
G1 X9.7000 Y0.0400 Z7.0441 F1200.0 ; Width: 0.200mm
G1 X9.9022 Y0.0400 Z6.8800 F1200.0 ; Width: 0.200mm
G1 X10.0000 Y0.0400 Z6.7800 F1200.0 ; Width: 0.200mm
G1 X10.1000 Y0.0400 Z6.6549 F1200.0 ; Width: 0.200mm
G1 X10.1961 Y0.0400 Z6.5000 F1200.0 ; Width: 0.200mm
G1 X10.2669 Y0.0400 Z6.3600 F1200.0 ; Width: 0.200mm
G1 X10.3460 Y0.0400 Z6.1600 F1200.0 ; Width: 0.200mm
G1 X10.3911 Y0.0400 Z6.0000 F1200.0 ; Width: 0.200mm
G1 X10.4354 Y0.0400 Z5.8000 F1200.0 ; Width: 0.200mm
G1 X10.4460 Y0.0400 Z5.7000 F1200.0 ; Width: 0.200mm
G1 X10.4835 Y0.0400 Z5.5000 F1200.0 ; Width: 0.200mm
G1 X10.4860 Y0.0400 Z5.3600 F1200.0 ; Width: 0.200mm
G1 X10.5016 Y0.0400 Z5.2800 F1200.0 ; Width: 0.200mm
G1 X10.5060 Y0.0400 Z5.1400 F1200.0 ; Width: 0.200mm
G1 X10.5246 Y0.0400 Z5.0200 F1200.0 ; Width: 0.200mm
G1 X10.5250 Y0.0400 Z4.2200 F1200.0 ; Width: 0.200mm
G1 X10.5400 Y0.0400 Z4.2050 F1200.0 ; Width: 0.200mm
G1 X11.4200 Y0.0400 Z4.2050 F1200.0 ; Width: 0.200mm
G1 X11.4350 Y0.0400 Z4.2200 F1200.0 ; Width: 0.200mm
G1 X11.4340 Y0.0400 Z4.4600 F1200.0 ; Width: 0.200mm
G1 X11.4154 Y0.0400 Z4.5800 F1200.0 ; Width: 0.200mm
G1 X11.4140 Y0.0400 Z5.1600 F1200.0 ; Width: 0.200mm
G1 X11.3784 Y0.0400 Z5.4200 F1200.0 ; Width: 0.200mm
G1 X11.3740 Y0.0400 Z5.5400 F1200.0 ; Width: 0.200mm
G1 X11.3384 Y0.0400 Z5.7800 F1200.0 ; Width: 0.200mm
G1 X11.3340 Y0.0400 Z5.9000 F1200.0 ; Width: 0.200mm
G1 X11.2146 Y0.0400 Z6.4400 F1200.0 ; Width: 0.200mm
G1 X11.1340 Y0.0400 Z6.7200 F1200.0 ; Width: 0.200mm
G1 X11.0331 Y0.0400 Z6.9800 F1200.0 ; Width: 0.200mm
G1 X10.8731 Y0.0400 Z7.3000 F1200.0 ; Width: 0.200mm
G1 X10.8092 Y0.0400 Z7.3800 F1200.0 ; Width: 0.200mm
G1 X10.6756 Y0.0400 Z7.5800 F1200.0 ; Width: 0.200mm
G1 X10.5600 Y0.0400 Z7.7178 F1200.0 ; Width: 0.200mm
M118 P0 S"105" ; Sync timer
G1 X10.4600 Y0.0400 Z7.8156 F1200.0 ; Width: 0.200mm
G1 X10.2800 Y0.0400 Z7.9558 F1200.0 ; Width: 0.200mm
G1 X10.1800 Y0.0400 Z8.0233 F1200.0 ; Width: 0.200mm
G1 X9.9200 Y0.0400 Z8.1531 F1200.0 ; Width: 0.200mm
G1 X9.7400 Y0.0400 Z8.2211 F1200.0 ; Width: 0.200mm
G1 X9.6000 Y0.0400 Z8.2611 F1200.0 ; Width: 0.200mm
G1 X9.3400 Y0.0400 Z8.3140 F1200.0 ; Width: 0.200mm
G1 X9.2200 Y0.0400 Z8.3165 F1200.0 ; Width: 0.200mm
G1 X9.1200 Y0.0400 Z8.3340 F1200.0 ; Width: 0.200mm
G1 X9.0200 Y0.0400 Z8.3411 F1200.0 ; Width: 0.200mm
G0 Z9.3411 F6000.0 ; Z-hop up
G0 X9.0200 Y0.0400 F6000.0 ; Travel to new path
G0 Z8.7041 F6000.0 ; Z-hop down
G1 X8.8000 Y0.0400 Z8.7041 F1200.0 ; Width: 0.200mm
G1 X8.7400 Y0.0400 Z8.6861 F1200.0 ; Width: 0.200mm
G1 X8.6400 Y0.0400 Z8.6841 F1200.0 ; Width: 0.200mm
G1 X8.5800 Y0.0400 Z8.6661 F1200.0 ; Width: 0.200mm
G1 X8.4400 Y0.0400 Z8.6641 F1200.0 ; Width: 0.200mm
G1 X8.2200 Y0.0400 Z8.6096 F1200.0 ; Width: 0.200mm
G1 X8.1600 Y0.0400 Z8.6041 F1200.0 ; Width: 0.200mm
G1 X8.0800 Y0.0400 Z8.5696 F1200.0 ; Width: 0.200mm
G1 X8.0200 Y0.0400 Z8.5641 F1200.0 ; Width: 0.200mm
G1 X7.9600 Y0.0400 Z8.5356 F1200.0 ; Width: 0.200mm
G1 X7.7600 Y0.0400 Z8.4644 F1200.0 ; Width: 0.200mm
G1 X7.5115 Y0.0400 Z8.3400 F1200.0 ; Width: 0.200mm
G1 X7.4000 Y0.0400 Z8.2564 F1200.0 ; Width: 0.200mm
G1 X7.3200 Y0.0400 Z8.2128 F1200.0 ; Width: 0.200mm
G1 X7.2648 Y0.0400 Z8.1600 F1200.0 ; Width: 0.200mm
G1 X7.2200 Y0.0400 Z8.1328 F1200.0 ; Width: 0.200mm
G1 X7.1448 Y0.0400 Z8.0600 F1200.0 ; Width: 0.200mm
G1 X7.1000 Y0.0400 Z8.0328 F1200.0 ; Width: 0.200mm
G1 X7.0272 Y0.0400 Z7.9600 F1200.0 ; Width: 0.200mm
G1 X7.0000 Y0.0400 Z7.9152 F1200.0 ; Width: 0.200mm
G1 X6.9072 Y0.0400 Z7.8200 F1200.0 ; Width: 0.200mm
G1 X6.8800 Y0.0400 Z7.7752 F1200.0 ; Width: 0.200mm
G1 X6.8272 Y0.0400 Z7.7200 F1200.0 ; Width: 0.200mm
G1 X6.7236 Y0.0400 Z7.5600 F1200.0 ; Width: 0.200mm
G1 X6.6800 Y0.0400 Z7.5085 F1200.0 ; Width: 0.200mm
G1 X6.5956 Y0.0400 Z7.3400 F1200.0 ; Width: 0.200mm
G1 X6.5246 Y0.0400 Z7.2200 F1200.0 ; Width: 0.200mm
G1 X6.5000 Y0.0400 Z7.1497 F1200.0 ; Width: 0.200mm
G1 X6.4356 Y0.0400 Z7.0200 F1200.0 ; Width: 0.200mm
G1 X6.3644 Y0.0400 Z6.8000 F1200.0 ; Width: 0.200mm
G1 X6.3359 Y0.0400 Z6.7400 F1200.0 ; Width: 0.200mm
G1 X6.3304 Y0.0400 Z6.7000 F1200.0 ; Width: 0.200mm
G1 X6.2959 Y0.0400 Z6.6000 F1200.0 ; Width: 0.200mm
G1 X6.2904 Y0.0400 Z6.5400 F1200.0 ; Width: 0.200mm
G1 X6.2559 Y0.0400 Z6.4400 F1200.0 ; Width: 0.200mm
G1 X6.2504 Y0.0400 Z6.3800 F1200.0 ; Width: 0.200mm
G1 X6.2159 Y0.0400 Z6.2800 F1200.0 ; Width: 0.200mm
G1 X6.2104 Y0.0400 Z6.2000 F1200.0 ; Width: 0.200mm
G1 X6.1759 Y0.0400 Z6.0600 F1200.0 ; Width: 0.200mm
G1 X6.1739 Y0.0400 Z5.9600 F1200.0 ; Width: 0.200mm
G1 X6.1359 Y0.0400 Z5.8200 F1200.0 ; Width: 0.200mm
G1 X6.1339 Y0.0400 Z5.6600 F1200.0 ; Width: 0.200mm
G1 X6.0959 Y0.0400 Z5.5000 F1200.0 ; Width: 0.200mm
G1 X6.0939 Y0.0400 Z5.2000 F1200.0 ; Width: 0.200mm
G1 X6.0759 Y0.0400 Z5.1400 F1200.0 ; Width: 0.200mm
G1 X6.0739 Y0.0400 Z4.9200 F600.0 ; Width: 0.400mm
G1 X6.0550 Y0.0400 Z4.8400 F600.0 ; Width: 0.400mm
G1 X6.0550 Y0.0400 Z-2.7800 F600.0 ; Width: 0.400mm
G1 X6.0739 Y0.0400 Z-2.8600 F600.0 ; Width: 0.400mm
G1 X6.0759 Y0.0400 Z-3.0600 F600.0 ; Width: 0.400mm
G1 X6.0939 Y0.0400 Z-3.1200 F1200.0 ; Width: 0.200mm
G1 X6.0959 Y0.0400 Z-3.3800 F1200.0 ; Width: 0.200mm
G1 X6.1339 Y0.0400 Z-3.5200 F1200.0 ; Width: 0.200mm
G1 X6.1359 Y0.0400 Z-3.6400 F1200.0 ; Width: 0.200mm
G1 X6.1739 Y0.0400 Z-3.8000 F1200.0 ; Width: 0.200mm
G1 X6.1759 Y0.0400 Z-3.8800 F1200.0 ; Width: 0.200mm
G1 X6.2104 Y0.0400 Z-4.0000 F1200.0 ; Width: 0.200mm
G1 X6.2159 Y0.0400 Z-4.0800 F1200.0 ; Width: 0.200mm
G1 X6.2504 Y0.0400 Z-4.1800 F1200.0 ; Width: 0.200mm
G1 X6.2559 Y0.0400 Z-4.2400 F1200.0 ; Width: 0.200mm
G1 X6.2904 Y0.0400 Z-4.3400 F1200.0 ; Width: 0.200mm
G1 X6.2959 Y0.0400 Z-4.4000 F1200.0 ; Width: 0.200mm
G1 X6.3244 Y0.0400 Z-4.4600 F1200.0 ; Width: 0.200mm
G1 X6.3359 Y0.0400 Z-4.5200 F1200.0 ; Width: 0.200mm
G1 X6.3644 Y0.0400 Z-4.5800 F1200.0 ; Width: 0.200mm
G1 X6.3759 Y0.0400 Z-4.6400 F1200.0 ; Width: 0.200mm
G1 X6.4956 Y0.0400 Z-4.9400 F1200.0 ; Width: 0.200mm
G1 X6.6446 Y0.0400 Z-5.2400 F1200.0 ; Width: 0.200mm
G1 X6.8472 Y0.0400 Z-5.5600 F1200.0 ; Width: 0.200mm
G1 X6.9000 Y0.0400 Z-5.6152 F1200.0 ; Width: 0.200mm
G1 X6.9272 Y0.0400 Z-5.6600 F1200.0 ; Width: 0.200mm
G1 X7.2000 Y0.0400 Z-5.9328 F1200.0 ; Width: 0.200mm
G1 X7.2448 Y0.0400 Z-5.9600 F1200.0 ; Width: 0.200mm
G1 X7.3200 Y0.0400 Z-6.0328 F1200.0 ; Width: 0.200mm
G1 X7.5115 Y0.0400 Z-6.1600 F1200.0 ; Width: 0.200mm
G1 X7.6400 Y0.0400 Z-6.2244 F1200.0 ; Width: 0.200mm
G1 X7.7000 Y0.0400 Z-6.2644 F1200.0 ; Width: 0.200mm
G1 X7.8400 Y0.0400 Z-6.3156 F1200.0 ; Width: 0.200mm
G1 X7.9400 Y0.0400 Z-6.3661 F1200.0 ; Width: 0.200mm
G1 X7.9800 Y0.0400 Z-6.3756 F1200.0 ; Width: 0.200mm
G1 X8.0400 Y0.0400 Z-6.4041 F1200.0 ; Width: 0.200mm
G1 X8.1400 Y0.0400 Z-6.4156 F1200.0 ; Width: 0.200mm
G1 X8.2000 Y0.0400 Z-6.4441 F1200.0 ; Width: 0.200mm
G1 X8.2600 Y0.0400 Z-6.4496 F1200.0 ; Width: 0.200mm
G1 X8.3000 Y0.0400 Z-6.4641 F1200.0 ; Width: 0.200mm
G1 X8.3800 Y0.0400 Z-6.4696 F1200.0 ; Width: 0.200mm
G1 X8.4600 Y0.0400 Z-6.5041 F1200.0 ; Width: 0.200mm
G1 X8.6600 Y0.0400 Z-6.5061 F1200.0 ; Width: 0.200mm
G1 X8.7400 Y0.0400 Z-6.5250 F1200.0 ; Width: 0.200mm
G1 X9.1600 Y0.0400 Z-6.5250 F1200.0 ; Width: 0.200mm
G1 X9.2400 Y0.0400 Z-6.5061 F1200.0 ; Width: 0.200mm
G1 X9.4400 Y0.0400 Z-6.5041 F1200.0 ; Width: 0.200mm
G1 X9.5200 Y0.0400 Z-6.4696 F1200.0 ; Width: 0.200mm
G1 X9.6000 Y0.0400 Z-6.4641 F1200.0 ; Width: 0.200mm
G1 X9.6800 Y0.0400 Z-6.4441 F1200.0 ; Width: 0.200mm
G1 X9.7600 Y0.0400 Z-6.4096 F1200.0 ; Width: 0.200mm
G1 X9.8400 Y0.0400 Z-6.4041 F1200.0 ; Width: 0.200mm
G1 X9.9000 Y0.0400 Z-6.3756 F1200.0 ; Width: 0.200mm
G1 X9.9400 Y0.0400 Z-6.3661 F1200.0 ; Width: 0.200mm
G1 X10.0297 Y0.0400 Z-6.3200 F1200.0 ; Width: 0.200mm
G1 X10.1600 Y0.0400 Z-6.2696 F1200.0 ; Width: 0.200mm
G1 X10.4400 Y0.0400 Z-6.1128 F1200.0 ; Width: 0.200mm
G1 X10.4952 Y0.0400 Z-6.0600 F1200.0 ; Width: 0.200mm
G1 X10.5400 Y0.0400 Z-6.0328 F1200.0 ; Width: 0.200mm
G1 X10.6152 Y0.0400 Z-5.9600 F1200.0 ; Width: 0.200mm
G1 X10.6600 Y0.0400 Z-5.9328 F1200.0 ; Width: 0.200mm
G1 X10.9128 Y0.0400 Z-5.6800 F1200.0 ; Width: 0.200mm
G1 X10.9764 Y0.0400 Z-5.5800 F1200.0 ; Width: 0.200mm
G1 X11.0328 Y0.0400 Z-5.5200 F1200.0 ; Width: 0.200mm
G1 X11.0728 Y0.0400 Z-5.4600 F1200.0 ; Width: 0.200mm
G1 X11.2496 Y0.0400 Z-5.1600 F1200.0 ; Width: 0.200mm
G1 X11.3661 Y0.0400 Z-4.9200 F1200.0 ; Width: 0.200mm
G1 X11.3956 Y0.0400 Z-4.8200 F1200.0 ; Width: 0.200mm
G1 X11.4441 Y0.0400 Z-4.7200 F1200.0 ; Width: 0.200mm
G1 X11.4556 Y0.0400 Z-4.6600 F1200.0 ; Width: 0.200mm
G1 X11.4841 Y0.0400 Z-4.6000 F1200.0 ; Width: 0.200mm
G1 X11.5156 Y0.0400 Z-4.4600 F1200.0 ; Width: 0.200mm
G1 X11.5641 Y0.0400 Z-4.3400 F1200.0 ; Width: 0.200mm
G1 X11.5696 Y0.0400 Z-4.2600 F1200.0 ; Width: 0.200mm
G1 X11.6041 Y0.0400 Z-4.1600 F1200.0 ; Width: 0.200mm
G1 X11.6061 Y0.0400 Z-4.1000 F1200.0 ; Width: 0.200mm
G1 X11.6441 Y0.0400 Z-3.9400 F1200.0 ; Width: 0.200mm
G1 X11.6496 Y0.0400 Z-3.8800 F1200.0 ; Width: 0.200mm
G1 X11.6841 Y0.0400 Z-3.7600 F1200.0 ; Width: 0.200mm
G1 X11.6861 Y0.0400 Z-3.6400 F1200.0 ; Width: 0.200mm
G1 X11.7041 Y0.0400 Z-3.5800 F1200.0 ; Width: 0.200mm
G1 X11.7096 Y0.0400 Z-3.4800 F1200.0 ; Width: 0.200mm
G1 X11.7241 Y0.0400 Z-3.4400 F1200.0 ; Width: 0.200mm
G1 X11.7261 Y0.0400 Z-3.2800 F1200.0 ; Width: 0.200mm
G1 X11.7441 Y0.0400 Z-3.2200 F1200.0 ; Width: 0.200mm
G1 X11.7461 Y0.0400 Z-3.0200 F1200.0 ; Width: 0.200mm
G1 X11.7650 Y0.0400 Z-2.9400 F1200.0 ; Width: 0.200mm
G1 X11.7650 Y0.0400 Z-1.6600 F1200.0 ; Width: 0.200mm
G1 X11.7850 Y0.0400 Z-1.5600 F1200.0 ; Width: 0.200mm
G1 X11.7850 Y0.0400 Z-1.1200 F1200.0 ; Width: 0.200mm
G1 X10.1800 Y0.0400 Z-1.1150 F1200.0 ; Width: 0.200mm
G1 X10.1750 Y0.0400 Z-2.8600 F1200.0 ; Width: 0.200mm
G1 X10.1559 Y0.0400 Z-2.9400 F1200.0 ; Width: 0.200mm
G1 X10.1539 Y0.0400 Z-3.0400 F1200.0 ; Width: 0.200mm
G1 X10.1359 Y0.0400 Z-3.1000 F1200.0 ; Width: 0.200mm
G1 X10.1339 Y0.0400 Z-3.3000 F1200.0 ; Width: 0.200mm
G1 X10.0959 Y0.0400 Z-3.4400 F1200.0 ; Width: 0.200mm
G1 X10.0904 Y0.0400 Z-3.5800 F1200.0 ; Width: 0.200mm
G1 X10.0559 Y0.0400 Z-3.6800 F1200.0 ; Width: 0.200mm
M118 P0 S"106" ; Sync timer
G1 X10.0504 Y0.0400 Z-3.7400 F1200.0 ; Width: 0.200mm
G1 X10.0159 Y0.0400 Z-3.8400 F1200.0 ; Width: 0.200mm
G1 X10.0044 Y0.0400 Z-3.9000 F1200.0 ; Width: 0.200mm
G1 X9.9756 Y0.0400 Z-3.9600 F1200.0 ; Width: 0.200mm
G1 X9.9356 Y0.0400 Z-4.0800 F1200.0 ; Width: 0.200mm
G1 X9.9000 Y0.0400 Z-4.1315 F1200.0 ; Width: 0.200mm
G1 X9.8436 Y0.0400 Z-4.2400 F1200.0 ; Width: 0.200mm
G1 X9.7672 Y0.0400 Z-4.3400 F1200.0 ; Width: 0.200mm
G1 X9.5600 Y0.0400 Z-4.5436 F1200.0 ; Width: 0.200mm
G1 X9.4400 Y0.0400 Z-4.6156 F1200.0 ; Width: 0.200mm
G1 X9.2800 Y0.0400 Z-4.6904 F1200.0 ; Width: 0.200mm
G1 X9.2200 Y0.0400 Z-4.6959 F1200.0 ; Width: 0.200mm
G1 X9.0800 Y0.0400 Z-4.7339 F1200.0 ; Width: 0.200mm
G1 X8.8200 Y0.0400 Z-4.7350 F1200.0 ; Width: 0.200mm
G1 X8.6200 Y0.0400 Z-4.6904 F1200.0 ; Width: 0.200mm
G1 X8.5400 Y0.0400 Z-4.6644 F1200.0 ; Width: 0.200mm
G1 X8.3152 Y0.0400 Z-4.5400 F1200.0 ; Width: 0.200mm
G1 X8.2400 Y0.0400 Z-4.4672 F1200.0 ; Width: 0.200mm
G1 X8.1800 Y0.0400 Z-4.4272 F1200.0 ; Width: 0.200mm
G1 X8.0928 Y0.0400 Z-4.3400 F1200.0 ; Width: 0.200mm
G1 X8.0164 Y0.0400 Z-4.2400 F1200.0 ; Width: 0.200mm
G1 X7.9644 Y0.0400 Z-4.1600 F1200.0 ; Width: 0.200mm
G1 X7.9000 Y0.0400 Z-4.0303 F1200.0 ; Width: 0.200mm
G1 X7.8556 Y0.0400 Z-3.9200 F1200.0 ; Width: 0.200mm
G1 X7.8096 Y0.0400 Z-3.7800 F1200.0 ; Width: 0.200mm
G1 X7.8041 Y0.0400 Z-3.7200 F1200.0 ; Width: 0.200mm
G1 X7.7696 Y0.0400 Z-3.6200 F1200.0 ; Width: 0.200mm
G1 X7.7641 Y0.0400 Z-3.5600 F1200.0 ; Width: 0.200mm
G1 X7.7461 Y0.0400 Z-3.5000 F1200.0 ; Width: 0.200mm
G1 X7.7441 Y0.0400 Z-3.4400 F1200.0 ; Width: 0.200mm
G1 X7.7261 Y0.0400 Z-3.3800 F1200.0 ; Width: 0.200mm
G1 X7.7241 Y0.0400 Z-3.2400 F1200.0 ; Width: 0.200mm
G1 X7.7061 Y0.0400 Z-3.1800 F1200.0 ; Width: 0.200mm
G1 X7.7041 Y0.0400 Z-3.0400 F600.0 ; Width: 0.400mm
G1 X7.6850 Y0.0400 Z-2.9600 F600.0 ; Width: 0.400mm
G1 X7.6850 Y0.0400 Z5.1200 F1200.0 ; Width: 0.200mm
G1 X7.7041 Y0.0400 Z5.2000 F600.0 ; Width: 0.400mm
G1 X7.7061 Y0.0400 Z5.3600 F600.0 ; Width: 0.400mm
G1 X7.7241 Y0.0400 Z5.4200 F1200.0 ; Width: 0.200mm
G1 X7.7261 Y0.0400 Z5.5600 F1200.0 ; Width: 0.200mm
G1 X7.7441 Y0.0400 Z5.6200 F1200.0 ; Width: 0.200mm
G1 X7.7461 Y0.0400 Z5.7000 F1200.0 ; Width: 0.200mm
G1 X7.7641 Y0.0400 Z5.7600 F1200.0 ; Width: 0.200mm
G1 X7.7696 Y0.0400 Z5.8200 F1200.0 ; Width: 0.200mm
G1 X7.8041 Y0.0400 Z5.9200 F1200.0 ; Width: 0.200mm
G1 X7.8096 Y0.0400 Z6.0000 F1200.0 ; Width: 0.200mm
G1 X7.9044 Y0.0400 Z6.2400 F1200.0 ; Width: 0.200mm
G1 X8.0164 Y0.0400 Z6.4400 F1200.0 ; Width: 0.200mm
G1 X8.0528 Y0.0400 Z6.4800 F1200.0 ; Width: 0.200mm
G1 X8.0800 Y0.0400 Z6.5248 F1200.0 ; Width: 0.200mm
G1 X8.1328 Y0.0400 Z6.5800 F1200.0 ; Width: 0.200mm
G1 X8.3200 Y0.0400 Z6.7436 F1200.0 ; Width: 0.200mm
G1 X8.4697 Y0.0400 Z6.8200 F1200.0 ; Width: 0.200mm
G1 X8.6000 Y0.0400 Z6.8704 F1200.0 ; Width: 0.200mm
G1 X8.6600 Y0.0400 Z6.8759 F1200.0 ; Width: 0.200mm
G1 X8.7200 Y0.0400 Z6.8939 F1200.0 ; Width: 0.200mm
G1 X8.8400 Y0.0400 Z6.8959 F1200.0 ; Width: 0.200mm
G1 X8.9200 Y0.0400 Z6.9150 F1200.0 ; Width: 0.200mm
G1 X8.9800 Y0.0400 Z6.9104 F1200.0 ; Width: 0.200mm
G1 X9.0200 Y0.0400 Z6.8959 F1200.0 ; Width: 0.200mm
G1 X9.1400 Y0.0400 Z6.8939 F1200.0 ; Width: 0.200mm
G1 X9.2600 Y0.0400 Z6.8644 F1200.0 ; Width: 0.200mm
G1 X9.3800 Y0.0400 Z6.8156 F1200.0 ; Width: 0.200mm
G1 X9.5200 Y0.0400 Z6.7436 F1200.0 ; Width: 0.200mm
G1 X9.6000 Y0.0400 Z6.6672 F1200.0 ; Width: 0.200mm
G1 X9.6600 Y0.0400 Z6.6272 F1200.0 ; Width: 0.200mm
G1 X9.7272 Y0.0400 Z6.5600 F1200.0 ; Width: 0.200mm
G1 X9.7672 Y0.0400 Z6.5000 F1200.0 ; Width: 0.200mm
G1 X9.8236 Y0.0400 Z6.4400 F1200.0 ; Width: 0.200mm
G1 X9.8956 Y0.0400 Z6.3200 F1200.0 ; Width: 0.200mm
G1 X9.9600 Y0.0400 Z6.1903 F1200.0 ; Width: 0.200mm
G1 X10.0044 Y0.0400 Z6.0800 F1200.0 ; Width: 0.200mm
G1 X10.0159 Y0.0400 Z6.0200 F1200.0 ; Width: 0.200mm
G1 X10.0504 Y0.0400 Z5.9200 F1200.0 ; Width: 0.200mm
G1 X10.0559 Y0.0400 Z5.8600 F1200.0 ; Width: 0.200mm
G1 X10.0939 Y0.0400 Z5.7200 F1200.0 ; Width: 0.200mm
G1 X10.0959 Y0.0400 Z5.6400 F1200.0 ; Width: 0.200mm
G1 X10.1339 Y0.0400 Z5.4800 F1200.0 ; Width: 0.200mm
G1 X10.1359 Y0.0400 Z5.3000 F1200.0 ; Width: 0.200mm
G1 X10.1539 Y0.0400 Z5.2400 F1200.0 ; Width: 0.200mm
G1 X10.1559 Y0.0400 Z5.0800 F1200.0 ; Width: 0.200mm
G1 X10.1739 Y0.0400 Z5.0200 F1200.0 ; Width: 0.200mm
G1 X10.1750 Y0.0400 Z3.8600 F1200.0 ; Width: 0.200mm
G1 X11.7850 Y0.0400 Z3.8600 F1200.0 ; Width: 0.200mm
G1 X11.7850 Y0.0400 Z4.5000 F1200.0 ; Width: 0.200mm
G1 X11.7650 Y0.0400 Z4.6000 F1200.0 ; Width: 0.200mm
G1 X11.7641 Y0.0400 Z5.2200 F1200.0 ; Width: 0.200mm
G1 X11.7461 Y0.0400 Z5.2800 F1200.0 ; Width: 0.200mm
G1 X11.7441 Y0.0400 Z5.4000 F1200.0 ; Width: 0.200mm
G1 X11.7261 Y0.0400 Z5.4600 F1200.0 ; Width: 0.200mm
G1 X11.7241 Y0.0400 Z5.6000 F1200.0 ; Width: 0.200mm
G1 X11.7061 Y0.0400 Z5.6600 F1200.0 ; Width: 0.200mm
G1 X11.7041 Y0.0400 Z5.7600 F1200.0 ; Width: 0.200mm
G1 X11.6861 Y0.0400 Z5.8200 F1200.0 ; Width: 0.200mm
G1 X11.6841 Y0.0400 Z5.9600 F1200.0 ; Width: 0.200mm
G1 X11.6496 Y0.0400 Z6.0800 F1200.0 ; Width: 0.200mm
G1 X11.6241 Y0.0400 Z6.2400 F1200.0 ; Width: 0.200mm
G1 X11.5696 Y0.0400 Z6.4400 F1200.0 ; Width: 0.200mm
G1 X11.5641 Y0.0400 Z6.5200 F1200.0 ; Width: 0.200mm
G1 X11.5356 Y0.0400 Z6.5800 F1200.0 ; Width: 0.200mm
G1 X11.5241 Y0.0400 Z6.6400 F1200.0 ; Width: 0.200mm
G1 X11.4444 Y0.0400 Z6.9000 F1200.0 ; Width: 0.200mm
G1 X11.3956 Y0.0400 Z7.0000 F1200.0 ; Width: 0.200mm
G1 X11.3600 Y0.0400 Z7.1135 F1200.0 ; Width: 0.200mm
G1 X11.1600 Y0.0400 Z7.5085 F1200.0 ; Width: 0.200mm
G1 X11.0964 Y0.0400 Z7.5800 F1200.0 ; Width: 0.200mm
G1 X11.0528 Y0.0400 Z7.6600 F1200.0 ; Width: 0.200mm
G1 X11.0164 Y0.0400 Z7.7000 F1200.0 ; Width: 0.200mm
G1 X10.9528 Y0.0400 Z7.8000 F1200.0 ; Width: 0.200mm
G1 X10.8800 Y0.0400 Z7.8752 F1200.0 ; Width: 0.200mm
G1 X10.8528 Y0.0400 Z7.9200 F1200.0 ; Width: 0.200mm
G1 X10.6800 Y0.0400 Z8.0928 F1200.0 ; Width: 0.200mm
G1 X10.6352 Y0.0400 Z8.1200 F1200.0 ; Width: 0.200mm
G1 X10.5800 Y0.0400 Z8.1728 F1200.0 ; Width: 0.200mm
G1 X10.5352 Y0.0400 Z8.2000 F1200.0 ; Width: 0.200mm
G1 X10.5000 Y0.0400 Z8.2328 F1200.0 ; Width: 0.200mm
G1 X10.3685 Y0.0400 Z8.3200 F1200.0 ; Width: 0.200mm
G1 X10.2800 Y0.0400 Z8.3644 F1200.0 ; Width: 0.200mm
G1 X10.2285 Y0.0400 Z8.4000 F1200.0 ; Width: 0.200mm
G1 X10.1697 Y0.0400 Z8.4200 F1200.0 ; Width: 0.200mm
G1 X10.0400 Y0.0400 Z8.4844 F1200.0 ; Width: 0.200mm
G1 X9.9400 Y0.0400 Z8.5156 F1200.0 ; Width: 0.200mm
G1 X9.8400 Y0.0400 Z8.5641 F1200.0 ; Width: 0.200mm
G1 X9.7800 Y0.0400 Z8.5696 F1200.0 ; Width: 0.200mm
G1 X9.7000 Y0.0400 Z8.6041 F1200.0 ; Width: 0.200mm
G1 X9.5400 Y0.0400 Z8.6296 F1200.0 ; Width: 0.200mm
G1 X9.4000 Y0.0400 Z8.6641 F1200.0 ; Width: 0.200mm
G1 X9.2400 Y0.0400 Z8.6661 F1200.0 ; Width: 0.200mm
G1 X9.1800 Y0.0400 Z8.6841 F1200.0 ; Width: 0.200mm
G1 X9.0800 Y0.0400 Z8.6861 F1200.0 ; Width: 0.200mm
G1 X9.0200 Y0.0400 Z8.7041 F1200.0 ; Width: 0.200mm
G0 Z9.7041 F6000.0 ; Z-hop up
G0 X-1.9600 Y0.0400 F6000.0 ; Travel to new path
G0 Z6.0939 F6000.0 ; Z-hop down
G1 X-1.9665 Y0.0400 Z6.0800 F600.0 ; Width: 0.400mm
G1 X-1.9600 Y0.0400 Z6.0763 F600.0 ; Width: 0.400mm
G1 X-1.9567 Y0.0400 Z6.0800 F600.0 ; Width: 0.400mm
G1 X-1.9600 Y0.0400 Z6.0939 F600.0 ; Width: 0.400mm
G0 Z7.0939 F6000.0 ; Z-hop up
G0 X-2.5400 Y0.0400 F6000.0 ; Travel to new path
G0 Z7.4324 F6000.0 ; Z-hop down
G1 X-2.9400 Y0.0400 Z7.4350 F1200.0 ; Width: 0.200mm
G1 X-2.9550 Y0.0400 Z7.4200 F589.0 ; Width: 0.408mm
G1 X-2.9550 Y0.0400 Z6.4600 F578.3 ; Width: 0.415mm
G1 X-2.9533 Y0.0400 Z6.4400 F579.5 ; Width: 0.414mm
G1 X-2.9400 Y0.0400 Z6.4291 F590.2 ; Width: 0.407mm
G1 X-2.8200 Y0.0400 Z6.4779 F600.0 ; Width: 0.400mm
G1 X-2.7000 Y0.0400 Z6.5126 F600.0 ; Width: 0.400mm
G1 X-2.5600 Y0.0400 Z6.5370 F600.0 ; Width: 0.400mm
G1 X-2.4200 Y0.0400 Z6.5450 F600.0 ; Width: 0.400mm
G1 X-2.4000 Y0.0400 Z6.5482 F1200.0 ; Width: 0.200mm
G1 X-2.3926 Y0.0400 Z6.5600 F1200.0 ; Width: 0.200mm
G1 X-2.4886 Y0.0400 Z7.1000 F1200.0 ; Width: 0.200mm
G1 X-2.5171 Y0.0400 Z7.3400 F1200.0 ; Width: 0.200mm
G1 X-2.5317 Y0.0400 Z7.4200 F1200.0 ; Width: 0.200mm
G1 X-2.5400 Y0.0400 Z7.4324 F593.8 ; Width: 0.404mm
G0 Z8.4324 F6000.0 ; Z-hop up
G0 X-2.2400 Y0.0400 F6000.0 ; Travel to new path
G0 Z7.7839 F6000.0 ; Z-hop down
G1 X-3.3050 Y0.0400 Z7.7800 F1200.0 ; Width: 0.200mm
M118 P0 S"107" ; Sync timer
G1 X-3.3000 Y0.0400 Z5.5249 F332.2 ; Width: 0.722mm
G1 X-3.2854 Y0.0400 Z5.5800 F295.3 ; Width: 0.813mm
G1 X-3.2276 Y0.0400 Z5.7000 F273.8 ; Width: 0.876mm
G1 X-3.1781 Y0.0400 Z5.7800 F600.0 ; Width: 0.400mm
G1 X-3.1151 Y0.0400 Z5.8600 F600.0 ; Width: 0.400mm
G1 X-3.0200 Y0.0400 Z5.9569 F600.0 ; Width: 0.400mm
G1 X-2.9450 Y0.0400 Z6.0200 F600.0 ; Width: 0.400mm
G1 X-2.8600 Y0.0400 Z6.0763 F600.0 ; Width: 0.400mm
G1 X-2.7600 Y0.0400 Z6.1262 F421.1 ; Width: 0.570mm
G1 X-2.6800 Y0.0400 Z6.1555 F500.0 ; Width: 0.480mm
G1 X-2.5800 Y0.0400 Z6.1802 F615.4 ; Width: 0.390mm
G1 X-2.4800 Y0.0400 Z6.1929 F827.6 ; Width: 0.290mm
G1 X-2.3800 Y0.0400 Z6.1948 F1200.0 ; Width: 0.200mm
G1 X-2.2000 Y0.0400 Z6.1718 F1200.0 ; Width: 0.200mm
G1 X-2.0800 Y0.0400 Z6.1344 F1200.0 ; Width: 0.200mm
G1 X-1.9800 Y0.0400 Z6.0876 F1142.9 ; Width: 0.210mm
G1 X-1.9623 Y0.0400 Z6.1000 F892.6 ; Width: 0.269mm
G1 X-2.0237 Y0.0400 Z6.4400 F971.6 ; Width: 0.247mm
G1 X-2.0763 Y0.0400 Z6.8000 F1200.0 ; Width: 0.200mm
G1 X-2.1037 Y0.0400 Z6.9200 F1200.0 ; Width: 0.200mm
G1 X-2.1163 Y0.0400 Z7.0400 F1200.0 ; Width: 0.200mm
G1 X-2.1437 Y0.0400 Z7.1600 F1200.0 ; Width: 0.200mm
G1 X-2.1563 Y0.0400 Z7.3000 F1200.0 ; Width: 0.200mm
G1 X-2.1918 Y0.0400 Z7.5200 F1200.0 ; Width: 0.200mm
G1 X-2.2237 Y0.0400 Z7.6600 F1200.0 ; Width: 0.200mm
G1 X-2.2400 Y0.0400 Z7.7839 F1200.0 ; Width: 0.200mm
G0 Z8.7839 F6000.0 ; Z-hop up
G0 X-6.1000 Y0.0400 F6000.0 ; Travel to new path
G0 Z8.4850 F6000.0 ; Z-hop down
G1 X-7.7250 Y0.0400 Z8.4800 F297.2 ; Width: 0.808mm
G1 X-7.7250 Y0.0400 Z2.8000 F1200.0 ; Width: 0.200mm
G1 X-7.7061 Y0.0400 Z2.7200 F1200.0 ; Width: 0.200mm
G1 X-7.7050 Y0.0400 Z2.6400 F1200.0 ; Width: 0.200mm
G1 X-7.7241 Y0.0400 Z2.5600 F1200.0 ; Width: 0.200mm
G1 X-7.7296 Y0.0400 Z2.4800 F1200.0 ; Width: 0.200mm
G1 X-7.7564 Y0.0400 Z2.4200 F1200.0 ; Width: 0.200mm
G1 X-7.8400 Y0.0400 Z2.3364 F1200.0 ; Width: 0.200mm
G1 X-7.8800 Y0.0400 Z2.3156 F1200.0 ; Width: 0.200mm
G1 X-7.9400 Y0.0400 Z2.3050 F1200.0 ; Width: 0.200mm
G1 X-10.1600 Y0.0400 Z2.3050 F216.2 ; Width: 1.110mm
G1 X-10.2200 Y0.0400 Z2.3156 F1200.0 ; Width: 0.200mm
G1 X-10.2600 Y0.0400 Z2.3364 F1200.0 ; Width: 0.200mm
G1 X-10.3636 Y0.0400 Z2.4400 F1200.0 ; Width: 0.200mm
G1 X-10.3844 Y0.0400 Z2.4800 F1121.7 ; Width: 0.214mm
G1 X-10.3950 Y0.0400 Z2.5400 F600.0 ; Width: 0.400mm
M118 P0 S"108" ; Sync timer
G1 X-10.3950 Y0.0400 Z8.4800 F600.0 ; Width: 0.400mm
G1 X-12.0250 Y0.0400 Z8.4800 F600.0 ; Width: 0.400mm
M118 P0 S"109" ; Sync timer
G1 X-12.0200 Y0.0400 Z-6.3050 F600.0 ; Width: 0.400mm
G1 X-10.3950 Y0.0400 Z-6.3000 F600.0 ; Width: 0.400mm
G1 X-10.3950 Y0.0400 Z0.2600 F1021.3 ; Width: 0.235mm
G1 X-10.3756 Y0.0400 Z0.3400 F1200.0 ; Width: 0.200mm
G1 X-10.3000 Y0.0400 Z0.4272 F1200.0 ; Width: 0.200mm
G1 X-10.2400 Y0.0400 Z0.4756 F1200.0 ; Width: 0.200mm
G1 X-10.1600 Y0.0400 Z0.4950 F1200.0 ; Width: 0.200mm
G1 X-7.9400 Y0.0400 Z0.4950 F216.2 ; Width: 1.110mm
G1 X-7.8800 Y0.0400 Z0.4844 F1200.0 ; Width: 0.200mm
G1 X-7.8400 Y0.0400 Z0.4636 F1200.0 ; Width: 0.200mm
G1 X-7.7728 Y0.0400 Z0.4000 F1200.0 ; Width: 0.200mm
G1 X-7.7444 Y0.0400 Z0.3600 F1200.0 ; Width: 0.200mm
G1 X-7.7250 Y0.0400 Z0.2800 F1200.0 ; Width: 0.200mm
G1 X-7.7250 Y0.0400 Z-6.3000 F1200.0 ; Width: 0.200mm
G1 X-7.7200 Y0.0400 Z-6.3050 F1200.0 ; Width: 0.200mm
G1 X-6.0950 Y0.0400 Z-6.3000 F300.9 ; Width: 0.797mm
M118 P0 S"110" ; Sync timer
G1 X-6.1000 Y0.0400 Z8.4850 F200.0 ; Width: 1.200mm
G0 Z9.4850 F6000.0 ; Z-hop up
G0 X-6.4600 Y0.0400 F6000.0 ; Travel to new path
G0 Z8.1350 F6000.0 ; Z-hop down
G1 X-7.3600 Y0.0400 Z8.1350 F533.3 ; Width: 0.450mm
G1 X-7.3750 Y0.0400 Z8.1200 F1200.0 ; Width: 0.200mm
G1 X-7.3750 Y0.0400 Z2.8600 F1200.0 ; Width: 0.200mm
G1 X-7.3565 Y0.0400 Z2.7400 F1200.0 ; Width: 0.200mm
G1 X-7.3565 Y0.0400 Z2.6000 F1200.0 ; Width: 0.200mm
G1 X-7.3846 Y0.0400 Z2.4200 F1200.0 ; Width: 0.200mm
G1 X-7.4068 Y0.0400 Z2.3400 F1200.0 ; Width: 0.200mm
G1 X-7.4559 Y0.0400 Z2.2400 F1200.0 ; Width: 0.200mm
G1 X-7.5179 Y0.0400 Z2.1600 F1200.0 ; Width: 0.200mm
G1 X-7.6200 Y0.0400 Z2.0638 F1200.0 ; Width: 0.200mm
G1 X-7.7200 Y0.0400 Z2.0033 F1200.0 ; Width: 0.200mm
G1 X-7.8200 Y0.0400 Z1.9689 F1200.0 ; Width: 0.200mm
G1 X-7.9400 Y0.0400 Z1.9550 F1200.0 ; Width: 0.200mm
G1 X-10.2200 Y0.0400 Z1.9584 F222.2 ; Width: 1.080mm
G1 X-10.3400 Y0.0400 Z1.9868 F1200.0 ; Width: 0.200mm
G1 X-10.4600 Y0.0400 Z2.0492 F1200.0 ; Width: 0.200mm
G1 X-10.6000 Y0.0400 Z2.1778 F1200.0 ; Width: 0.200mm
G1 X-10.6641 Y0.0400 Z2.2600 F1200.0 ; Width: 0.200mm
G1 X-10.7000 Y0.0400 Z2.3275 F1200.0 ; Width: 0.200mm
G1 X-10.7260 Y0.0400 Z2.4000 F1200.0 ; Width: 0.200mm
G1 X-10.7450 Y0.0400 Z2.5400 F1200.0 ; Width: 0.200mm
G1 X-10.7450 Y0.0400 Z8.1200 F1200.0 ; Width: 0.200mm
G1 X-10.7600 Y0.0400 Z8.1350 F1200.0 ; Width: 0.200mm
G1 X-11.6600 Y0.0400 Z8.1350 F600.0 ; Width: 0.400mm
G1 X-11.6750 Y0.0400 Z8.1200 F600.0 ; Width: 0.400mm
M118 P0 S"111" ; Sync timer
G1 X-11.6750 Y0.0400 Z-5.9400 F600.0 ; Width: 0.400mm
G1 X-11.6600 Y0.0400 Z-5.9550 F600.0 ; Width: 0.400mm
G1 X-10.7600 Y0.0400 Z-5.9550 F439.6 ; Width: 0.546mm
G1 X-10.7450 Y0.0400 Z-5.9400 F1200.0 ; Width: 0.200mm
G1 X-10.7435 Y0.0400 Z0.3000 F1200.0 ; Width: 0.200mm
G1 X-10.7200 Y0.0400 Z0.4200 F1200.0 ; Width: 0.200mm
G1 X-10.6761 Y0.0400 Z0.5200 F1200.0 ; Width: 0.200mm
G1 X-10.6200 Y0.0400 Z0.6000 F1200.0 ; Width: 0.200mm
G1 X-10.5200 Y0.0400 Z0.7021 F1200.0 ; Width: 0.200mm
G1 X-10.4400 Y0.0400 Z0.7641 F1200.0 ; Width: 0.200mm
G1 X-10.3600 Y0.0400 Z0.8054 F1200.0 ; Width: 0.200mm
G1 X-10.2600 Y0.0400 Z0.8354 F1200.0 ; Width: 0.200mm
G1 X-10.1600 Y0.0400 Z0.8450 F1200.0 ; Width: 0.200mm
M118 P0 S"112" ; Sync timer
G1 X-7.8800 Y0.0400 Z0.8416 F222.2 ; Width: 1.080mm
G1 X-7.7600 Y0.0400 Z0.8132 F1200.0 ; Width: 0.200mm
G1 X-7.6400 Y0.0400 Z0.7508 F1200.0 ; Width: 0.200mm
G1 X-7.5179 Y0.0400 Z0.6400 F1200.0 ; Width: 0.200mm
G1 X-7.4400 Y0.0400 Z0.5329 F1200.0 ; Width: 0.200mm
G1 X-7.3940 Y0.0400 Z0.4200 F1200.0 ; Width: 0.200mm
G1 X-7.3750 Y0.0400 Z0.2800 F1200.0 ; Width: 0.200mm
G1 X-7.3750 Y0.0400 Z-5.9400 F1200.0 ; Width: 0.200mm
G1 X-7.3600 Y0.0400 Z-5.9550 F1200.0 ; Width: 0.200mm
G1 X-6.4600 Y0.0400 Z-5.9550 F537.5 ; Width: 0.447mm
G1 X-6.4450 Y0.0400 Z-5.9400 F265.5 ; Width: 0.904mm
G1 X-6.4450 Y0.0400 Z8.1200 F1200.0 ; Width: 0.200mm
G1 X-6.4600 Y0.0400 Z8.1350 F265.5 ; Width: 0.904mm
G0 Z9.1350 F6000.0 ; Z-hop up
G0 X-6.8000 Y0.0400 F6000.0 ; Travel to new path
G0 Z7.7850 F6000.0 ; Z-hop down
G1 X-7.0250 Y0.0400 Z7.7800 F1200.0 ; Width: 0.200mm
G1 X-7.0250 Y0.0400 Z2.9000 F1200.0 ; Width: 0.200mm
G1 X-7.0071 Y0.0400 Z2.7600 F1200.0 ; Width: 0.200mm
G1 X-7.0050 Y0.0400 Z2.6400 F1200.0 ; Width: 0.200mm
G1 X-7.0107 Y0.0400 Z2.5400 F1200.0 ; Width: 0.200mm
G1 X-7.0398 Y0.0400 Z2.3600 F1200.0 ; Width: 0.200mm
G1 X-7.0856 Y0.0400 Z2.2000 F1200.0 ; Width: 0.200mm
G1 X-7.1557 Y0.0400 Z2.0600 F1200.0 ; Width: 0.200mm
G1 X-7.2449 Y0.0400 Z1.9400 F1200.0 ; Width: 0.200mm
G1 X-7.3800 Y0.0400 Z1.8077 F1200.0 ; Width: 0.200mm
G1 X-7.5000 Y0.0400 Z1.7237 F1200.0 ; Width: 0.200mm
G1 X-7.6400 Y0.0400 Z1.6580 F1200.0 ; Width: 0.200mm
G1 X-7.7800 Y0.0400 Z1.6198 F1200.0 ; Width: 0.200mm
G1 X-7.9400 Y0.0400 Z1.6050 F1200.0 ; Width: 0.200mm
M118 P0 S"113" ; Sync timer
G1 X-10.1600 Y0.0400 Z1.6050 F216.2 ; Width: 1.110mm
G1 X-10.3000 Y0.0400 Z1.6163 F1200.0 ; Width: 0.200mm
G1 X-10.4000 Y0.0400 Z1.6386 F1200.0 ; Width: 0.200mm
G1 X-10.5000 Y0.0400 Z1.6738 F1200.0 ; Width: 0.200mm
G1 X-10.5935 Y0.0400 Z1.7200 F1200.0 ; Width: 0.200mm
G1 X-10.6800 Y0.0400 Z1.7763 F1200.0 ; Width: 0.200mm
G1 X-10.7600 Y0.0400 Z1.8431 F1200.0 ; Width: 0.200mm
G1 X-10.8751 Y0.0400 Z1.9600 F1200.0 ; Width: 0.200mm
G1 X-10.9381 Y0.0400 Z2.0400 F1200.0 ; Width: 0.200mm
G1 X-10.9876 Y0.0400 Z2.1200 F1200.0 ; Width: 0.200mm
G1 X-11.0344 Y0.0400 Z2.2200 F1200.0 ; Width: 0.200mm
G1 X-11.0669 Y0.0400 Z2.3200 F1200.0 ; Width: 0.200mm
G1 X-11.0867 Y0.0400 Z2.4200 F1190.0 ; Width: 0.202mm
G1 X-11.0948 Y0.0400 Z2.5200 F600.0 ; Width: 0.400mm
G1 X-11.0950 Y0.0400 Z7.7800 F600.0 ; Width: 0.400mm
G1 X-11.3250 Y0.0400 Z7.7800 F600.0 ; Width: 0.400mm
M118 P0 S"114" ; Sync timer
G1 X-11.3200 Y0.0400 Z-5.6050 F600.0 ; Width: 0.400mm
G1 X-11.0950 Y0.0400 Z-5.6000 F722.1 ; Width: 0.332mm
G1 X-11.0950 Y0.0400 Z0.2600 F1200.0 ; Width: 0.200mm
G1 X-11.0837 Y0.0400 Z0.4000 F1200.0 ; Width: 0.200mm
G1 X-11.0420 Y0.0400 Z0.5600 F1200.0 ; Width: 0.200mm
G1 X-10.9643 Y0.0400 Z0.7200 F1200.0 ; Width: 0.200mm
G1 X-10.8751 Y0.0400 Z0.8400 F1200.0 ; Width: 0.200mm
G1 X-10.7344 Y0.0400 Z0.9800 F1200.0 ; Width: 0.200mm
G1 X-10.6000 Y0.0400 Z1.0763 F1200.0 ; Width: 0.200mm
G1 X-10.4600 Y0.0400 Z1.1420 F1200.0 ; Width: 0.200mm
G1 X-10.3200 Y0.0400 Z1.1802 F1200.0 ; Width: 0.200mm
G1 X-10.1600 Y0.0400 Z1.1950 F1200.0 ; Width: 0.200mm
G1 X-7.9400 Y0.0400 Z1.1950 F216.2 ; Width: 1.110mm
G1 X-7.7800 Y0.0400 Z1.1802 F1200.0 ; Width: 0.200mm
G1 X-7.6800 Y0.0400 Z1.1555 F1200.0 ; Width: 0.200mm
G1 X-7.5800 Y0.0400 Z1.1175 F1200.0 ; Width: 0.200mm
G1 X-7.4800 Y0.0400 Z1.0643 F1200.0 ; Width: 0.200mm
G1 X-7.4000 Y0.0400 Z1.0085 F1200.0 ; Width: 0.200mm
G1 X-7.3226 Y0.0400 Z0.9400 F1200.0 ; Width: 0.200mm
G1 X-7.2277 Y0.0400 Z0.8400 F1200.0 ; Width: 0.200mm
G1 X-7.1684 Y0.0400 Z0.7600 F1200.0 ; Width: 0.200mm
G1 X-7.1118 Y0.0400 Z0.6600 F1200.0 ; Width: 0.200mm
G1 X-7.0780 Y0.0400 Z0.5800 F1200.0 ; Width: 0.200mm
G1 X-7.0482 Y0.0400 Z0.4800 F1200.0 ; Width: 0.200mm
G1 X-7.0252 Y0.0400 Z0.3000 F1200.0 ; Width: 0.200mm
G1 X-7.0250 Y0.0400 Z-5.6000 F1200.0 ; Width: 0.200mm
G1 X-7.0200 Y0.0400 Z-5.6050 F1200.0 ; Width: 0.200mm
G1 X-6.7950 Y0.0400 Z-5.6000 F1200.0 ; Width: 0.200mm
M118 P0 S"115" ; Sync timer
G1 X-6.8000 Y0.0400 Z7.7850 F1156.6 ; Width: 0.207mm
G0 Z8.7850 F6000.0 ; Z-hop up
G0 X-7.1600 Y0.0400 F6000.0 ; Travel to new path
G0 Z1.5354 F6000.0 ; Z-hop down
G1 X-7.2600 Y0.0400 Z1.4611 F600.0 ; Width: 0.400mm
G1 X-7.3619 Y0.0400 Z1.4000 F600.0 ; Width: 0.400mm
G1 X-7.2600 Y0.0400 Z1.3389 F600.0 ; Width: 0.400mm
G1 X-7.1600 Y0.0400 Z1.2646 F600.0 ; Width: 0.400mm
G1 X-7.1459 Y0.0400 Z1.2800 F600.0 ; Width: 0.400mm
G1 X-7.1450 Y0.0400 Z1.3000 F600.0 ; Width: 0.400mm
G1 X-7.1459 Y0.0400 Z1.5200 F600.0 ; Width: 0.400mm
G1 X-7.1600 Y0.0400 Z1.5354 F600.0 ; Width: 0.400mm
G0 Z2.5354 F6000.0 ; Z-hop up
G0 X-10.9600 Y0.0400 F6000.0 ; Travel to new path
G0 Z1.5523 F6000.0 ; Z-hop down
G1 X-10.9730 Y0.0400 Z1.5400 F600.0 ; Width: 0.400mm
G1 X-10.9750 Y0.0400 Z1.5200 F600.0 ; Width: 0.400mm
G1 X-10.9750 Y0.0400 Z1.2800 F600.0 ; Width: 0.400mm
G1 X-10.9730 Y0.0400 Z1.2600 F600.0 ; Width: 0.400mm
G1 X-10.9600 Y0.0400 Z1.2477 F600.0 ; Width: 0.400mm
G1 X-10.8600 Y0.0400 Z1.3253 F600.0 ; Width: 0.400mm
G1 X-10.7381 Y0.0400 Z1.4000 F600.0 ; Width: 0.400mm
G1 X-10.8600 Y0.0400 Z1.4747 F600.0 ; Width: 0.400mm
G1 X-10.9600 Y0.0400 Z1.5523 F600.0 ; Width: 0.400mm